user_id,signup_date,acquisition_source,country,user_type,signup_month
1,2026-04-13,Referral,India,Creator,2026-04
2,2026-06-29,TikTok,Canada,Creator,2026-06
3,2026-04-03,Referral,United States,Creator,2026-04
4,2026-01-15,X,Nigeria,Creator,2026-01
5,2026-04-17,Referral,Nigeria,Creator,2026-04
6,2026-03-13,Paid Social,United States,Creator,2026-03
7,2026-07-08,YouTube,India,Creator,2026-07
8,2026-01-21,Paid Social,India,Creator,2026-01
9,2026-04-13,Organic,United States,Creator,2026-04
10,2026-05-02,TikTok,Nigeria,Creator,2026-05
11,2026-07-30,Organic,Canada,Creator,2026-07
12,2026-08-03,Organic,India,Creator,2026-08
13,2026-03-16,Referral,Other,Creator,2026-03
14,2026-07-22,Organic,India,Creator,2026-07
15,2026-03-29,Instagram,United States,Creator,2026-03
16,2026-04-27,X,India,Creator,2026-04
17,2026-04-10,X,United Kingdom,Creator,2026-04
18,2026-04-14,Instagram,United Kingdom,Creator,2026-04
19,2026-06-01,Referral,Other,Creator,2026-06
20,2026-05-11,Organic,United States,Creator,2026-05
21,2026-05-30,TikTok,India,Creator,2026-05
22,2026-02-22,X,Canada,Viewer,2026-02
23,2026-01-02,YouTube,United Kingdom,Creator,2026-01
24,2026-03-29,TikTok,Other,Viewer,2026-03
25,2026-08-24,Referral,India,Creator,2026-08
26,2026-06-07,TikTok,United Kingdom,Viewer,2026-06
27,2026-02-07,TikTok,India,Creator,2026-02
28,2026-05-10,Organic,Nigeria,Creator,2026-05
29,2026-07-11,X,India,Creator,2026-07
30,2026-07-07,YouTube,United Kingdom,Creator,2026-07
31,2026-01-21,Organic,United Kingdom,Viewer,2026-01
32,2026-06-10,TikTok,India,Creator,2026-06
33,2026-07-23,Referral,United States,Creator,2026-07
34,2026-02-27,TikTok,United States,Creator,2026-02
35,2026-01-22,Organic,India,Creator,2026-01
36,2026-08-24,YouTube,India,Viewer,2026-08
37,2026-03-30,Organic,United States,Creator,2026-03
38,2026-02-18,Paid Social,Canada,Creator,2026-02
39,2026-08-07,Organic,United States,Creator,2026-08
40,2026-02-28,YouTube,United States,Creator,2026-02
41,2026-06-19,Instagram,Other,Creator,2026-06
42,2026-08-08,Referral,India,Viewer,2026-08
43,2026-07-07,Organic,Canada,Creator,2026-07
44,2026-07-27,YouTube,Nigeria,Creator,2026-07
45,2026-01-15,X,Other,Viewer,2026-01
46,2026-07-09,Instagram,United States,Viewer,2026-07
47,2026-07-09,Instagram,United Kingdom,Viewer,2026-07
48,2026-06-24,YouTube,India,Viewer,2026-06
49,2026-07-09,Paid Social,Other,Creator,2026-07
50,2026-02-20,Organic,United States,Viewer,2026-02
51,2026-04-18,Organic,Nigeria,Viewer,2026-04
52,2026-02-24,Referral,India,Creator,2026-02
53,2026-03-05,Organic,Other,Creator,2026-03
54,2026-05-11,Paid Social,United Kingdom,Creator,2026-05
55,2026-08-17,X,India,Creator,2026-08
56,2026-02-20,YouTube,India,Creator,2026-02
57,2026-05-15,Organic,United States,Viewer,2026-05
58,2026-01-21,Organic,India,Creator,2026-01
59,2026-03-14,YouTube,United States,Viewer,2026-03
60,2026-06-16,Paid Social,Other,Creator,2026-06
61,2026-01-18,Paid Social,United Kingdom,Creator,2026-01
62,2026-05-12,Organic,Other,Viewer,2026-05
63,2026-03-30,Organic,United States,Creator,2026-03
64,2026-03-01,Organic,United Kingdom,Viewer,2026-03
65,2026-01-14,Referral,United States,Creator,2026-01
66,2026-01-09,TikTok,United States,Creator,2026-01
67,2026-03-31,Organic,Nigeria,Viewer,2026-03
68,2026-02-22,Organic,United States,Creator,2026-02
69,2026-05-10,TikTok,Other,Creator,2026-05
70,2026-03-25,Paid Social,Nigeria,Creator,2026-03
71,2026-04-02,Instagram,Germany,Viewer,2026-04
72,2026-04-21,Organic,United Kingdom,Viewer,2026-04
73,2026-07-07,TikTok,United States,Creator,2026-07
74,2026-07-18,TikTok,United States,Creator,2026-07
75,2026-06-21,Organic,United States,Creator,2026-06
76,2026-01-08,Organic,India,Viewer,2026-01
77,2026-06-24,YouTube,Canada,Creator,2026-06
78,2026-02-04,Organic,Other,Creator,2026-02
79,2026-07-25,Organic,India,Creator,2026-07
80,2026-03-22,TikTok,Other,Viewer,2026-03
81,2026-06-13,Referral,India,Creator,2026-06
82,2026-02-19,X,Nigeria,Creator,2026-02
83,2026-04-14,YouTube,United States,Creator,2026-04
84,2026-05-12,X,India,Creator,2026-05
85,2026-01-02,YouTube,India,Creator,2026-01
86,2026-05-14,Organic,United States,Creator,2026-05
87,2026-02-23,Paid Social,India,Creator,2026-02
88,2026-04-16,Organic,India,Creator,2026-04
89,2026-01-04,TikTok,India,Viewer,2026-01
90,2026-02-23,Referral,India,Creator,2026-02
91,2026-08-09,Instagram,India,Creator,2026-08
92,2026-07-10,Paid Social,Nigeria,Viewer,2026-07
93,2026-05-26,Instagram,Germany,Viewer,2026-05
94,2026-08-06,Referral,India,Creator,2026-08
95,2026-02-13,Referral,India,Creator,2026-02
96,2026-06-11,Paid Social,Canada,Creator,2026-06
97,2026-07-21,Paid Social,India,Creator,2026-07
98,2026-07-09,Paid Social,Canada,Viewer,2026-07
99,2026-08-16,Referral,India,Creator,2026-08
100,2026-01-14,TikTok,India,Viewer,2026-01
101,2026-04-05,Organic,India,Viewer,2026-04
102,2026-02-17,YouTube,India,Creator,2026-02
103,2026-01-15,Paid Social,Canada,Creator,2026-01
104,2026-07-19,YouTube,India,Creator,2026-07
105,2026-07-25,Paid Social,Other,Viewer,2026-07
106,2026-08-03,Referral,United States,Creator,2026-08
107,2026-07-09,Organic,Other,Creator,2026-07
108,2026-02-09,Organic,India,Creator,2026-02
109,2026-08-01,TikTok,India,Creator,2026-08
110,2026-07-27,Organic,Nigeria,Creator,2026-07
111,2026-03-23,X,India,Creator,2026-03
112,2026-04-21,Paid Social,Germany,Creator,2026-04
113,2026-02-22,Referral,United States,Viewer,2026-02
114,2026-01-24,TikTok,United Kingdom,Creator,2026-01
115,2026-06-03,Organic,India,Creator,2026-06
116,2026-08-05,TikTok,United Kingdom,Viewer,2026-08
117,2026-07-07,Instagram,Nigeria,Viewer,2026-07
118,2026-05-04,TikTok,Canada,Creator,2026-05
119,2026-02-10,Organic,United States,Creator,2026-02
120,2026-06-06,Instagram,Other,Creator,2026-06
121,2026-01-15,Organic,Other,Creator,2026-01
122,2026-02-14,Paid Social,Other,Creator,2026-02
123,2026-03-06,Organic,Nigeria,Creator,2026-03
124,2026-03-30,Organic,United States,Viewer,2026-03
125,2026-03-12,Organic,India,Creator,2026-03
126,2026-01-09,TikTok,Other,Creator,2026-01
127,2026-03-29,YouTube,Other,Creator,2026-03
128,2026-05-09,Referral,India,Viewer,2026-05
129,2026-08-24,Instagram,United States,Creator,2026-08
130,2026-05-16,YouTube,Other,Viewer,2026-05
131,2026-08-04,TikTok,India,Creator,2026-08
132,2026-03-04,YouTube,India,Creator,2026-03
133,2026-05-19,Organic,Other,Creator,2026-05
134,2026-03-22,TikTok,Germany,Creator,2026-03
135,2026-05-16,Referral,Other,Creator,2026-05
136,2026-06-12,Referral,India,Viewer,2026-06
137,2026-06-12,YouTube,India,Viewer,2026-06
138,2026-02-02,Organic,United Kingdom,Creator,2026-02
139,2026-05-03,Organic,Nigeria,Creator,2026-05
140,2026-01-05,Paid Social,United States,Creator,2026-01
141,2026-08-22,Organic,Other,Creator,2026-08
142,2026-08-19,Organic,Other,Creator,2026-08
143,2026-02-10,Organic,United States,Creator,2026-02
144,2026-01-28,TikTok,India,Viewer,2026-01
145,2026-05-15,Organic,India,Viewer,2026-05
146,2026-07-20,Instagram,Nigeria,Creator,2026-07
147,2026-03-13,Instagram,India,Creator,2026-03
148,2026-01-12,Paid Social,United States,Creator,2026-01
149,2026-06-11,Organic,United States,Creator,2026-06
150,2026-02-02,TikTok,Other,Viewer,2026-02
151,2026-02-17,X,United States,Viewer,2026-02
152,2026-05-31,X,Nigeria,Creator,2026-05
153,2026-03-03,Instagram,Canada,Creator,2026-03
154,2026-08-04,Referral,Nigeria,Creator,2026-08
155,2026-02-06,Organic,Other,Creator,2026-02
156,2026-04-09,Referral,United Kingdom,Creator,2026-04
157,2026-06-21,Instagram,Other,Creator,2026-06
158,2026-04-14,Organic,India,Creator,2026-04
159,2026-08-02,Paid Social,Nigeria,Creator,2026-08
160,2026-08-07,YouTube,Nigeria,Creator,2026-08
161,2026-02-04,Organic,Other,Creator,2026-02
162,2026-07-12,Organic,India,Creator,2026-07
163,2026-08-15,Organic,India,Creator,2026-08
164,2026-04-11,X,United Kingdom,Creator,2026-04
165,2026-06-24,Organic,India,Creator,2026-06
166,2026-07-25,Organic,United Kingdom,Viewer,2026-07
167,2026-05-11,Organic,Other,Creator,2026-05
168,2026-01-01,YouTube,Other,Creator,2026-01
169,2026-01-05,Referral,India,Creator,2026-01
170,2026-08-06,Referral,India,Creator,2026-08
171,2026-05-22,Organic,Nigeria,Creator,2026-05
172,2026-04-13,Paid Social,Nigeria,Viewer,2026-04
173,2026-01-27,YouTube,United Kingdom,Creator,2026-01
174,2026-05-17,Paid Social,Canada,Viewer,2026-05
175,2026-07-26,Instagram,United Kingdom,Viewer,2026-07
176,2026-01-15,Instagram,India,Viewer,2026-01
177,2026-03-31,Referral,Canada,Creator,2026-03
178,2026-02-11,Organic,India,Creator,2026-02
179,2026-05-04,Instagram,India,Creator,2026-05
180,2026-07-24,Referral,Canada,Creator,2026-07
181,2026-06-28,Referral,Nigeria,Creator,2026-06
182,2026-03-04,Paid Social,United Kingdom,Viewer,2026-03
183,2026-04-06,YouTube,United States,Viewer,2026-04
184,2026-08-19,Organic,India,Creator,2026-08
185,2026-02-21,Organic,United States,Creator,2026-02
186,2026-04-06,Instagram,United Kingdom,Creator,2026-04
187,2026-05-12,Instagram,India,Creator,2026-05
188,2026-08-10,Organic,United Kingdom,Creator,2026-08
189,2026-08-17,Organic,Canada,Viewer,2026-08
190,2026-05-31,X,United States,Viewer,2026-05
191,2026-08-19,Referral,Other,Viewer,2026-08
192,2026-05-23,Paid Social,Germany,Creator,2026-05
193,2026-06-20,Referral,Other,Creator,2026-06
194,2026-01-29,Referral,United Kingdom,Viewer,2026-01
195,2026-02-05,X,United States,Viewer,2026-02
196,2026-01-13,Paid Social,Nigeria,Viewer,2026-01
197,2026-06-09,YouTube,United Kingdom,Creator,2026-06
198,2026-03-12,Referral,India,Viewer,2026-03
199,2026-07-06,Paid Social,Canada,Creator,2026-07
200,2026-03-27,Paid Social,Nigeria,Viewer,2026-03
201,2026-01-28,TikTok,India,Viewer,2026-01
202,2026-03-07,Organic,Nigeria,Creator,2026-03
203,2026-06-19,Organic,India,Viewer,2026-06
204,2026-02-14,Organic,India,Creator,2026-02
205,2026-03-03,Organic,Other,Viewer,2026-03
206,2026-07-04,Organic,Nigeria,Creator,2026-07
207,2026-05-14,TikTok,Nigeria,Creator,2026-05
208,2026-01-28,Instagram,India,Creator,2026-01
209,2026-01-28,YouTube,Nigeria,Creator,2026-01
210,2026-04-18,Organic,India,Viewer,2026-04
211,2026-02-13,YouTube,Canada,Creator,2026-02
212,2026-03-25,YouTube,Germany,Viewer,2026-03
213,2026-01-30,X,Germany,Viewer,2026-01
214,2026-07-09,Paid Social,India,Creator,2026-07
215,2026-03-16,Organic,Nigeria,Viewer,2026-03
216,2026-05-08,Organic,Germany,Creator,2026-05
217,2026-04-02,TikTok,India,Creator,2026-04
218,2026-08-05,Organic,India,Creator,2026-08
219,2026-08-19,X,Germany,Viewer,2026-08
220,2026-07-09,TikTok,Canada,Viewer,2026-07
221,2026-08-13,TikTok,United States,Creator,2026-08
222,2026-05-09,Organic,India,Viewer,2026-05
223,2026-05-01,TikTok,Nigeria,Creator,2026-05
224,2026-01-27,X,United States,Creator,2026-01
225,2026-07-09,X,Nigeria,Viewer,2026-07
226,2026-05-01,Organic,United States,Creator,2026-05
227,2026-04-26,Organic,Nigeria,Viewer,2026-04
228,2026-07-24,Organic,Canada,Creator,2026-07
229,2026-08-21,Organic,Canada,Creator,2026-08
230,2026-01-03,Referral,United Kingdom,Creator,2026-01
231,2026-04-13,Organic,India,Creator,2026-04
232,2026-07-17,Referral,United States,Creator,2026-07
233,2026-07-19,Referral,India,Creator,2026-07
234,2026-06-04,Organic,United States,Creator,2026-06
235,2026-05-17,Instagram,Other,Viewer,2026-05
236,2026-03-03,Paid Social,United Kingdom,Creator,2026-03
237,2026-06-14,Referral,India,Creator,2026-06
238,2026-08-13,Instagram,India,Creator,2026-08
239,2026-02-20,Referral,India,Creator,2026-02
240,2026-08-22,Referral,India,Creator,2026-08
241,2026-06-21,TikTok,Nigeria,Viewer,2026-06
242,2026-06-01,Paid Social,United States,Creator,2026-06
243,2026-07-26,Instagram,India,Creator,2026-07
244,2026-02-28,Instagram,India,Creator,2026-02
245,2026-04-28,Paid Social,United Kingdom,Creator,2026-04
246,2026-06-09,Referral,Nigeria,Viewer,2026-06
247,2026-04-06,TikTok,Germany,Viewer,2026-04
248,2026-08-04,Organic,India,Creator,2026-08
249,2026-08-21,X,Germany,Creator,2026-08
250,2026-06-29,YouTube,Nigeria,Creator,2026-06
251,2026-04-23,YouTube,India,Viewer,2026-04
252,2026-03-03,Paid Social,India,Creator,2026-03
253,2026-07-05,Referral,United States,Viewer,2026-07
254,2026-02-21,Instagram,United States,Creator,2026-02
255,2026-01-12,Organic,India,Creator,2026-01
256,2026-02-08,Instagram,Germany,Creator,2026-02
257,2026-05-10,YouTube,India,Creator,2026-05
258,2026-05-11,X,Nigeria,Creator,2026-05
259,2026-04-23,Instagram,United States,Creator,2026-04
260,2026-04-11,Instagram,Nigeria,Creator,2026-04
261,2026-04-23,TikTok,Other,Viewer,2026-04
262,2026-07-03,Organic,Other,Viewer,2026-07
263,2026-03-22,Instagram,India,Viewer,2026-03
264,2026-07-06,Organic,United States,Creator,2026-07
265,2026-04-23,TikTok,Germany,Creator,2026-04
266,2026-01-02,TikTok,United States,Creator,2026-01
267,2026-05-10,X,United Kingdom,Viewer,2026-05
268,2026-08-08,Organic,Other,Creator,2026-08
269,2026-02-23,Referral,United Kingdom,Creator,2026-02
270,2026-03-28,X,India,Creator,2026-03
271,2026-08-17,YouTube,Germany,Creator,2026-08
272,2026-08-12,YouTube,Other,Creator,2026-08
273,2026-08-13,TikTok,United Kingdom,Creator,2026-08
274,2026-05-09,Instagram,United States,Creator,2026-05
275,2026-05-27,Paid Social,Other,Creator,2026-05
276,2026-05-06,Referral,Other,Creator,2026-05
277,2026-05-10,Paid Social,Other,Creator,2026-05
278,2026-02-22,Referral,United States,Creator,2026-02
279,2026-06-21,Organic,Canada,Creator,2026-06
280,2026-08-06,Organic,United Kingdom,Creator,2026-08
281,2026-06-09,X,India,Creator,2026-06
282,2026-07-17,TikTok,Nigeria,Viewer,2026-07
283,2026-06-09,Organic,Canada,Creator,2026-06
284,2026-03-09,Referral,Other,Creator,2026-03
285,2026-07-02,TikTok,Other,Creator,2026-07
286,2026-07-22,TikTok,India,Viewer,2026-07
287,2026-07-03,Referral,Nigeria,Creator,2026-07
288,2026-05-03,Referral,United States,Creator,2026-05
289,2026-05-25,TikTok,Other,Creator,2026-05
290,2026-02-07,Referral,India,Creator,2026-02
291,2026-01-24,Referral,Canada,Creator,2026-01
292,2026-03-10,TikTok,United Kingdom,Creator,2026-03
293,2026-04-26,Organic,Other,Viewer,2026-04
294,2026-04-08,Organic,United States,Creator,2026-04
295,2026-07-17,Instagram,United Kingdom,Viewer,2026-07
296,2026-08-02,TikTok,Other,Creator,2026-08
297,2026-05-19,Paid Social,Canada,Creator,2026-05
298,2026-05-24,Referral,India,Viewer,2026-05
299,2026-04-07,Referral,India,Viewer,2026-04
300,2026-07-20,Paid Social,Germany,Creator,2026-07
301,2026-05-04,Paid Social,United States,Creator,2026-05
302,2026-07-06,TikTok,United Kingdom,Viewer,2026-07
303,2026-03-11,Organic,United Kingdom,Viewer,2026-03
304,2026-07-27,Referral,Other,Viewer,2026-07
305,2026-04-03,TikTok,United States,Viewer,2026-04
306,2026-01-03,Instagram,Canada,Creator,2026-01
307,2026-05-28,YouTube,India,Viewer,2026-05
308,2026-07-06,Paid Social,United States,Creator,2026-07
309,2026-06-13,TikTok,India,Creator,2026-06
310,2026-05-27,Referral,Germany,Viewer,2026-05
311,2026-03-31,Organic,Germany,Creator,2026-03
312,2026-07-14,YouTube,India,Creator,2026-07
313,2026-05-27,Organic,United States,Creator,2026-05
314,2026-05-28,Referral,United Kingdom,Viewer,2026-05
315,2026-04-06,Organic,Canada,Creator,2026-04
316,2026-07-18,YouTube,United Kingdom,Creator,2026-07
317,2026-02-21,Organic,Other,Creator,2026-02
318,2026-08-21,Organic,Other,Creator,2026-08
319,2026-06-10,Instagram,United States,Viewer,2026-06
320,2026-06-17,TikTok,United States,Creator,2026-06
321,2026-05-08,Organic,Nigeria,Creator,2026-05
322,2026-02-08,TikTok,Germany,Creator,2026-02
323,2026-03-23,YouTube,United States,Creator,2026-03
324,2026-04-14,YouTube,Canada,Creator,2026-04
325,2026-05-09,Organic,India,Creator,2026-05
326,2026-01-11,Referral,Other,Creator,2026-01
327,2026-08-08,Organic,Canada,Creator,2026-08
328,2026-07-04,Instagram,United States,Viewer,2026-07
329,2026-08-05,Organic,United States,Creator,2026-08
330,2026-06-27,X,India,Creator,2026-06
331,2026-05-31,Organic,Germany,Creator,2026-05
332,2026-06-08,Paid Social,Canada,Creator,2026-06
333,2026-08-10,TikTok,United Kingdom,Viewer,2026-08
334,2026-02-11,Organic,India,Creator,2026-02
335,2026-04-09,Organic,India,Creator,2026-04
336,2026-01-07,Paid Social,United States,Viewer,2026-01
337,2026-05-24,YouTube,India,Creator,2026-05
338,2026-03-31,Referral,United States,Creator,2026-03
339,2026-04-22,Paid Social,India,Creator,2026-04
340,2026-03-01,Paid Social,United States,Creator,2026-03
341,2026-04-23,Referral,United Kingdom,Creator,2026-04
342,2026-01-02,Organic,Other,Viewer,2026-01
343,2026-05-09,Referral,United States,Creator,2026-05
344,2026-02-17,Organic,United Kingdom,Viewer,2026-02
345,2026-05-20,Referral,India,Viewer,2026-05
346,2026-07-16,YouTube,Nigeria,Creator,2026-07
347,2026-02-06,Referral,Other,Viewer,2026-02
348,2026-06-09,Instagram,India,Viewer,2026-06
349,2026-01-09,YouTube,India,Creator,2026-01
350,2026-08-21,Paid Social,India,Creator,2026-08
351,2026-04-09,Organic,Nigeria,Viewer,2026-04
352,2026-05-27,TikTok,United Kingdom,Creator,2026-05
353,2026-02-17,X,India,Creator,2026-02
354,2026-07-27,Paid Social,India,Creator,2026-07
355,2026-05-11,Organic,Other,Viewer,2026-05
356,2026-05-28,Organic,United States,Viewer,2026-05
357,2026-06-01,Organic,United States,Creator,2026-06
358,2026-02-23,Organic,Other,Creator,2026-02
359,2026-04-30,Paid Social,United States,Creator,2026-04
360,2026-06-10,YouTube,Other,Creator,2026-06
361,2026-06-01,YouTube,Other,Creator,2026-06
362,2026-04-26,Instagram,India,Creator,2026-04
363,2026-03-16,Referral,Nigeria,Creator,2026-03
364,2026-04-23,Organic,Nigeria,Viewer,2026-04
365,2026-07-19,TikTok,Other,Creator,2026-07
366,2026-06-13,Instagram,United States,Creator,2026-06
367,2026-06-15,Organic,Canada,Viewer,2026-06
368,2026-04-14,TikTok,Other,Creator,2026-04
369,2026-03-25,TikTok,Germany,Creator,2026-03
370,2026-08-15,Organic,Other,Creator,2026-08
371,2026-04-22,Organic,United Kingdom,Creator,2026-04
372,2026-08-05,Referral,Other,Creator,2026-08
373,2026-04-09,Organic,India,Creator,2026-04
374,2026-06-02,Paid Social,United Kingdom,Creator,2026-06
375,2026-04-03,Organic,Canada,Creator,2026-04
376,2026-05-26,Referral,United States,Creator,2026-05
377,2026-05-08,Paid Social,India,Creator,2026-05
378,2026-04-20,Paid Social,United Kingdom,Creator,2026-04
379,2026-03-23,Referral,India,Viewer,2026-03
380,2026-07-13,TikTok,United States,Creator,2026-07
381,2026-02-23,TikTok,United States,Creator,2026-02
382,2026-06-12,TikTok,Other,Creator,2026-06
383,2026-07-27,Organic,United States,Viewer,2026-07
384,2026-07-08,Organic,Germany,Creator,2026-07
385,2026-06-18,Referral,India,Creator,2026-06
386,2026-08-16,X,Nigeria,Creator,2026-08
387,2026-06-10,X,Nigeria,Creator,2026-06
388,2026-03-09,Paid Social,United Kingdom,Creator,2026-03
389,2026-02-02,YouTube,Germany,Viewer,2026-02
390,2026-05-22,YouTube,Canada,Viewer,2026-05
391,2026-01-21,Referral,Canada,Creator,2026-01
392,2026-02-17,Organic,United States,Creator,2026-02
393,2026-05-28,TikTok,Canada,Viewer,2026-05
394,2026-05-08,Paid Social,Nigeria,Creator,2026-05
395,2026-05-16,Paid Social,India,Viewer,2026-05
396,2026-05-15,Paid Social,Other,Viewer,2026-05
397,2026-07-14,Instagram,Other,Creator,2026-07
398,2026-05-25,Referral,United States,Creator,2026-05
399,2026-05-08,Organic,Other,Viewer,2026-05
400,2026-02-02,Organic,Canada,Viewer,2026-02
401,2026-06-25,TikTok,United States,Viewer,2026-06
402,2026-07-23,Instagram,United States,Viewer,2026-07
403,2026-07-06,Organic,Other,Creator,2026-07
404,2026-04-25,TikTok,United Kingdom,Creator,2026-04
405,2026-08-02,Organic,United States,Creator,2026-08
406,2026-04-29,Instagram,United Kingdom,Creator,2026-04
407,2026-01-22,Referral,Nigeria,Viewer,2026-01
408,2026-06-07,YouTube,Nigeria,Viewer,2026-06
409,2026-02-07,Organic,United Kingdom,Viewer,2026-02
410,2026-08-18,Instagram,Nigeria,Creator,2026-08
411,2026-04-19,YouTube,United Kingdom,Creator,2026-04
412,2026-02-20,Instagram,Other,Creator,2026-02
413,2026-07-01,TikTok,Other,Creator,2026-07
414,2026-01-08,X,United Kingdom,Creator,2026-01
415,2026-01-27,Paid Social,Other,Creator,2026-01
416,2026-01-27,Organic,Germany,Viewer,2026-01
417,2026-08-14,TikTok,United States,Creator,2026-08
418,2026-01-21,TikTok,Other,Viewer,2026-01
419,2026-01-30,X,India,Creator,2026-01
420,2026-04-07,Organic,United States,Viewer,2026-04
421,2026-01-28,Organic,United Kingdom,Creator,2026-01
422,2026-04-21,TikTok,Nigeria,Creator,2026-04
423,2026-07-11,Paid Social,Nigeria,Viewer,2026-07
424,2026-08-13,Referral,Canada,Creator,2026-08
425,2026-07-16,YouTube,India,Creator,2026-07
426,2026-03-02,Referral,Other,Viewer,2026-03
427,2026-02-17,Organic,United States,Creator,2026-02
428,2026-05-27,Referral,Other,Creator,2026-05
429,2026-01-04,X,United States,Creator,2026-01
430,2026-02-04,TikTok,United Kingdom,Creator,2026-02
431,2026-07-11,Referral,United States,Creator,2026-07
432,2026-02-18,Referral,United Kingdom,Creator,2026-02
433,2026-01-17,Referral,India,Viewer,2026-01
434,2026-06-21,Organic,United States,Creator,2026-06
435,2026-08-08,Paid Social,India,Viewer,2026-08
436,2026-06-07,Paid Social,Nigeria,Creator,2026-06
437,2026-08-09,TikTok,Other,Viewer,2026-08
438,2026-02-15,Organic,India,Viewer,2026-02
439,2026-04-27,Organic,United Kingdom,Viewer,2026-04
440,2026-01-06,Paid Social,Canada,Creator,2026-01
441,2026-04-09,X,India,Creator,2026-04
442,2026-05-04,TikTok,India,Creator,2026-05
443,2026-08-21,TikTok,India,Creator,2026-08
444,2026-02-06,Organic,United States,Creator,2026-02
445,2026-01-24,YouTube,India,Viewer,2026-01
446,2026-04-03,TikTok,United States,Viewer,2026-04
447,2026-02-15,Paid Social,United States,Creator,2026-02
448,2026-06-30,YouTube,Germany,Creator,2026-06
449,2026-04-05,Referral,Germany,Viewer,2026-04
450,2026-04-09,TikTok,Canada,Creator,2026-04
451,2026-07-07,Organic,Nigeria,Creator,2026-07
452,2026-08-13,Instagram,United States,Viewer,2026-08
453,2026-04-26,TikTok,United States,Creator,2026-04
454,2026-07-10,Organic,United States,Viewer,2026-07
455,2026-08-01,Paid Social,Nigeria,Viewer,2026-08
456,2026-06-09,Instagram,Other,Creator,2026-06
457,2026-08-03,Organic,United States,Creator,2026-08
458,2026-06-10,Organic,United States,Viewer,2026-06
459,2026-03-08,TikTok,United Kingdom,Viewer,2026-03
460,2026-05-08,Paid Social,Germany,Creator,2026-05
461,2026-01-18,Organic,India,Creator,2026-01
462,2026-01-25,TikTok,United States,Creator,2026-01
463,2026-08-22,YouTube,Other,Viewer,2026-08
464,2026-08-11,TikTok,India,Creator,2026-08
465,2026-02-23,Organic,United Kingdom,Creator,2026-02
466,2026-02-27,Organic,Other,Viewer,2026-02
467,2026-03-08,TikTok,Other,Creator,2026-03
468,2026-04-14,Organic,India,Creator,2026-04
469,2026-06-23,Organic,United States,Viewer,2026-06
470,2026-01-24,Referral,India,Creator,2026-01
471,2026-04-24,Organic,Nigeria,Viewer,2026-04
472,2026-02-01,Referral,United Kingdom,Creator,2026-02
473,2026-06-24,Referral,Other,Creator,2026-06
474,2026-03-27,Instagram,Nigeria,Creator,2026-03
475,2026-05-31,TikTok,Nigeria,Viewer,2026-05
476,2026-07-13,Organic,United States,Creator,2026-07
477,2026-05-07,Referral,India,Creator,2026-05
478,2026-06-04,X,United States,Creator,2026-06
479,2026-08-22,YouTube,India,Creator,2026-08
480,2026-05-10,Organic,Germany,Creator,2026-05
481,2026-08-06,Paid Social,Nigeria,Creator,2026-08
482,2026-01-17,Organic,United States,Viewer,2026-01
483,2026-04-14,TikTok,Nigeria,Viewer,2026-04
484,2026-06-10,TikTok,India,Creator,2026-06
485,2026-05-17,Organic,India,Creator,2026-05
486,2026-02-12,Instagram,Germany,Creator,2026-02
487,2026-06-25,Referral,Other,Viewer,2026-06
488,2026-02-08,Referral,India,Creator,2026-02
489,2026-08-09,Referral,Canada,Creator,2026-08
490,2026-06-19,Instagram,United States,Creator,2026-06
491,2026-01-26,YouTube,United States,Viewer,2026-01
492,2026-04-09,Organic,United Kingdom,Creator,2026-04
493,2026-02-19,Instagram,India,Viewer,2026-02
494,2026-06-02,Organic,India,Creator,2026-06
495,2026-06-01,TikTok,India,Creator,2026-06
496,2026-01-13,TikTok,India,Creator,2026-01
497,2026-03-01,TikTok,India,Viewer,2026-03
498,2026-05-15,X,United States,Creator,2026-05
499,2026-02-26,Paid Social,United States,Creator,2026-02
500,2026-02-05,TikTok,Canada,Creator,2026-02
501,2026-06-22,Paid Social,United States,Creator,2026-06
502,2026-01-20,Referral,India,Creator,2026-01
503,2026-03-06,Instagram,India,Creator,2026-03
504,2026-01-08,YouTube,Other,Creator,2026-01
505,2026-05-24,Organic,India,Creator,2026-05
506,2026-05-22,Referral,Other,Creator,2026-05
507,2026-07-23,X,United States,Creator,2026-07
508,2026-04-25,Paid Social,Other,Creator,2026-04
509,2026-08-03,YouTube,United States,Creator,2026-08
510,2026-05-23,Referral,India,Creator,2026-05
511,2026-04-02,Referral,Nigeria,Viewer,2026-04
512,2026-04-08,TikTok,Nigeria,Creator,2026-04
513,2026-03-07,Organic,United Kingdom,Creator,2026-03
514,2026-02-01,Instagram,United States,Viewer,2026-02
515,2026-08-03,Instagram,India,Creator,2026-08
516,2026-07-10,Organic,United Kingdom,Viewer,2026-07
517,2026-03-27,Paid Social,Other,Creator,2026-03
518,2026-02-20,Instagram,Other,Creator,2026-02
519,2026-06-02,Paid Social,Nigeria,Creator,2026-06
520,2026-07-05,Referral,India,Viewer,2026-07
521,2026-03-04,X,India,Creator,2026-03
522,2026-07-09,Paid Social,Germany,Viewer,2026-07
523,2026-05-05,Instagram,Germany,Creator,2026-05
524,2026-05-30,Paid Social,Other,Viewer,2026-05
525,2026-02-27,TikTok,Nigeria,Creator,2026-02
526,2026-02-27,TikTok,Other,Creator,2026-02
527,2026-03-27,TikTok,Germany,Viewer,2026-03
528,2026-02-18,Instagram,Nigeria,Viewer,2026-02
529,2026-06-29,X,Canada,Creator,2026-06
530,2026-06-19,Instagram,India,Creator,2026-06
531,2026-03-11,TikTok,United Kingdom,Creator,2026-03
532,2026-01-15,Paid Social,Other,Creator,2026-01
533,2026-02-23,X,India,Viewer,2026-02
534,2026-08-23,TikTok,Canada,Creator,2026-08
535,2026-07-07,YouTube,United States,Creator,2026-07
536,2026-04-11,Referral,Germany,Viewer,2026-04
537,2026-08-13,Paid Social,United Kingdom,Creator,2026-08
538,2026-01-08,Instagram,Other,Creator,2026-01
539,2026-02-22,Organic,United Kingdom,Creator,2026-02
540,2026-03-01,Instagram,United States,Viewer,2026-03
541,2026-08-24,Instagram,India,Creator,2026-08
542,2026-04-18,Paid Social,Canada,Creator,2026-04
543,2026-01-05,TikTok,United States,Viewer,2026-01
544,2026-04-13,Paid Social,United Kingdom,Creator,2026-04
545,2026-07-15,Instagram,India,Creator,2026-07
546,2026-01-06,Paid Social,Other,Creator,2026-01
547,2026-04-19,Organic,United States,Viewer,2026-04
548,2026-08-12,Paid Social,Other,Viewer,2026-08
549,2026-04-26,Paid Social,United Kingdom,Creator,2026-04
550,2026-04-04,Paid Social,India,Creator,2026-04
551,2026-02-16,Organic,Nigeria,Creator,2026-02
552,2026-04-09,Organic,Other,Creator,2026-04
553,2026-02-24,YouTube,Canada,Viewer,2026-02
554,2026-06-17,Organic,United States,Creator,2026-06
555,2026-02-21,Organic,Other,Creator,2026-02
556,2026-05-24,Organic,India,Creator,2026-05
557,2026-01-13,Instagram,United States,Creator,2026-01
558,2026-04-24,Instagram,Canada,Creator,2026-04
559,2026-05-04,Organic,India,Viewer,2026-05
560,2026-04-16,Organic,Nigeria,Creator,2026-04
561,2026-06-07,Instagram,Canada,Creator,2026-06
562,2026-05-27,X,United Kingdom,Creator,2026-05
563,2026-05-25,Organic,India,Creator,2026-05
564,2026-04-30,TikTok,United Kingdom,Viewer,2026-04
565,2026-03-04,Paid Social,Nigeria,Creator,2026-03
566,2026-01-19,Paid Social,Nigeria,Creator,2026-01
567,2026-04-02,Paid Social,Germany,Creator,2026-04
568,2026-02-27,Paid Social,India,Viewer,2026-02
569,2026-07-02,TikTok,Canada,Viewer,2026-07
570,2026-03-31,YouTube,Canada,Creator,2026-03
571,2026-08-17,TikTok,Canada,Viewer,2026-08
572,2026-08-06,YouTube,Nigeria,Creator,2026-08
573,2026-04-27,TikTok,United States,Viewer,2026-04
574,2026-03-03,X,United States,Viewer,2026-03
575,2026-01-23,Instagram,Canada,Creator,2026-01
576,2026-05-07,Organic,Nigeria,Viewer,2026-05
577,2026-05-17,Referral,United States,Creator,2026-05
578,2026-05-20,Organic,United Kingdom,Creator,2026-05
579,2026-05-09,TikTok,Germany,Creator,2026-05
580,2026-02-27,Organic,India,Viewer,2026-02
581,2026-05-02,TikTok,Other,Creator,2026-05
582,2026-01-01,Organic,India,Creator,2026-01
583,2026-02-03,Paid Social,Nigeria,Viewer,2026-02
584,2026-04-06,TikTok,Nigeria,Creator,2026-04
585,2026-05-06,Instagram,India,Creator,2026-05
586,2026-04-28,TikTok,Other,Creator,2026-04
587,2026-02-17,X,United States,Creator,2026-02
588,2026-03-30,Referral,India,Viewer,2026-03
589,2026-08-20,YouTube,United Kingdom,Viewer,2026-08
590,2026-04-27,Referral,United Kingdom,Creator,2026-04
591,2026-05-09,Paid Social,Other,Viewer,2026-05
592,2026-01-16,Referral,United States,Creator,2026-01
593,2026-07-08,YouTube,India,Creator,2026-07
594,2026-08-19,Organic,India,Creator,2026-08
595,2026-07-11,YouTube,Canada,Viewer,2026-07
596,2026-07-10,Instagram,United Kingdom,Creator,2026-07
597,2026-03-10,YouTube,Other,Creator,2026-03
598,2026-01-22,Referral,United Kingdom,Viewer,2026-01
599,2026-04-03,Referral,Other,Creator,2026-04
600,2026-07-14,Referral,Other,Viewer,2026-07
601,2026-03-17,Organic,United States,Viewer,2026-03
602,2026-06-03,Organic,India,Creator,2026-06
603,2026-05-24,Organic,India,Viewer,2026-05
604,2026-06-28,Paid Social,United States,Viewer,2026-06
605,2026-08-17,Referral,Nigeria,Creator,2026-08
606,2026-03-27,YouTube,India,Viewer,2026-03
607,2026-07-04,YouTube,United States,Creator,2026-07
608,2026-01-29,YouTube,United States,Creator,2026-01
609,2026-07-25,Paid Social,India,Viewer,2026-07
610,2026-08-08,Referral,United States,Viewer,2026-08
611,2026-03-10,X,India,Creator,2026-03
612,2026-02-16,YouTube,United States,Creator,2026-02
613,2026-04-04,Organic,India,Viewer,2026-04
614,2026-07-09,YouTube,Germany,Creator,2026-07
615,2026-07-16,TikTok,India,Creator,2026-07
616,2026-07-23,Organic,Other,Creator,2026-07
617,2026-05-24,Referral,Nigeria,Creator,2026-05
618,2026-08-06,Instagram,United States,Creator,2026-08
619,2026-08-06,Paid Social,Nigeria,Creator,2026-08
620,2026-06-25,TikTok,United States,Creator,2026-06
621,2026-03-26,Instagram,India,Creator,2026-03
622,2026-02-08,Instagram,Canada,Creator,2026-02
623,2026-04-10,Organic,Other,Creator,2026-04
624,2026-02-02,TikTok,Other,Creator,2026-02
625,2026-08-10,TikTok,United Kingdom,Viewer,2026-08
626,2026-04-11,Organic,United States,Creator,2026-04
627,2026-01-23,TikTok,United States,Creator,2026-01
628,2026-01-10,Organic,United Kingdom,Creator,2026-01
629,2026-03-10,Referral,Germany,Creator,2026-03
630,2026-04-10,Organic,United States,Viewer,2026-04
631,2026-02-03,X,Other,Creator,2026-02
632,2026-06-29,Referral,United States,Creator,2026-06
633,2026-08-11,Instagram,Nigeria,Creator,2026-08
634,2026-05-18,Paid Social,Other,Creator,2026-05
635,2026-05-27,YouTube,Other,Creator,2026-05
636,2026-07-05,Referral,United Kingdom,Viewer,2026-07
637,2026-04-06,Organic,United States,Creator,2026-04
638,2026-01-01,Referral,India,Creator,2026-01
639,2026-03-10,Referral,India,Creator,2026-03
640,2026-01-04,TikTok,United Kingdom,Creator,2026-01
641,2026-01-16,Organic,Nigeria,Viewer,2026-01
642,2026-01-24,TikTok,Nigeria,Creator,2026-01
643,2026-03-21,Referral,United States,Creator,2026-03
644,2026-01-02,TikTok,Nigeria,Creator,2026-01
645,2026-08-08,Referral,Nigeria,Viewer,2026-08
646,2026-05-08,Organic,Other,Viewer,2026-05
647,2026-06-09,Referral,India,Creator,2026-06
648,2026-08-07,Organic,Germany,Creator,2026-08
649,2026-03-25,Organic,United States,Viewer,2026-03
650,2026-06-01,X,Canada,Creator,2026-06
651,2026-05-20,Organic,Other,Viewer,2026-05
652,2026-06-27,Organic,United States,Creator,2026-06
653,2026-06-12,Organic,India,Creator,2026-06
654,2026-05-04,Instagram,India,Viewer,2026-05
655,2026-02-02,Paid Social,India,Viewer,2026-02
656,2026-06-10,Referral,Canada,Creator,2026-06
657,2026-07-08,Instagram,India,Viewer,2026-07
658,2026-06-28,Organic,India,Viewer,2026-06
659,2026-06-20,Instagram,United Kingdom,Creator,2026-06
660,2026-04-11,YouTube,Nigeria,Creator,2026-04
661,2026-01-12,TikTok,United States,Creator,2026-01
662,2026-03-08,Organic,Nigeria,Viewer,2026-03
663,2026-03-06,Organic,Canada,Creator,2026-03
664,2026-06-10,Referral,India,Creator,2026-06
665,2026-06-17,TikTok,Nigeria,Creator,2026-06
666,2026-03-15,Referral,Germany,Creator,2026-03
667,2026-02-12,TikTok,United States,Creator,2026-02
668,2026-02-13,Organic,Canada,Creator,2026-02
669,2026-01-29,Instagram,Germany,Viewer,2026-01
670,2026-05-21,Instagram,Germany,Creator,2026-05
671,2026-01-12,Organic,United Kingdom,Creator,2026-01
672,2026-04-05,Organic,United Kingdom,Creator,2026-04
673,2026-02-15,Organic,Canada,Creator,2026-02
674,2026-05-10,Organic,Canada,Creator,2026-05
675,2026-02-04,TikTok,United States,Creator,2026-02
676,2026-08-03,Paid Social,India,Creator,2026-08
677,2026-03-22,Instagram,United States,Creator,2026-03
678,2026-03-31,X,India,Creator,2026-03
679,2026-01-08,TikTok,United States,Creator,2026-01
680,2026-04-03,TikTok,Nigeria,Viewer,2026-04
681,2026-06-03,Organic,Other,Creator,2026-06
682,2026-07-21,Instagram,Other,Viewer,2026-07
683,2026-03-31,Instagram,Canada,Viewer,2026-03
684,2026-06-11,Organic,Other,Creator,2026-06
685,2026-04-25,Referral,Other,Viewer,2026-04
686,2026-04-15,Instagram,Other,Creator,2026-04
687,2026-05-15,TikTok,India,Creator,2026-05
688,2026-07-15,Organic,United States,Viewer,2026-07
689,2026-02-27,X,Nigeria,Creator,2026-02
690,2026-04-24,Referral,India,Creator,2026-04
691,2026-03-16,TikTok,Germany,Viewer,2026-03
692,2026-06-06,Organic,India,Creator,2026-06
693,2026-04-30,Instagram,United States,Creator,2026-04
694,2026-06-13,Organic,India,Creator,2026-06
695,2026-08-05,YouTube,Nigeria,Creator,2026-08
696,2026-01-21,X,Nigeria,Creator,2026-01
697,2026-06-13,Organic,Canada,Viewer,2026-06
698,2026-05-18,Organic,United States,Viewer,2026-05
699,2026-04-11,X,Nigeria,Creator,2026-04
700,2026-07-20,TikTok,Canada,Creator,2026-07
701,2026-06-01,Organic,Canada,Viewer,2026-06
702,2026-07-11,Referral,United States,Creator,2026-07
703,2026-08-15,TikTok,India,Creator,2026-08
704,2026-06-26,Instagram,India,Creator,2026-06
705,2026-04-09,Organic,Canada,Creator,2026-04
706,2026-02-05,X,United States,Creator,2026-02
707,2026-07-29,TikTok,India,Creator,2026-07
708,2026-08-19,Paid Social,India,Creator,2026-08
709,2026-04-06,YouTube,Canada,Creator,2026-04
710,2026-06-01,Organic,Nigeria,Creator,2026-06
711,2026-05-31,TikTok,Nigeria,Creator,2026-05
712,2026-07-09,TikTok,United Kingdom,Creator,2026-07
713,2026-08-12,Instagram,India,Creator,2026-08
714,2026-02-06,Referral,United States,Viewer,2026-02
715,2026-01-12,X,United States,Creator,2026-01
716,2026-04-23,Organic,United States,Creator,2026-04
717,2026-07-02,YouTube,Other,Creator,2026-07
718,2026-01-13,Organic,Nigeria,Creator,2026-01
719,2026-01-23,Referral,Canada,Creator,2026-01
720,2026-08-05,YouTube,India,Creator,2026-08
721,2026-04-09,TikTok,India,Viewer,2026-04
722,2026-04-15,TikTok,India,Creator,2026-04
723,2026-01-30,Referral,United Kingdom,Viewer,2026-01
724,2026-01-17,Referral,United States,Creator,2026-01
725,2026-04-23,TikTok,United States,Viewer,2026-04
726,2026-03-03,TikTok,United Kingdom,Creator,2026-03
727,2026-03-25,X,Other,Viewer,2026-03
728,2026-04-22,Organic,India,Creator,2026-04
729,2026-08-05,Organic,India,Creator,2026-08
730,2026-03-27,Organic,India,Viewer,2026-03
731,2026-05-21,Organic,Canada,Creator,2026-05
732,2026-07-06,Instagram,India,Viewer,2026-07
733,2026-01-19,Paid Social,Nigeria,Creator,2026-01
734,2026-06-26,YouTube,Nigeria,Creator,2026-06
735,2026-04-10,Organic,United States,Creator,2026-04
736,2026-05-20,Instagram,India,Creator,2026-05
737,2026-07-08,Instagram,United States,Creator,2026-07
738,2026-08-21,Organic,India,Creator,2026-08
739,2026-05-27,Paid Social,India,Viewer,2026-05
740,2026-03-17,Instagram,Nigeria,Creator,2026-03
741,2026-01-09,Paid Social,United Kingdom,Viewer,2026-01
742,2026-07-18,TikTok,India,Creator,2026-07
743,2026-01-28,X,Nigeria,Creator,2026-01
744,2026-07-25,Organic,India,Creator,2026-07
745,2026-08-11,Instagram,United Kingdom,Viewer,2026-08
746,2026-05-08,Organic,Germany,Creator,2026-05
747,2026-02-21,Referral,Germany,Creator,2026-02
748,2026-03-24,Referral,United States,Creator,2026-03
749,2026-04-21,Referral,Nigeria,Viewer,2026-04
750,2026-05-24,YouTube,Canada,Creator,2026-05
751,2026-04-27,Referral,India,Creator,2026-04
752,2026-03-10,Organic,United Kingdom,Creator,2026-03
753,2026-04-09,Instagram,Germany,Creator,2026-04
754,2026-05-20,YouTube,United States,Creator,2026-05
755,2026-01-25,YouTube,United States,Creator,2026-01
756,2026-06-29,YouTube,United Kingdom,Creator,2026-06
757,2026-05-03,Organic,India,Viewer,2026-05
758,2026-08-01,Organic,United States,Viewer,2026-08
759,2026-08-16,Paid Social,United States,Creator,2026-08
760,2026-02-22,X,India,Creator,2026-02
761,2026-05-31,Organic,India,Creator,2026-05
762,2026-05-24,Referral,United States,Viewer,2026-05
763,2026-02-26,Paid Social,India,Creator,2026-02
764,2026-02-08,Organic,United Kingdom,Viewer,2026-02
765,2026-04-19,Referral,United States,Creator,2026-04
766,2026-06-30,Paid Social,India,Creator,2026-06
767,2026-02-11,Paid Social,India,Creator,2026-02
768,2026-07-05,Paid Social,India,Viewer,2026-07
769,2026-06-16,Instagram,United States,Viewer,2026-06
770,2026-05-22,TikTok,India,Viewer,2026-05
771,2026-08-11,Organic,United Kingdom,Viewer,2026-08
772,2026-05-02,Organic,United States,Creator,2026-05
773,2026-05-13,TikTok,United States,Creator,2026-05
774,2026-06-12,TikTok,Canada,Creator,2026-06
775,2026-08-03,Organic,Nigeria,Viewer,2026-08
776,2026-08-09,TikTok,Nigeria,Creator,2026-08
777,2026-08-23,Organic,Germany,Creator,2026-08
778,2026-03-16,Referral,India,Creator,2026-03
779,2026-05-26,TikTok,Other,Viewer,2026-05
780,2026-03-17,X,Other,Viewer,2026-03
781,2026-01-09,Instagram,United States,Creator,2026-01
782,2026-03-15,Organic,Other,Viewer,2026-03
783,2026-07-05,Paid Social,Canada,Creator,2026-07
784,2026-08-24,Instagram,Other,Creator,2026-08
785,2026-05-25,TikTok,United Kingdom,Viewer,2026-05
786,2026-08-18,Organic,United Kingdom,Creator,2026-08
787,2026-01-07,TikTok,India,Creator,2026-01
788,2026-06-23,Organic,United States,Creator,2026-06
789,2026-05-21,TikTok,India,Creator,2026-05
790,2026-06-17,Instagram,United States,Creator,2026-06
791,2026-06-19,Referral,Other,Creator,2026-06
792,2026-05-17,YouTube,India,Viewer,2026-05
793,2026-06-27,Organic,Canada,Viewer,2026-06
794,2026-01-27,Organic,India,Creator,2026-01
795,2026-05-02,TikTok,India,Creator,2026-05
796,2026-07-13,Organic,Nigeria,Viewer,2026-07
797,2026-01-05,Organic,India,Creator,2026-01
798,2026-01-29,Referral,Other,Creator,2026-01
799,2026-06-14,Organic,India,Creator,2026-06
800,2026-06-15,Referral,India,Viewer,2026-06
801,2026-03-24,Organic,India,Creator,2026-03
802,2026-05-16,Paid Social,United States,Viewer,2026-05
803,2026-04-19,X,India,Creator,2026-04
804,2026-03-06,Referral,Nigeria,Creator,2026-03
805,2026-03-27,Organic,Nigeria,Creator,2026-03
806,2026-05-25,Referral,India,Creator,2026-05
807,2026-03-12,Referral,India,Creator,2026-03
808,2026-08-05,YouTube,Germany,Creator,2026-08
809,2026-02-14,Instagram,United States,Creator,2026-02
810,2026-05-12,YouTube,United States,Viewer,2026-05
811,2026-02-05,Organic,United Kingdom,Creator,2026-02
812,2026-03-11,X,United Kingdom,Creator,2026-03
813,2026-06-08,Referral,Canada,Creator,2026-06
814,2026-01-19,TikTok,Germany,Creator,2026-01
815,2026-07-08,Organic,India,Viewer,2026-07
816,2026-04-18,TikTok,India,Creator,2026-04
817,2026-07-01,YouTube,United States,Creator,2026-07
818,2026-06-16,Organic,Germany,Viewer,2026-06
819,2026-04-01,Organic,India,Creator,2026-04
820,2026-07-21,Organic,Nigeria,Creator,2026-07
821,2026-03-31,Referral,United Kingdom,Viewer,2026-03
822,2026-01-19,Organic,Nigeria,Creator,2026-01
823,2026-02-08,YouTube,India,Creator,2026-02
824,2026-05-06,TikTok,United States,Creator,2026-05
825,2026-07-14,Referral,India,Creator,2026-07
826,2026-06-22,Paid Social,United States,Viewer,2026-06
827,2026-05-21,Organic,India,Viewer,2026-05
828,2026-08-08,TikTok,Canada,Viewer,2026-08
829,2026-05-06,Referral,Other,Creator,2026-05
830,2026-02-27,Organic,United Kingdom,Viewer,2026-02
831,2026-05-28,Organic,United Kingdom,Creator,2026-05
832,2026-08-08,Referral,United States,Creator,2026-08
833,2026-07-19,Paid Social,India,Viewer,2026-07
834,2026-03-02,X,India,Creator,2026-03
835,2026-05-07,Organic,United States,Creator,2026-05
836,2026-04-15,TikTok,Canada,Creator,2026-04
837,2026-06-16,Organic,Other,Viewer,2026-06
838,2026-01-01,Referral,United States,Creator,2026-01
839,2026-05-11,Referral,United States,Creator,2026-05
840,2026-07-24,Referral,United States,Viewer,2026-07
841,2026-04-02,Organic,United States,Creator,2026-04
842,2026-07-09,X,United Kingdom,Creator,2026-07
843,2026-07-10,Organic,Canada,Viewer,2026-07
844,2026-04-23,TikTok,Canada,Creator,2026-04
845,2026-06-02,Referral,United Kingdom,Creator,2026-06
846,2026-02-25,Organic,United States,Creator,2026-02
847,2026-06-10,YouTube,Other,Creator,2026-06
848,2026-06-15,YouTube,United Kingdom,Viewer,2026-06
849,2026-04-27,Paid Social,United States,Creator,2026-04
850,2026-05-14,Referral,United States,Viewer,2026-05
851,2026-02-27,Referral,Germany,Creator,2026-02
852,2026-02-13,Instagram,United States,Creator,2026-02
853,2026-06-22,Organic,Nigeria,Creator,2026-06
854,2026-06-09,TikTok,United States,Creator,2026-06
855,2026-06-22,Instagram,Germany,Creator,2026-06
856,2026-03-02,YouTube,Nigeria,Creator,2026-03
857,2026-02-16,X,Nigeria,Viewer,2026-02
858,2026-05-29,TikTok,Other,Creator,2026-05
859,2026-03-21,Organic,Other,Creator,2026-03
860,2026-04-28,Organic,Germany,Creator,2026-04
861,2026-08-01,YouTube,India,Creator,2026-08
862,2026-07-22,YouTube,United States,Creator,2026-07
863,2026-08-17,YouTube,United States,Creator,2026-08
864,2026-06-13,TikTok,India,Creator,2026-06
865,2026-08-15,Organic,Other,Viewer,2026-08
866,2026-05-27,Referral,Other,Viewer,2026-05
867,2026-01-20,Referral,United States,Creator,2026-01
868,2026-07-04,Instagram,India,Creator,2026-07
869,2026-05-26,X,India,Creator,2026-05
870,2026-02-16,TikTok,United States,Viewer,2026-02
871,2026-08-21,YouTube,India,Creator,2026-08
872,2026-02-18,Referral,United Kingdom,Viewer,2026-02
873,2026-01-14,YouTube,United Kingdom,Creator,2026-01
874,2026-05-23,Instagram,Other,Creator,2026-05
875,2026-06-08,Instagram,India,Viewer,2026-06
876,2026-01-01,YouTube,United States,Viewer,2026-01
877,2026-04-27,YouTube,Germany,Creator,2026-04
878,2026-02-23,X,United States,Viewer,2026-02
879,2026-04-28,X,India,Creator,2026-04
880,2026-01-03,Organic,India,Creator,2026-01
881,2026-05-24,Paid Social,Germany,Creator,2026-05
882,2026-08-03,Referral,Canada,Viewer,2026-08
883,2026-07-04,TikTok,Other,Creator,2026-07
884,2026-07-22,X,India,Viewer,2026-07
885,2026-01-12,Organic,Canada,Creator,2026-01
886,2026-03-15,Organic,United Kingdom,Creator,2026-03
887,2026-08-12,Organic,India,Creator,2026-08
888,2026-01-16,YouTube,Other,Creator,2026-01
889,2026-07-19,Referral,Nigeria,Creator,2026-07
890,2026-04-12,X,Other,Creator,2026-04
891,2026-07-23,Instagram,Germany,Viewer,2026-07
892,2026-06-01,TikTok,United States,Viewer,2026-06
893,2026-06-05,Organic,Nigeria,Creator,2026-06
894,2026-04-27,Organic,United States,Creator,2026-04
895,2026-01-08,Referral,United Kingdom,Creator,2026-01
896,2026-05-02,Paid Social,Nigeria,Creator,2026-05
897,2026-04-02,Instagram,Canada,Creator,2026-04
898,2026-06-13,YouTube,India,Creator,2026-06
899,2026-03-31,Paid Social,United Kingdom,Viewer,2026-03
900,2026-05-16,Organic,United States,Creator,2026-05
901,2026-07-05,Referral,India,Viewer,2026-07
902,2026-03-01,X,Germany,Viewer,2026-03
903,2026-06-27,X,India,Creator,2026-06
904,2026-01-28,TikTok,India,Viewer,2026-01
905,2026-08-08,YouTube,India,Creator,2026-08
906,2026-04-11,Referral,United States,Viewer,2026-04
907,2026-02-10,Organic,United States,Creator,2026-02
908,2026-08-16,Instagram,Canada,Creator,2026-08
909,2026-07-11,Organic,United Kingdom,Creator,2026-07
910,2026-06-04,Referral,United States,Creator,2026-06
911,2026-07-10,Instagram,United States,Creator,2026-07
912,2026-05-25,Referral,India,Creator,2026-05
913,2026-07-20,TikTok,United Kingdom,Creator,2026-07
914,2026-06-10,Organic,United States,Creator,2026-06
915,2026-07-31,Organic,India,Creator,2026-07
916,2026-07-24,TikTok,India,Creator,2026-07
917,2026-08-08,Organic,United States,Creator,2026-08
918,2026-06-06,X,Canada,Creator,2026-06
919,2026-05-21,Organic,India,Viewer,2026-05
920,2026-02-15,Instagram,India,Creator,2026-02
921,2026-02-04,TikTok,India,Creator,2026-02
922,2026-05-14,X,Other,Creator,2026-05
923,2026-03-23,YouTube,United Kingdom,Viewer,2026-03
924,2026-04-25,YouTube,India,Viewer,2026-04
925,2026-07-16,Paid Social,India,Creator,2026-07
926,2026-02-16,Organic,Germany,Creator,2026-02
927,2026-06-02,TikTok,India,Creator,2026-06
928,2026-07-13,TikTok,Other,Creator,2026-07
929,2026-01-10,TikTok,United States,Creator,2026-01
930,2026-02-25,YouTube,India,Viewer,2026-02
931,2026-01-30,Instagram,United Kingdom,Creator,2026-01
932,2026-04-19,Instagram,United Kingdom,Creator,2026-04
933,2026-01-05,Instagram,Other,Viewer,2026-01
934,2026-04-29,Paid Social,Germany,Creator,2026-04
935,2026-02-02,Paid Social,United States,Viewer,2026-02
936,2026-04-28,TikTok,United Kingdom,Viewer,2026-04
937,2026-03-06,Organic,Germany,Creator,2026-03
938,2026-05-26,Referral,Nigeria,Creator,2026-05
939,2026-08-12,Paid Social,India,Viewer,2026-08
940,2026-06-26,TikTok,India,Viewer,2026-06
941,2026-01-11,TikTok,United States,Viewer,2026-01
942,2026-03-26,Paid Social,Germany,Creator,2026-03
943,2026-01-26,YouTube,United States,Viewer,2026-01
944,2026-03-04,TikTok,United States,Viewer,2026-03
945,2026-08-05,X,Germany,Creator,2026-08
946,2026-03-27,Paid Social,India,Viewer,2026-03
947,2026-02-28,Referral,Nigeria,Creator,2026-02
948,2026-01-27,Referral,Other,Creator,2026-01
949,2026-06-26,Referral,United States,Creator,2026-06
950,2026-07-24,Organic,India,Creator,2026-07
951,2026-06-10,Referral,Nigeria,Creator,2026-06
952,2026-04-08,Organic,United Kingdom,Creator,2026-04
953,2026-04-15,Paid Social,Nigeria,Creator,2026-04
954,2026-04-09,TikTok,India,Creator,2026-04
955,2026-05-09,Referral,India,Creator,2026-05
956,2026-05-29,Organic,Canada,Viewer,2026-05
957,2026-02-24,Instagram,United States,Creator,2026-02
958,2026-01-06,Organic,Canada,Creator,2026-01
959,2026-08-08,YouTube,United Kingdom,Viewer,2026-08
960,2026-07-28,Referral,Nigeria,Creator,2026-07
961,2026-07-16,YouTube,Other,Creator,2026-07
962,2026-04-05,Instagram,India,Creator,2026-04
963,2026-05-13,Organic,India,Creator,2026-05
964,2026-04-12,Paid Social,United Kingdom,Creator,2026-04
965,2026-01-03,YouTube,India,Creator,2026-01
966,2026-06-30,Referral,United Kingdom,Creator,2026-06
967,2026-01-23,Referral,Other,Creator,2026-01
968,2026-08-17,Referral,Other,Viewer,2026-08
969,2026-02-22,Instagram,Nigeria,Creator,2026-02
970,2026-06-14,Referral,Other,Creator,2026-06
971,2026-07-21,X,India,Viewer,2026-07
972,2026-07-21,Referral,United States,Creator,2026-07
973,2026-03-24,Referral,United States,Viewer,2026-03
974,2026-05-25,Organic,United States,Viewer,2026-05
975,2026-03-26,TikTok,India,Creator,2026-03
976,2026-03-19,Organic,Other,Viewer,2026-03
977,2026-07-20,Organic,Canada,Viewer,2026-07
978,2026-04-20,X,United Kingdom,Viewer,2026-04
979,2026-01-01,Referral,India,Creator,2026-01
980,2026-02-20,Organic,United States,Viewer,2026-02
981,2026-06-22,Instagram,Other,Viewer,2026-06
982,2026-07-24,Paid Social,United Kingdom,Viewer,2026-07
983,2026-01-04,Referral,United Kingdom,Creator,2026-01
984,2026-07-09,Instagram,Other,Viewer,2026-07
985,2026-07-12,Referral,Nigeria,Creator,2026-07
986,2026-04-23,Instagram,Nigeria,Viewer,2026-04
987,2026-08-20,Organic,United States,Viewer,2026-08
988,2026-02-01,Organic,United States,Creator,2026-02
989,2026-02-03,Organic,United Kingdom,Creator,2026-02
990,2026-04-02,TikTok,United States,Creator,2026-04
991,2026-04-05,Paid Social,Nigeria,Viewer,2026-04
992,2026-03-13,Referral,India,Viewer,2026-03
993,2026-02-08,Instagram,India,Creator,2026-02
994,2026-06-03,Instagram,United States,Viewer,2026-06
995,2026-06-11,Organic,India,Creator,2026-06
996,2026-07-01,YouTube,Other,Creator,2026-07
997,2026-04-28,Referral,United States,Creator,2026-04
998,2026-01-03,Organic,Nigeria,Creator,2026-01
999,2026-05-03,Organic,India,Creator,2026-05
1000,2026-02-19,X,India,Viewer,2026-02
1001,2026-01-12,X,United States,Creator,2026-01
1002,2026-07-12,TikTok,Other,Viewer,2026-07
1003,2026-02-23,YouTube,United States,Creator,2026-02
1004,2026-08-24,X,Germany,Viewer,2026-08
1005,2026-05-13,Organic,India,Viewer,2026-05
1006,2026-08-10,TikTok,India,Creator,2026-08
1007,2026-08-10,TikTok,Canada,Creator,2026-08
1008,2026-02-26,Paid Social,Nigeria,Viewer,2026-02
1009,2026-05-25,Paid Social,Nigeria,Creator,2026-05
1010,2026-04-22,Paid Social,India,Creator,2026-04
1011,2026-02-16,YouTube,India,Creator,2026-02
1012,2026-05-31,X,Nigeria,Viewer,2026-05
1013,2026-07-26,YouTube,Other,Viewer,2026-07
1014,2026-08-17,Paid Social,India,Viewer,2026-08
1015,2026-03-26,Organic,Other,Viewer,2026-03
1016,2026-05-22,Instagram,India,Creator,2026-05
1017,2026-03-07,YouTube,Nigeria,Viewer,2026-03
1018,2026-03-16,YouTube,India,Creator,2026-03
1019,2026-06-28,Organic,United States,Creator,2026-06
1020,2026-04-13,X,India,Creator,2026-04
1021,2026-06-15,Referral,India,Creator,2026-06
1022,2026-07-11,Instagram,Other,Viewer,2026-07
1023,2026-08-14,Referral,Canada,Creator,2026-08
1024,2026-02-07,TikTok,United Kingdom,Creator,2026-02
1025,2026-02-19,Paid Social,India,Viewer,2026-02
1026,2026-04-08,Instagram,Other,Creator,2026-04
1027,2026-03-23,X,United States,Creator,2026-03
1028,2026-01-30,Organic,Germany,Viewer,2026-01
1029,2026-03-20,Organic,India,Creator,2026-03
1030,2026-04-01,YouTube,United States,Viewer,2026-04
1031,2026-06-28,TikTok,Other,Creator,2026-06
1032,2026-07-10,Instagram,United States,Creator,2026-07
1033,2026-08-14,Organic,Other,Creator,2026-08
1034,2026-02-21,Referral,United States,Creator,2026-02
1035,2026-06-15,Referral,Nigeria,Creator,2026-06
1036,2026-08-13,Organic,Germany,Creator,2026-08
1037,2026-08-04,YouTube,United Kingdom,Creator,2026-08
1038,2026-03-20,Referral,Canada,Creator,2026-03
1039,2026-01-30,YouTube,India,Creator,2026-01
1040,2026-04-16,TikTok,India,Creator,2026-04
1041,2026-02-20,YouTube,India,Viewer,2026-02
1042,2026-03-22,Organic,Nigeria,Creator,2026-03
1043,2026-05-13,TikTok,Germany,Creator,2026-05
1044,2026-01-29,Organic,United States,Viewer,2026-01
1045,2026-05-12,X,Nigeria,Viewer,2026-05
1046,2026-05-18,Organic,Germany,Creator,2026-05
1047,2026-07-03,Paid Social,India,Creator,2026-07
1048,2026-05-25,TikTok,Other,Creator,2026-05
1049,2026-03-15,Organic,Other,Creator,2026-03
1050,2026-01-17,Instagram,India,Creator,2026-01
1051,2026-03-25,Organic,India,Creator,2026-03
1052,2026-08-04,Instagram,India,Creator,2026-08
1053,2026-03-10,TikTok,Canada,Creator,2026-03
1054,2026-02-03,Organic,India,Creator,2026-02
1055,2026-01-06,Organic,Canada,Creator,2026-01
1056,2026-02-22,Instagram,United States,Creator,2026-02
1057,2026-07-13,Organic,Germany,Creator,2026-07
1058,2026-07-24,Referral,Germany,Creator,2026-07
1059,2026-05-06,X,Other,Creator,2026-05
1060,2026-08-23,X,India,Viewer,2026-08
1061,2026-02-12,Instagram,India,Viewer,2026-02
1062,2026-07-22,X,India,Creator,2026-07
1063,2026-04-25,Paid Social,United States,Creator,2026-04
1064,2026-04-21,Organic,United States,Viewer,2026-04
1065,2026-05-31,Organic,Other,Creator,2026-05
1066,2026-07-02,Organic,Germany,Viewer,2026-07
1067,2026-03-21,Organic,India,Creator,2026-03
1068,2026-04-05,Organic,Canada,Viewer,2026-04
1069,2026-07-22,YouTube,India,Creator,2026-07
1070,2026-04-28,Instagram,India,Creator,2026-04
1071,2026-05-24,Paid Social,Germany,Creator,2026-05
1072,2026-01-08,Organic,Other,Creator,2026-01
1073,2026-05-12,TikTok,India,Viewer,2026-05
1074,2026-04-14,Paid Social,Germany,Viewer,2026-04
1075,2026-05-12,Referral,Germany,Creator,2026-05
1076,2026-07-03,Instagram,India,Creator,2026-07
1077,2026-01-25,X,United States,Creator,2026-01
1078,2026-07-14,Referral,Canada,Creator,2026-07
1079,2026-04-06,Instagram,Germany,Creator,2026-04
1080,2026-07-14,Organic,United States,Creator,2026-07
1081,2026-06-04,Referral,India,Viewer,2026-06
1082,2026-04-03,Instagram,United Kingdom,Viewer,2026-04
1083,2026-06-09,Organic,United Kingdom,Creator,2026-06
1084,2026-06-27,Instagram,Nigeria,Creator,2026-06
1085,2026-03-02,TikTok,India,Viewer,2026-03
1086,2026-05-02,Referral,Germany,Viewer,2026-05
1087,2026-02-20,Organic,United Kingdom,Creator,2026-02
1088,2026-05-27,Referral,Other,Viewer,2026-05
1089,2026-01-21,Instagram,Other,Viewer,2026-01
1090,2026-01-05,TikTok,Germany,Creator,2026-01
1091,2026-07-29,Organic,Other,Viewer,2026-07
1092,2026-04-02,YouTube,Other,Creator,2026-04
1093,2026-06-19,Paid Social,United Kingdom,Viewer,2026-06
1094,2026-03-02,TikTok,Canada,Creator,2026-03
1095,2026-01-22,Organic,United Kingdom,Creator,2026-01
1096,2026-05-29,X,United Kingdom,Creator,2026-05
1097,2026-03-11,Referral,India,Creator,2026-03
1098,2026-01-01,Organic,United States,Viewer,2026-01
1099,2026-05-13,YouTube,India,Creator,2026-05
1100,2026-08-21,X,United States,Creator,2026-08
1101,2026-01-12,TikTok,India,Viewer,2026-01
1102,2026-03-31,Instagram,Other,Creator,2026-03
1103,2026-02-15,Organic,United States,Viewer,2026-02
1104,2026-02-03,Referral,India,Viewer,2026-02
1105,2026-06-26,YouTube,Nigeria,Creator,2026-06
1106,2026-03-19,Instagram,India,Creator,2026-03
1107,2026-08-06,TikTok,Germany,Creator,2026-08
1108,2026-02-14,TikTok,United States,Creator,2026-02
1109,2026-06-04,Referral,United States,Creator,2026-06
1110,2026-03-14,Instagram,Other,Creator,2026-03
1111,2026-01-26,Instagram,Nigeria,Creator,2026-01
1112,2026-02-16,Instagram,Other,Creator,2026-02
1113,2026-05-01,Instagram,United States,Viewer,2026-05
1114,2026-08-02,Organic,United States,Creator,2026-08
1115,2026-02-25,Organic,Nigeria,Creator,2026-02
1116,2026-04-04,Organic,India,Viewer,2026-04
1117,2026-04-17,Referral,India,Creator,2026-04
1118,2026-03-04,Organic,India,Viewer,2026-03
1119,2026-02-17,Organic,Germany,Creator,2026-02
1120,2026-03-02,Referral,Canada,Creator,2026-03
1121,2026-03-22,Organic,India,Viewer,2026-03
1122,2026-01-26,X,India,Viewer,2026-01
1123,2026-02-05,TikTok,Other,Creator,2026-02
1124,2026-01-01,Organic,India,Creator,2026-01
1125,2026-01-08,TikTok,Nigeria,Viewer,2026-01
1126,2026-04-23,Organic,Nigeria,Viewer,2026-04
1127,2026-04-09,Referral,Canada,Creator,2026-04
1128,2026-06-29,Instagram,India,Creator,2026-06
1129,2026-07-26,Organic,Other,Viewer,2026-07
1130,2026-02-16,Organic,United States,Creator,2026-02
1131,2026-05-07,Instagram,United States,Viewer,2026-05
1132,2026-02-25,Organic,United States,Creator,2026-02
1133,2026-08-02,Organic,United States,Creator,2026-08
1134,2026-01-14,Instagram,India,Creator,2026-01
1135,2026-08-06,Referral,Other,Creator,2026-08
1136,2026-01-28,TikTok,India,Viewer,2026-01
1137,2026-08-03,YouTube,Other,Creator,2026-08
1138,2026-03-19,Referral,United States,Viewer,2026-03
1139,2026-08-04,Organic,India,Viewer,2026-08
1140,2026-05-10,Referral,India,Creator,2026-05
1141,2026-04-19,Referral,Nigeria,Creator,2026-04
1142,2026-06-03,TikTok,United Kingdom,Creator,2026-06
1143,2026-01-14,Paid Social,Other,Creator,2026-01
1144,2026-07-06,Organic,United Kingdom,Creator,2026-07
1145,2026-02-25,Organic,Nigeria,Creator,2026-02
1146,2026-04-25,Referral,India,Creator,2026-04
1147,2026-01-07,Instagram,Other,Creator,2026-01
1148,2026-01-03,TikTok,Other,Viewer,2026-01
1149,2026-04-21,Organic,United States,Creator,2026-04
1150,2026-05-31,Referral,India,Creator,2026-05
1151,2026-04-17,Referral,Canada,Viewer,2026-04
1152,2026-01-18,X,Canada,Viewer,2026-01
1153,2026-02-07,Paid Social,Nigeria,Creator,2026-02
1154,2026-08-15,TikTok,United States,Creator,2026-08
1155,2026-04-25,Organic,Germany,Viewer,2026-04
1156,2026-01-15,YouTube,India,Creator,2026-01
1157,2026-07-11,Referral,United States,Viewer,2026-07
1158,2026-08-05,Organic,India,Creator,2026-08
1159,2026-04-29,Organic,India,Creator,2026-04
1160,2026-08-17,Referral,Other,Viewer,2026-08
1161,2026-01-28,Paid Social,Nigeria,Creator,2026-01
1162,2026-07-21,YouTube,Germany,Creator,2026-07
1163,2026-02-08,Organic,Nigeria,Creator,2026-02
1164,2026-07-04,Paid Social,Germany,Viewer,2026-07
1165,2026-01-17,Paid Social,Nigeria,Viewer,2026-01
1166,2026-08-19,Instagram,India,Viewer,2026-08
1167,2026-03-27,Referral,Other,Creator,2026-03
1168,2026-08-06,Referral,India,Creator,2026-08
1169,2026-05-06,Paid Social,United States,Viewer,2026-05
1170,2026-02-13,Referral,United States,Creator,2026-02
1171,2026-01-25,YouTube,India,Creator,2026-01
1172,2026-05-25,X,India,Creator,2026-05
1173,2026-01-13,Instagram,Canada,Viewer,2026-01
1174,2026-07-31,X,United States,Creator,2026-07
1175,2026-01-25,Referral,United States,Creator,2026-01
1176,2026-03-09,Paid Social,Nigeria,Viewer,2026-03
1177,2026-05-18,Instagram,United States,Creator,2026-05
1178,2026-03-08,X,Canada,Creator,2026-03
1179,2026-08-21,Instagram,Other,Viewer,2026-08
1180,2026-04-19,YouTube,India,Creator,2026-04
1181,2026-05-26,X,United Kingdom,Creator,2026-05
1182,2026-04-21,Organic,United States,Creator,2026-04
1183,2026-08-16,Instagram,Nigeria,Creator,2026-08
1184,2026-04-21,Organic,Nigeria,Creator,2026-04
1185,2026-08-02,Organic,United States,Creator,2026-08
1186,2026-02-03,Referral,India,Creator,2026-02
1187,2026-04-21,Organic,Nigeria,Creator,2026-04
1188,2026-01-08,TikTok,India,Viewer,2026-01
1189,2026-06-17,Organic,India,Viewer,2026-06
1190,2026-04-23,Organic,Other,Viewer,2026-04
1191,2026-08-24,Referral,United States,Creator,2026-08
1192,2026-03-24,Instagram,Nigeria,Creator,2026-03
1193,2026-02-11,Paid Social,India,Viewer,2026-02
1194,2026-06-18,TikTok,Other,Creator,2026-06
1195,2026-04-11,Organic,United States,Viewer,2026-04
1196,2026-01-06,TikTok,United States,Creator,2026-01
1197,2026-06-29,YouTube,United Kingdom,Creator,2026-06
1198,2026-01-26,X,Other,Creator,2026-01
1199,2026-03-05,Paid Social,Germany,Creator,2026-03
1200,2026-08-14,X,India,Creator,2026-08
1201,2026-07-06,Instagram,Germany,Creator,2026-07
1202,2026-07-03,Referral,United Kingdom,Creator,2026-07
1203,2026-02-28,Paid Social,Other,Viewer,2026-02
1204,2026-04-19,TikTok,Other,Creator,2026-04
1205,2026-07-17,Organic,Nigeria,Viewer,2026-07
1206,2026-08-17,X,Canada,Creator,2026-08
1207,2026-05-01,Instagram,Nigeria,Creator,2026-05
1208,2026-02-02,Paid Social,Nigeria,Viewer,2026-02
1209,2026-06-30,Instagram,India,Viewer,2026-06
1210,2026-05-30,Organic,India,Creator,2026-05
1211,2026-01-21,Paid Social,India,Creator,2026-01
1212,2026-07-17,Referral,Other,Creator,2026-07
1213,2026-03-11,Organic,India,Creator,2026-03
1214,2026-04-22,Paid Social,India,Viewer,2026-04
1215,2026-01-04,TikTok,United States,Creator,2026-01
1216,2026-04-04,TikTok,Nigeria,Creator,2026-04
1217,2026-03-16,Paid Social,Other,Creator,2026-03
1218,2026-07-09,Instagram,United Kingdom,Creator,2026-07
1219,2026-03-03,Organic,India,Creator,2026-03
1220,2026-04-04,TikTok,Other,Viewer,2026-04
1221,2026-04-05,YouTube,India,Creator,2026-04
1222,2026-06-01,Organic,Other,Creator,2026-06
1223,2026-02-24,X,India,Viewer,2026-02
1224,2026-05-17,YouTube,Canada,Creator,2026-05
1225,2026-05-11,TikTok,India,Viewer,2026-05
1226,2026-01-31,YouTube,Other,Creator,2026-01
1227,2026-02-09,Paid Social,India,Creator,2026-02
1228,2026-08-17,Instagram,India,Viewer,2026-08
1229,2026-02-05,TikTok,Other,Viewer,2026-02
1230,2026-06-01,Organic,India,Viewer,2026-06
1231,2026-08-11,X,Canada,Viewer,2026-08
1232,2026-01-06,Referral,Canada,Creator,2026-01
1233,2026-03-07,TikTok,Nigeria,Viewer,2026-03
1234,2026-07-31,TikTok,United States,Creator,2026-07
1235,2026-08-08,TikTok,Other,Creator,2026-08
1236,2026-03-16,X,Other,Viewer,2026-03
1237,2026-01-04,Organic,United States,Creator,2026-01
1238,2026-03-20,Referral,India,Viewer,2026-03
1239,2026-05-14,TikTok,India,Creator,2026-05
1240,2026-04-28,YouTube,India,Creator,2026-04
1241,2026-04-23,Instagram,Nigeria,Creator,2026-04
1242,2026-04-04,X,Other,Creator,2026-04
1243,2026-08-18,Organic,Canada,Creator,2026-08
1244,2026-06-28,Referral,Canada,Creator,2026-06
1245,2026-03-03,Organic,United States,Creator,2026-03
1246,2026-07-04,Organic,United States,Viewer,2026-07
1247,2026-07-13,Instagram,Canada,Creator,2026-07
1248,2026-03-20,YouTube,Canada,Creator,2026-03
1249,2026-07-22,Organic,United Kingdom,Creator,2026-07
1250,2026-05-16,Organic,India,Creator,2026-05
1251,2026-01-26,Referral,Nigeria,Creator,2026-01
1252,2026-06-28,Referral,United States,Creator,2026-06
1253,2026-06-22,Organic,India,Creator,2026-06
1254,2026-02-13,X,United Kingdom,Creator,2026-02
1255,2026-05-13,Instagram,India,Creator,2026-05
1256,2026-03-11,YouTube,Other,Viewer,2026-03
1257,2026-06-03,Referral,United States,Viewer,2026-06
1258,2026-04-28,Organic,Nigeria,Creator,2026-04
1259,2026-03-09,Referral,Germany,Creator,2026-03
1260,2026-01-19,Instagram,United States,Creator,2026-01
1261,2026-07-31,X,Germany,Viewer,2026-07
1262,2026-08-13,YouTube,Canada,Viewer,2026-08
1263,2026-01-20,Paid Social,Other,Creator,2026-01
1264,2026-04-23,Organic,United States,Creator,2026-04
1265,2026-05-20,Organic,India,Viewer,2026-05
1266,2026-02-16,Organic,United States,Viewer,2026-02
1267,2026-01-01,Paid Social,Canada,Viewer,2026-01
1268,2026-03-31,YouTube,United States,Creator,2026-03
1269,2026-05-22,X,India,Viewer,2026-05
1270,2026-03-05,Organic,India,Viewer,2026-03
1271,2026-02-07,Referral,United States,Creator,2026-02
1272,2026-02-06,Referral,United Kingdom,Creator,2026-02
1273,2026-05-06,YouTube,India,Viewer,2026-05
1274,2026-05-19,TikTok,United States,Viewer,2026-05
1275,2026-04-10,Organic,India,Creator,2026-04
1276,2026-03-18,X,Canada,Creator,2026-03
1277,2026-08-23,YouTube,Other,Viewer,2026-08
1278,2026-01-03,Organic,Nigeria,Creator,2026-01
1279,2026-06-10,YouTube,India,Creator,2026-06
1280,2026-05-14,TikTok,India,Viewer,2026-05
1281,2026-06-27,Referral,United States,Creator,2026-06
1282,2026-01-10,Instagram,Nigeria,Viewer,2026-01
1283,2026-01-05,Organic,Nigeria,Viewer,2026-01
1284,2026-05-31,Instagram,Other,Viewer,2026-05
1285,2026-05-18,TikTok,Other,Creator,2026-05
1286,2026-06-21,Organic,India,Viewer,2026-06
1287,2026-05-10,Referral,India,Creator,2026-05
1288,2026-01-13,Organic,United States,Creator,2026-01
1289,2026-06-17,TikTok,United States,Creator,2026-06
1290,2026-05-10,Organic,Nigeria,Creator,2026-05
1291,2026-03-25,Organic,Canada,Creator,2026-03
1292,2026-03-06,TikTok,India,Viewer,2026-03
1293,2026-03-04,Organic,Germany,Viewer,2026-03
1294,2026-04-11,X,United Kingdom,Viewer,2026-04
1295,2026-03-14,Organic,Other,Viewer,2026-03
1296,2026-01-17,YouTube,United Kingdom,Creator,2026-01
1297,2026-01-09,Organic,United Kingdom,Creator,2026-01
1298,2026-07-22,Organic,India,Creator,2026-07
1299,2026-05-23,TikTok,Canada,Creator,2026-05
1300,2026-06-01,Paid Social,India,Creator,2026-06
1301,2026-02-07,YouTube,United Kingdom,Creator,2026-02
1302,2026-06-12,Referral,India,Creator,2026-06
1303,2026-04-04,Organic,India,Creator,2026-04
1304,2026-04-05,Referral,India,Creator,2026-04
1305,2026-02-18,Organic,India,Creator,2026-02
1306,2026-03-10,Organic,United States,Creator,2026-03
1307,2026-03-03,X,Other,Creator,2026-03
1308,2026-07-07,TikTok,United States,Creator,2026-07
1309,2026-08-24,Paid Social,Canada,Creator,2026-08
1310,2026-06-27,Organic,India,Creator,2026-06
1311,2026-03-19,Paid Social,United States,Creator,2026-03
1312,2026-04-27,X,India,Creator,2026-04
1313,2026-04-30,X,India,Creator,2026-04
1314,2026-07-22,Organic,India,Creator,2026-07
1315,2026-05-17,Organic,United States,Creator,2026-05
1316,2026-06-11,Paid Social,India,Creator,2026-06
1317,2026-03-17,TikTok,Other,Viewer,2026-03
1318,2026-08-15,YouTube,United States,Creator,2026-08
1319,2026-02-04,Paid Social,Germany,Creator,2026-02
1320,2026-01-01,Organic,Other,Creator,2026-01
1321,2026-02-09,X,United Kingdom,Viewer,2026-02
1322,2026-03-05,YouTube,Other,Viewer,2026-03
1323,2026-05-30,Organic,India,Creator,2026-05
1324,2026-03-01,Organic,Germany,Viewer,2026-03
1325,2026-03-05,Instagram,India,Creator,2026-03
1326,2026-04-03,TikTok,United States,Viewer,2026-04
1327,2026-03-13,YouTube,United Kingdom,Creator,2026-03
1328,2026-01-11,Organic,Other,Creator,2026-01
1329,2026-04-15,Paid Social,Other,Viewer,2026-04
1330,2026-08-17,Organic,India,Viewer,2026-08
1331,2026-01-14,X,United States,Viewer,2026-01
1332,2026-03-01,X,Canada,Creator,2026-03
1333,2026-01-30,Organic,United Kingdom,Creator,2026-01
1334,2026-02-04,Organic,India,Creator,2026-02
1335,2026-08-01,Referral,United States,Viewer,2026-08
1336,2026-06-14,Paid Social,Germany,Creator,2026-06
1337,2026-01-05,TikTok,Canada,Viewer,2026-01
1338,2026-03-24,Instagram,United States,Creator,2026-03
1339,2026-05-03,TikTok,Canada,Creator,2026-05
1340,2026-03-19,Organic,Nigeria,Viewer,2026-03
1341,2026-06-03,YouTube,Other,Creator,2026-06
1342,2026-03-03,Referral,Nigeria,Creator,2026-03
1343,2026-05-12,TikTok,United States,Creator,2026-05
1344,2026-03-30,Paid Social,Other,Creator,2026-03
1345,2026-02-11,Organic,India,Viewer,2026-02
1346,2026-03-30,YouTube,Other,Creator,2026-03
1347,2026-05-26,Instagram,United Kingdom,Viewer,2026-05
1348,2026-02-09,Instagram,Other,Creator,2026-02
1349,2026-03-13,Instagram,India,Creator,2026-03
1350,2026-02-08,Organic,United Kingdom,Viewer,2026-02
1351,2026-04-14,YouTube,Germany,Creator,2026-04
1352,2026-01-14,YouTube,United Kingdom,Creator,2026-01
1353,2026-02-01,TikTok,India,Creator,2026-02
1354,2026-06-28,Referral,India,Viewer,2026-06
1355,2026-05-05,TikTok,Nigeria,Creator,2026-05
1356,2026-06-15,YouTube,United States,Creator,2026-06
1357,2026-04-07,Organic,Canada,Creator,2026-04
1358,2026-01-23,Organic,United States,Viewer,2026-01
1359,2026-03-04,TikTok,Germany,Creator,2026-03
1360,2026-05-23,X,United States,Creator,2026-05
1361,2026-08-13,YouTube,India,Creator,2026-08
1362,2026-06-02,TikTok,India,Viewer,2026-06
1363,2026-05-25,Organic,United Kingdom,Creator,2026-05
1364,2026-08-13,TikTok,Nigeria,Creator,2026-08
1365,2026-07-13,YouTube,Nigeria,Creator,2026-07
1366,2026-07-25,YouTube,Canada,Creator,2026-07
1367,2026-02-22,Organic,United States,Viewer,2026-02
1368,2026-04-14,Organic,Other,Viewer,2026-04
1369,2026-04-14,Referral,Other,Creator,2026-04
1370,2026-06-28,Organic,India,Creator,2026-06
1371,2026-02-08,Organic,Other,Viewer,2026-02
1372,2026-06-28,Organic,United Kingdom,Creator,2026-06
1373,2026-07-17,Instagram,Nigeria,Creator,2026-07
1374,2026-05-14,Instagram,Nigeria,Creator,2026-05
1375,2026-03-08,YouTube,Germany,Creator,2026-03
1376,2026-05-15,TikTok,Other,Creator,2026-05
1377,2026-06-28,YouTube,Nigeria,Creator,2026-06
1378,2026-07-19,Organic,India,Viewer,2026-07
1379,2026-02-11,Referral,United Kingdom,Viewer,2026-02
1380,2026-07-11,X,India,Creator,2026-07
1381,2026-01-15,X,United Kingdom,Viewer,2026-01
1382,2026-04-21,Organic,Germany,Viewer,2026-04
1383,2026-06-06,Organic,United States,Creator,2026-06
1384,2026-02-02,Instagram,India,Creator,2026-02
1385,2026-08-10,X,United Kingdom,Creator,2026-08
1386,2026-08-19,Organic,United States,Creator,2026-08
1387,2026-06-04,Paid Social,India,Creator,2026-06
1388,2026-06-13,Paid Social,United Kingdom,Creator,2026-06
1389,2026-06-06,Instagram,Other,Creator,2026-06
1390,2026-02-07,Paid Social,Canada,Creator,2026-02
1391,2026-07-04,Organic,Nigeria,Creator,2026-07
1392,2026-04-07,Organic,United Kingdom,Viewer,2026-04
1393,2026-08-17,Organic,India,Creator,2026-08
1394,2026-06-04,X,Germany,Creator,2026-06
1395,2026-07-02,Organic,United Kingdom,Viewer,2026-07
1396,2026-02-02,Paid Social,Other,Creator,2026-02
1397,2026-07-15,Organic,Other,Viewer,2026-07
1398,2026-03-27,TikTok,United States,Creator,2026-03
1399,2026-03-07,Referral,Other,Creator,2026-03
1400,2026-01-10,Organic,Other,Viewer,2026-01
1401,2026-01-05,Organic,United Kingdom,Creator,2026-01
1402,2026-05-03,YouTube,United States,Viewer,2026-05
1403,2026-03-15,Organic,Canada,Creator,2026-03
1404,2026-04-07,Organic,India,Creator,2026-04
1405,2026-04-28,Organic,United Kingdom,Creator,2026-04
1406,2026-02-07,Instagram,India,Viewer,2026-02
1407,2026-05-21,Paid Social,United Kingdom,Viewer,2026-05
1408,2026-06-08,Referral,Other,Creator,2026-06
1409,2026-02-16,TikTok,India,Creator,2026-02
1410,2026-08-16,TikTok,Canada,Viewer,2026-08
1411,2026-04-19,Instagram,United States,Creator,2026-04
1412,2026-08-04,Paid Social,United Kingdom,Viewer,2026-08
1413,2026-06-29,Organic,United Kingdom,Creator,2026-06
1414,2026-07-03,TikTok,India,Creator,2026-07
1415,2026-01-15,YouTube,Nigeria,Creator,2026-01
1416,2026-06-06,Paid Social,Germany,Viewer,2026-06
1417,2026-05-16,Organic,United States,Viewer,2026-05
1418,2026-01-05,Organic,United Kingdom,Viewer,2026-01
1419,2026-06-06,Organic,United Kingdom,Creator,2026-06
1420,2026-02-16,Organic,India,Viewer,2026-02
1421,2026-03-09,X,Other,Viewer,2026-03
1422,2026-03-17,YouTube,Nigeria,Creator,2026-03
1423,2026-06-22,X,United States,Viewer,2026-06
1424,2026-05-10,Organic,India,Creator,2026-05
1425,2026-06-04,Organic,United States,Creator,2026-06
1426,2026-04-05,Organic,Canada,Creator,2026-04
1427,2026-04-25,TikTok,United Kingdom,Creator,2026-04
1428,2026-06-13,Referral,Canada,Creator,2026-06
1429,2026-02-05,Organic,Canada,Creator,2026-02
1430,2026-01-26,Organic,United States,Creator,2026-01
1431,2026-02-12,TikTok,Nigeria,Viewer,2026-02
1432,2026-01-27,TikTok,Other,Creator,2026-01
1433,2026-03-10,Instagram,Other,Creator,2026-03
1434,2026-05-28,Referral,United States,Creator,2026-05
1435,2026-01-11,Organic,United Kingdom,Creator,2026-01
1436,2026-03-15,YouTube,India,Creator,2026-03
1437,2026-04-14,TikTok,India,Creator,2026-04
1438,2026-02-07,TikTok,Canada,Creator,2026-02
1439,2026-05-14,Paid Social,United States,Creator,2026-05
1440,2026-07-19,Organic,India,Creator,2026-07
1441,2026-01-23,YouTube,Canada,Creator,2026-01
1442,2026-02-16,Organic,Other,Creator,2026-02
1443,2026-03-31,Instagram,Other,Viewer,2026-03
1444,2026-02-15,Referral,Nigeria,Creator,2026-02
1445,2026-04-17,Paid Social,United States,Viewer,2026-04
1446,2026-05-20,Referral,India,Creator,2026-05
1447,2026-08-06,X,Canada,Viewer,2026-08
1448,2026-05-21,Organic,Other,Viewer,2026-05
1449,2026-04-14,YouTube,Other,Creator,2026-04
1450,2026-07-09,YouTube,Canada,Creator,2026-07
1451,2026-07-29,Organic,India,Creator,2026-07
1452,2026-08-05,Instagram,United States,Creator,2026-08
1453,2026-08-13,Referral,United States,Creator,2026-08
1454,2026-04-21,Instagram,Other,Viewer,2026-04
1455,2026-04-14,TikTok,India,Viewer,2026-04
1456,2026-03-01,Referral,Nigeria,Creator,2026-03
1457,2026-06-20,Organic,India,Viewer,2026-06
1458,2026-07-23,Organic,United Kingdom,Creator,2026-07
1459,2026-08-24,YouTube,Canada,Creator,2026-08
1460,2026-04-10,TikTok,United Kingdom,Viewer,2026-04
1461,2026-03-09,YouTube,Canada,Creator,2026-03
1462,2026-05-13,Organic,United Kingdom,Viewer,2026-05
1463,2026-04-30,Organic,India,Creator,2026-04
1464,2026-02-06,Organic,United States,Creator,2026-02
1465,2026-03-13,Paid Social,Other,Creator,2026-03
1466,2026-05-07,TikTok,United States,Creator,2026-05
1467,2026-04-16,TikTok,India,Viewer,2026-04
1468,2026-04-02,Organic,United States,Creator,2026-04
1469,2026-01-31,Organic,United States,Creator,2026-01
1470,2026-05-02,TikTok,United States,Creator,2026-05
1471,2026-05-17,Organic,Nigeria,Creator,2026-05
1472,2026-02-20,Instagram,Other,Creator,2026-02
1473,2026-01-29,Instagram,Canada,Viewer,2026-01
1474,2026-07-25,Referral,India,Creator,2026-07
1475,2026-02-09,YouTube,United Kingdom,Creator,2026-02
1476,2026-02-10,Instagram,Germany,Viewer,2026-02
1477,2026-08-02,Organic,Other,Creator,2026-08
1478,2026-01-11,YouTube,United States,Creator,2026-01
1479,2026-05-31,YouTube,United States,Creator,2026-05
1480,2026-01-01,Organic,Germany,Creator,2026-01
1481,2026-02-15,Paid Social,Canada,Creator,2026-02
1482,2026-04-11,Organic,Nigeria,Viewer,2026-04
1483,2026-05-29,Organic,India,Creator,2026-05
1484,2026-03-31,Organic,United Kingdom,Viewer,2026-03
1485,2026-04-20,Paid Social,India,Creator,2026-04
1486,2026-06-13,Instagram,India,Viewer,2026-06
1487,2026-07-01,Referral,United States,Viewer,2026-07
1488,2026-08-03,Organic,United States,Creator,2026-08
1489,2026-02-26,Instagram,United States,Creator,2026-02
1490,2026-01-01,TikTok,United States,Viewer,2026-01
1491,2026-03-04,Referral,India,Creator,2026-03
1492,2026-07-01,Organic,India,Creator,2026-07
1493,2026-02-24,Organic,India,Creator,2026-02
1494,2026-04-25,Organic,United States,Viewer,2026-04
1495,2026-06-17,Referral,India,Creator,2026-06
1496,2026-05-23,Instagram,United States,Creator,2026-05
1497,2026-05-29,TikTok,United States,Viewer,2026-05
1498,2026-06-24,Instagram,India,Creator,2026-06
1499,2026-07-20,Paid Social,India,Creator,2026-07
1500,2026-02-22,Referral,Germany,Viewer,2026-02
1501,2026-05-17,YouTube,Nigeria,Viewer,2026-05
1502,2026-07-21,TikTok,Germany,Creator,2026-07
1503,2026-06-29,Organic,Nigeria,Viewer,2026-06
1504,2026-02-26,Paid Social,Other,Viewer,2026-02
1505,2026-04-27,TikTok,India,Creator,2026-04
1506,2026-06-03,Organic,United Kingdom,Creator,2026-06
1507,2026-06-18,Instagram,Nigeria,Viewer,2026-06
1508,2026-02-04,Paid Social,Other,Creator,2026-02
1509,2026-03-04,TikTok,United States,Creator,2026-03
1510,2026-01-25,X,Germany,Creator,2026-01
1511,2026-03-31,Referral,Nigeria,Viewer,2026-03
1512,2026-03-16,TikTok,United Kingdom,Creator,2026-03
1513,2026-02-07,Organic,Other,Creator,2026-02
1514,2026-05-10,Paid Social,Other,Creator,2026-05
1515,2026-05-15,Paid Social,Canada,Creator,2026-05
1516,2026-07-29,Referral,United States,Creator,2026-07
1517,2026-08-07,YouTube,United States,Creator,2026-08
1518,2026-06-11,TikTok,United States,Creator,2026-06
1519,2026-04-01,Paid Social,India,Creator,2026-04
1520,2026-01-17,Organic,India,Creator,2026-01
1521,2026-05-08,Referral,Nigeria,Creator,2026-05
1522,2026-06-20,Paid Social,Germany,Viewer,2026-06
1523,2026-07-06,X,India,Creator,2026-07
1524,2026-04-18,Referral,Nigeria,Creator,2026-04
1525,2026-06-28,Referral,United States,Creator,2026-06
1526,2026-07-01,Organic,Other,Viewer,2026-07
1527,2026-06-01,YouTube,India,Viewer,2026-06
1528,2026-01-25,Organic,Nigeria,Creator,2026-01
1529,2026-07-18,Instagram,Other,Viewer,2026-07
1530,2026-06-29,Organic,United States,Creator,2026-06
1531,2026-07-17,TikTok,Canada,Creator,2026-07
1532,2026-03-29,Referral,Other,Creator,2026-03
1533,2026-06-10,Paid Social,India,Creator,2026-06
1534,2026-06-26,TikTok,Other,Creator,2026-06
1535,2026-01-29,Instagram,Germany,Viewer,2026-01
1536,2026-03-04,Instagram,India,Creator,2026-03
1537,2026-08-23,Paid Social,United States,Creator,2026-08
1538,2026-05-30,Instagram,United Kingdom,Viewer,2026-05
1539,2026-06-03,YouTube,Other,Creator,2026-06
1540,2026-06-05,Paid Social,India,Viewer,2026-06
1541,2026-04-24,TikTok,Canada,Creator,2026-04
1542,2026-08-01,Paid Social,India,Creator,2026-08
1543,2026-02-18,Paid Social,Germany,Viewer,2026-02
1544,2026-07-18,Paid Social,United Kingdom,Viewer,2026-07
1545,2026-03-22,Organic,Nigeria,Viewer,2026-03
1546,2026-03-25,TikTok,United Kingdom,Creator,2026-03
1547,2026-04-15,Referral,Other,Viewer,2026-04
1548,2026-06-26,TikTok,United States,Creator,2026-06
1549,2026-05-28,X,Canada,Creator,2026-05
1550,2026-04-28,Organic,India,Viewer,2026-04
1551,2026-03-27,Organic,United Kingdom,Creator,2026-03
1552,2026-08-08,TikTok,Canada,Creator,2026-08
1553,2026-03-04,X,United States,Viewer,2026-03
1554,2026-07-08,TikTok,Canada,Creator,2026-07
1555,2026-04-14,X,Nigeria,Creator,2026-04
1556,2026-02-18,Instagram,Other,Creator,2026-02
1557,2026-03-12,YouTube,India,Viewer,2026-03
1558,2026-01-01,YouTube,India,Creator,2026-01
1559,2026-08-12,TikTok,Germany,Creator,2026-08
1560,2026-05-21,TikTok,Germany,Creator,2026-05
1561,2026-08-10,Organic,United States,Creator,2026-08
1562,2026-08-03,Instagram,Other,Viewer,2026-08
1563,2026-06-28,X,United Kingdom,Creator,2026-06
1564,2026-05-03,Instagram,Other,Creator,2026-05
1565,2026-07-03,TikTok,Nigeria,Viewer,2026-07
1566,2026-07-30,YouTube,India,Creator,2026-07
1567,2026-03-03,Organic,United States,Viewer,2026-03
1568,2026-02-01,Paid Social,Other,Creator,2026-02
1569,2026-06-07,Organic,United States,Creator,2026-06
1570,2026-01-29,Paid Social,Other,Creator,2026-01
1571,2026-02-18,Instagram,Canada,Creator,2026-02
1572,2026-06-22,TikTok,United States,Viewer,2026-06
1573,2026-08-09,Organic,Nigeria,Viewer,2026-08
1574,2026-01-30,Organic,United Kingdom,Creator,2026-01
1575,2026-05-24,Organic,United Kingdom,Viewer,2026-05
1576,2026-06-17,Organic,India,Creator,2026-06
1577,2026-01-19,YouTube,Other,Creator,2026-01
1578,2026-01-18,TikTok,Nigeria,Viewer,2026-01
1579,2026-01-01,Referral,Other,Creator,2026-01
1580,2026-03-19,Organic,United Kingdom,Creator,2026-03
1581,2026-04-25,Paid Social,United States,Creator,2026-04
1582,2026-06-24,Instagram,Nigeria,Creator,2026-06
1583,2026-07-13,Organic,Germany,Creator,2026-07
1584,2026-08-08,TikTok,United States,Viewer,2026-08
1585,2026-04-23,Organic,Other,Viewer,2026-04
1586,2026-04-24,Organic,United States,Creator,2026-04
1587,2026-08-10,Instagram,Other,Creator,2026-08
1588,2026-06-15,YouTube,Other,Creator,2026-06
1589,2026-06-28,Paid Social,Canada,Creator,2026-06
1590,2026-03-04,Instagram,United States,Creator,2026-03
1591,2026-05-12,Paid Social,Nigeria,Viewer,2026-05
1592,2026-05-09,Paid Social,Germany,Creator,2026-05
1593,2026-01-08,Referral,Nigeria,Creator,2026-01
1594,2026-06-06,Instagram,Canada,Creator,2026-06
1595,2026-02-24,Organic,Canada,Viewer,2026-02
1596,2026-04-13,Organic,Nigeria,Viewer,2026-04
1597,2026-05-11,YouTube,Nigeria,Creator,2026-05
1598,2026-02-01,TikTok,India,Creator,2026-02
1599,2026-01-10,Organic,India,Viewer,2026-01
1600,2026-07-21,Instagram,Other,Creator,2026-07
1601,2026-07-30,Organic,Germany,Viewer,2026-07
1602,2026-04-20,Referral,India,Creator,2026-04
1603,2026-06-11,Organic,Other,Viewer,2026-06
1604,2026-05-04,X,India,Creator,2026-05
1605,2026-08-13,Referral,United States,Viewer,2026-08
1606,2026-03-28,Organic,India,Viewer,2026-03
1607,2026-02-24,Instagram,Other,Creator,2026-02
1608,2026-08-08,Referral,Other,Creator,2026-08
1609,2026-02-01,Organic,United Kingdom,Creator,2026-02
1610,2026-06-27,Organic,United States,Viewer,2026-06
1611,2026-05-15,TikTok,Nigeria,Creator,2026-05
1612,2026-04-03,X,Canada,Creator,2026-04
1613,2026-01-08,X,India,Creator,2026-01
1614,2026-03-06,Organic,United States,Creator,2026-03
1615,2026-02-26,Instagram,Canada,Creator,2026-02
1616,2026-03-08,Organic,United States,Creator,2026-03
1617,2026-08-04,Referral,India,Viewer,2026-08
1618,2026-08-03,TikTok,Nigeria,Creator,2026-08
1619,2026-07-06,Referral,Canada,Creator,2026-07
1620,2026-03-13,TikTok,Other,Creator,2026-03
1621,2026-02-23,YouTube,India,Creator,2026-02
1622,2026-08-17,Instagram,Nigeria,Creator,2026-08
1623,2026-03-08,X,United States,Creator,2026-03
1624,2026-02-20,TikTok,India,Creator,2026-02
1625,2026-04-07,Referral,United Kingdom,Creator,2026-04
1626,2026-04-02,TikTok,India,Creator,2026-04
1627,2026-01-08,Instagram,United States,Viewer,2026-01
1628,2026-06-11,Instagram,Canada,Creator,2026-06
1629,2026-02-04,Referral,United States,Viewer,2026-02
1630,2026-04-06,YouTube,Other,Creator,2026-04
1631,2026-03-29,TikTok,United States,Creator,2026-03
1632,2026-03-19,YouTube,United States,Creator,2026-03
1633,2026-02-01,YouTube,United States,Creator,2026-02
1634,2026-04-30,Paid Social,India,Creator,2026-04
1635,2026-02-15,Referral,Other,Creator,2026-02
1636,2026-08-23,YouTube,Canada,Creator,2026-08
1637,2026-05-24,TikTok,United States,Creator,2026-05
1638,2026-07-15,Referral,United Kingdom,Viewer,2026-07
1639,2026-06-14,X,Other,Creator,2026-06
1640,2026-07-01,Paid Social,India,Viewer,2026-07
1641,2026-08-01,Organic,India,Creator,2026-08
1642,2026-05-22,Organic,India,Creator,2026-05
1643,2026-08-11,Organic,Other,Viewer,2026-08
1644,2026-02-24,YouTube,India,Creator,2026-02
1645,2026-06-25,Paid Social,United States,Creator,2026-06
1646,2026-07-29,Organic,Nigeria,Creator,2026-07
1647,2026-01-07,YouTube,United Kingdom,Creator,2026-01
1648,2026-03-15,YouTube,Germany,Viewer,2026-03
1649,2026-01-07,Referral,United States,Creator,2026-01
1650,2026-06-10,TikTok,Nigeria,Viewer,2026-06
1651,2026-05-31,Referral,Other,Viewer,2026-05
1652,2026-03-26,Organic,United States,Creator,2026-03
1653,2026-05-27,Referral,India,Creator,2026-05
1654,2026-04-22,Organic,United Kingdom,Creator,2026-04
1655,2026-05-05,Instagram,Canada,Creator,2026-05
1656,2026-05-27,Referral,United States,Creator,2026-05
1657,2026-02-05,Organic,India,Creator,2026-02
1658,2026-01-29,Organic,Canada,Viewer,2026-01
1659,2026-07-07,YouTube,United Kingdom,Viewer,2026-07
1660,2026-03-23,Instagram,Other,Creator,2026-03
1661,2026-01-02,Instagram,Germany,Viewer,2026-01
1662,2026-05-09,Organic,India,Viewer,2026-05
1663,2026-02-16,Organic,Germany,Creator,2026-02
1664,2026-07-16,TikTok,India,Creator,2026-07
1665,2026-05-28,Organic,Other,Creator,2026-05
1666,2026-01-11,Paid Social,Canada,Creator,2026-01
1667,2026-08-22,Organic,Nigeria,Creator,2026-08
1668,2026-05-10,Instagram,United Kingdom,Creator,2026-05
1669,2026-07-14,Organic,India,Viewer,2026-07
1670,2026-08-03,Organic,India,Creator,2026-08
1671,2026-04-29,YouTube,United States,Viewer,2026-04
1672,2026-05-20,YouTube,Germany,Viewer,2026-05
1673,2026-01-20,Organic,United States,Viewer,2026-01
1674,2026-01-05,Organic,India,Creator,2026-01
1675,2026-02-06,Organic,Germany,Creator,2026-02
1676,2026-06-15,Referral,India,Viewer,2026-06
1677,2026-08-10,X,Germany,Creator,2026-08
1678,2026-05-17,Organic,United States,Viewer,2026-05
1679,2026-08-14,Instagram,United States,Viewer,2026-08
1680,2026-02-22,YouTube,India,Creator,2026-02
1681,2026-06-21,Referral,Other,Creator,2026-06
1682,2026-04-09,Paid Social,India,Creator,2026-04
1683,2026-03-27,TikTok,India,Viewer,2026-03
1684,2026-04-18,Organic,United Kingdom,Creator,2026-04
1685,2026-01-24,Organic,Germany,Creator,2026-01
1686,2026-03-22,Referral,India,Creator,2026-03
1687,2026-07-21,Paid Social,Canada,Viewer,2026-07
1688,2026-06-07,Instagram,Canada,Creator,2026-06
1689,2026-04-30,TikTok,Nigeria,Creator,2026-04
1690,2026-02-28,TikTok,Nigeria,Creator,2026-02
1691,2026-08-03,TikTok,United States,Creator,2026-08
1692,2026-05-08,Organic,United States,Viewer,2026-05
1693,2026-08-12,X,United Kingdom,Creator,2026-08
1694,2026-07-28,Organic,India,Creator,2026-07
1695,2026-04-24,Organic,Nigeria,Creator,2026-04
1696,2026-04-25,YouTube,India,Viewer,2026-04
1697,2026-07-28,Organic,United States,Creator,2026-07
1698,2026-01-14,Organic,Nigeria,Creator,2026-01
1699,2026-01-09,TikTok,Other,Creator,2026-01
1700,2026-02-09,Referral,Nigeria,Creator,2026-02
1701,2026-07-13,Referral,India,Viewer,2026-07
1702,2026-01-25,Organic,India,Creator,2026-01
1703,2026-04-13,Instagram,United Kingdom,Viewer,2026-04
1704,2026-07-20,Organic,Nigeria,Creator,2026-07
1705,2026-01-22,YouTube,United Kingdom,Creator,2026-01
1706,2026-08-23,YouTube,United States,Viewer,2026-08
1707,2026-01-04,Referral,Germany,Creator,2026-01
1708,2026-06-03,Instagram,Other,Creator,2026-06
1709,2026-07-05,Paid Social,India,Viewer,2026-07
1710,2026-01-29,Paid Social,Canada,Viewer,2026-01
1711,2026-04-19,Paid Social,India,Viewer,2026-04
1712,2026-04-08,X,United States,Creator,2026-04
1713,2026-08-03,TikTok,United States,Creator,2026-08
1714,2026-02-06,TikTok,United Kingdom,Viewer,2026-02
1715,2026-03-16,Organic,United States,Creator,2026-03
1716,2026-03-11,Organic,Germany,Viewer,2026-03
1717,2026-05-26,YouTube,United States,Viewer,2026-05
1718,2026-05-08,X,United States,Viewer,2026-05
1719,2026-03-26,Paid Social,India,Creator,2026-03
1720,2026-02-11,Organic,United Kingdom,Viewer,2026-02
1721,2026-04-10,Organic,India,Creator,2026-04
1722,2026-02-10,Referral,United States,Viewer,2026-02
1723,2026-06-15,TikTok,India,Viewer,2026-06
1724,2026-02-03,Organic,India,Creator,2026-02
1725,2026-01-17,Paid Social,India,Creator,2026-01
1726,2026-06-14,Referral,India,Creator,2026-06
1727,2026-06-02,TikTok,United States,Creator,2026-06
1728,2026-08-18,Referral,Nigeria,Creator,2026-08
1729,2026-05-02,YouTube,India,Creator,2026-05
1730,2026-03-17,Referral,United Kingdom,Creator,2026-03
1731,2026-03-28,Referral,United States,Creator,2026-03
1732,2026-04-27,Organic,United States,Creator,2026-04
1733,2026-04-16,X,Canada,Creator,2026-04
1734,2026-03-27,Organic,Nigeria,Creator,2026-03
1735,2026-08-01,Organic,Other,Creator,2026-08
1736,2026-01-27,Paid Social,United States,Viewer,2026-01
1737,2026-02-26,Instagram,Germany,Creator,2026-02
1738,2026-01-31,Referral,Canada,Viewer,2026-01
1739,2026-05-14,Referral,Other,Creator,2026-05
1740,2026-08-07,Paid Social,Other,Creator,2026-08
1741,2026-06-17,Referral,India,Creator,2026-06
1742,2026-04-08,Instagram,India,Creator,2026-04
1743,2026-01-12,TikTok,United Kingdom,Viewer,2026-01
1744,2026-02-22,Organic,United States,Viewer,2026-02
1745,2026-07-18,TikTok,Germany,Viewer,2026-07
1746,2026-05-18,TikTok,India,Creator,2026-05
1747,2026-06-22,X,Germany,Creator,2026-06
1748,2026-05-25,YouTube,India,Viewer,2026-05
1749,2026-06-03,Paid Social,United States,Creator,2026-06
1750,2026-08-01,YouTube,Other,Viewer,2026-08
1751,2026-08-08,YouTube,India,Creator,2026-08
1752,2026-07-09,TikTok,United States,Creator,2026-07
1753,2026-05-02,Organic,India,Viewer,2026-05
1754,2026-02-15,TikTok,Germany,Viewer,2026-02
1755,2026-03-05,Referral,United Kingdom,Viewer,2026-03
1756,2026-05-10,Organic,Germany,Creator,2026-05
1757,2026-02-23,YouTube,Nigeria,Viewer,2026-02
1758,2026-04-17,X,United States,Creator,2026-04
1759,2026-07-12,Organic,India,Creator,2026-07
1760,2026-02-20,Organic,India,Creator,2026-02
1761,2026-06-30,Instagram,Nigeria,Viewer,2026-06
1762,2026-02-05,TikTok,United Kingdom,Creator,2026-02
1763,2026-04-25,Referral,India,Creator,2026-04
1764,2026-01-26,Referral,India,Creator,2026-01
1765,2026-01-29,X,India,Creator,2026-01
1766,2026-05-29,Referral,United States,Creator,2026-05
1767,2026-01-11,X,India,Creator,2026-01
1768,2026-02-09,Paid Social,India,Viewer,2026-02
1769,2026-01-11,Organic,India,Creator,2026-01
1770,2026-06-13,YouTube,Germany,Viewer,2026-06
1771,2026-04-23,TikTok,India,Creator,2026-04
1772,2026-07-06,Organic,Germany,Creator,2026-07
1773,2026-02-08,Organic,United States,Creator,2026-02
1774,2026-08-20,X,United Kingdom,Creator,2026-08
1775,2026-08-15,Organic,India,Creator,2026-08
1776,2026-02-23,Organic,Nigeria,Creator,2026-02
1777,2026-04-08,Paid Social,United States,Creator,2026-04
1778,2026-02-24,Referral,India,Viewer,2026-02
1779,2026-04-21,Referral,Other,Viewer,2026-04
1780,2026-06-01,Referral,United Kingdom,Viewer,2026-06
1781,2026-05-30,Paid Social,India,Creator,2026-05
1782,2026-03-10,X,United States,Creator,2026-03
1783,2026-02-25,Organic,United States,Creator,2026-02
1784,2026-02-02,Referral,United Kingdom,Creator,2026-02
1785,2026-02-05,Referral,United Kingdom,Viewer,2026-02
1786,2026-05-28,TikTok,India,Creator,2026-05
1787,2026-07-30,Instagram,India,Creator,2026-07
1788,2026-08-15,TikTok,United States,Creator,2026-08
1789,2026-08-23,Paid Social,United States,Viewer,2026-08
1790,2026-03-22,TikTok,Nigeria,Viewer,2026-03
1791,2026-07-09,Paid Social,United Kingdom,Creator,2026-07
1792,2026-04-19,Paid Social,United Kingdom,Creator,2026-04
1793,2026-08-23,YouTube,United States,Creator,2026-08
1794,2026-08-14,X,Other,Creator,2026-08
1795,2026-07-20,TikTok,India,Creator,2026-07
1796,2026-06-03,Organic,Nigeria,Creator,2026-06
1797,2026-07-13,Organic,Other,Creator,2026-07
1798,2026-03-14,Referral,Nigeria,Creator,2026-03
1799,2026-07-20,Instagram,United States,Viewer,2026-07
1800,2026-02-09,Organic,India,Creator,2026-02
1801,2026-01-17,Organic,Germany,Viewer,2026-01
1802,2026-05-09,Paid Social,United States,Viewer,2026-05
1803,2026-08-05,TikTok,United Kingdom,Viewer,2026-08
1804,2026-03-02,Paid Social,India,Viewer,2026-03
1805,2026-06-20,TikTok,India,Creator,2026-06
1806,2026-04-14,Instagram,United States,Creator,2026-04
1807,2026-02-11,Organic,United States,Creator,2026-02
1808,2026-01-25,Instagram,Other,Creator,2026-01
1809,2026-02-08,YouTube,Other,Creator,2026-02
1810,2026-02-04,Organic,Nigeria,Creator,2026-02
1811,2026-05-11,X,India,Creator,2026-05
1812,2026-08-17,YouTube,India,Creator,2026-08
1813,2026-04-18,YouTube,United Kingdom,Viewer,2026-04
1814,2026-06-21,Referral,India,Viewer,2026-06
1815,2026-06-28,TikTok,United Kingdom,Creator,2026-06
1816,2026-08-10,X,India,Creator,2026-08
1817,2026-04-12,Paid Social,United Kingdom,Creator,2026-04
1818,2026-04-08,Paid Social,Germany,Creator,2026-04
1819,2026-01-12,Paid Social,United States,Creator,2026-01
1820,2026-01-19,TikTok,Germany,Viewer,2026-01
1821,2026-04-11,Referral,Canada,Creator,2026-04
1822,2026-02-13,X,United Kingdom,Creator,2026-02
1823,2026-07-06,Organic,United States,Viewer,2026-07
1824,2026-02-18,Referral,India,Creator,2026-02
1825,2026-07-08,YouTube,Other,Viewer,2026-07
1826,2026-01-17,Organic,United Kingdom,Creator,2026-01
1827,2026-03-15,Organic,Canada,Viewer,2026-03
1828,2026-02-26,Referral,Nigeria,Creator,2026-02
1829,2026-02-24,Organic,India,Creator,2026-02
1830,2026-02-16,Organic,Other,Creator,2026-02
1831,2026-01-12,TikTok,India,Creator,2026-01
1832,2026-03-03,Organic,Other,Creator,2026-03
1833,2026-03-21,Paid Social,India,Viewer,2026-03
1834,2026-08-04,Instagram,United States,Viewer,2026-08
1835,2026-03-24,X,United States,Creator,2026-03
1836,2026-01-08,Paid Social,Other,Creator,2026-01
1837,2026-08-11,Instagram,Other,Creator,2026-08
1838,2026-05-29,TikTok,Germany,Creator,2026-05
1839,2026-03-22,Referral,United States,Creator,2026-03
1840,2026-08-03,Instagram,India,Creator,2026-08
1841,2026-08-17,TikTok,United Kingdom,Creator,2026-08
1842,2026-04-28,YouTube,United States,Creator,2026-04
1843,2026-07-27,Referral,Canada,Creator,2026-07
1844,2026-07-17,Referral,Canada,Viewer,2026-07
1845,2026-07-19,Paid Social,United States,Creator,2026-07
1846,2026-01-25,Referral,Canada,Creator,2026-01
1847,2026-07-29,Referral,Germany,Viewer,2026-07
1848,2026-03-30,Referral,Other,Viewer,2026-03
1849,2026-01-12,Organic,Nigeria,Viewer,2026-01
1850,2026-05-23,TikTok,Canada,Creator,2026-05
1851,2026-02-28,Referral,Nigeria,Creator,2026-02
1852,2026-06-03,X,India,Viewer,2026-06
1853,2026-08-21,Organic,India,Viewer,2026-08
1854,2026-04-19,TikTok,India,Viewer,2026-04
1855,2026-01-26,TikTok,India,Viewer,2026-01
1856,2026-02-16,X,India,Creator,2026-02
1857,2026-02-01,Referral,Germany,Viewer,2026-02
1858,2026-01-10,Paid Social,Nigeria,Viewer,2026-01
1859,2026-01-16,Referral,United States,Creator,2026-01
1860,2026-07-18,Referral,United States,Viewer,2026-07
1861,2026-05-25,Instagram,United States,Creator,2026-05
1862,2026-05-31,TikTok,India,Creator,2026-05
1863,2026-01-26,TikTok,India,Creator,2026-01
1864,2026-08-01,X,Germany,Viewer,2026-08
1865,2026-03-27,Organic,Canada,Creator,2026-03
1866,2026-05-15,X,Nigeria,Creator,2026-05
1867,2026-01-14,YouTube,Nigeria,Creator,2026-01
1868,2026-03-20,Instagram,India,Creator,2026-03
1869,2026-04-27,Paid Social,United States,Creator,2026-04
1870,2026-01-07,X,Nigeria,Creator,2026-01
1871,2026-05-17,Organic,United Kingdom,Creator,2026-05
1872,2026-04-25,Instagram,India,Viewer,2026-04
1873,2026-06-25,YouTube,Germany,Viewer,2026-06
1874,2026-03-13,TikTok,United States,Creator,2026-03
1875,2026-02-28,Organic,Nigeria,Creator,2026-02
1876,2026-08-03,X,United Kingdom,Creator,2026-08
1877,2026-08-09,Paid Social,Nigeria,Creator,2026-08
1878,2026-03-23,Instagram,Nigeria,Creator,2026-03
1879,2026-08-11,Paid Social,India,Creator,2026-08
1880,2026-08-10,Referral,United States,Creator,2026-08
1881,2026-04-26,Organic,United States,Creator,2026-04
1882,2026-06-16,YouTube,India,Creator,2026-06
1883,2026-08-15,Instagram,India,Creator,2026-08
1884,2026-05-26,Organic,United Kingdom,Creator,2026-05
1885,2026-07-06,YouTube,India,Creator,2026-07
1886,2026-08-22,Referral,India,Creator,2026-08
1887,2026-04-13,Organic,Nigeria,Creator,2026-04
1888,2026-01-17,Paid Social,Other,Creator,2026-01
1889,2026-01-14,Referral,Canada,Creator,2026-01
1890,2026-06-08,Paid Social,Other,Viewer,2026-06
1891,2026-06-01,TikTok,Nigeria,Creator,2026-06
1892,2026-08-15,Paid Social,United States,Viewer,2026-08
1893,2026-04-18,TikTok,Canada,Creator,2026-04
1894,2026-07-07,Organic,India,Viewer,2026-07
1895,2026-02-14,Referral,India,Creator,2026-02
1896,2026-04-08,YouTube,United States,Creator,2026-04
1897,2026-05-11,X,United States,Viewer,2026-05
1898,2026-02-06,Instagram,United Kingdom,Creator,2026-02
1899,2026-06-20,Organic,Nigeria,Viewer,2026-06
1900,2026-06-17,X,India,Creator,2026-06
1901,2026-08-06,TikTok,Other,Creator,2026-08
1902,2026-07-02,X,Nigeria,Viewer,2026-07
1903,2026-08-03,TikTok,United States,Creator,2026-08
1904,2026-04-18,Paid Social,Other,Creator,2026-04
1905,2026-02-08,X,India,Creator,2026-02
1906,2026-01-15,Referral,Canada,Creator,2026-01
1907,2026-04-30,Paid Social,United States,Creator,2026-04
1908,2026-01-04,X,United Kingdom,Creator,2026-01
1909,2026-04-03,Organic,Other,Viewer,2026-04
1910,2026-08-02,Organic,Nigeria,Creator,2026-08
1911,2026-06-02,YouTube,India,Creator,2026-06
1912,2026-05-21,Organic,India,Viewer,2026-05
1913,2026-07-29,X,United States,Viewer,2026-07
1914,2026-06-10,Organic,Canada,Creator,2026-06
1915,2026-01-16,Organic,United States,Viewer,2026-01
1916,2026-06-19,Instagram,United States,Viewer,2026-06
1917,2026-04-18,Paid Social,Canada,Viewer,2026-04
1918,2026-05-06,X,India,Creator,2026-05
1919,2026-07-13,Paid Social,Germany,Creator,2026-07
1920,2026-02-24,Paid Social,India,Creator,2026-02
1921,2026-08-15,Organic,India,Creator,2026-08
1922,2026-06-19,TikTok,India,Creator,2026-06
1923,2026-02-03,Referral,Other,Viewer,2026-02
1924,2026-06-07,Referral,United States,Creator,2026-06
1925,2026-01-13,Instagram,India,Viewer,2026-01
1926,2026-05-21,Paid Social,Nigeria,Creator,2026-05
1927,2026-01-18,Organic,United Kingdom,Creator,2026-01
1928,2026-06-09,TikTok,United States,Creator,2026-06
1929,2026-04-06,X,Canada,Creator,2026-04
1930,2026-08-15,Instagram,India,Creator,2026-08
1931,2026-05-03,Organic,India,Creator,2026-05
1932,2026-02-08,TikTok,Nigeria,Creator,2026-02
1933,2026-02-15,Organic,India,Creator,2026-02
1934,2026-01-29,YouTube,Other,Creator,2026-01
1935,2026-07-09,Paid Social,India,Creator,2026-07
1936,2026-08-09,Paid Social,Canada,Creator,2026-08
1937,2026-03-03,YouTube,India,Creator,2026-03
1938,2026-08-24,Instagram,Germany,Viewer,2026-08
1939,2026-07-04,Instagram,India,Creator,2026-07
1940,2026-01-16,Organic,Other,Creator,2026-01
1941,2026-07-03,TikTok,India,Creator,2026-07
1942,2026-08-24,Organic,Canada,Creator,2026-08
1943,2026-05-01,Referral,Nigeria,Creator,2026-05
1944,2026-01-10,Paid Social,United States,Viewer,2026-01
1945,2026-06-07,Instagram,United States,Viewer,2026-06
1946,2026-06-02,YouTube,Germany,Creator,2026-06
1947,2026-04-13,Organic,India,Viewer,2026-04
1948,2026-03-25,X,Canada,Creator,2026-03
1949,2026-05-13,YouTube,United States,Creator,2026-05
1950,2026-03-06,Instagram,Other,Creator,2026-03
1951,2026-08-10,Organic,United Kingdom,Creator,2026-08
1952,2026-06-26,Referral,India,Creator,2026-06
1953,2026-01-03,Referral,United States,Creator,2026-01
1954,2026-06-22,Paid Social,India,Creator,2026-06
1955,2026-05-22,Referral,United States,Viewer,2026-05
1956,2026-04-30,Paid Social,United States,Viewer,2026-04
1957,2026-06-07,Organic,Germany,Creator,2026-06
1958,2026-03-09,Organic,Germany,Creator,2026-03
1959,2026-05-26,TikTok,India,Creator,2026-05
1960,2026-07-09,Organic,Nigeria,Viewer,2026-07
1961,2026-02-06,Instagram,India,Viewer,2026-02
1962,2026-06-02,YouTube,United States,Creator,2026-06
1963,2026-06-25,X,India,Creator,2026-06
1964,2026-07-12,Organic,Canada,Viewer,2026-07
1965,2026-06-30,Paid Social,Other,Creator,2026-06
1966,2026-07-26,Organic,India,Creator,2026-07
1967,2026-03-14,TikTok,United States,Viewer,2026-03
1968,2026-05-23,YouTube,India,Creator,2026-05
1969,2026-02-18,Referral,Other,Creator,2026-02
1970,2026-05-01,TikTok,India,Creator,2026-05
1971,2026-03-29,Organic,Nigeria,Viewer,2026-03
1972,2026-07-15,X,Other,Creator,2026-07
1973,2026-05-20,Organic,India,Creator,2026-05
1974,2026-07-06,Organic,Nigeria,Viewer,2026-07
1975,2026-02-06,YouTube,India,Viewer,2026-02
1976,2026-03-02,TikTok,Germany,Creator,2026-03
1977,2026-08-17,TikTok,India,Creator,2026-08
1978,2026-06-20,Instagram,Other,Creator,2026-06
1979,2026-05-04,Paid Social,Other,Creator,2026-05
1980,2026-07-17,Paid Social,Canada,Creator,2026-07
1981,2026-02-08,TikTok,Nigeria,Creator,2026-02
1982,2026-07-03,Organic,Canada,Creator,2026-07
1983,2026-03-04,TikTok,India,Viewer,2026-03
1984,2026-02-15,Organic,United States,Viewer,2026-02
1985,2026-03-29,Instagram,India,Creator,2026-03
1986,2026-01-11,X,United Kingdom,Creator,2026-01
1987,2026-03-03,Instagram,Germany,Creator,2026-03
1988,2026-03-18,TikTok,Other,Creator,2026-03
1989,2026-08-14,Organic,United Kingdom,Viewer,2026-08
1990,2026-06-02,Instagram,Canada,Viewer,2026-06
1991,2026-07-18,TikTok,Other,Viewer,2026-07
1992,2026-02-21,Instagram,Other,Viewer,2026-02
1993,2026-01-04,YouTube,Nigeria,Viewer,2026-01
1994,2026-02-28,YouTube,India,Creator,2026-02
1995,2026-03-13,Instagram,United States,Viewer,2026-03
1996,2026-05-28,X,Nigeria,Creator,2026-05
1997,2026-04-03,TikTok,United Kingdom,Viewer,2026-04
1998,2026-03-04,Organic,Other,Creator,2026-03
1999,2026-02-23,X,Other,Creator,2026-02
2000,2026-04-27,Organic,United States,Creator,2026-04
2001,2026-04-20,YouTube,India,Creator,2026-04
2002,2026-03-15,Referral,India,Creator,2026-03
2003,2026-04-17,Paid Social,India,Viewer,2026-04
2004,2026-08-14,Paid Social,United States,Creator,2026-08
2005,2026-02-26,Organic,Other,Creator,2026-02
2006,2026-08-06,Paid Social,United States,Creator,2026-08
2007,2026-06-18,YouTube,Nigeria,Creator,2026-06
2008,2026-01-03,YouTube,India,Creator,2026-01
2009,2026-04-30,Organic,Nigeria,Creator,2026-04
2010,2026-01-06,Referral,Other,Creator,2026-01
2011,2026-01-05,Organic,Canada,Viewer,2026-01
2012,2026-01-05,Referral,India,Viewer,2026-01
2013,2026-02-23,Organic,Other,Creator,2026-02
2014,2026-02-16,YouTube,India,Viewer,2026-02
2015,2026-08-03,Instagram,United Kingdom,Creator,2026-08
2016,2026-06-26,Organic,India,Viewer,2026-06
2017,2026-01-09,Organic,United Kingdom,Creator,2026-01
2018,2026-04-09,Instagram,India,Creator,2026-04
2019,2026-01-20,Organic,United Kingdom,Creator,2026-01
2020,2026-05-02,Instagram,United Kingdom,Viewer,2026-05
2021,2026-03-02,X,India,Creator,2026-03
2022,2026-05-03,Referral,Other,Creator,2026-05
2023,2026-08-22,YouTube,India,Viewer,2026-08
2024,2026-06-12,Organic,Other,Creator,2026-06
2025,2026-06-27,TikTok,United States,Creator,2026-06
2026,2026-03-23,TikTok,United Kingdom,Viewer,2026-03
2027,2026-03-03,Paid Social,United Kingdom,Viewer,2026-03
2028,2026-05-25,Referral,India,Viewer,2026-05
2029,2026-08-04,TikTok,United States,Creator,2026-08
2030,2026-01-03,Organic,Nigeria,Creator,2026-01
2031,2026-06-09,Paid Social,Germany,Viewer,2026-06
2032,2026-08-15,Paid Social,Other,Viewer,2026-08
2033,2026-08-18,Referral,India,Creator,2026-08
2034,2026-01-13,Referral,United States,Viewer,2026-01
2035,2026-04-30,Instagram,United Kingdom,Viewer,2026-04
2036,2026-05-05,Organic,Nigeria,Viewer,2026-05
2037,2026-03-30,Instagram,Other,Creator,2026-03
2038,2026-03-14,Instagram,India,Creator,2026-03
2039,2026-03-09,Instagram,United States,Creator,2026-03
2040,2026-05-22,Instagram,United Kingdom,Creator,2026-05
2041,2026-04-11,Organic,India,Creator,2026-04
2042,2026-04-08,TikTok,Canada,Creator,2026-04
2043,2026-01-11,Instagram,India,Viewer,2026-01
2044,2026-04-15,Organic,United States,Viewer,2026-04
2045,2026-07-03,Instagram,United Kingdom,Creator,2026-07
2046,2026-03-08,Referral,India,Creator,2026-03
2047,2026-05-03,Referral,India,Creator,2026-05
2048,2026-08-08,TikTok,Other,Creator,2026-08
2049,2026-01-29,Instagram,Other,Creator,2026-01
2050,2026-05-17,Organic,Other,Creator,2026-05
2051,2026-07-14,YouTube,Other,Creator,2026-07
2052,2026-06-02,TikTok,India,Creator,2026-06
2053,2026-08-14,Instagram,India,Viewer,2026-08
2054,2026-03-17,Referral,India,Creator,2026-03
2055,2026-06-19,Instagram,Other,Creator,2026-06
2056,2026-01-09,Organic,Canada,Creator,2026-01
2057,2026-07-26,Organic,United Kingdom,Creator,2026-07
2058,2026-02-09,Instagram,Other,Creator,2026-02
2059,2026-01-25,TikTok,Nigeria,Viewer,2026-01
2060,2026-01-05,Referral,India,Creator,2026-01
2061,2026-05-19,Instagram,India,Viewer,2026-05
2062,2026-07-06,YouTube,India,Viewer,2026-07
2063,2026-08-14,Instagram,United States,Creator,2026-08
2064,2026-08-04,Instagram,United States,Creator,2026-08
2065,2026-05-04,Instagram,Canada,Viewer,2026-05
2066,2026-07-26,TikTok,India,Creator,2026-07
2067,2026-02-07,Instagram,Canada,Creator,2026-02
2068,2026-03-13,Organic,Nigeria,Creator,2026-03
2069,2026-05-13,Paid Social,Other,Creator,2026-05
2070,2026-06-25,TikTok,Canada,Creator,2026-06
2071,2026-03-31,Organic,Other,Viewer,2026-03
2072,2026-05-26,Organic,United States,Viewer,2026-05
2073,2026-07-17,Organic,India,Creator,2026-07
2074,2026-02-06,TikTok,Nigeria,Creator,2026-02
2075,2026-03-01,Organic,India,Viewer,2026-03
2076,2026-06-25,Organic,Nigeria,Creator,2026-06
2077,2026-07-24,Instagram,India,Creator,2026-07
2078,2026-01-28,YouTube,Nigeria,Creator,2026-01
2079,2026-07-16,Organic,Other,Creator,2026-07
2080,2026-07-24,Instagram,United States,Creator,2026-07
2081,2026-03-22,Referral,Other,Viewer,2026-03
2082,2026-04-24,Paid Social,India,Viewer,2026-04
2083,2026-02-09,YouTube,India,Creator,2026-02
2084,2026-02-14,Organic,Nigeria,Creator,2026-02
2085,2026-08-12,YouTube,Germany,Viewer,2026-08
2086,2026-03-03,X,Canada,Viewer,2026-03
2087,2026-04-03,Organic,Canada,Creator,2026-04
2088,2026-04-25,Referral,United States,Creator,2026-04
2089,2026-07-05,TikTok,India,Creator,2026-07
2090,2026-03-08,Paid Social,India,Viewer,2026-03
2091,2026-02-25,YouTube,United States,Viewer,2026-02
2092,2026-02-09,YouTube,Other,Creator,2026-02
2093,2026-04-08,YouTube,Other,Viewer,2026-04
2094,2026-02-09,Instagram,India,Viewer,2026-02
2095,2026-04-01,Instagram,Canada,Creator,2026-04
2096,2026-07-24,Referral,Nigeria,Creator,2026-07
2097,2026-02-02,YouTube,India,Viewer,2026-02
2098,2026-01-06,Paid Social,United States,Viewer,2026-01
2099,2026-08-04,Paid Social,Nigeria,Viewer,2026-08
2100,2026-05-27,Paid Social,United Kingdom,Creator,2026-05
2101,2026-03-21,YouTube,United States,Viewer,2026-03
2102,2026-06-17,Instagram,Other,Creator,2026-06
2103,2026-04-02,Organic,United States,Creator,2026-04
2104,2026-04-07,YouTube,India,Creator,2026-04
2105,2026-02-28,TikTok,United States,Creator,2026-02
2106,2026-02-28,TikTok,Canada,Creator,2026-02
2107,2026-02-17,Organic,United Kingdom,Creator,2026-02
2108,2026-06-18,Referral,Canada,Viewer,2026-06
2109,2026-01-13,Referral,United States,Viewer,2026-01
2110,2026-04-17,YouTube,United States,Viewer,2026-04
2111,2026-02-14,Instagram,United States,Viewer,2026-02
2112,2026-03-30,YouTube,India,Creator,2026-03
2113,2026-06-30,X,United Kingdom,Creator,2026-06
2114,2026-06-19,TikTok,United States,Creator,2026-06
2115,2026-04-10,TikTok,United States,Creator,2026-04
2116,2026-07-10,TikTok,India,Viewer,2026-07
2117,2026-06-04,X,United States,Creator,2026-06
2118,2026-06-15,YouTube,Canada,Creator,2026-06
2119,2026-07-07,Instagram,Germany,Creator,2026-07
2120,2026-01-07,Paid Social,Germany,Creator,2026-01
2121,2026-05-13,Organic,United Kingdom,Creator,2026-05
2122,2026-08-23,TikTok,United States,Creator,2026-08
2123,2026-02-14,TikTok,Canada,Viewer,2026-02
2124,2026-02-27,Organic,India,Viewer,2026-02
2125,2026-01-31,TikTok,Canada,Viewer,2026-01
2126,2026-01-23,Organic,Canada,Creator,2026-01
2127,2026-06-19,Instagram,United Kingdom,Creator,2026-06
2128,2026-05-18,TikTok,India,Viewer,2026-05
2129,2026-06-09,YouTube,Other,Viewer,2026-06
2130,2026-04-17,Instagram,Canada,Creator,2026-04
2131,2026-06-30,Organic,Canada,Viewer,2026-06
2132,2026-06-07,Referral,India,Creator,2026-06
2133,2026-02-08,Organic,United States,Creator,2026-02
2134,2026-06-08,Referral,India,Viewer,2026-06
2135,2026-03-23,Paid Social,United States,Creator,2026-03
2136,2026-04-10,TikTok,Nigeria,Viewer,2026-04
2137,2026-01-02,Paid Social,Other,Creator,2026-01
2138,2026-07-25,Referral,United States,Creator,2026-07
2139,2026-03-18,Paid Social,United Kingdom,Creator,2026-03
2140,2026-08-09,YouTube,India,Creator,2026-08
2141,2026-01-12,Organic,United States,Creator,2026-01
2142,2026-02-08,Paid Social,Other,Creator,2026-02
2143,2026-07-13,Organic,Canada,Creator,2026-07
2144,2026-08-12,Organic,Nigeria,Viewer,2026-08
2145,2026-01-13,Organic,India,Viewer,2026-01
2146,2026-02-15,TikTok,United States,Creator,2026-02
2147,2026-06-04,Instagram,India,Viewer,2026-06
2148,2026-04-23,YouTube,United States,Creator,2026-04
2149,2026-08-21,Paid Social,India,Creator,2026-08
2150,2026-01-17,Organic,Canada,Creator,2026-01
2151,2026-04-14,Paid Social,India,Creator,2026-04
2152,2026-08-11,Paid Social,India,Viewer,2026-08
2153,2026-04-08,Organic,United Kingdom,Creator,2026-04
2154,2026-07-07,TikTok,Other,Creator,2026-07
2155,2026-07-11,Referral,Other,Creator,2026-07
2156,2026-03-29,X,Germany,Creator,2026-03
2157,2026-04-19,Referral,India,Viewer,2026-04
2158,2026-06-12,YouTube,United States,Viewer,2026-06
2159,2026-03-11,Instagram,Other,Viewer,2026-03
2160,2026-07-30,Organic,Other,Viewer,2026-07
2161,2026-06-07,X,United Kingdom,Viewer,2026-06
2162,2026-07-18,Organic,United States,Creator,2026-07
2163,2026-03-15,X,India,Creator,2026-03
2164,2026-08-21,Referral,Germany,Creator,2026-08
2165,2026-08-12,X,India,Creator,2026-08
2166,2026-08-14,Paid Social,United Kingdom,Viewer,2026-08
2167,2026-03-04,Instagram,Other,Creator,2026-03
2168,2026-06-05,Referral,United Kingdom,Creator,2026-06
2169,2026-03-01,YouTube,India,Creator,2026-03
2170,2026-03-20,Paid Social,United States,Creator,2026-03
2171,2026-08-10,YouTube,India,Creator,2026-08
2172,2026-02-06,Organic,United Kingdom,Viewer,2026-02
2173,2026-08-09,Paid Social,Nigeria,Creator,2026-08
2174,2026-01-22,YouTube,India,Creator,2026-01
2175,2026-07-15,Organic,India,Creator,2026-07
2176,2026-05-28,YouTube,India,Creator,2026-05
2177,2026-04-06,Paid Social,Other,Creator,2026-04
2178,2026-08-16,X,Germany,Creator,2026-08
2179,2026-03-09,TikTok,United States,Creator,2026-03
2180,2026-08-07,Referral,Other,Creator,2026-08
2181,2026-07-11,Referral,United Kingdom,Creator,2026-07
2182,2026-01-17,Instagram,Canada,Creator,2026-01
2183,2026-01-12,Organic,United Kingdom,Creator,2026-01
2184,2026-05-30,Organic,Canada,Creator,2026-05
2185,2026-05-25,Referral,India,Viewer,2026-05
2186,2026-05-18,Referral,Nigeria,Creator,2026-05
2187,2026-04-28,Organic,Germany,Creator,2026-04
2188,2026-07-12,TikTok,India,Creator,2026-07
2189,2026-01-22,Organic,India,Creator,2026-01
2190,2026-08-06,YouTube,India,Viewer,2026-08
2191,2026-04-30,Organic,United States,Creator,2026-04
2192,2026-07-29,Organic,India,Viewer,2026-07
2193,2026-02-19,Organic,United Kingdom,Viewer,2026-02
2194,2026-01-14,YouTube,United States,Viewer,2026-01
2195,2026-07-11,TikTok,India,Viewer,2026-07
2196,2026-06-24,TikTok,Other,Creator,2026-06
2197,2026-01-29,Paid Social,United Kingdom,Creator,2026-01
2198,2026-07-23,Organic,India,Creator,2026-07
2199,2026-06-13,TikTok,United States,Viewer,2026-06
2200,2026-08-15,Paid Social,Canada,Creator,2026-08
2201,2026-06-29,TikTok,Canada,Creator,2026-06
2202,2026-05-05,X,India,Creator,2026-05
2203,2026-07-23,Organic,Other,Creator,2026-07
2204,2026-01-07,Referral,Canada,Creator,2026-01
2205,2026-01-29,TikTok,Germany,Creator,2026-01
2206,2026-05-19,Referral,India,Viewer,2026-05
2207,2026-02-02,Organic,India,Creator,2026-02
2208,2026-05-14,TikTok,United States,Creator,2026-05
2209,2026-04-21,Referral,India,Creator,2026-04
2210,2026-03-20,Paid Social,India,Viewer,2026-03
2211,2026-06-09,Organic,India,Creator,2026-06
2212,2026-06-28,Referral,United Kingdom,Creator,2026-06
2213,2026-07-22,TikTok,India,Creator,2026-07
2214,2026-02-27,X,India,Creator,2026-02
2215,2026-08-03,TikTok,Other,Creator,2026-08
2216,2026-01-26,X,India,Creator,2026-01
2217,2026-08-14,TikTok,Nigeria,Creator,2026-08
2218,2026-06-23,TikTok,United Kingdom,Creator,2026-06
2219,2026-08-14,Organic,Other,Viewer,2026-08
2220,2026-01-29,Organic,Other,Creator,2026-01
2221,2026-01-04,Paid Social,United States,Creator,2026-01
2222,2026-07-28,Paid Social,Other,Creator,2026-07
2223,2026-04-09,Referral,United States,Creator,2026-04
2224,2026-05-21,TikTok,United Kingdom,Creator,2026-05
2225,2026-08-21,TikTok,India,Viewer,2026-08
2226,2026-02-08,Referral,United Kingdom,Viewer,2026-02
2227,2026-01-15,Paid Social,Nigeria,Viewer,2026-01
2228,2026-04-29,Instagram,United Kingdom,Viewer,2026-04
2229,2026-01-29,Referral,United Kingdom,Viewer,2026-01
2230,2026-06-06,Paid Social,India,Creator,2026-06
2231,2026-03-16,Referral,United States,Viewer,2026-03
2232,2026-04-26,Organic,Canada,Creator,2026-04
2233,2026-02-01,Organic,India,Creator,2026-02
2234,2026-05-10,Instagram,United States,Viewer,2026-05
2235,2026-06-24,Instagram,United Kingdom,Creator,2026-06
2236,2026-07-25,Organic,Other,Creator,2026-07
2237,2026-03-25,TikTok,India,Creator,2026-03
2238,2026-01-22,Referral,Nigeria,Viewer,2026-01
2239,2026-07-22,Instagram,India,Creator,2026-07
2240,2026-01-27,TikTok,United States,Creator,2026-01
2241,2026-07-14,X,India,Creator,2026-07
2242,2026-03-22,YouTube,United Kingdom,Creator,2026-03
2243,2026-05-06,Referral,Canada,Creator,2026-05
2244,2026-08-24,Organic,India,Creator,2026-08
2245,2026-07-03,Referral,United Kingdom,Viewer,2026-07
2246,2026-04-02,X,United States,Creator,2026-04
2247,2026-08-09,Organic,United States,Viewer,2026-08
2248,2026-01-21,Referral,Nigeria,Creator,2026-01
2249,2026-02-16,TikTok,United States,Creator,2026-02
2250,2026-07-27,TikTok,India,Viewer,2026-07
2251,2026-04-11,Instagram,Canada,Viewer,2026-04
2252,2026-07-06,TikTok,Canada,Creator,2026-07
2253,2026-03-25,TikTok,Germany,Creator,2026-03
2254,2026-01-06,Referral,United States,Creator,2026-01
2255,2026-05-27,Organic,India,Creator,2026-05
2256,2026-07-04,Paid Social,Germany,Viewer,2026-07
2257,2026-07-16,X,United States,Creator,2026-07
2258,2026-05-11,Organic,Canada,Viewer,2026-05
2259,2026-01-01,Organic,Germany,Creator,2026-01
2260,2026-02-27,X,Canada,Creator,2026-02
2261,2026-05-04,YouTube,United States,Creator,2026-05
2262,2026-06-15,Organic,Other,Creator,2026-06
2263,2026-01-15,Organic,United Kingdom,Creator,2026-01
2264,2026-06-11,Referral,Nigeria,Creator,2026-06
2265,2026-07-08,Organic,United Kingdom,Viewer,2026-07
2266,2026-06-12,Referral,India,Viewer,2026-06
2267,2026-03-05,YouTube,United States,Creator,2026-03
2268,2026-01-25,Instagram,Other,Creator,2026-01
2269,2026-01-24,TikTok,India,Viewer,2026-01
2270,2026-01-12,Organic,United States,Creator,2026-01
2271,2026-01-18,Referral,United States,Creator,2026-01
2272,2026-01-15,Organic,United States,Viewer,2026-01
2273,2026-08-24,TikTok,Nigeria,Creator,2026-08
2274,2026-07-27,X,Other,Viewer,2026-07
2275,2026-01-27,Organic,India,Creator,2026-01
2276,2026-03-13,Instagram,United Kingdom,Creator,2026-03
2277,2026-03-01,Referral,Canada,Creator,2026-03
2278,2026-06-23,Instagram,Nigeria,Creator,2026-06
2279,2026-08-05,Paid Social,India,Creator,2026-08
2280,2026-05-25,Referral,Nigeria,Viewer,2026-05
2281,2026-04-03,TikTok,Other,Creator,2026-04
2282,2026-02-22,TikTok,United States,Creator,2026-02
2283,2026-01-08,TikTok,United Kingdom,Creator,2026-01
2284,2026-03-20,X,Other,Creator,2026-03
2285,2026-01-27,TikTok,Canada,Creator,2026-01
2286,2026-06-23,Paid Social,United Kingdom,Viewer,2026-06
2287,2026-02-19,X,Other,Creator,2026-02
2288,2026-07-18,TikTok,India,Viewer,2026-07
2289,2026-05-11,YouTube,Canada,Viewer,2026-05
2290,2026-04-03,TikTok,United States,Viewer,2026-04
2291,2026-07-11,Referral,United States,Viewer,2026-07
2292,2026-06-21,X,Nigeria,Creator,2026-06
2293,2026-06-30,Organic,India,Viewer,2026-06
2294,2026-01-24,Organic,United States,Creator,2026-01
2295,2026-03-01,Referral,India,Creator,2026-03
2296,2026-05-02,X,India,Creator,2026-05
2297,2026-05-11,Paid Social,United States,Viewer,2026-05
2298,2026-05-28,Organic,Germany,Viewer,2026-05
2299,2026-02-15,TikTok,India,Viewer,2026-02
2300,2026-01-15,Organic,Nigeria,Creator,2026-01
2301,2026-06-02,X,Canada,Creator,2026-06
2302,2026-08-10,TikTok,India,Creator,2026-08
2303,2026-07-25,Organic,Other,Viewer,2026-07
2304,2026-07-18,YouTube,Other,Creator,2026-07
2305,2026-01-17,Instagram,India,Viewer,2026-01
2306,2026-05-06,Organic,Other,Creator,2026-05
2307,2026-08-24,Instagram,United Kingdom,Viewer,2026-08
2308,2026-03-25,Referral,United States,Creator,2026-03
2309,2026-08-16,Organic,United Kingdom,Viewer,2026-08
2310,2026-01-09,TikTok,United Kingdom,Viewer,2026-01
2311,2026-06-15,TikTok,United Kingdom,Creator,2026-06
2312,2026-06-25,Referral,United Kingdom,Creator,2026-06
2313,2026-07-07,Referral,India,Viewer,2026-07
2314,2026-03-04,TikTok,Other,Creator,2026-03
2315,2026-08-02,TikTok,Germany,Creator,2026-08
2316,2026-04-27,Paid Social,Canada,Creator,2026-04
2317,2026-05-10,Paid Social,India,Creator,2026-05
2318,2026-03-29,YouTube,Nigeria,Creator,2026-03
2319,2026-03-13,Paid Social,United Kingdom,Creator,2026-03
2320,2026-05-19,YouTube,Germany,Creator,2026-05
2321,2026-03-05,Referral,Other,Creator,2026-03
2322,2026-07-24,TikTok,Other,Creator,2026-07
2323,2026-07-28,Instagram,United States,Creator,2026-07
2324,2026-03-13,Organic,Other,Viewer,2026-03
2325,2026-01-21,Referral,India,Creator,2026-01
2326,2026-01-18,Paid Social,United States,Creator,2026-01
2327,2026-08-10,X,India,Creator,2026-08
2328,2026-03-05,TikTok,Other,Creator,2026-03
2329,2026-03-23,Organic,Other,Viewer,2026-03
2330,2026-04-20,Organic,India,Viewer,2026-04
2331,2026-04-05,Organic,United States,Creator,2026-04
2332,2026-06-15,X,Other,Creator,2026-06
2333,2026-02-01,Paid Social,Nigeria,Viewer,2026-02
2334,2026-01-11,Organic,Nigeria,Viewer,2026-01
2335,2026-02-14,Organic,Nigeria,Creator,2026-02
2336,2026-08-05,X,United Kingdom,Viewer,2026-08
2337,2026-02-02,TikTok,Other,Creator,2026-02
2338,2026-04-12,Paid Social,United States,Creator,2026-04
2339,2026-06-18,TikTok,India,Creator,2026-06
2340,2026-05-16,TikTok,India,Creator,2026-05
2341,2026-01-11,Organic,India,Creator,2026-01
2342,2026-08-02,Organic,Nigeria,Creator,2026-08
2343,2026-06-28,X,Other,Creator,2026-06
2344,2026-03-29,Organic,United Kingdom,Viewer,2026-03
2345,2026-02-10,TikTok,Other,Creator,2026-02
2346,2026-05-25,Instagram,Other,Creator,2026-05
2347,2026-03-17,Organic,Nigeria,Creator,2026-03
2348,2026-05-01,Organic,Nigeria,Creator,2026-05
2349,2026-02-15,Instagram,United Kingdom,Creator,2026-02
2350,2026-06-09,YouTube,India,Viewer,2026-06
2351,2026-07-26,Paid Social,United Kingdom,Viewer,2026-07
2352,2026-03-21,Organic,United States,Creator,2026-03
2353,2026-02-23,Organic,United Kingdom,Creator,2026-02
2354,2026-03-27,Organic,Nigeria,Viewer,2026-03
2355,2026-04-02,Instagram,United States,Creator,2026-04
2356,2026-05-28,X,United Kingdom,Creator,2026-05
2357,2026-06-10,Referral,United States,Viewer,2026-06
2358,2026-07-21,YouTube,India,Viewer,2026-07
2359,2026-06-17,Organic,United Kingdom,Creator,2026-06
2360,2026-06-09,Instagram,United States,Creator,2026-06
2361,2026-04-07,Paid Social,Other,Creator,2026-04
2362,2026-01-02,TikTok,India,Creator,2026-01
2363,2026-08-13,Instagram,United Kingdom,Creator,2026-08
2364,2026-02-02,Paid Social,Nigeria,Creator,2026-02
2365,2026-08-21,Referral,India,Creator,2026-08
2366,2026-07-24,Referral,United States,Viewer,2026-07
2367,2026-06-07,Organic,United Kingdom,Creator,2026-06
2368,2026-06-10,TikTok,United States,Creator,2026-06
2369,2026-03-18,Organic,India,Viewer,2026-03
2370,2026-04-26,X,United Kingdom,Creator,2026-04
2371,2026-06-03,Organic,India,Creator,2026-06
2372,2026-05-30,Referral,United Kingdom,Viewer,2026-05
2373,2026-04-13,Referral,Germany,Viewer,2026-04
2374,2026-07-13,Instagram,India,Creator,2026-07
2375,2026-06-15,Organic,United States,Creator,2026-06
2376,2026-04-13,Organic,United States,Creator,2026-04
2377,2026-03-31,Referral,United Kingdom,Creator,2026-03
2378,2026-06-23,X,United States,Viewer,2026-06
2379,2026-05-02,YouTube,United States,Creator,2026-05
2380,2026-05-23,TikTok,India,Creator,2026-05
2381,2026-08-14,Instagram,India,Creator,2026-08
2382,2026-04-16,Referral,Nigeria,Creator,2026-04
2383,2026-04-29,Instagram,India,Viewer,2026-04
2384,2026-06-21,X,India,Viewer,2026-06
2385,2026-02-18,Referral,United States,Creator,2026-02
2386,2026-04-14,Organic,India,Viewer,2026-04
2387,2026-07-22,Organic,India,Creator,2026-07
2388,2026-03-02,Instagram,United States,Viewer,2026-03
2389,2026-07-14,Organic,India,Viewer,2026-07
2390,2026-05-03,Referral,Canada,Viewer,2026-05
2391,2026-05-14,YouTube,India,Creator,2026-05
2392,2026-01-09,Paid Social,Canada,Creator,2026-01
2393,2026-01-06,YouTube,United States,Creator,2026-01
2394,2026-03-14,Organic,United Kingdom,Creator,2026-03
2395,2026-04-13,Organic,India,Viewer,2026-04
2396,2026-08-11,Referral,Other,Creator,2026-08
2397,2026-06-09,Organic,Canada,Creator,2026-06
2398,2026-02-10,YouTube,India,Creator,2026-02
2399,2026-04-24,Referral,India,Creator,2026-04
2400,2026-07-23,TikTok,United Kingdom,Creator,2026-07
2401,2026-01-08,TikTok,Other,Viewer,2026-01
2402,2026-03-13,X,United States,Creator,2026-03
2403,2026-06-27,Referral,Nigeria,Creator,2026-06
2404,2026-04-02,Organic,India,Viewer,2026-04
2405,2026-03-03,Paid Social,United States,Creator,2026-03
2406,2026-03-25,X,United States,Viewer,2026-03
2407,2026-03-03,Paid Social,United States,Viewer,2026-03
2408,2026-04-21,Organic,India,Viewer,2026-04
2409,2026-05-07,Organic,India,Creator,2026-05
2410,2026-01-07,Referral,United Kingdom,Creator,2026-01
2411,2026-07-22,Referral,United Kingdom,Viewer,2026-07
2412,2026-03-25,Instagram,United States,Viewer,2026-03
2413,2026-07-27,YouTube,Other,Creator,2026-07
2414,2026-05-12,Referral,India,Creator,2026-05
2415,2026-05-14,Organic,United States,Viewer,2026-05
2416,2026-02-27,X,Canada,Creator,2026-02
2417,2026-01-22,Referral,Canada,Viewer,2026-01
2418,2026-06-03,TikTok,Other,Creator,2026-06
2419,2026-05-07,TikTok,India,Viewer,2026-05
2420,2026-01-03,Referral,India,Creator,2026-01
2421,2026-05-07,TikTok,United Kingdom,Creator,2026-05
2422,2026-02-10,Organic,United States,Creator,2026-02
2423,2026-07-07,Paid Social,India,Creator,2026-07
2424,2026-04-16,X,Nigeria,Viewer,2026-04
2425,2026-01-14,Referral,United States,Creator,2026-01
2426,2026-07-22,Referral,United States,Creator,2026-07
2427,2026-07-29,Organic,India,Creator,2026-07
2428,2026-01-12,Organic,India,Creator,2026-01
2429,2026-03-28,TikTok,India,Creator,2026-03
2430,2026-01-12,TikTok,United States,Creator,2026-01
2431,2026-05-21,YouTube,India,Creator,2026-05
2432,2026-01-25,X,Other,Creator,2026-01
2433,2026-02-14,Instagram,India,Viewer,2026-02
2434,2026-05-02,Organic,Other,Creator,2026-05
2435,2026-05-27,TikTok,United States,Creator,2026-05
2436,2026-02-24,Instagram,India,Creator,2026-02
2437,2026-04-10,Instagram,United States,Viewer,2026-04
2438,2026-06-22,Organic,United States,Creator,2026-06
2439,2026-05-16,YouTube,Nigeria,Creator,2026-05
2440,2026-08-09,Organic,United States,Creator,2026-08
2441,2026-04-29,TikTok,United Kingdom,Creator,2026-04
2442,2026-02-22,YouTube,United States,Creator,2026-02
2443,2026-07-02,Organic,United Kingdom,Viewer,2026-07
2444,2026-02-01,X,United Kingdom,Creator,2026-02
2445,2026-02-20,TikTok,India,Viewer,2026-02
2446,2026-02-13,Organic,Germany,Viewer,2026-02
2447,2026-03-23,Organic,Canada,Creator,2026-03
2448,2026-07-17,Paid Social,Other,Viewer,2026-07
2449,2026-05-26,Instagram,India,Creator,2026-05
2450,2026-07-30,Paid Social,Germany,Creator,2026-07
2451,2026-05-30,Instagram,Other,Creator,2026-05
2452,2026-02-06,Instagram,United Kingdom,Creator,2026-02
2453,2026-04-06,TikTok,Nigeria,Creator,2026-04
2454,2026-02-25,TikTok,Other,Creator,2026-02
2455,2026-04-15,Organic,Other,Creator,2026-04
2456,2026-02-28,TikTok,United Kingdom,Creator,2026-02
2457,2026-05-11,Instagram,United States,Creator,2026-05
2458,2026-06-05,Organic,Germany,Creator,2026-06
2459,2026-07-21,Organic,India,Viewer,2026-07
2460,2026-02-04,Organic,United States,Creator,2026-02
2461,2026-07-08,Instagram,Other,Viewer,2026-07
2462,2026-04-03,YouTube,Germany,Viewer,2026-04
2463,2026-07-01,Referral,Other,Creator,2026-07
2464,2026-07-10,TikTok,Nigeria,Viewer,2026-07
2465,2026-07-26,Organic,United States,Creator,2026-07
2466,2026-04-07,TikTok,Other,Creator,2026-04
2467,2026-05-15,Paid Social,United States,Creator,2026-05
2468,2026-03-17,Organic,Canada,Creator,2026-03
2469,2026-02-18,YouTube,Nigeria,Viewer,2026-02
2470,2026-04-04,Instagram,India,Viewer,2026-04
2471,2026-08-01,Organic,India,Creator,2026-08
2472,2026-06-08,TikTok,United States,Creator,2026-06
2473,2026-07-05,Organic,Nigeria,Creator,2026-07
2474,2026-07-08,Referral,India,Creator,2026-07
2475,2026-01-24,Instagram,United States,Creator,2026-01
2476,2026-05-28,X,United Kingdom,Creator,2026-05
2477,2026-02-06,X,United Kingdom,Viewer,2026-02
2478,2026-01-04,YouTube,India,Viewer,2026-01
2479,2026-08-08,Instagram,United Kingdom,Viewer,2026-08
2480,2026-04-18,Organic,India,Creator,2026-04
2481,2026-05-06,TikTok,India,Creator,2026-05
2482,2026-01-20,Organic,India,Creator,2026-01
2483,2026-07-07,YouTube,United Kingdom,Creator,2026-07
2484,2026-06-01,Organic,India,Creator,2026-06
2485,2026-02-19,X,India,Creator,2026-02
2486,2026-06-26,Organic,India,Viewer,2026-06
2487,2026-06-28,Paid Social,Other,Viewer,2026-06
2488,2026-04-06,TikTok,Other,Creator,2026-04
2489,2026-04-15,TikTok,India,Viewer,2026-04
2490,2026-06-13,Paid Social,United States,Viewer,2026-06
2491,2026-04-27,TikTok,Other,Creator,2026-04
2492,2026-04-08,Paid Social,India,Creator,2026-04
2493,2026-08-16,Organic,India,Creator,2026-08
2494,2026-03-07,TikTok,India,Creator,2026-03
2495,2026-03-20,YouTube,Other,Creator,2026-03
2496,2026-06-11,Paid Social,Canada,Creator,2026-06
2497,2026-06-13,Organic,India,Viewer,2026-06
2498,2026-01-06,Paid Social,India,Viewer,2026-01
2499,2026-02-08,X,Other,Creator,2026-02
2500,2026-06-19,Referral,United States,Creator,2026-06
2501,2026-04-25,TikTok,Nigeria,Creator,2026-04
2502,2026-07-05,Organic,India,Creator,2026-07
2503,2026-05-05,Paid Social,Canada,Creator,2026-05
2504,2026-01-12,Paid Social,India,Viewer,2026-01
2505,2026-05-11,Instagram,Canada,Creator,2026-05
2506,2026-01-18,Organic,India,Creator,2026-01
2507,2026-02-09,Organic,India,Creator,2026-02
2508,2026-01-21,X,United States,Viewer,2026-01
2509,2026-05-23,Organic,Germany,Viewer,2026-05
2510,2026-08-13,TikTok,United States,Creator,2026-08
2511,2026-04-09,TikTok,India,Creator,2026-04
2512,2026-01-26,YouTube,Nigeria,Creator,2026-01
2513,2026-01-08,Organic,United Kingdom,Viewer,2026-01
2514,2026-04-10,Instagram,Canada,Creator,2026-04
2515,2026-08-10,X,United States,Viewer,2026-08
2516,2026-03-28,X,India,Creator,2026-03
2517,2026-02-11,TikTok,Nigeria,Viewer,2026-02
2518,2026-06-21,TikTok,United States,Creator,2026-06
2519,2026-01-14,YouTube,Other,Viewer,2026-01
2520,2026-03-19,Referral,Nigeria,Creator,2026-03
2521,2026-01-02,YouTube,United States,Creator,2026-01
2522,2026-04-29,Paid Social,United States,Viewer,2026-04
2523,2026-02-06,YouTube,United States,Creator,2026-02
2524,2026-03-10,Referral,Nigeria,Viewer,2026-03
2525,2026-06-15,Organic,United States,Creator,2026-06
2526,2026-02-10,TikTok,Other,Viewer,2026-02
2527,2026-03-03,Instagram,United States,Creator,2026-03
2528,2026-03-01,Organic,United States,Viewer,2026-03
2529,2026-05-05,Instagram,India,Viewer,2026-05
2530,2026-04-21,TikTok,United Kingdom,Creator,2026-04
2531,2026-01-14,YouTube,India,Viewer,2026-01
2532,2026-08-19,Instagram,United States,Viewer,2026-08
2533,2026-08-05,Instagram,Nigeria,Creator,2026-08
2534,2026-03-25,Paid Social,United States,Creator,2026-03
2535,2026-05-10,TikTok,Canada,Viewer,2026-05
2536,2026-08-19,TikTok,United Kingdom,Viewer,2026-08
2537,2026-03-11,TikTok,Other,Creator,2026-03
2538,2026-05-25,Paid Social,Nigeria,Creator,2026-05
2539,2026-05-03,Instagram,Nigeria,Creator,2026-05
2540,2026-03-30,X,India,Creator,2026-03
2541,2026-01-28,Organic,United States,Creator,2026-01
2542,2026-03-07,Instagram,India,Creator,2026-03
2543,2026-06-12,Organic,United Kingdom,Viewer,2026-06
2544,2026-08-17,Referral,United States,Creator,2026-08
2545,2026-01-05,Referral,Nigeria,Creator,2026-01
2546,2026-07-12,YouTube,India,Creator,2026-07
2547,2026-06-17,Referral,United Kingdom,Viewer,2026-06
2548,2026-07-23,Instagram,United States,Creator,2026-07
2549,2026-07-03,YouTube,Nigeria,Creator,2026-07
2550,2026-06-13,TikTok,Other,Creator,2026-06
2551,2026-02-14,YouTube,United Kingdom,Creator,2026-02
2552,2026-05-31,Organic,India,Creator,2026-05
2553,2026-02-16,Organic,Nigeria,Viewer,2026-02
2554,2026-01-31,TikTok,United States,Creator,2026-01
2555,2026-05-19,Instagram,Canada,Viewer,2026-05
2556,2026-01-10,Organic,Germany,Creator,2026-01
2557,2026-07-14,YouTube,United States,Creator,2026-07
2558,2026-04-28,Organic,Germany,Creator,2026-04
2559,2026-01-14,Organic,India,Viewer,2026-01
2560,2026-03-21,Referral,Canada,Creator,2026-03
2561,2026-07-21,Instagram,India,Viewer,2026-07
2562,2026-04-03,YouTube,United States,Creator,2026-04
2563,2026-01-10,X,Germany,Viewer,2026-01
2564,2026-03-17,Paid Social,United States,Viewer,2026-03
2565,2026-04-04,X,Other,Creator,2026-04
2566,2026-04-15,Organic,India,Viewer,2026-04
2567,2026-01-01,TikTok,United States,Creator,2026-01
2568,2026-05-13,Organic,Canada,Creator,2026-05
2569,2026-01-20,Paid Social,India,Creator,2026-01
2570,2026-01-08,Organic,India,Creator,2026-01
2571,2026-06-20,TikTok,India,Creator,2026-06
2572,2026-07-23,Organic,Other,Creator,2026-07
2573,2026-01-01,Referral,Canada,Creator,2026-01
2574,2026-02-26,TikTok,United States,Creator,2026-02
2575,2026-03-05,Paid Social,India,Creator,2026-03
2576,2026-04-28,Organic,India,Creator,2026-04
2577,2026-07-31,Organic,Nigeria,Viewer,2026-07
2578,2026-01-28,Organic,Other,Viewer,2026-01
2579,2026-05-01,Referral,United Kingdom,Viewer,2026-05
2580,2026-04-17,Referral,United States,Creator,2026-04
2581,2026-06-14,Organic,Nigeria,Creator,2026-06
2582,2026-06-24,Organic,Other,Creator,2026-06
2583,2026-08-17,Referral,Nigeria,Creator,2026-08
2584,2026-07-23,Organic,Other,Viewer,2026-07
2585,2026-06-14,Organic,India,Viewer,2026-06
2586,2026-02-18,Organic,Canada,Creator,2026-02
2587,2026-04-30,Organic,United Kingdom,Creator,2026-04
2588,2026-02-13,Organic,United Kingdom,Viewer,2026-02
2589,2026-02-25,Organic,Nigeria,Viewer,2026-02
2590,2026-06-05,TikTok,India,Creator,2026-06
2591,2026-04-21,Referral,India,Creator,2026-04
2592,2026-07-26,TikTok,Other,Creator,2026-07
2593,2026-05-14,YouTube,India,Creator,2026-05
2594,2026-04-18,Organic,Other,Viewer,2026-04
2595,2026-07-08,YouTube,United Kingdom,Creator,2026-07
2596,2026-05-28,TikTok,United States,Creator,2026-05
2597,2026-04-24,Referral,Other,Creator,2026-04
2598,2026-03-19,Organic,Canada,Creator,2026-03
2599,2026-05-10,Paid Social,United States,Creator,2026-05
2600,2026-07-20,Organic,India,Creator,2026-07
2601,2026-02-06,TikTok,Other,Creator,2026-02
2602,2026-01-20,Paid Social,Canada,Viewer,2026-01
2603,2026-01-26,X,Canada,Creator,2026-01
2604,2026-01-29,TikTok,Canada,Creator,2026-01
2605,2026-01-01,Paid Social,India,Creator,2026-01
2606,2026-04-29,TikTok,Germany,Creator,2026-04
2607,2026-02-04,Organic,India,Creator,2026-02
2608,2026-07-17,Paid Social,India,Creator,2026-07
2609,2026-08-17,Organic,India,Creator,2026-08
2610,2026-02-28,Referral,India,Creator,2026-02
2611,2026-03-10,Organic,Nigeria,Creator,2026-03
2612,2026-06-10,Referral,India,Viewer,2026-06
2613,2026-06-28,Instagram,India,Creator,2026-06
2614,2026-07-25,Paid Social,India,Creator,2026-07
2615,2026-01-12,X,United Kingdom,Viewer,2026-01
2616,2026-08-22,Organic,United States,Viewer,2026-08
2617,2026-01-20,X,United States,Creator,2026-01
2618,2026-06-30,Organic,Canada,Creator,2026-06
2619,2026-08-04,Referral,United States,Creator,2026-08
2620,2026-02-12,Referral,United States,Creator,2026-02
2621,2026-05-06,Instagram,Other,Viewer,2026-05
2622,2026-08-14,Referral,India,Creator,2026-08
2623,2026-08-05,Organic,United States,Creator,2026-08
2624,2026-02-19,Instagram,United Kingdom,Creator,2026-02
2625,2026-01-29,TikTok,Canada,Creator,2026-01
2626,2026-07-04,X,Germany,Creator,2026-07
2627,2026-02-08,Organic,India,Viewer,2026-02
2628,2026-08-11,Referral,United Kingdom,Viewer,2026-08
2629,2026-07-03,Organic,Canada,Creator,2026-07
2630,2026-06-20,YouTube,India,Creator,2026-06
2631,2026-06-27,Organic,India,Creator,2026-06
2632,2026-05-31,Referral,Canada,Creator,2026-05
2633,2026-06-21,Organic,India,Creator,2026-06
2634,2026-02-07,Instagram,India,Creator,2026-02
2635,2026-03-25,Organic,India,Creator,2026-03
2636,2026-05-31,YouTube,India,Creator,2026-05
2637,2026-05-08,TikTok,India,Creator,2026-05
2638,2026-05-06,YouTube,United States,Viewer,2026-05
2639,2026-02-14,TikTok,India,Viewer,2026-02
2640,2026-02-21,Referral,Other,Creator,2026-02
2641,2026-03-21,Organic,India,Creator,2026-03
2642,2026-06-27,TikTok,United States,Viewer,2026-06
2643,2026-08-22,Instagram,Other,Viewer,2026-08
2644,2026-05-04,Organic,Other,Creator,2026-05
2645,2026-04-29,Organic,United States,Viewer,2026-04
2646,2026-01-08,Paid Social,United States,Creator,2026-01
2647,2026-03-26,Paid Social,Nigeria,Viewer,2026-03
2648,2026-05-09,Referral,Other,Viewer,2026-05
2649,2026-01-08,Organic,India,Viewer,2026-01
2650,2026-06-06,Organic,United States,Viewer,2026-06
2651,2026-04-06,YouTube,Germany,Creator,2026-04
2652,2026-04-12,Organic,United States,Creator,2026-04
2653,2026-01-05,Paid Social,Canada,Creator,2026-01
2654,2026-03-27,Organic,United Kingdom,Creator,2026-03
2655,2026-06-24,Paid Social,India,Viewer,2026-06
2656,2026-02-03,Instagram,United States,Viewer,2026-02
2657,2026-07-12,Referral,Nigeria,Viewer,2026-07
2658,2026-02-24,Organic,United Kingdom,Creator,2026-02
2659,2026-04-29,Paid Social,Germany,Viewer,2026-04
2660,2026-08-06,Organic,Canada,Creator,2026-08
2661,2026-06-20,YouTube,India,Creator,2026-06
2662,2026-07-21,Referral,United Kingdom,Creator,2026-07
2663,2026-06-07,Organic,Nigeria,Creator,2026-06
2664,2026-04-24,Instagram,Nigeria,Viewer,2026-04
2665,2026-07-29,Instagram,United States,Creator,2026-07
2666,2026-05-25,TikTok,United Kingdom,Creator,2026-05
2667,2026-01-26,Instagram,United Kingdom,Viewer,2026-01
2668,2026-05-16,TikTok,Nigeria,Creator,2026-05
2669,2026-02-16,TikTok,Other,Creator,2026-02
2670,2026-08-20,YouTube,India,Creator,2026-08
2671,2026-04-23,YouTube,United States,Creator,2026-04
2672,2026-03-17,Organic,Nigeria,Creator,2026-03
2673,2026-08-07,Paid Social,Other,Viewer,2026-08
2674,2026-03-13,Referral,India,Viewer,2026-03
2675,2026-03-30,Instagram,United States,Creator,2026-03
2676,2026-02-15,Instagram,Other,Creator,2026-02
2677,2026-07-15,TikTok,Other,Viewer,2026-07
2678,2026-02-02,YouTube,Other,Viewer,2026-02
2679,2026-01-01,YouTube,United States,Viewer,2026-01
2680,2026-05-27,Organic,Germany,Viewer,2026-05
2681,2026-01-31,YouTube,Nigeria,Viewer,2026-01
2682,2026-07-27,Organic,United Kingdom,Viewer,2026-07
2683,2026-05-22,Organic,India,Viewer,2026-05
2684,2026-02-22,YouTube,United Kingdom,Creator,2026-02
2685,2026-02-17,YouTube,United States,Creator,2026-02
2686,2026-03-10,TikTok,United States,Viewer,2026-03
2687,2026-04-15,Instagram,United Kingdom,Creator,2026-04
2688,2026-03-31,Paid Social,India,Creator,2026-03
2689,2026-07-09,X,India,Viewer,2026-07
2690,2026-08-08,YouTube,United States,Creator,2026-08
2691,2026-07-13,Organic,Canada,Creator,2026-07
2692,2026-07-11,Organic,India,Creator,2026-07
2693,2026-07-17,TikTok,Canada,Creator,2026-07
2694,2026-03-04,Instagram,United Kingdom,Viewer,2026-03
2695,2026-03-14,Referral,United Kingdom,Viewer,2026-03
2696,2026-06-10,TikTok,United States,Viewer,2026-06
2697,2026-06-18,TikTok,Canada,Creator,2026-06
2698,2026-03-30,Organic,India,Creator,2026-03
2699,2026-06-25,Organic,United States,Creator,2026-06
2700,2026-01-13,Paid Social,United Kingdom,Creator,2026-01
2701,2026-03-14,YouTube,Other,Viewer,2026-03
2702,2026-03-18,Organic,India,Creator,2026-03
2703,2026-06-08,YouTube,Nigeria,Creator,2026-06
2704,2026-08-21,YouTube,Other,Creator,2026-08
2705,2026-07-22,YouTube,Other,Creator,2026-07
2706,2026-03-09,Organic,India,Viewer,2026-03
2707,2026-04-08,TikTok,Nigeria,Creator,2026-04
2708,2026-05-05,Organic,India,Creator,2026-05
2709,2026-04-12,Referral,Canada,Creator,2026-04
2710,2026-05-12,YouTube,United States,Creator,2026-05
2711,2026-04-12,Instagram,Canada,Creator,2026-04
2712,2026-01-19,TikTok,Other,Viewer,2026-01
2713,2026-07-17,Organic,Other,Viewer,2026-07
2714,2026-08-14,Organic,Other,Creator,2026-08
2715,2026-03-23,Paid Social,India,Creator,2026-03
2716,2026-05-21,Organic,India,Viewer,2026-05
2717,2026-08-21,Organic,United Kingdom,Viewer,2026-08
2718,2026-01-23,Paid Social,Nigeria,Creator,2026-01
2719,2026-03-24,Instagram,India,Creator,2026-03
2720,2026-04-19,Referral,United States,Creator,2026-04
2721,2026-03-16,Organic,Other,Creator,2026-03
2722,2026-05-09,X,Other,Viewer,2026-05
2723,2026-03-29,TikTok,India,Creator,2026-03
2724,2026-02-23,Referral,United States,Creator,2026-02
2725,2026-07-18,Organic,Nigeria,Creator,2026-07
2726,2026-03-30,TikTok,Germany,Viewer,2026-03
2727,2026-08-01,Referral,Nigeria,Creator,2026-08
2728,2026-05-23,Instagram,Other,Viewer,2026-05
2729,2026-03-06,X,Canada,Creator,2026-03
2730,2026-03-17,Organic,Other,Creator,2026-03
2731,2026-07-18,Organic,Canada,Creator,2026-07
2732,2026-05-23,YouTube,Other,Creator,2026-05
2733,2026-05-29,YouTube,Germany,Viewer,2026-05
2734,2026-05-27,Paid Social,India,Creator,2026-05
2735,2026-03-01,YouTube,India,Creator,2026-03
2736,2026-04-03,Instagram,Other,Creator,2026-04
2737,2026-08-05,Referral,India,Viewer,2026-08
2738,2026-06-10,Organic,United States,Creator,2026-06
2739,2026-02-18,Instagram,Germany,Creator,2026-02
2740,2026-08-12,TikTok,Germany,Creator,2026-08
2741,2026-02-04,Organic,India,Creator,2026-02
2742,2026-06-21,Referral,Nigeria,Viewer,2026-06
2743,2026-04-12,Instagram,United States,Creator,2026-04
2744,2026-08-06,X,United States,Creator,2026-08
2745,2026-01-11,TikTok,Other,Creator,2026-01
2746,2026-04-09,Instagram,United Kingdom,Creator,2026-04
2747,2026-07-19,Organic,Other,Creator,2026-07
2748,2026-04-20,YouTube,India,Creator,2026-04
2749,2026-07-25,Instagram,United States,Creator,2026-07
2750,2026-03-15,Referral,Germany,Viewer,2026-03
2751,2026-07-13,Organic,United States,Creator,2026-07
2752,2026-06-23,Organic,India,Viewer,2026-06
2753,2026-01-09,YouTube,Other,Creator,2026-01
2754,2026-01-03,Referral,Other,Creator,2026-01
2755,2026-03-26,Instagram,Nigeria,Viewer,2026-03
2756,2026-01-26,YouTube,Nigeria,Creator,2026-01
2757,2026-03-13,Paid Social,India,Viewer,2026-03
2758,2026-02-17,Paid Social,Other,Creator,2026-02
2759,2026-07-13,Referral,Germany,Creator,2026-07
2760,2026-07-17,Referral,India,Creator,2026-07
2761,2026-06-05,Organic,India,Creator,2026-06
2762,2026-04-27,Referral,Germany,Viewer,2026-04
2763,2026-08-09,TikTok,India,Viewer,2026-08
2764,2026-06-03,Paid Social,Other,Creator,2026-06
2765,2026-06-02,Organic,Other,Creator,2026-06
2766,2026-01-12,Instagram,Other,Viewer,2026-01
2767,2026-05-13,X,Canada,Creator,2026-05
2768,2026-08-14,TikTok,Nigeria,Creator,2026-08
2769,2026-02-17,Organic,India,Creator,2026-02
2770,2026-02-06,X,Canada,Creator,2026-02
2771,2026-07-26,Referral,United States,Viewer,2026-07
2772,2026-02-13,YouTube,Nigeria,Viewer,2026-02
2773,2026-08-16,Organic,United States,Viewer,2026-08
2774,2026-01-15,Referral,India,Viewer,2026-01
2775,2026-02-12,Organic,United States,Creator,2026-02
2776,2026-06-25,Organic,Germany,Creator,2026-06
2777,2026-03-28,YouTube,United States,Creator,2026-03
2778,2026-03-11,Referral,United States,Creator,2026-03
2779,2026-02-15,Instagram,United States,Creator,2026-02
2780,2026-04-18,Instagram,India,Creator,2026-04
2781,2026-05-03,TikTok,Other,Viewer,2026-05
2782,2026-06-20,Instagram,Nigeria,Creator,2026-06
2783,2026-01-21,Organic,India,Creator,2026-01
2784,2026-05-31,Paid Social,United States,Creator,2026-05
2785,2026-04-17,Referral,Other,Viewer,2026-04
2786,2026-03-21,YouTube,Nigeria,Creator,2026-03
2787,2026-02-16,Instagram,United States,Viewer,2026-02
2788,2026-04-27,Referral,United States,Viewer,2026-04
2789,2026-05-04,Instagram,India,Creator,2026-05
2790,2026-05-23,TikTok,India,Viewer,2026-05
2791,2026-01-25,Organic,Germany,Creator,2026-01
2792,2026-02-05,YouTube,United States,Creator,2026-02
2793,2026-07-22,Paid Social,Germany,Creator,2026-07
2794,2026-02-20,Organic,United States,Viewer,2026-02
2795,2026-01-15,Organic,India,Creator,2026-01
2796,2026-03-09,Instagram,Germany,Creator,2026-03
2797,2026-01-21,Referral,United States,Creator,2026-01
2798,2026-05-21,TikTok,United Kingdom,Creator,2026-05
2799,2026-08-02,Organic,Germany,Creator,2026-08
2800,2026-01-19,X,Other,Viewer,2026-01
2801,2026-02-03,Instagram,India,Creator,2026-02
2802,2026-03-19,Organic,India,Creator,2026-03
2803,2026-05-05,Organic,Nigeria,Creator,2026-05
2804,2026-07-15,YouTube,India,Viewer,2026-07
2805,2026-04-27,Instagram,United States,Creator,2026-04
2806,2026-02-21,Paid Social,India,Creator,2026-02
2807,2026-01-27,YouTube,Nigeria,Viewer,2026-01
2808,2026-06-06,Organic,India,Creator,2026-06
2809,2026-06-05,Instagram,Germany,Viewer,2026-06
2810,2026-02-04,TikTok,Canada,Viewer,2026-02
2811,2026-05-16,Organic,India,Creator,2026-05
2812,2026-05-24,Paid Social,Germany,Creator,2026-05
2813,2026-04-16,Referral,United States,Creator,2026-04
2814,2026-06-13,Organic,United States,Creator,2026-06
2815,2026-06-07,Organic,India,Creator,2026-06
2816,2026-05-26,Organic,Germany,Creator,2026-05
2817,2026-01-02,TikTok,United States,Creator,2026-01
2818,2026-06-26,X,India,Creator,2026-06
2819,2026-03-18,TikTok,Other,Creator,2026-03
2820,2026-05-12,Paid Social,India,Creator,2026-05
2821,2026-03-31,Organic,Other,Creator,2026-03
2822,2026-03-30,X,United States,Creator,2026-03
2823,2026-04-04,Referral,Germany,Viewer,2026-04
2824,2026-07-22,Instagram,United Kingdom,Creator,2026-07
2825,2026-01-07,Organic,Other,Viewer,2026-01
2826,2026-04-05,Organic,Other,Creator,2026-04
2827,2026-04-18,TikTok,Other,Creator,2026-04
2828,2026-03-15,Paid Social,United States,Viewer,2026-03
2829,2026-02-08,Paid Social,Germany,Creator,2026-02
2830,2026-05-21,Paid Social,United Kingdom,Creator,2026-05
2831,2026-06-08,Referral,India,Creator,2026-06
2832,2026-03-12,TikTok,Other,Creator,2026-03
2833,2026-07-10,Paid Social,United States,Viewer,2026-07
2834,2026-02-25,Paid Social,India,Creator,2026-02
2835,2026-06-19,TikTok,United States,Creator,2026-06
2836,2026-07-08,Organic,United Kingdom,Viewer,2026-07
2837,2026-02-11,Instagram,Nigeria,Creator,2026-02
2838,2026-07-03,Organic,Nigeria,Viewer,2026-07
2839,2026-02-05,Organic,India,Creator,2026-02
2840,2026-03-25,Paid Social,United Kingdom,Creator,2026-03
2841,2026-07-15,Paid Social,Other,Viewer,2026-07
2842,2026-04-28,Organic,United States,Creator,2026-04
2843,2026-01-07,TikTok,United Kingdom,Viewer,2026-01
2844,2026-02-23,Referral,India,Creator,2026-02
2845,2026-05-09,YouTube,India,Creator,2026-05
2846,2026-06-21,TikTok,Nigeria,Creator,2026-06
2847,2026-04-30,Referral,India,Creator,2026-04
2848,2026-06-22,Paid Social,Canada,Creator,2026-06
2849,2026-04-16,Paid Social,United Kingdom,Viewer,2026-04
2850,2026-02-16,TikTok,United States,Creator,2026-02
2851,2026-05-03,Organic,United States,Creator,2026-05
2852,2026-05-21,Paid Social,Other,Creator,2026-05
2853,2026-04-29,Organic,India,Creator,2026-04
2854,2026-05-30,YouTube,Nigeria,Viewer,2026-05
2855,2026-04-28,Organic,Other,Viewer,2026-04
2856,2026-01-21,TikTok,Other,Creator,2026-01
2857,2026-08-02,TikTok,Nigeria,Creator,2026-08
2858,2026-08-08,Organic,United States,Creator,2026-08
2859,2026-05-17,Paid Social,India,Creator,2026-05
2860,2026-01-26,Organic,India,Viewer,2026-01
2861,2026-01-09,Paid Social,United Kingdom,Creator,2026-01
2862,2026-01-15,Paid Social,India,Creator,2026-01
2863,2026-01-10,TikTok,Other,Creator,2026-01
2864,2026-08-04,YouTube,Nigeria,Creator,2026-08
2865,2026-05-02,Organic,India,Creator,2026-05
2866,2026-05-01,Referral,India,Viewer,2026-05
2867,2026-05-05,X,Nigeria,Viewer,2026-05
2868,2026-06-19,TikTok,India,Creator,2026-06
2869,2026-03-13,TikTok,Canada,Creator,2026-03
2870,2026-06-01,YouTube,Other,Viewer,2026-06
2871,2026-07-27,Paid Social,Other,Viewer,2026-07
2872,2026-02-18,Organic,Canada,Viewer,2026-02
2873,2026-06-03,X,Germany,Creator,2026-06
2874,2026-04-01,Organic,United Kingdom,Creator,2026-04
2875,2026-02-06,Referral,United States,Creator,2026-02
2876,2026-03-09,Organic,United Kingdom,Creator,2026-03
2877,2026-02-19,YouTube,India,Creator,2026-02
2878,2026-06-01,Organic,India,Viewer,2026-06
2879,2026-01-19,X,Canada,Creator,2026-01
2880,2026-04-10,Referral,Other,Creator,2026-04
2881,2026-03-01,Referral,Nigeria,Creator,2026-03
2882,2026-06-16,Referral,Nigeria,Creator,2026-06
2883,2026-07-21,Instagram,Nigeria,Creator,2026-07
2884,2026-03-30,Paid Social,United States,Creator,2026-03
2885,2026-05-26,X,United States,Creator,2026-05
2886,2026-05-27,Paid Social,Other,Creator,2026-05
2887,2026-06-13,Instagram,United States,Creator,2026-06
2888,2026-07-21,Instagram,India,Creator,2026-07
2889,2026-08-13,Organic,Canada,Creator,2026-08
2890,2026-07-02,Instagram,United States,Viewer,2026-07
2891,2026-03-10,Organic,United Kingdom,Creator,2026-03
2892,2026-06-24,Referral,Nigeria,Creator,2026-06
2893,2026-02-18,YouTube,United Kingdom,Viewer,2026-02
2894,2026-08-15,Paid Social,India,Creator,2026-08
2895,2026-04-18,Organic,India,Creator,2026-04
2896,2026-08-14,Organic,United States,Viewer,2026-08
2897,2026-06-10,Referral,United Kingdom,Viewer,2026-06
2898,2026-04-29,TikTok,India,Creator,2026-04
2899,2026-05-29,Instagram,United States,Viewer,2026-05
2900,2026-07-28,Referral,Other,Creator,2026-07
2901,2026-05-30,Instagram,India,Viewer,2026-05
2902,2026-06-25,Organic,Germany,Creator,2026-06
2903,2026-02-06,Paid Social,Germany,Creator,2026-02
2904,2026-05-23,Organic,Other,Creator,2026-05
2905,2026-06-12,Paid Social,Other,Viewer,2026-06
2906,2026-08-08,Organic,Nigeria,Viewer,2026-08
2907,2026-07-18,YouTube,United Kingdom,Viewer,2026-07
2908,2026-06-09,Organic,United Kingdom,Creator,2026-06
2909,2026-01-11,YouTube,United States,Creator,2026-01
2910,2026-05-18,Organic,India,Creator,2026-05
2911,2026-07-20,Referral,United States,Creator,2026-07
2912,2026-03-19,Instagram,India,Creator,2026-03
2913,2026-03-18,Organic,Canada,Viewer,2026-03
2914,2026-07-04,YouTube,Other,Viewer,2026-07
2915,2026-06-02,Instagram,Other,Creator,2026-06
2916,2026-01-02,Organic,India,Viewer,2026-01
2917,2026-03-05,Organic,India,Viewer,2026-03
2918,2026-02-04,TikTok,Canada,Creator,2026-02
2919,2026-01-07,Organic,United States,Viewer,2026-01
2920,2026-03-26,Organic,Germany,Creator,2026-03
2921,2026-05-26,Organic,Canada,Viewer,2026-05
2922,2026-03-08,YouTube,United Kingdom,Creator,2026-03
2923,2026-02-11,Instagram,India,Creator,2026-02
2924,2026-04-28,Organic,India,Creator,2026-04
2925,2026-05-05,Paid Social,India,Viewer,2026-05
2926,2026-06-16,Paid Social,Nigeria,Creator,2026-06
2927,2026-06-18,Organic,Other,Creator,2026-06
2928,2026-07-22,Organic,India,Viewer,2026-07
2929,2026-08-19,Paid Social,India,Creator,2026-08
2930,2026-01-24,Instagram,United Kingdom,Creator,2026-01
2931,2026-07-07,TikTok,United States,Creator,2026-07
2932,2026-02-15,Instagram,Germany,Creator,2026-02
2933,2026-01-19,Referral,India,Viewer,2026-01
2934,2026-03-09,Organic,Other,Creator,2026-03
2935,2026-08-06,Referral,Other,Viewer,2026-08
2936,2026-04-12,Referral,Other,Creator,2026-04
2937,2026-02-11,Instagram,India,Creator,2026-02
2938,2026-02-01,Referral,United States,Creator,2026-02
2939,2026-06-16,Organic,Germany,Creator,2026-06
2940,2026-04-19,X,Germany,Viewer,2026-04
2941,2026-02-05,Instagram,United Kingdom,Creator,2026-02
2942,2026-08-20,TikTok,United States,Creator,2026-08
2943,2026-08-17,Organic,United States,Viewer,2026-08
2944,2026-04-07,TikTok,Other,Creator,2026-04
2945,2026-06-13,Organic,India,Viewer,2026-06
2946,2026-05-11,Organic,India,Creator,2026-05
2947,2026-03-14,Organic,India,Viewer,2026-03
2948,2026-05-16,YouTube,Canada,Viewer,2026-05
2949,2026-04-07,Organic,India,Creator,2026-04
2950,2026-05-03,YouTube,Nigeria,Creator,2026-05
2951,2026-03-11,Organic,United States,Viewer,2026-03
2952,2026-06-18,Organic,India,Creator,2026-06
2953,2026-08-19,TikTok,Canada,Creator,2026-08
2954,2026-07-15,Organic,India,Viewer,2026-07
2955,2026-01-13,X,United States,Creator,2026-01
2956,2026-02-18,TikTok,Nigeria,Creator,2026-02
2957,2026-03-01,Paid Social,United States,Creator,2026-03
2958,2026-05-10,Paid Social,India,Creator,2026-05
2959,2026-07-07,Instagram,Other,Viewer,2026-07
2960,2026-01-05,Referral,Other,Creator,2026-01
2961,2026-06-21,Organic,United States,Viewer,2026-06
2962,2026-01-27,Instagram,United States,Viewer,2026-01
2963,2026-06-09,Referral,United States,Viewer,2026-06
2964,2026-05-29,Organic,Germany,Creator,2026-05
2965,2026-01-08,Organic,Nigeria,Creator,2026-01
2966,2026-08-18,Organic,India,Creator,2026-08
2967,2026-07-19,Instagram,Germany,Creator,2026-07
2968,2026-02-19,Instagram,Nigeria,Creator,2026-02
2969,2026-03-08,TikTok,United States,Viewer,2026-03
2970,2026-02-13,Instagram,United States,Creator,2026-02
2971,2026-05-05,Instagram,India,Creator,2026-05
2972,2026-02-27,Referral,Other,Creator,2026-02
2973,2026-01-03,Organic,Canada,Creator,2026-01
2974,2026-03-27,Referral,India,Viewer,2026-03
2975,2026-03-11,YouTube,Nigeria,Creator,2026-03
2976,2026-05-10,Referral,Nigeria,Viewer,2026-05
2977,2026-08-03,Referral,India,Creator,2026-08
2978,2026-06-21,Instagram,United States,Viewer,2026-06
2979,2026-01-02,Organic,United Kingdom,Creator,2026-01
2980,2026-04-12,Instagram,United States,Viewer,2026-04
2981,2026-07-28,Paid Social,United States,Creator,2026-07
2982,2026-02-04,X,India,Creator,2026-02
2983,2026-04-08,Organic,United States,Creator,2026-04
2984,2026-08-03,Organic,Nigeria,Viewer,2026-08
2985,2026-01-30,Paid Social,India,Creator,2026-01
2986,2026-04-26,Organic,United Kingdom,Creator,2026-04
2987,2026-01-08,Organic,United States,Creator,2026-01
2988,2026-05-30,TikTok,United Kingdom,Creator,2026-05
2989,2026-02-13,Paid Social,United States,Creator,2026-02
2990,2026-07-05,TikTok,Nigeria,Creator,2026-07
2991,2026-02-05,TikTok,United Kingdom,Creator,2026-02
2992,2026-07-16,YouTube,United Kingdom,Viewer,2026-07
2993,2026-03-18,Organic,Canada,Creator,2026-03
2994,2026-08-09,Paid Social,India,Creator,2026-08
2995,2026-01-31,Instagram,Other,Creator,2026-01
2996,2026-02-16,Instagram,Germany,Viewer,2026-02
2997,2026-02-24,Referral,Nigeria,Creator,2026-02
2998,2026-07-27,Paid Social,Other,Viewer,2026-07
2999,2026-04-16,TikTok,United States,Creator,2026-04
3000,2026-07-09,Organic,India,Creator,2026-07
3001,2026-06-07,Referral,Canada,Creator,2026-06
3002,2026-05-01,TikTok,Other,Creator,2026-05
3003,2026-02-24,Paid Social,India,Creator,2026-02
3004,2026-05-24,Paid Social,United Kingdom,Creator,2026-05
3005,2026-01-12,Organic,Germany,Viewer,2026-01
3006,2026-05-25,Paid Social,Other,Viewer,2026-05
3007,2026-05-24,TikTok,India,Creator,2026-05
3008,2026-05-20,YouTube,India,Creator,2026-05
3009,2026-05-16,Organic,India,Creator,2026-05
3010,2026-07-31,Paid Social,Nigeria,Creator,2026-07
3011,2026-01-03,YouTube,Other,Creator,2026-01
3012,2026-05-24,YouTube,Nigeria,Creator,2026-05
3013,2026-01-30,Paid Social,Other,Creator,2026-01
3014,2026-01-23,Instagram,Canada,Creator,2026-01
3015,2026-04-02,TikTok,Nigeria,Creator,2026-04
3016,2026-04-25,Referral,India,Viewer,2026-04
3017,2026-04-14,Referral,United States,Creator,2026-04
3018,2026-04-28,Paid Social,India,Viewer,2026-04
3019,2026-01-05,Paid Social,United States,Creator,2026-01
3020,2026-07-31,TikTok,India,Creator,2026-07
3021,2026-04-14,Instagram,India,Viewer,2026-04
3022,2026-04-18,Organic,United States,Creator,2026-04
3023,2026-03-06,YouTube,Nigeria,Creator,2026-03
3024,2026-05-01,TikTok,India,Creator,2026-05
3025,2026-01-30,Referral,Canada,Creator,2026-01
3026,2026-05-29,Organic,Nigeria,Viewer,2026-05
3027,2026-03-25,Organic,United Kingdom,Viewer,2026-03
3028,2026-07-17,Organic,Canada,Creator,2026-07
3029,2026-05-30,Organic,Canada,Viewer,2026-05
3030,2026-07-29,X,Other,Creator,2026-07
3031,2026-07-19,Organic,India,Viewer,2026-07
3032,2026-08-19,Organic,India,Creator,2026-08
3033,2026-02-01,Organic,India,Creator,2026-02
3034,2026-06-10,Referral,Nigeria,Creator,2026-06
3035,2026-01-16,Referral,United States,Viewer,2026-01
3036,2026-07-23,Organic,Nigeria,Creator,2026-07
3037,2026-02-07,Referral,India,Viewer,2026-02
3038,2026-08-14,Instagram,United Kingdom,Creator,2026-08
3039,2026-05-22,Organic,United Kingdom,Creator,2026-05
3040,2026-02-05,X,India,Viewer,2026-02
3041,2026-08-13,Organic,United States,Creator,2026-08
3042,2026-05-31,Referral,Other,Creator,2026-05
3043,2026-04-24,Organic,Canada,Viewer,2026-04
3044,2026-03-07,Paid Social,India,Creator,2026-03
3045,2026-04-15,Organic,Other,Creator,2026-04
3046,2026-03-26,X,India,Creator,2026-03
3047,2026-01-02,Paid Social,United States,Creator,2026-01
3048,2026-08-07,Organic,India,Creator,2026-08
3049,2026-07-20,Instagram,Other,Viewer,2026-07
3050,2026-07-12,TikTok,India,Creator,2026-07
3051,2026-03-16,X,India,Creator,2026-03
3052,2026-03-08,Organic,Other,Creator,2026-03
3053,2026-06-29,Organic,Nigeria,Creator,2026-06
3054,2026-07-09,X,Canada,Creator,2026-07
3055,2026-05-31,TikTok,India,Viewer,2026-05
3056,2026-06-03,X,United States,Creator,2026-06
3057,2026-07-15,Organic,Other,Creator,2026-07
3058,2026-07-29,TikTok,Nigeria,Viewer,2026-07
3059,2026-02-24,X,Germany,Creator,2026-02
3060,2026-01-06,X,Other,Creator,2026-01
3061,2026-06-12,TikTok,United Kingdom,Creator,2026-06
3062,2026-05-30,TikTok,United States,Creator,2026-05
3063,2026-06-20,Organic,United States,Creator,2026-06
3064,2026-05-23,Organic,India,Creator,2026-05
3065,2026-03-27,TikTok,United States,Creator,2026-03
3066,2026-03-01,Organic,Other,Creator,2026-03
3067,2026-04-11,YouTube,United States,Creator,2026-04
3068,2026-08-22,X,Other,Creator,2026-08
3069,2026-01-12,TikTok,Germany,Viewer,2026-01
3070,2026-02-18,TikTok,Other,Viewer,2026-02
3071,2026-02-11,Organic,Other,Creator,2026-02
3072,2026-06-15,Instagram,United Kingdom,Creator,2026-06
3073,2026-03-23,Paid Social,Other,Viewer,2026-03
3074,2026-06-22,YouTube,Canada,Creator,2026-06
3075,2026-02-04,Referral,United Kingdom,Viewer,2026-02
3076,2026-06-07,Referral,United Kingdom,Creator,2026-06
3077,2026-08-04,TikTok,Canada,Creator,2026-08
3078,2026-08-22,Organic,United States,Viewer,2026-08
3079,2026-06-07,X,United States,Viewer,2026-06
3080,2026-07-25,Organic,United States,Creator,2026-07
3081,2026-05-14,X,India,Viewer,2026-05
3082,2026-03-08,Referral,United States,Creator,2026-03
3083,2026-03-21,Referral,Other,Viewer,2026-03
3084,2026-01-07,TikTok,United Kingdom,Creator,2026-01
3085,2026-06-29,Instagram,India,Creator,2026-06
3086,2026-01-14,X,Germany,Creator,2026-01
3087,2026-03-14,Referral,Other,Creator,2026-03
3088,2026-05-23,Referral,Germany,Creator,2026-05
3089,2026-05-29,Paid Social,Canada,Creator,2026-05
3090,2026-06-12,Organic,India,Creator,2026-06
3091,2026-03-07,Instagram,United States,Creator,2026-03
3092,2026-04-01,Organic,Nigeria,Creator,2026-04
3093,2026-05-10,Organic,India,Creator,2026-05
3094,2026-06-12,Paid Social,India,Creator,2026-06
3095,2026-07-29,Paid Social,Other,Creator,2026-07
3096,2026-07-25,Organic,United Kingdom,Creator,2026-07
3097,2026-01-20,Organic,India,Viewer,2026-01
3098,2026-07-29,Organic,United States,Creator,2026-07
3099,2026-01-10,Referral,United States,Creator,2026-01
3100,2026-01-25,TikTok,India,Creator,2026-01
3101,2026-07-13,Organic,Canada,Creator,2026-07
3102,2026-01-25,Organic,India,Creator,2026-01
3103,2026-02-23,TikTok,Germany,Viewer,2026-02
3104,2026-02-02,Paid Social,Germany,Viewer,2026-02
3105,2026-06-13,TikTok,United Kingdom,Creator,2026-06
3106,2026-04-05,TikTok,Canada,Viewer,2026-04
3107,2026-01-14,Organic,India,Creator,2026-01
3108,2026-03-06,Instagram,Nigeria,Creator,2026-03
3109,2026-04-20,YouTube,United Kingdom,Creator,2026-04
3110,2026-03-21,Organic,United Kingdom,Creator,2026-03
3111,2026-02-23,TikTok,India,Viewer,2026-02
3112,2026-05-05,Referral,United States,Creator,2026-05
3113,2026-06-29,Organic,United States,Creator,2026-06
3114,2026-05-11,YouTube,Nigeria,Creator,2026-05
3115,2026-08-15,TikTok,Canada,Viewer,2026-08
3116,2026-06-18,TikTok,Nigeria,Creator,2026-06
3117,2026-05-14,YouTube,Canada,Creator,2026-05
3118,2026-01-25,Referral,India,Creator,2026-01
3119,2026-05-21,X,Other,Viewer,2026-05
3120,2026-04-27,Organic,Nigeria,Creator,2026-04
3121,2026-08-14,Instagram,India,Creator,2026-08
3122,2026-05-16,Instagram,United Kingdom,Creator,2026-05
3123,2026-05-29,Instagram,Nigeria,Viewer,2026-05
3124,2026-08-14,YouTube,India,Creator,2026-08
3125,2026-07-15,Organic,Canada,Creator,2026-07
3126,2026-01-25,Instagram,Other,Creator,2026-01
3127,2026-03-20,X,United States,Viewer,2026-03
3128,2026-03-09,TikTok,Nigeria,Creator,2026-03
3129,2026-06-22,YouTube,India,Viewer,2026-06
3130,2026-07-07,Organic,Other,Creator,2026-07
3131,2026-01-12,TikTok,United States,Creator,2026-01
3132,2026-02-01,Paid Social,India,Viewer,2026-02
3133,2026-05-08,TikTok,United States,Creator,2026-05
3134,2026-04-06,TikTok,India,Creator,2026-04
3135,2026-04-02,X,India,Creator,2026-04
3136,2026-05-21,Paid Social,India,Viewer,2026-05
3137,2026-01-31,Paid Social,India,Creator,2026-01
3138,2026-03-19,X,India,Creator,2026-03
3139,2026-01-20,Organic,Other,Viewer,2026-01
3140,2026-05-26,Paid Social,Other,Creator,2026-05
3141,2026-08-09,X,United States,Creator,2026-08
3142,2026-03-01,TikTok,United Kingdom,Creator,2026-03
3143,2026-07-10,Referral,United Kingdom,Viewer,2026-07
3144,2026-05-14,TikTok,United States,Creator,2026-05
3145,2026-06-09,Organic,United States,Creator,2026-06
3146,2026-04-03,Referral,United Kingdom,Creator,2026-04
3147,2026-02-12,Instagram,United States,Creator,2026-02
3148,2026-05-10,TikTok,Nigeria,Viewer,2026-05
3149,2026-03-01,Organic,Nigeria,Viewer,2026-03
3150,2026-05-31,X,Nigeria,Viewer,2026-05
3151,2026-07-30,Organic,Germany,Viewer,2026-07
3152,2026-01-31,TikTok,United Kingdom,Viewer,2026-01
3153,2026-01-05,YouTube,Other,Creator,2026-01
3154,2026-07-30,Paid Social,Canada,Creator,2026-07
3155,2026-06-11,Instagram,India,Viewer,2026-06
3156,2026-01-10,Referral,Canada,Creator,2026-01
3157,2026-03-30,Referral,United Kingdom,Creator,2026-03
3158,2026-05-10,YouTube,United Kingdom,Creator,2026-05
3159,2026-05-06,Organic,Nigeria,Creator,2026-05
3160,2026-01-11,Referral,India,Viewer,2026-01
3161,2026-06-27,Instagram,Other,Viewer,2026-06
3162,2026-06-08,Organic,Germany,Creator,2026-06
3163,2026-02-25,Organic,Nigeria,Creator,2026-02
3164,2026-07-26,Referral,India,Creator,2026-07
3165,2026-07-20,Organic,Germany,Creator,2026-07
3166,2026-08-03,Organic,United States,Viewer,2026-08
3167,2026-03-24,YouTube,United States,Creator,2026-03
3168,2026-05-17,Paid Social,United Kingdom,Creator,2026-05
3169,2026-04-09,YouTube,Canada,Viewer,2026-04
3170,2026-05-29,Organic,India,Viewer,2026-05
3171,2026-03-14,Organic,Canada,Creator,2026-03
3172,2026-06-05,X,Canada,Viewer,2026-06
3173,2026-07-09,Organic,Nigeria,Viewer,2026-07
3174,2026-04-25,X,United States,Viewer,2026-04
3175,2026-01-07,Organic,India,Viewer,2026-01
3176,2026-03-21,Paid Social,India,Creator,2026-03
3177,2026-05-24,Instagram,India,Viewer,2026-05
3178,2026-04-07,Organic,India,Creator,2026-04
3179,2026-01-04,Referral,United States,Viewer,2026-01
3180,2026-01-04,Organic,India,Viewer,2026-01
3181,2026-04-13,TikTok,United States,Creator,2026-04
3182,2026-02-09,Referral,United States,Creator,2026-02
3183,2026-01-17,TikTok,United States,Creator,2026-01
3184,2026-04-11,TikTok,Canada,Creator,2026-04
3185,2026-04-13,TikTok,Nigeria,Creator,2026-04
3186,2026-05-04,Organic,India,Creator,2026-05
3187,2026-02-21,Organic,India,Viewer,2026-02
3188,2026-08-09,YouTube,United Kingdom,Viewer,2026-08
3189,2026-02-21,YouTube,United States,Creator,2026-02
3190,2026-06-13,TikTok,Other,Viewer,2026-06
3191,2026-05-04,TikTok,United Kingdom,Creator,2026-05
3192,2026-06-15,Paid Social,United States,Creator,2026-06
3193,2026-08-19,Paid Social,Nigeria,Viewer,2026-08
3194,2026-06-27,Instagram,United Kingdom,Creator,2026-06
3195,2026-03-04,Referral,India,Viewer,2026-03
3196,2026-08-17,Referral,India,Creator,2026-08
3197,2026-04-26,TikTok,Nigeria,Creator,2026-04
3198,2026-07-10,Organic,Other,Viewer,2026-07
3199,2026-03-03,Organic,United States,Creator,2026-03
3200,2026-08-15,Referral,United States,Viewer,2026-08
3201,2026-01-07,Referral,India,Creator,2026-01
3202,2026-06-04,YouTube,Nigeria,Viewer,2026-06
3203,2026-04-02,Organic,Canada,Creator,2026-04
3204,2026-08-02,YouTube,United States,Creator,2026-08
3205,2026-01-14,Referral,Canada,Viewer,2026-01
3206,2026-07-18,Referral,United States,Creator,2026-07
3207,2026-08-17,Organic,United Kingdom,Viewer,2026-08
3208,2026-03-27,YouTube,India,Viewer,2026-03
3209,2026-05-13,Organic,Canada,Creator,2026-05
3210,2026-07-02,YouTube,Germany,Viewer,2026-07
3211,2026-05-10,YouTube,Canada,Creator,2026-05
3212,2026-03-03,Organic,India,Creator,2026-03
3213,2026-08-07,Referral,United Kingdom,Creator,2026-08
3214,2026-05-29,Organic,Nigeria,Viewer,2026-05
3215,2026-08-18,Referral,Other,Creator,2026-08
3216,2026-03-20,Organic,United States,Viewer,2026-03
3217,2026-05-29,YouTube,Canada,Creator,2026-05
3218,2026-05-18,Paid Social,United States,Creator,2026-05
3219,2026-08-03,TikTok,United States,Creator,2026-08
3220,2026-02-27,Instagram,India,Creator,2026-02
3221,2026-04-30,Instagram,India,Creator,2026-04
3222,2026-06-16,Organic,India,Viewer,2026-06
3223,2026-05-13,X,India,Creator,2026-05
3224,2026-03-06,Referral,India,Creator,2026-03
3225,2026-01-13,Paid Social,Canada,Creator,2026-01
3226,2026-08-01,Referral,United States,Viewer,2026-08
3227,2026-08-06,Instagram,Germany,Viewer,2026-08
3228,2026-08-01,YouTube,United Kingdom,Creator,2026-08
3229,2026-06-30,Referral,Germany,Viewer,2026-06
3230,2026-03-23,Instagram,Nigeria,Creator,2026-03
3231,2026-08-17,Organic,India,Creator,2026-08
3232,2026-06-22,Instagram,United Kingdom,Creator,2026-06
3233,2026-06-09,Referral,United Kingdom,Viewer,2026-06
3234,2026-06-13,X,United Kingdom,Creator,2026-06
3235,2026-07-28,YouTube,Germany,Viewer,2026-07
3236,2026-08-15,Organic,Canada,Creator,2026-08
3237,2026-07-07,Paid Social,United States,Creator,2026-07
3238,2026-05-19,TikTok,Germany,Creator,2026-05
3239,2026-07-10,YouTube,United Kingdom,Creator,2026-07
3240,2026-05-29,Organic,India,Viewer,2026-05
3241,2026-02-21,Organic,Nigeria,Creator,2026-02
3242,2026-07-02,Referral,Canada,Creator,2026-07
3243,2026-04-27,Paid Social,Nigeria,Viewer,2026-04
3244,2026-01-26,TikTok,Other,Creator,2026-01
3245,2026-07-15,Organic,India,Creator,2026-07
3246,2026-02-03,TikTok,Canada,Creator,2026-02
3247,2026-02-21,Organic,Germany,Viewer,2026-02
3248,2026-04-22,Organic,United Kingdom,Creator,2026-04
3249,2026-03-23,Referral,United States,Viewer,2026-03
3250,2026-08-20,Paid Social,United States,Viewer,2026-08
3251,2026-08-15,Organic,Nigeria,Creator,2026-08
3252,2026-08-21,X,United States,Creator,2026-08
3253,2026-08-09,Organic,Other,Viewer,2026-08
3254,2026-06-29,Organic,India,Creator,2026-06
3255,2026-06-06,Organic,United Kingdom,Creator,2026-06
3256,2026-06-15,X,India,Creator,2026-06
3257,2026-02-11,Organic,Nigeria,Creator,2026-02
3258,2026-01-21,Instagram,United Kingdom,Creator,2026-01
3259,2026-02-11,Organic,India,Creator,2026-02
3260,2026-05-21,Organic,United Kingdom,Viewer,2026-05
3261,2026-04-23,Organic,India,Viewer,2026-04
3262,2026-04-15,Paid Social,United Kingdom,Creator,2026-04
3263,2026-07-11,YouTube,Nigeria,Creator,2026-07
3264,2026-01-17,Referral,United States,Viewer,2026-01
3265,2026-04-30,TikTok,India,Creator,2026-04
3266,2026-05-17,TikTok,Canada,Viewer,2026-05
3267,2026-06-18,TikTok,United States,Viewer,2026-06
3268,2026-05-09,Organic,India,Creator,2026-05
3269,2026-05-10,YouTube,Canada,Creator,2026-05
3270,2026-03-01,TikTok,India,Creator,2026-03
3271,2026-02-17,TikTok,Canada,Creator,2026-02
3272,2026-01-29,X,Nigeria,Viewer,2026-01
3273,2026-04-07,Instagram,India,Creator,2026-04
3274,2026-01-10,Paid Social,India,Creator,2026-01
3275,2026-02-27,TikTok,Nigeria,Viewer,2026-02
3276,2026-07-07,X,India,Creator,2026-07
3277,2026-08-20,TikTok,India,Creator,2026-08
3278,2026-01-21,Paid Social,United Kingdom,Creator,2026-01
3279,2026-01-28,Instagram,Nigeria,Viewer,2026-01
3280,2026-07-22,YouTube,United States,Viewer,2026-07
3281,2026-02-03,Organic,Nigeria,Creator,2026-02
3282,2026-01-08,Referral,Nigeria,Viewer,2026-01
3283,2026-07-06,Organic,Nigeria,Creator,2026-07
3284,2026-08-02,Instagram,United Kingdom,Creator,2026-08
3285,2026-07-19,Paid Social,Other,Viewer,2026-07
3286,2026-06-26,Paid Social,United States,Creator,2026-06
3287,2026-03-20,TikTok,United States,Creator,2026-03
3288,2026-05-25,Referral,India,Creator,2026-05
3289,2026-07-07,Organic,India,Creator,2026-07
3290,2026-03-28,Referral,India,Viewer,2026-03
3291,2026-03-29,X,United States,Viewer,2026-03
3292,2026-06-22,Instagram,United Kingdom,Viewer,2026-06
3293,2026-07-30,Paid Social,India,Creator,2026-07
3294,2026-03-10,Referral,Canada,Viewer,2026-03
3295,2026-06-09,TikTok,United States,Creator,2026-06
3296,2026-06-21,Referral,Other,Viewer,2026-06
3297,2026-07-12,Organic,Nigeria,Viewer,2026-07
3298,2026-03-28,Referral,Canada,Creator,2026-03
3299,2026-04-11,YouTube,Other,Creator,2026-04
3300,2026-01-08,Organic,Other,Creator,2026-01
3301,2026-03-18,YouTube,Nigeria,Creator,2026-03
3302,2026-07-19,X,United States,Creator,2026-07
3303,2026-03-28,X,Nigeria,Creator,2026-03
3304,2026-02-12,TikTok,United States,Creator,2026-02
3305,2026-05-09,Organic,India,Creator,2026-05
3306,2026-04-19,Referral,United States,Viewer,2026-04
3307,2026-06-28,Organic,India,Creator,2026-06
3308,2026-06-01,Instagram,India,Creator,2026-06
3309,2026-08-15,YouTube,India,Creator,2026-08
3310,2026-06-01,Organic,United States,Viewer,2026-06
3311,2026-01-17,X,India,Viewer,2026-01
3312,2026-05-13,X,United States,Creator,2026-05
3313,2026-05-28,YouTube,Canada,Viewer,2026-05
3314,2026-01-21,TikTok,United States,Creator,2026-01
3315,2026-08-20,Instagram,Other,Viewer,2026-08
3316,2026-02-27,TikTok,India,Creator,2026-02
3317,2026-06-08,Referral,Germany,Creator,2026-06
3318,2026-04-20,Organic,India,Creator,2026-04
3319,2026-08-16,Paid Social,Other,Creator,2026-08
3320,2026-05-19,YouTube,India,Creator,2026-05
3321,2026-06-29,Paid Social,Canada,Viewer,2026-06
3322,2026-05-23,TikTok,India,Viewer,2026-05
3323,2026-07-30,TikTok,United Kingdom,Viewer,2026-07
3324,2026-05-15,Paid Social,India,Creator,2026-05
3325,2026-01-28,Organic,United Kingdom,Creator,2026-01
3326,2026-02-20,Organic,United Kingdom,Viewer,2026-02
3327,2026-08-23,TikTok,Other,Viewer,2026-08
3328,2026-07-05,Paid Social,United Kingdom,Viewer,2026-07
3329,2026-01-05,YouTube,United States,Viewer,2026-01
3330,2026-01-05,X,India,Viewer,2026-01
3331,2026-04-04,YouTube,United Kingdom,Creator,2026-04
3332,2026-04-06,TikTok,India,Creator,2026-04
3333,2026-01-08,Referral,Germany,Creator,2026-01
3334,2026-03-05,TikTok,India,Viewer,2026-03
3335,2026-05-18,Referral,Nigeria,Creator,2026-05
3336,2026-02-07,Organic,Nigeria,Viewer,2026-02
3337,2026-04-21,Organic,United States,Viewer,2026-04
3338,2026-08-12,Instagram,United Kingdom,Viewer,2026-08
3339,2026-04-22,Instagram,India,Creator,2026-04
3340,2026-08-08,YouTube,India,Creator,2026-08
3341,2026-03-22,TikTok,Other,Creator,2026-03
3342,2026-08-11,Organic,United States,Viewer,2026-08
3343,2026-05-16,Instagram,United Kingdom,Viewer,2026-05
3344,2026-04-14,X,Nigeria,Viewer,2026-04
3345,2026-06-02,Organic,United Kingdom,Viewer,2026-06
3346,2026-03-14,X,India,Creator,2026-03
3347,2026-07-13,TikTok,Nigeria,Creator,2026-07
3348,2026-07-26,TikTok,United States,Creator,2026-07
3349,2026-06-27,Organic,United States,Viewer,2026-06
3350,2026-07-14,Paid Social,Other,Creator,2026-07
3351,2026-02-18,YouTube,India,Creator,2026-02
3352,2026-02-05,Organic,Canada,Viewer,2026-02
3353,2026-05-06,YouTube,United States,Viewer,2026-05
3354,2026-03-09,Referral,United States,Viewer,2026-03
3355,2026-03-19,TikTok,India,Creator,2026-03
3356,2026-04-15,Referral,United States,Creator,2026-04
3357,2026-06-18,Organic,United States,Creator,2026-06
3358,2026-08-05,Referral,India,Viewer,2026-08
3359,2026-05-02,Instagram,United Kingdom,Creator,2026-05
3360,2026-04-29,Organic,India,Viewer,2026-04
3361,2026-07-09,TikTok,United States,Creator,2026-07
3362,2026-04-24,Paid Social,United States,Creator,2026-04
3363,2026-01-10,Referral,Canada,Viewer,2026-01
3364,2026-05-29,X,India,Creator,2026-05
3365,2026-06-13,Organic,Other,Creator,2026-06
3366,2026-05-20,TikTok,India,Creator,2026-05
3367,2026-04-01,Organic,United States,Creator,2026-04
3368,2026-08-20,Organic,India,Creator,2026-08
3369,2026-01-02,Instagram,United States,Creator,2026-01
3370,2026-04-28,Paid Social,Canada,Viewer,2026-04
3371,2026-01-13,YouTube,United States,Creator,2026-01
3372,2026-06-30,Organic,India,Creator,2026-06
3373,2026-06-09,X,India,Creator,2026-06
3374,2026-04-05,Paid Social,India,Creator,2026-04
3375,2026-05-24,YouTube,Other,Creator,2026-05
3376,2026-02-01,YouTube,Germany,Creator,2026-02
3377,2026-02-01,Paid Social,United States,Creator,2026-02
3378,2026-05-04,Referral,Nigeria,Creator,2026-05
3379,2026-08-14,Organic,Other,Creator,2026-08
3380,2026-01-11,TikTok,Nigeria,Viewer,2026-01
3381,2026-01-10,Paid Social,Other,Creator,2026-01
3382,2026-01-15,Instagram,Nigeria,Creator,2026-01
3383,2026-01-17,Organic,India,Creator,2026-01
3384,2026-06-17,Instagram,Canada,Creator,2026-06
3385,2026-05-26,YouTube,Nigeria,Creator,2026-05
3386,2026-07-02,Paid Social,United Kingdom,Viewer,2026-07
3387,2026-07-20,TikTok,India,Creator,2026-07
3388,2026-06-02,Instagram,United Kingdom,Creator,2026-06
3389,2026-08-20,Referral,United States,Viewer,2026-08
3390,2026-02-28,TikTok,United States,Creator,2026-02
3391,2026-03-19,Organic,United Kingdom,Creator,2026-03
3392,2026-05-04,Paid Social,Nigeria,Creator,2026-05
3393,2026-08-05,Instagram,United Kingdom,Creator,2026-08
3394,2026-04-24,Instagram,Other,Creator,2026-04
3395,2026-01-22,X,United Kingdom,Creator,2026-01
3396,2026-06-07,Organic,United Kingdom,Viewer,2026-06
3397,2026-07-31,Paid Social,United Kingdom,Creator,2026-07
3398,2026-08-01,TikTok,United States,Viewer,2026-08
3399,2026-06-21,TikTok,Germany,Viewer,2026-06
3400,2026-02-01,Organic,United States,Viewer,2026-02
3401,2026-06-28,TikTok,United Kingdom,Creator,2026-06
3402,2026-06-23,Referral,United States,Creator,2026-06
3403,2026-04-23,Referral,India,Creator,2026-04
3404,2026-04-30,Paid Social,India,Viewer,2026-04
3405,2026-05-29,TikTok,United Kingdom,Viewer,2026-05
3406,2026-08-15,YouTube,United States,Creator,2026-08
3407,2026-05-02,Instagram,India,Creator,2026-05
3408,2026-02-01,Referral,Nigeria,Viewer,2026-02
3409,2026-08-10,YouTube,India,Creator,2026-08
3410,2026-04-29,TikTok,India,Viewer,2026-04
3411,2026-02-08,TikTok,United States,Viewer,2026-02
3412,2026-01-12,Organic,United Kingdom,Viewer,2026-01
3413,2026-08-21,X,Nigeria,Creator,2026-08
3414,2026-06-24,Paid Social,Germany,Viewer,2026-06
3415,2026-01-18,Organic,United States,Creator,2026-01
3416,2026-05-29,Organic,United States,Creator,2026-05
3417,2026-05-21,Organic,India,Creator,2026-05
3418,2026-05-29,Referral,Other,Creator,2026-05
3419,2026-05-06,TikTok,Nigeria,Creator,2026-05
3420,2026-05-16,Organic,Nigeria,Viewer,2026-05
3421,2026-02-15,TikTok,Other,Viewer,2026-02
3422,2026-04-14,YouTube,United States,Viewer,2026-04
3423,2026-05-15,Instagram,United States,Creator,2026-05
3424,2026-05-31,Referral,United Kingdom,Creator,2026-05
3425,2026-08-24,TikTok,Canada,Viewer,2026-08
3426,2026-08-12,Instagram,United Kingdom,Viewer,2026-08
3427,2026-07-22,Organic,Canada,Viewer,2026-07
3428,2026-03-27,Organic,Nigeria,Creator,2026-03
3429,2026-05-30,Instagram,Other,Viewer,2026-05
3430,2026-08-23,TikTok,Nigeria,Viewer,2026-08
3431,2026-03-30,X,India,Creator,2026-03
3432,2026-01-22,Organic,Nigeria,Creator,2026-01
3433,2026-04-02,Organic,United Kingdom,Viewer,2026-04
3434,2026-01-29,Referral,United Kingdom,Creator,2026-01
3435,2026-01-13,X,India,Creator,2026-01
3436,2026-07-29,YouTube,India,Creator,2026-07
3437,2026-01-02,Referral,India,Creator,2026-01
3438,2026-01-29,Instagram,Other,Creator,2026-01
3439,2026-08-01,Referral,India,Creator,2026-08
3440,2026-07-26,Instagram,United States,Creator,2026-07
3441,2026-06-29,Organic,United Kingdom,Viewer,2026-06
3442,2026-01-27,TikTok,Other,Creator,2026-01
3443,2026-02-19,Instagram,Canada,Creator,2026-02
3444,2026-04-05,TikTok,Other,Creator,2026-04
3445,2026-07-26,TikTok,United Kingdom,Viewer,2026-07
3446,2026-05-31,TikTok,Other,Creator,2026-05
3447,2026-03-29,Organic,India,Creator,2026-03
3448,2026-02-13,Organic,United States,Creator,2026-02
3449,2026-07-24,Organic,Germany,Viewer,2026-07
3450,2026-01-22,Organic,United States,Viewer,2026-01
3451,2026-06-20,TikTok,Other,Creator,2026-06
3452,2026-06-14,X,United States,Viewer,2026-06
3453,2026-07-08,Organic,United States,Creator,2026-07
3454,2026-04-07,Paid Social,United States,Creator,2026-04
3455,2026-07-03,Referral,Nigeria,Creator,2026-07
3456,2026-01-03,Instagram,India,Creator,2026-01
3457,2026-07-10,YouTube,India,Creator,2026-07
3458,2026-04-28,TikTok,Other,Creator,2026-04
3459,2026-01-19,Organic,Other,Viewer,2026-01
3460,2026-01-23,Paid Social,India,Creator,2026-01
3461,2026-06-06,Organic,Nigeria,Creator,2026-06
3462,2026-01-30,Paid Social,Nigeria,Viewer,2026-01
3463,2026-02-08,X,United States,Viewer,2026-02
3464,2026-04-18,TikTok,Nigeria,Creator,2026-04
3465,2026-04-21,Instagram,United States,Creator,2026-04
3466,2026-01-25,Instagram,Nigeria,Viewer,2026-01
3467,2026-05-08,Organic,Canada,Viewer,2026-05
3468,2026-08-17,TikTok,Nigeria,Creator,2026-08
3469,2026-04-21,Referral,United States,Creator,2026-04
3470,2026-05-16,Instagram,Nigeria,Viewer,2026-05
3471,2026-04-16,Organic,United Kingdom,Creator,2026-04
3472,2026-07-05,TikTok,United Kingdom,Creator,2026-07
3473,2026-05-24,Referral,United Kingdom,Creator,2026-05
3474,2026-03-13,Instagram,United Kingdom,Viewer,2026-03
3475,2026-05-09,Instagram,United States,Viewer,2026-05
3476,2026-04-18,Paid Social,United States,Creator,2026-04
3477,2026-01-05,TikTok,United Kingdom,Creator,2026-01
3478,2026-01-03,Instagram,Canada,Viewer,2026-01
3479,2026-07-12,Referral,United States,Viewer,2026-07
3480,2026-05-12,Referral,United States,Creator,2026-05
3481,2026-04-14,Organic,United Kingdom,Creator,2026-04
3482,2026-08-15,Organic,India,Viewer,2026-08
3483,2026-08-12,YouTube,India,Creator,2026-08
3484,2026-03-05,Organic,United States,Creator,2026-03
3485,2026-04-16,Paid Social,India,Creator,2026-04
3486,2026-04-08,Organic,United States,Viewer,2026-04
3487,2026-08-23,TikTok,United States,Creator,2026-08
3488,2026-08-05,Organic,Canada,Creator,2026-08
3489,2026-01-10,YouTube,United States,Viewer,2026-01
3490,2026-05-29,Paid Social,United Kingdom,Creator,2026-05
3491,2026-05-08,YouTube,United Kingdom,Creator,2026-05
3492,2026-02-15,Paid Social,United States,Creator,2026-02
3493,2026-08-19,Organic,India,Creator,2026-08
3494,2026-08-07,Organic,United Kingdom,Creator,2026-08
3495,2026-06-04,Referral,India,Creator,2026-06
3496,2026-03-07,Referral,India,Creator,2026-03
3497,2026-06-18,Referral,India,Creator,2026-06
3498,2026-04-22,Referral,United States,Viewer,2026-04
3499,2026-01-13,TikTok,Germany,Viewer,2026-01
3500,2026-05-17,Organic,United Kingdom,Creator,2026-05
3501,2026-06-13,Paid Social,United States,Viewer,2026-06
3502,2026-03-27,TikTok,Other,Viewer,2026-03
3503,2026-08-22,TikTok,India,Creator,2026-08
3504,2026-03-31,YouTube,United Kingdom,Viewer,2026-03
3505,2026-02-27,TikTok,Germany,Creator,2026-02
3506,2026-02-23,Referral,Germany,Viewer,2026-02
3507,2026-01-12,Organic,India,Viewer,2026-01
3508,2026-07-28,Referral,United Kingdom,Viewer,2026-07
3509,2026-07-25,X,India,Creator,2026-07
3510,2026-01-14,X,United States,Creator,2026-01
3511,2026-05-01,Instagram,Nigeria,Creator,2026-05
3512,2026-06-11,Organic,Canada,Creator,2026-06
3513,2026-06-30,Instagram,India,Creator,2026-06
3514,2026-05-01,Instagram,India,Creator,2026-05
3515,2026-01-20,X,India,Viewer,2026-01
3516,2026-03-16,TikTok,India,Viewer,2026-03
3517,2026-05-24,Organic,India,Viewer,2026-05
3518,2026-08-11,Organic,Other,Creator,2026-08
3519,2026-03-11,YouTube,United States,Creator,2026-03
3520,2026-02-25,Organic,India,Viewer,2026-02
3521,2026-07-30,Referral,United Kingdom,Creator,2026-07
3522,2026-04-11,YouTube,Canada,Creator,2026-04
3523,2026-07-05,Referral,Canada,Creator,2026-07
3524,2026-05-12,Referral,United Kingdom,Viewer,2026-05
3525,2026-04-21,Organic,India,Viewer,2026-04
3526,2026-05-05,Referral,Canada,Viewer,2026-05
3527,2026-05-12,Instagram,Nigeria,Creator,2026-05
3528,2026-01-20,Paid Social,United Kingdom,Creator,2026-01
3529,2026-05-18,Paid Social,Other,Viewer,2026-05
3530,2026-01-24,Organic,Germany,Creator,2026-01
3531,2026-08-15,TikTok,Germany,Creator,2026-08
3532,2026-06-03,Instagram,India,Creator,2026-06
3533,2026-02-06,YouTube,United States,Viewer,2026-02
3534,2026-08-18,TikTok,Other,Creator,2026-08
3535,2026-08-01,Organic,Nigeria,Creator,2026-08
3536,2026-02-23,TikTok,India,Viewer,2026-02
3537,2026-08-20,Instagram,Canada,Creator,2026-08
3538,2026-04-13,Paid Social,India,Viewer,2026-04
3539,2026-05-29,Referral,Canada,Creator,2026-05
3540,2026-07-21,TikTok,Other,Viewer,2026-07
3541,2026-02-07,Organic,United States,Creator,2026-02
3542,2026-06-23,Organic,United States,Creator,2026-06
3543,2026-01-04,Instagram,United States,Viewer,2026-01
3544,2026-07-07,Referral,Other,Creator,2026-07
3545,2026-02-26,TikTok,Nigeria,Creator,2026-02
3546,2026-06-22,Instagram,Nigeria,Creator,2026-06
3547,2026-01-20,Paid Social,United Kingdom,Creator,2026-01
3548,2026-01-17,Paid Social,United States,Viewer,2026-01
3549,2026-04-29,Organic,United States,Creator,2026-04
3550,2026-03-12,Organic,Canada,Creator,2026-03
3551,2026-01-04,TikTok,Other,Creator,2026-01
3552,2026-08-09,YouTube,India,Creator,2026-08
3553,2026-01-14,Paid Social,India,Creator,2026-01
3554,2026-01-03,Organic,United States,Viewer,2026-01
3555,2026-08-04,Organic,United Kingdom,Creator,2026-08
3556,2026-08-17,Paid Social,United States,Viewer,2026-08
3557,2026-03-21,Referral,Other,Viewer,2026-03
3558,2026-07-05,Paid Social,India,Creator,2026-07
3559,2026-02-24,TikTok,India,Viewer,2026-02
3560,2026-05-12,TikTok,India,Viewer,2026-05
3561,2026-04-30,Organic,Other,Viewer,2026-04
3562,2026-01-24,Organic,India,Creator,2026-01
3563,2026-06-11,X,United States,Creator,2026-06
3564,2026-06-07,TikTok,United States,Viewer,2026-06
3565,2026-03-23,Organic,United Kingdom,Viewer,2026-03
3566,2026-05-27,Paid Social,India,Creator,2026-05
3567,2026-06-08,Organic,United Kingdom,Viewer,2026-06
3568,2026-07-07,Referral,United States,Viewer,2026-07
3569,2026-03-01,TikTok,Other,Creator,2026-03
3570,2026-05-27,Referral,Germany,Creator,2026-05
3571,2026-02-18,Organic,United States,Creator,2026-02
3572,2026-03-04,Referral,Other,Viewer,2026-03
3573,2026-04-20,Organic,India,Creator,2026-04
3574,2026-07-30,Instagram,Canada,Creator,2026-07
3575,2026-05-30,Referral,United States,Viewer,2026-05
3576,2026-06-01,Organic,United States,Creator,2026-06
3577,2026-04-19,TikTok,India,Creator,2026-04
3578,2026-03-17,Referral,Nigeria,Creator,2026-03
3579,2026-01-30,Paid Social,India,Creator,2026-01
3580,2026-02-27,Organic,United Kingdom,Creator,2026-02
3581,2026-08-18,Organic,India,Creator,2026-08
3582,2026-04-27,Organic,Canada,Viewer,2026-04
3583,2026-06-08,Organic,United Kingdom,Creator,2026-06
3584,2026-04-10,Paid Social,Canada,Viewer,2026-04
3585,2026-07-11,X,Canada,Viewer,2026-07
3586,2026-01-19,Instagram,India,Creator,2026-01
3587,2026-06-25,Paid Social,India,Creator,2026-06
3588,2026-06-22,X,United States,Creator,2026-06
3589,2026-08-16,YouTube,Other,Creator,2026-08
3590,2026-04-04,TikTok,Nigeria,Viewer,2026-04
3591,2026-07-02,TikTok,Canada,Viewer,2026-07
3592,2026-04-23,X,Other,Viewer,2026-04
3593,2026-07-02,Organic,Other,Viewer,2026-07
3594,2026-08-13,Organic,Nigeria,Creator,2026-08
3595,2026-05-26,Organic,Nigeria,Creator,2026-05
3596,2026-03-04,Organic,Germany,Creator,2026-03
3597,2026-04-26,Instagram,Germany,Creator,2026-04
3598,2026-04-23,X,United Kingdom,Creator,2026-04
3599,2026-08-08,TikTok,United Kingdom,Creator,2026-08
3600,2026-02-16,Organic,United Kingdom,Creator,2026-02
3601,2026-07-22,YouTube,United States,Creator,2026-07
3602,2026-02-26,Organic,Germany,Creator,2026-02
3603,2026-04-28,Instagram,United Kingdom,Creator,2026-04
3604,2026-02-14,Referral,India,Creator,2026-02
3605,2026-06-10,Organic,India,Creator,2026-06
3606,2026-05-25,Referral,Other,Creator,2026-05
3607,2026-07-17,Referral,United Kingdom,Creator,2026-07
3608,2026-01-04,Organic,United States,Creator,2026-01
3609,2026-05-28,Organic,India,Creator,2026-05
3610,2026-02-16,Paid Social,United Kingdom,Creator,2026-02
3611,2026-08-07,Organic,India,Viewer,2026-08
3612,2026-05-23,Referral,United States,Creator,2026-05
3613,2026-07-17,X,United Kingdom,Viewer,2026-07
3614,2026-02-16,Organic,Nigeria,Creator,2026-02
3615,2026-03-19,Organic,Other,Creator,2026-03
3616,2026-05-04,Instagram,India,Viewer,2026-05
3617,2026-03-16,TikTok,India,Viewer,2026-03
3618,2026-04-13,YouTube,India,Creator,2026-04
3619,2026-05-17,Paid Social,India,Creator,2026-05
3620,2026-03-31,Referral,India,Viewer,2026-03
3621,2026-05-24,Organic,Canada,Creator,2026-05
3622,2026-03-10,Referral,United States,Creator,2026-03
3623,2026-03-02,Referral,Other,Viewer,2026-03
3624,2026-05-18,Paid Social,India,Creator,2026-05
3625,2026-02-19,Instagram,United Kingdom,Creator,2026-02
3626,2026-01-03,Referral,Other,Creator,2026-01
3627,2026-07-24,X,India,Creator,2026-07
3628,2026-04-17,TikTok,United States,Creator,2026-04
3629,2026-04-23,Paid Social,United Kingdom,Creator,2026-04
3630,2026-04-04,Organic,United Kingdom,Creator,2026-04
3631,2026-04-28,Organic,Nigeria,Creator,2026-04
3632,2026-07-17,Paid Social,United States,Creator,2026-07
3633,2026-03-22,Organic,Canada,Viewer,2026-03
3634,2026-04-19,Paid Social,United Kingdom,Creator,2026-04
3635,2026-02-20,YouTube,India,Creator,2026-02
3636,2026-05-27,Organic,Other,Creator,2026-05
3637,2026-06-19,TikTok,Nigeria,Creator,2026-06
3638,2026-02-04,Referral,Nigeria,Viewer,2026-02
3639,2026-02-15,X,Germany,Creator,2026-02
3640,2026-06-03,Paid Social,United Kingdom,Creator,2026-06
3641,2026-03-10,Referral,India,Creator,2026-03
3642,2026-04-03,TikTok,Nigeria,Creator,2026-04
3643,2026-03-05,Organic,Canada,Viewer,2026-03
3644,2026-06-14,Paid Social,United Kingdom,Creator,2026-06
3645,2026-07-31,Instagram,Other,Creator,2026-07
3646,2026-02-18,Organic,India,Creator,2026-02
3647,2026-05-29,Referral,India,Creator,2026-05
3648,2026-03-15,Referral,Nigeria,Creator,2026-03
3649,2026-07-11,YouTube,United Kingdom,Viewer,2026-07
3650,2026-01-05,Instagram,India,Creator,2026-01
3651,2026-04-10,YouTube,Germany,Viewer,2026-04
3652,2026-03-11,YouTube,India,Creator,2026-03
3653,2026-03-31,Paid Social,India,Creator,2026-03
3654,2026-01-04,Paid Social,Other,Creator,2026-01
3655,2026-05-06,Instagram,United States,Viewer,2026-05
3656,2026-08-19,Referral,Other,Creator,2026-08
3657,2026-02-08,Paid Social,India,Creator,2026-02
3658,2026-06-12,Organic,India,Creator,2026-06
3659,2026-05-09,Organic,Canada,Viewer,2026-05
3660,2026-01-24,Referral,Germany,Viewer,2026-01
3661,2026-02-26,Organic,Nigeria,Creator,2026-02
3662,2026-04-10,Organic,India,Viewer,2026-04
3663,2026-03-11,Organic,United Kingdom,Creator,2026-03
3664,2026-02-10,TikTok,India,Creator,2026-02
3665,2026-07-01,Organic,Germany,Creator,2026-07
3666,2026-06-23,TikTok,India,Creator,2026-06
3667,2026-03-01,Paid Social,Germany,Viewer,2026-03
3668,2026-04-18,YouTube,United States,Creator,2026-04
3669,2026-07-07,YouTube,Nigeria,Creator,2026-07
3670,2026-02-26,Organic,Canada,Viewer,2026-02
3671,2026-01-31,Referral,India,Viewer,2026-01
3672,2026-03-25,Referral,Germany,Creator,2026-03
3673,2026-06-01,YouTube,India,Creator,2026-06
3674,2026-08-05,Organic,United States,Creator,2026-08
3675,2026-02-05,TikTok,United States,Creator,2026-02
3676,2026-08-01,Referral,Other,Viewer,2026-08
3677,2026-06-07,YouTube,India,Creator,2026-06
3678,2026-06-01,Referral,Nigeria,Viewer,2026-06
3679,2026-04-18,X,United Kingdom,Creator,2026-04
3680,2026-04-16,Instagram,United States,Viewer,2026-04
3681,2026-06-07,Referral,United States,Creator,2026-06
3682,2026-03-27,Organic,Nigeria,Creator,2026-03
3683,2026-08-08,YouTube,India,Viewer,2026-08
3684,2026-05-15,Paid Social,United States,Creator,2026-05
3685,2026-06-12,Referral,Canada,Creator,2026-06
3686,2026-07-02,TikTok,Germany,Creator,2026-07
3687,2026-08-08,Organic,United States,Viewer,2026-08
3688,2026-01-14,YouTube,United Kingdom,Viewer,2026-01
3689,2026-04-30,Paid Social,India,Creator,2026-04
3690,2026-05-18,X,Nigeria,Creator,2026-05
3691,2026-03-21,Instagram,Other,Creator,2026-03
3692,2026-05-24,Organic,United States,Viewer,2026-05
3693,2026-07-01,YouTube,Nigeria,Viewer,2026-07
3694,2026-08-11,YouTube,Canada,Creator,2026-08
3695,2026-04-16,Paid Social,United Kingdom,Viewer,2026-04
3696,2026-08-05,TikTok,United States,Creator,2026-08
3697,2026-07-24,Referral,India,Viewer,2026-07
3698,2026-03-11,Instagram,United States,Viewer,2026-03
3699,2026-02-13,X,United States,Viewer,2026-02
3700,2026-03-14,Referral,United Kingdom,Creator,2026-03
3701,2026-02-14,Organic,United States,Creator,2026-02
3702,2026-08-16,TikTok,Germany,Viewer,2026-08
3703,2026-07-03,Referral,India,Creator,2026-07
3704,2026-04-17,X,United States,Creator,2026-04
3705,2026-03-25,Organic,Nigeria,Viewer,2026-03
3706,2026-03-23,Instagram,India,Creator,2026-03
3707,2026-04-17,X,Nigeria,Creator,2026-04
3708,2026-07-04,Paid Social,United States,Creator,2026-07
3709,2026-01-21,Organic,India,Creator,2026-01
3710,2026-07-15,Referral,India,Creator,2026-07
3711,2026-06-27,Organic,United States,Creator,2026-06
3712,2026-06-10,Organic,Other,Creator,2026-06
3713,2026-08-07,Organic,India,Creator,2026-08
3714,2026-01-07,Referral,Germany,Creator,2026-01
3715,2026-03-11,Organic,United States,Viewer,2026-03
3716,2026-05-07,Referral,Nigeria,Creator,2026-05
3717,2026-05-23,Instagram,Nigeria,Viewer,2026-05
3718,2026-07-29,Paid Social,Other,Creator,2026-07
3719,2026-06-09,Referral,Canada,Viewer,2026-06
3720,2026-07-22,Referral,Other,Viewer,2026-07
3721,2026-05-28,Referral,Canada,Creator,2026-05
3722,2026-08-04,YouTube,United States,Creator,2026-08
3723,2026-05-23,Referral,Other,Viewer,2026-05
3724,2026-06-25,Organic,Other,Viewer,2026-06
3725,2026-07-18,Organic,India,Viewer,2026-07
3726,2026-05-29,X,Other,Creator,2026-05
3727,2026-06-19,Instagram,United Kingdom,Creator,2026-06
3728,2026-06-03,TikTok,Other,Creator,2026-06
3729,2026-08-24,Instagram,Other,Creator,2026-08
3730,2026-04-30,TikTok,Other,Creator,2026-04
3731,2026-05-08,X,Other,Creator,2026-05
3732,2026-05-22,Organic,India,Creator,2026-05
3733,2026-02-26,Paid Social,India,Viewer,2026-02
3734,2026-06-14,Paid Social,India,Creator,2026-06
3735,2026-02-27,Paid Social,India,Creator,2026-02
3736,2026-01-21,TikTok,United States,Creator,2026-01
3737,2026-03-23,Instagram,United Kingdom,Viewer,2026-03
3738,2026-03-10,Paid Social,United States,Viewer,2026-03
3739,2026-05-11,Paid Social,Canada,Creator,2026-05
3740,2026-03-28,Referral,Germany,Creator,2026-03
3741,2026-08-06,TikTok,United Kingdom,Creator,2026-08
3742,2026-06-14,X,United States,Creator,2026-06
3743,2026-08-04,Referral,United States,Creator,2026-08
3744,2026-02-18,Organic,India,Creator,2026-02
3745,2026-05-27,X,Nigeria,Creator,2026-05
3746,2026-04-25,Referral,United Kingdom,Viewer,2026-04
3747,2026-03-30,YouTube,Nigeria,Creator,2026-03
3748,2026-03-26,Instagram,Canada,Creator,2026-03
3749,2026-05-08,X,United States,Creator,2026-05
3750,2026-05-20,Paid Social,India,Viewer,2026-05
3751,2026-07-08,X,Canada,Creator,2026-07
3752,2026-06-18,Referral,India,Creator,2026-06
3753,2026-06-10,YouTube,United Kingdom,Viewer,2026-06
3754,2026-06-27,YouTube,Germany,Creator,2026-06
3755,2026-04-27,YouTube,India,Creator,2026-04
3756,2026-07-15,Instagram,Nigeria,Creator,2026-07
3757,2026-05-07,Instagram,United Kingdom,Viewer,2026-05
3758,2026-08-22,Instagram,Canada,Creator,2026-08
3759,2026-03-12,Organic,India,Creator,2026-03
3760,2026-03-27,Organic,Germany,Creator,2026-03
3761,2026-02-02,Organic,India,Creator,2026-02
3762,2026-03-22,Paid Social,Nigeria,Creator,2026-03
3763,2026-06-01,Organic,United States,Creator,2026-06
3764,2026-03-02,Organic,India,Creator,2026-03
3765,2026-03-02,Organic,United States,Creator,2026-03
3766,2026-04-08,YouTube,India,Creator,2026-04
3767,2026-01-28,Organic,United States,Creator,2026-01
3768,2026-07-05,Instagram,India,Creator,2026-07
3769,2026-02-12,Organic,Other,Viewer,2026-02
3770,2026-06-18,Referral,India,Viewer,2026-06
3771,2026-06-16,Paid Social,Other,Creator,2026-06
3772,2026-03-27,Paid Social,Other,Creator,2026-03
3773,2026-06-26,Instagram,United States,Creator,2026-06
3774,2026-01-17,YouTube,Nigeria,Viewer,2026-01
3775,2026-04-08,X,United States,Viewer,2026-04
3776,2026-07-17,TikTok,Other,Creator,2026-07
3777,2026-07-17,Instagram,United Kingdom,Viewer,2026-07
3778,2026-04-08,Organic,Other,Viewer,2026-04
3779,2026-03-06,Referral,United States,Viewer,2026-03
3780,2026-03-15,Organic,Other,Viewer,2026-03
3781,2026-03-26,Instagram,United States,Viewer,2026-03
3782,2026-01-05,Instagram,Other,Creator,2026-01
3783,2026-01-02,X,India,Creator,2026-01
3784,2026-01-22,Referral,United Kingdom,Viewer,2026-01
3785,2026-04-22,YouTube,United Kingdom,Creator,2026-04
3786,2026-02-26,YouTube,United Kingdom,Creator,2026-02
3787,2026-03-07,Instagram,United States,Creator,2026-03
3788,2026-03-15,Organic,United Kingdom,Viewer,2026-03
3789,2026-04-08,TikTok,India,Creator,2026-04
3790,2026-05-24,Paid Social,Nigeria,Creator,2026-05
3791,2026-04-22,Paid Social,Nigeria,Creator,2026-04
3792,2026-06-28,Referral,United States,Viewer,2026-06
3793,2026-05-05,Organic,Canada,Creator,2026-05
3794,2026-06-16,Organic,India,Creator,2026-06
3795,2026-03-27,TikTok,India,Creator,2026-03
3796,2026-03-17,Referral,United States,Creator,2026-03
3797,2026-03-29,YouTube,Other,Creator,2026-03
3798,2026-06-17,Paid Social,Nigeria,Viewer,2026-06
3799,2026-02-07,X,Germany,Viewer,2026-02
3800,2026-07-07,Organic,Nigeria,Creator,2026-07
3801,2026-02-28,Organic,Canada,Creator,2026-02
3802,2026-05-18,Organic,United States,Viewer,2026-05
3803,2026-04-09,X,Germany,Creator,2026-04
3804,2026-07-11,Organic,United States,Creator,2026-07
3805,2026-03-04,Referral,Nigeria,Viewer,2026-03
3806,2026-02-18,YouTube,India,Viewer,2026-02
3807,2026-07-11,TikTok,Other,Viewer,2026-07
3808,2026-02-01,Organic,United Kingdom,Creator,2026-02
3809,2026-05-15,Organic,Germany,Viewer,2026-05
3810,2026-01-21,Referral,India,Creator,2026-01
3811,2026-01-20,Instagram,India,Creator,2026-01
3812,2026-06-03,TikTok,United States,Viewer,2026-06
3813,2026-05-07,Referral,Nigeria,Creator,2026-05
3814,2026-03-09,X,Germany,Creator,2026-03
3815,2026-04-20,Instagram,United States,Viewer,2026-04
3816,2026-04-26,Referral,India,Viewer,2026-04
3817,2026-08-02,Referral,United States,Creator,2026-08
3818,2026-05-23,YouTube,United Kingdom,Creator,2026-05
3819,2026-04-30,Instagram,United States,Viewer,2026-04
3820,2026-08-20,TikTok,Other,Viewer,2026-08
3821,2026-08-01,Referral,India,Viewer,2026-08
3822,2026-03-20,Instagram,Canada,Creator,2026-03
3823,2026-08-02,YouTube,Nigeria,Creator,2026-08
3824,2026-04-26,Paid Social,India,Creator,2026-04
3825,2026-04-02,Paid Social,Canada,Creator,2026-04
3826,2026-01-14,Organic,United States,Creator,2026-01
3827,2026-06-04,Organic,United Kingdom,Creator,2026-06
3828,2026-05-05,Organic,United Kingdom,Creator,2026-05
3829,2026-08-21,Referral,India,Creator,2026-08
3830,2026-06-17,TikTok,Germany,Creator,2026-06
3831,2026-02-27,Organic,United Kingdom,Creator,2026-02
3832,2026-01-28,Organic,Canada,Creator,2026-01
3833,2026-01-26,TikTok,United States,Creator,2026-01
3834,2026-04-23,Organic,India,Creator,2026-04
3835,2026-07-10,Organic,United States,Creator,2026-07
3836,2026-03-07,YouTube,Other,Creator,2026-03
3837,2026-06-02,Organic,Other,Viewer,2026-06
3838,2026-05-11,Organic,Nigeria,Viewer,2026-05
3839,2026-07-19,Referral,United States,Creator,2026-07
3840,2026-02-13,Referral,Canada,Viewer,2026-02
3841,2026-04-07,TikTok,Canada,Creator,2026-04
3842,2026-02-11,Organic,Germany,Creator,2026-02
3843,2026-08-15,YouTube,India,Viewer,2026-08
3844,2026-01-06,TikTok,India,Creator,2026-01
3845,2026-06-16,Organic,United States,Creator,2026-06
3846,2026-06-29,Organic,India,Viewer,2026-06
3847,2026-01-23,Organic,Germany,Viewer,2026-01
3848,2026-03-30,X,Nigeria,Viewer,2026-03
3849,2026-05-03,Paid Social,Germany,Viewer,2026-05
3850,2026-06-27,Referral,India,Creator,2026-06
3851,2026-06-20,Instagram,United Kingdom,Creator,2026-06
3852,2026-05-27,TikTok,Nigeria,Creator,2026-05
3853,2026-07-16,X,United States,Creator,2026-07
3854,2026-02-20,Instagram,Nigeria,Creator,2026-02
3855,2026-01-11,Organic,Nigeria,Viewer,2026-01
3856,2026-01-12,YouTube,Other,Creator,2026-01
3857,2026-03-15,Referral,India,Creator,2026-03
3858,2026-01-08,TikTok,Germany,Creator,2026-01
3859,2026-06-01,Referral,Other,Creator,2026-06
3860,2026-08-08,Instagram,Canada,Viewer,2026-08
3861,2026-02-10,TikTok,Canada,Creator,2026-02
3862,2026-06-13,Organic,India,Creator,2026-06
3863,2026-08-17,YouTube,Nigeria,Creator,2026-08
3864,2026-03-26,Referral,United Kingdom,Creator,2026-03
3865,2026-03-13,YouTube,United Kingdom,Creator,2026-03
3866,2026-02-24,Organic,United States,Creator,2026-02
3867,2026-05-17,Organic,Other,Viewer,2026-05
3868,2026-02-16,X,Nigeria,Creator,2026-02
3869,2026-05-23,TikTok,Other,Viewer,2026-05
3870,2026-06-25,TikTok,Nigeria,Creator,2026-06
3871,2026-04-14,Paid Social,Canada,Creator,2026-04
3872,2026-07-29,YouTube,Canada,Creator,2026-07
3873,2026-02-11,TikTok,United Kingdom,Creator,2026-02
3874,2026-03-01,Organic,India,Creator,2026-03
3875,2026-07-31,Organic,India,Viewer,2026-07
3876,2026-07-17,YouTube,Nigeria,Creator,2026-07
3877,2026-01-12,Referral,Other,Creator,2026-01
3878,2026-05-10,YouTube,United Kingdom,Creator,2026-05
3879,2026-01-07,TikTok,India,Viewer,2026-01
3880,2026-03-21,Organic,United States,Viewer,2026-03
3881,2026-05-11,Paid Social,United Kingdom,Creator,2026-05
3882,2026-04-19,Paid Social,Nigeria,Creator,2026-04
3883,2026-01-03,Instagram,Other,Viewer,2026-01
3884,2026-01-27,Organic,Nigeria,Creator,2026-01
3885,2026-04-24,Instagram,United States,Creator,2026-04
3886,2026-04-17,Paid Social,Nigeria,Creator,2026-04
3887,2026-02-09,YouTube,Canada,Viewer,2026-02
3888,2026-08-18,YouTube,Nigeria,Creator,2026-08
3889,2026-06-10,Organic,United States,Creator,2026-06
3890,2026-08-08,Organic,United States,Creator,2026-08
3891,2026-05-09,Organic,Canada,Viewer,2026-05
3892,2026-01-08,Paid Social,India,Creator,2026-01
3893,2026-04-11,Instagram,India,Creator,2026-04
3894,2026-06-09,Referral,India,Creator,2026-06
3895,2026-05-04,Organic,Other,Viewer,2026-05
3896,2026-06-25,Paid Social,India,Viewer,2026-06
3897,2026-04-17,Referral,Canada,Creator,2026-04
3898,2026-04-11,Organic,United Kingdom,Creator,2026-04
3899,2026-01-04,Referral,United Kingdom,Creator,2026-01
3900,2026-08-10,Organic,Canada,Viewer,2026-08
3901,2026-07-17,Organic,United States,Creator,2026-07
3902,2026-04-20,Organic,United States,Creator,2026-04
3903,2026-01-19,Paid Social,United States,Creator,2026-01
3904,2026-02-01,Paid Social,Nigeria,Creator,2026-02
3905,2026-05-17,TikTok,Other,Creator,2026-05
3906,2026-01-12,YouTube,Other,Creator,2026-01
3907,2026-05-19,YouTube,United Kingdom,Creator,2026-05
3908,2026-02-15,Referral,Other,Viewer,2026-02
3909,2026-04-29,TikTok,Other,Viewer,2026-04
3910,2026-01-16,Instagram,Canada,Creator,2026-01
3911,2026-05-09,YouTube,United States,Creator,2026-05
3912,2026-03-04,Organic,Nigeria,Viewer,2026-03
3913,2026-04-19,TikTok,Other,Creator,2026-04
3914,2026-04-29,YouTube,United Kingdom,Creator,2026-04
3915,2026-01-21,Organic,Germany,Creator,2026-01
3916,2026-06-07,Paid Social,India,Creator,2026-06
3917,2026-01-13,Organic,India,Viewer,2026-01
3918,2026-06-11,Paid Social,United States,Creator,2026-06
3919,2026-01-04,Organic,India,Creator,2026-01
3920,2026-06-05,Organic,Other,Viewer,2026-06
3921,2026-04-12,TikTok,India,Creator,2026-04
3922,2026-08-11,Referral,Nigeria,Creator,2026-08
3923,2026-02-28,Referral,India,Viewer,2026-02
3924,2026-05-08,Organic,India,Viewer,2026-05
3925,2026-01-27,Organic,India,Creator,2026-01
3926,2026-03-10,YouTube,Other,Creator,2026-03
3927,2026-01-25,Instagram,Canada,Viewer,2026-01
3928,2026-05-11,Referral,United Kingdom,Viewer,2026-05
3929,2026-04-07,Organic,Other,Viewer,2026-04
3930,2026-07-15,X,Other,Creator,2026-07
3931,2026-01-25,Referral,United States,Creator,2026-01
3932,2026-05-28,Paid Social,United States,Viewer,2026-05
3933,2026-06-11,YouTube,United States,Creator,2026-06
3934,2026-06-03,Organic,India,Creator,2026-06
3935,2026-05-06,Organic,India,Creator,2026-05
3936,2026-05-13,YouTube,United States,Creator,2026-05
3937,2026-08-15,Instagram,India,Creator,2026-08
3938,2026-07-08,Paid Social,Other,Creator,2026-07
3939,2026-08-08,YouTube,Germany,Viewer,2026-08
3940,2026-08-09,Instagram,India,Creator,2026-08
3941,2026-01-09,TikTok,Germany,Creator,2026-01
3942,2026-04-26,TikTok,Canada,Creator,2026-04
3943,2026-08-18,Organic,United States,Creator,2026-08
3944,2026-06-27,Organic,United Kingdom,Viewer,2026-06
3945,2026-05-14,X,United States,Creator,2026-05
3946,2026-07-30,Organic,India,Creator,2026-07
3947,2026-03-01,Organic,Nigeria,Creator,2026-03
3948,2026-06-21,Organic,United States,Creator,2026-06
3949,2026-05-01,Organic,India,Creator,2026-05
3950,2026-05-19,Organic,Nigeria,Creator,2026-05
3951,2026-07-13,YouTube,Other,Creator,2026-07
3952,2026-06-24,TikTok,Canada,Viewer,2026-06
3953,2026-04-18,X,Canada,Creator,2026-04
3954,2026-04-18,YouTube,Canada,Creator,2026-04
3955,2026-07-20,Paid Social,Canada,Creator,2026-07
3956,2026-08-01,Organic,India,Creator,2026-08
3957,2026-08-04,TikTok,Other,Creator,2026-08
3958,2026-08-14,Organic,Germany,Viewer,2026-08
3959,2026-08-02,Instagram,India,Creator,2026-08
3960,2026-05-11,Paid Social,Nigeria,Creator,2026-05
3961,2026-03-17,YouTube,United Kingdom,Creator,2026-03
3962,2026-08-08,YouTube,India,Creator,2026-08
3963,2026-01-30,Instagram,India,Creator,2026-01
3964,2026-08-06,YouTube,India,Creator,2026-08
3965,2026-01-21,Organic,Other,Creator,2026-01
3966,2026-06-05,X,India,Viewer,2026-06
3967,2026-08-06,X,United States,Creator,2026-08
3968,2026-07-09,TikTok,India,Creator,2026-07
3969,2026-06-10,Organic,Canada,Creator,2026-06
3970,2026-08-01,Referral,Other,Viewer,2026-08
3971,2026-06-12,Organic,Nigeria,Creator,2026-06
3972,2026-06-29,Organic,India,Creator,2026-06
3973,2026-02-03,Instagram,Nigeria,Creator,2026-02
3974,2026-02-10,Organic,Canada,Creator,2026-02
3975,2026-02-20,Referral,United Kingdom,Viewer,2026-02
3976,2026-06-24,YouTube,Canada,Viewer,2026-06
3977,2026-03-23,Referral,India,Viewer,2026-03
3978,2026-02-27,TikTok,India,Creator,2026-02
3979,2026-03-16,Referral,India,Creator,2026-03
3980,2026-07-04,Referral,Other,Creator,2026-07
3981,2026-01-23,TikTok,United Kingdom,Creator,2026-01
3982,2026-06-25,TikTok,Canada,Viewer,2026-06
3983,2026-05-08,Paid Social,Other,Viewer,2026-05
3984,2026-05-30,Organic,Germany,Creator,2026-05
3985,2026-01-17,TikTok,India,Creator,2026-01
3986,2026-03-10,Organic,India,Creator,2026-03
3987,2026-04-18,Organic,Other,Viewer,2026-04
3988,2026-05-19,Organic,Other,Creator,2026-05
3989,2026-04-04,Instagram,Nigeria,Viewer,2026-04
3990,2026-01-15,YouTube,Other,Creator,2026-01
3991,2026-04-01,TikTok,India,Viewer,2026-04
3992,2026-06-12,Referral,India,Creator,2026-06
3993,2026-02-02,Instagram,Nigeria,Viewer,2026-02
3994,2026-07-31,Paid Social,Germany,Creator,2026-07
3995,2026-05-05,Paid Social,United Kingdom,Creator,2026-05
3996,2026-01-16,Referral,United Kingdom,Creator,2026-01
3997,2026-06-11,Paid Social,India,Creator,2026-06
3998,2026-03-07,YouTube,United States,Creator,2026-03
3999,2026-08-15,Paid Social,Other,Creator,2026-08
4000,2026-06-17,Organic,India,Viewer,2026-06
4001,2026-06-05,TikTok,Canada,Viewer,2026-06
4002,2026-02-16,Referral,Canada,Viewer,2026-02
4003,2026-06-16,TikTok,Canada,Viewer,2026-06
4004,2026-07-17,Referral,Other,Creator,2026-07
4005,2026-07-20,Referral,United States,Creator,2026-07
4006,2026-05-28,TikTok,United Kingdom,Creator,2026-05
4007,2026-05-04,Referral,India,Viewer,2026-05
4008,2026-01-01,Organic,United States,Creator,2026-01
4009,2026-07-19,TikTok,Nigeria,Viewer,2026-07
4010,2026-03-28,Instagram,India,Creator,2026-03
4011,2026-05-08,Organic,Other,Creator,2026-05
4012,2026-07-10,X,United Kingdom,Viewer,2026-07
4013,2026-03-08,X,United States,Creator,2026-03
4014,2026-01-04,Organic,India,Viewer,2026-01
4015,2026-07-05,Referral,United States,Creator,2026-07
4016,2026-06-02,YouTube,United Kingdom,Viewer,2026-06
4017,2026-02-16,TikTok,Germany,Viewer,2026-02
4018,2026-02-07,Organic,Nigeria,Creator,2026-02
4019,2026-05-23,Referral,India,Creator,2026-05
4020,2026-07-10,Referral,India,Viewer,2026-07
4021,2026-01-21,Organic,United States,Creator,2026-01
4022,2026-08-15,Organic,United Kingdom,Creator,2026-08
4023,2026-02-26,Referral,India,Creator,2026-02
4024,2026-04-27,X,India,Creator,2026-04
4025,2026-06-30,Organic,United States,Creator,2026-06
4026,2026-02-15,X,Nigeria,Viewer,2026-02
4027,2026-05-22,Instagram,Nigeria,Viewer,2026-05
4028,2026-08-16,Referral,Germany,Viewer,2026-08
4029,2026-07-23,Organic,United Kingdom,Viewer,2026-07
4030,2026-05-25,Instagram,United Kingdom,Creator,2026-05
4031,2026-02-08,Organic,India,Creator,2026-02
4032,2026-05-17,Paid Social,India,Creator,2026-05
4033,2026-04-09,Referral,Nigeria,Viewer,2026-04
4034,2026-03-18,Referral,India,Creator,2026-03
4035,2026-07-26,YouTube,United States,Creator,2026-07
4036,2026-07-29,TikTok,India,Creator,2026-07
4037,2026-04-25,Paid Social,India,Viewer,2026-04
4038,2026-08-13,Organic,India,Viewer,2026-08
4039,2026-05-14,Referral,Germany,Viewer,2026-05
4040,2026-08-07,Organic,United States,Creator,2026-08
4041,2026-05-31,TikTok,India,Creator,2026-05
4042,2026-07-06,Instagram,India,Creator,2026-07
4043,2026-04-01,Referral,United Kingdom,Creator,2026-04
4044,2026-04-08,Referral,Canada,Creator,2026-04
4045,2026-04-30,X,India,Creator,2026-04
4046,2026-02-15,TikTok,Canada,Creator,2026-02
4047,2026-02-07,Paid Social,United States,Viewer,2026-02
4048,2026-05-22,Organic,United Kingdom,Viewer,2026-05
4049,2026-04-10,Referral,United Kingdom,Creator,2026-04
4050,2026-03-13,X,Canada,Viewer,2026-03
4051,2026-07-09,TikTok,United Kingdom,Creator,2026-07
4052,2026-02-04,Organic,India,Creator,2026-02
4053,2026-05-27,Instagram,Nigeria,Creator,2026-05
4054,2026-01-30,Organic,India,Viewer,2026-01
4055,2026-03-19,Organic,Other,Creator,2026-03
4056,2026-03-25,Organic,India,Viewer,2026-03
4057,2026-04-23,TikTok,United States,Creator,2026-04
4058,2026-01-25,X,India,Viewer,2026-01
4059,2026-06-17,Referral,India,Creator,2026-06
4060,2026-03-29,Organic,United Kingdom,Viewer,2026-03
4061,2026-01-14,TikTok,Nigeria,Viewer,2026-01
4062,2026-06-03,TikTok,United States,Viewer,2026-06
4063,2026-04-12,Instagram,India,Viewer,2026-04
4064,2026-08-03,Referral,Canada,Creator,2026-08
4065,2026-05-30,X,India,Creator,2026-05
4066,2026-06-25,Referral,United States,Viewer,2026-06
4067,2026-03-24,Instagram,United Kingdom,Creator,2026-03
4068,2026-04-20,X,United States,Viewer,2026-04
4069,2026-06-28,Instagram,India,Creator,2026-06
4070,2026-05-11,Referral,Canada,Creator,2026-05
4071,2026-06-19,Paid Social,United States,Creator,2026-06
4072,2026-01-19,YouTube,India,Creator,2026-01
4073,2026-07-20,Referral,Nigeria,Creator,2026-07
4074,2026-01-28,Organic,India,Creator,2026-01
4075,2026-07-31,Paid Social,United States,Creator,2026-07
4076,2026-06-22,Organic,Canada,Viewer,2026-06
4077,2026-03-12,Organic,Other,Creator,2026-03
4078,2026-07-25,Organic,Nigeria,Viewer,2026-07
4079,2026-03-04,Paid Social,India,Creator,2026-03
4080,2026-03-14,Referral,India,Viewer,2026-03
4081,2026-05-04,Paid Social,United Kingdom,Creator,2026-05
4082,2026-04-29,Referral,United States,Creator,2026-04
4083,2026-05-01,Instagram,India,Creator,2026-05
4084,2026-01-19,Paid Social,Canada,Creator,2026-01
4085,2026-06-24,Paid Social,India,Viewer,2026-06
4086,2026-05-22,Instagram,United States,Viewer,2026-05
4087,2026-04-30,Organic,India,Creator,2026-04
4088,2026-06-15,YouTube,United Kingdom,Viewer,2026-06
4089,2026-06-30,Paid Social,India,Creator,2026-06
4090,2026-03-02,Referral,India,Viewer,2026-03
4091,2026-06-13,Referral,United States,Creator,2026-06
4092,2026-06-17,Paid Social,Other,Creator,2026-06
4093,2026-07-28,Paid Social,Nigeria,Creator,2026-07
4094,2026-01-30,Referral,India,Viewer,2026-01
4095,2026-01-09,YouTube,Canada,Creator,2026-01
4096,2026-03-05,Organic,India,Creator,2026-03
4097,2026-06-10,X,United States,Creator,2026-06
4098,2026-04-30,Instagram,Nigeria,Creator,2026-04
4099,2026-02-21,Referral,Nigeria,Creator,2026-02
4100,2026-03-30,Instagram,India,Creator,2026-03
4101,2026-05-22,Organic,Germany,Viewer,2026-05
4102,2026-07-22,Organic,United States,Viewer,2026-07
4103,2026-02-22,YouTube,Other,Viewer,2026-02
4104,2026-08-15,Instagram,United Kingdom,Creator,2026-08
4105,2026-08-21,TikTok,Other,Creator,2026-08
4106,2026-07-06,Organic,United States,Creator,2026-07
4107,2026-03-19,Instagram,India,Creator,2026-03
4108,2026-08-10,Organic,Canada,Viewer,2026-08
4109,2026-02-10,TikTok,Canada,Viewer,2026-02
4110,2026-07-15,TikTok,Germany,Creator,2026-07
4111,2026-03-09,Instagram,United States,Viewer,2026-03
4112,2026-08-08,Instagram,Nigeria,Viewer,2026-08
4113,2026-01-08,Organic,Germany,Viewer,2026-01
4114,2026-01-02,Referral,Other,Creator,2026-01
4115,2026-04-15,TikTok,India,Creator,2026-04
4116,2026-05-05,Organic,United Kingdom,Creator,2026-05
4117,2026-04-20,Organic,United Kingdom,Viewer,2026-04
4118,2026-03-27,TikTok,India,Viewer,2026-03
4119,2026-06-18,Organic,Other,Creator,2026-06
4120,2026-04-30,Organic,United States,Creator,2026-04
4121,2026-05-07,X,United Kingdom,Viewer,2026-05
4122,2026-07-02,X,Other,Creator,2026-07
4123,2026-01-16,Instagram,India,Creator,2026-01
4124,2026-08-09,Referral,Germany,Creator,2026-08
4125,2026-03-03,Organic,Canada,Creator,2026-03
4126,2026-04-23,Paid Social,Germany,Creator,2026-04
4127,2026-06-25,Organic,Nigeria,Creator,2026-06
4128,2026-06-07,YouTube,India,Viewer,2026-06
4129,2026-01-12,Organic,United Kingdom,Creator,2026-01
4130,2026-02-04,Referral,United States,Viewer,2026-02
4131,2026-01-11,Instagram,United States,Creator,2026-01
4132,2026-03-05,Organic,United States,Viewer,2026-03
4133,2026-02-19,X,Nigeria,Creator,2026-02
4134,2026-08-01,Organic,United Kingdom,Creator,2026-08
4135,2026-05-29,Referral,Canada,Creator,2026-05
4136,2026-03-10,YouTube,Canada,Creator,2026-03
4137,2026-02-17,Organic,United Kingdom,Creator,2026-02
4138,2026-01-20,TikTok,Germany,Creator,2026-01
4139,2026-04-11,Organic,India,Creator,2026-04
4140,2026-07-14,YouTube,Germany,Creator,2026-07
4141,2026-06-21,TikTok,United States,Viewer,2026-06
4142,2026-06-10,X,Nigeria,Creator,2026-06
4143,2026-07-20,Paid Social,United States,Creator,2026-07
4144,2026-07-08,TikTok,United States,Creator,2026-07
4145,2026-05-17,Paid Social,United States,Viewer,2026-05
4146,2026-03-09,YouTube,India,Viewer,2026-03
4147,2026-02-04,Organic,India,Creator,2026-02
4148,2026-07-28,Instagram,United States,Creator,2026-07
4149,2026-08-14,Referral,India,Viewer,2026-08
4150,2026-08-04,Instagram,India,Viewer,2026-08
4151,2026-08-12,Organic,India,Creator,2026-08
4152,2026-03-06,Organic,India,Creator,2026-03
4153,2026-01-08,Referral,Other,Viewer,2026-01
4154,2026-02-14,YouTube,United Kingdom,Creator,2026-02
4155,2026-03-28,X,Other,Viewer,2026-03
4156,2026-06-24,Organic,United Kingdom,Creator,2026-06
4157,2026-06-17,Referral,Germany,Creator,2026-06
4158,2026-03-17,Paid Social,Nigeria,Creator,2026-03
4159,2026-07-01,Organic,United States,Creator,2026-07
4160,2026-03-17,Organic,Nigeria,Creator,2026-03
4161,2026-06-23,Paid Social,United States,Viewer,2026-06
4162,2026-02-16,Referral,United Kingdom,Creator,2026-02
4163,2026-01-15,X,Other,Creator,2026-01
4164,2026-04-15,Paid Social,Canada,Creator,2026-04
4165,2026-05-27,YouTube,United States,Creator,2026-05
4166,2026-01-26,Organic,Other,Creator,2026-01
4167,2026-02-21,YouTube,Other,Viewer,2026-02
4168,2026-04-03,YouTube,Nigeria,Viewer,2026-04
4169,2026-05-30,Paid Social,Other,Creator,2026-05
4170,2026-08-20,Organic,India,Creator,2026-08
4171,2026-01-21,X,India,Creator,2026-01
4172,2026-02-20,Referral,India,Creator,2026-02
4173,2026-02-07,TikTok,Canada,Creator,2026-02
4174,2026-01-20,TikTok,India,Creator,2026-01
4175,2026-06-06,Paid Social,India,Creator,2026-06
4176,2026-06-28,TikTok,India,Creator,2026-06
4177,2026-05-12,X,United States,Creator,2026-05
4178,2026-02-24,Paid Social,United States,Creator,2026-02
4179,2026-07-18,Organic,India,Creator,2026-07
4180,2026-04-02,Paid Social,Nigeria,Creator,2026-04
4181,2026-01-28,YouTube,India,Creator,2026-01
4182,2026-01-04,Instagram,India,Creator,2026-01
4183,2026-05-30,Instagram,Germany,Creator,2026-05
4184,2026-03-17,Paid Social,Other,Creator,2026-03
4185,2026-06-22,Organic,United States,Creator,2026-06
4186,2026-03-08,TikTok,United States,Viewer,2026-03
4187,2026-03-27,TikTok,Other,Viewer,2026-03
4188,2026-08-24,TikTok,Nigeria,Viewer,2026-08
4189,2026-07-13,Instagram,Canada,Creator,2026-07
4190,2026-08-04,Paid Social,United States,Viewer,2026-08
4191,2026-06-11,Paid Social,India,Viewer,2026-06
4192,2026-04-01,TikTok,United Kingdom,Creator,2026-04
4193,2026-07-02,TikTok,United Kingdom,Creator,2026-07
4194,2026-04-15,YouTube,United States,Creator,2026-04
4195,2026-01-01,Organic,India,Creator,2026-01
4196,2026-03-13,Referral,Germany,Viewer,2026-03
4197,2026-03-28,Referral,India,Creator,2026-03
4198,2026-06-15,Referral,United Kingdom,Viewer,2026-06
4199,2026-01-06,TikTok,United States,Creator,2026-01
4200,2026-08-02,Instagram,United States,Viewer,2026-08
4201,2026-06-02,Organic,India,Creator,2026-06
4202,2026-07-29,TikTok,United Kingdom,Viewer,2026-07
4203,2026-05-25,Instagram,India,Creator,2026-05
4204,2026-03-02,Paid Social,Nigeria,Creator,2026-03
4205,2026-01-12,Paid Social,United States,Creator,2026-01
4206,2026-01-06,Paid Social,Other,Creator,2026-01
4207,2026-08-06,Paid Social,Other,Viewer,2026-08
4208,2026-01-27,Organic,Canada,Creator,2026-01
4209,2026-05-16,YouTube,Other,Creator,2026-05
4210,2026-07-30,Organic,India,Creator,2026-07
4211,2026-05-04,Organic,Other,Creator,2026-05
4212,2026-04-16,X,India,Creator,2026-04
4213,2026-07-12,YouTube,United States,Creator,2026-07
4214,2026-07-04,YouTube,India,Viewer,2026-07
4215,2026-04-03,Organic,Other,Viewer,2026-04
4216,2026-04-19,Organic,United Kingdom,Viewer,2026-04
4217,2026-04-09,Organic,Nigeria,Creator,2026-04
4218,2026-06-17,Organic,Other,Creator,2026-06
4219,2026-05-22,Organic,United Kingdom,Creator,2026-05
4220,2026-02-04,YouTube,United Kingdom,Creator,2026-02
4221,2026-06-25,Referral,India,Creator,2026-06
4222,2026-03-25,TikTok,Germany,Creator,2026-03
4223,2026-02-25,YouTube,Other,Viewer,2026-02
4224,2026-06-26,Organic,Other,Viewer,2026-06
4225,2026-05-21,Paid Social,India,Viewer,2026-05
4226,2026-07-08,TikTok,India,Creator,2026-07
4227,2026-08-18,Referral,United States,Creator,2026-08
4228,2026-02-18,Paid Social,United States,Viewer,2026-02
4229,2026-02-15,Referral,United States,Creator,2026-02
4230,2026-04-23,Organic,United Kingdom,Creator,2026-04
4231,2026-07-09,YouTube,Germany,Viewer,2026-07
4232,2026-05-16,Organic,Other,Creator,2026-05
4233,2026-02-12,Organic,India,Viewer,2026-02
4234,2026-05-28,Organic,India,Creator,2026-05
4235,2026-05-04,Paid Social,India,Viewer,2026-05
4236,2026-04-07,Paid Social,United States,Creator,2026-04
4237,2026-03-31,Organic,United States,Creator,2026-03
4238,2026-02-08,Instagram,United States,Creator,2026-02
4239,2026-03-26,Paid Social,Other,Creator,2026-03
4240,2026-06-26,Instagram,United States,Creator,2026-06
4241,2026-07-11,TikTok,Nigeria,Viewer,2026-07
4242,2026-03-03,Instagram,Canada,Viewer,2026-03
4243,2026-04-16,Referral,Canada,Creator,2026-04
4244,2026-04-17,Instagram,Nigeria,Creator,2026-04
4245,2026-02-23,Referral,Other,Creator,2026-02
4246,2026-05-06,Instagram,United Kingdom,Creator,2026-05
4247,2026-08-21,Organic,Other,Viewer,2026-08
4248,2026-01-09,TikTok,United States,Creator,2026-01
4249,2026-03-29,Organic,India,Viewer,2026-03
4250,2026-02-06,Instagram,Germany,Creator,2026-02
4251,2026-02-18,Organic,United States,Creator,2026-02
4252,2026-02-10,Referral,United Kingdom,Viewer,2026-02
4253,2026-01-17,TikTok,Canada,Creator,2026-01
4254,2026-03-29,Referral,United States,Creator,2026-03
4255,2026-01-21,Paid Social,Nigeria,Creator,2026-01
4256,2026-02-20,Referral,Other,Creator,2026-02
4257,2026-02-28,Paid Social,Other,Creator,2026-02
4258,2026-06-16,X,Canada,Creator,2026-06
4259,2026-07-02,Organic,Canada,Creator,2026-07
4260,2026-02-10,Paid Social,Other,Creator,2026-02
4261,2026-02-08,Referral,Canada,Creator,2026-02
4262,2026-05-21,Referral,United States,Viewer,2026-05
4263,2026-07-11,YouTube,India,Creator,2026-07
4264,2026-01-11,X,United States,Creator,2026-01
4265,2026-05-27,Organic,India,Creator,2026-05
4266,2026-05-19,Referral,India,Creator,2026-05
4267,2026-03-18,Organic,Other,Creator,2026-03
4268,2026-05-07,Organic,United Kingdom,Viewer,2026-05
4269,2026-02-15,X,Germany,Creator,2026-02
4270,2026-02-14,Instagram,United Kingdom,Creator,2026-02
4271,2026-01-01,Organic,United States,Creator,2026-01
4272,2026-06-17,Referral,India,Creator,2026-06
4273,2026-04-18,Referral,Other,Creator,2026-04
4274,2026-01-19,YouTube,India,Creator,2026-01
4275,2026-03-17,Instagram,United Kingdom,Viewer,2026-03
4276,2026-03-13,Paid Social,India,Creator,2026-03
4277,2026-07-19,Organic,United States,Creator,2026-07
4278,2026-07-08,Referral,India,Viewer,2026-07
4279,2026-04-19,Organic,Nigeria,Viewer,2026-04
4280,2026-01-12,TikTok,Other,Viewer,2026-01
4281,2026-07-08,X,United Kingdom,Viewer,2026-07
4282,2026-06-10,Referral,United Kingdom,Viewer,2026-06
4283,2026-02-14,Organic,Other,Creator,2026-02
4284,2026-03-31,Organic,Canada,Creator,2026-03
4285,2026-04-13,Instagram,Other,Creator,2026-04
4286,2026-08-08,Instagram,United States,Creator,2026-08
4287,2026-07-16,YouTube,Other,Creator,2026-07
4288,2026-01-08,TikTok,United Kingdom,Viewer,2026-01
4289,2026-06-02,Instagram,India,Creator,2026-06
4290,2026-04-01,Organic,India,Viewer,2026-04
4291,2026-06-23,Organic,India,Viewer,2026-06
4292,2026-03-28,X,United States,Creator,2026-03
4293,2026-06-07,YouTube,Germany,Viewer,2026-06
4294,2026-06-24,Organic,Canada,Viewer,2026-06
4295,2026-08-03,Organic,Other,Creator,2026-08
4296,2026-06-26,X,Nigeria,Viewer,2026-06
4297,2026-06-24,Organic,Canada,Creator,2026-06
4298,2026-03-25,TikTok,India,Creator,2026-03
4299,2026-03-23,TikTok,United Kingdom,Creator,2026-03
4300,2026-05-26,Organic,United Kingdom,Viewer,2026-05
4301,2026-07-13,Organic,Germany,Viewer,2026-07
4302,2026-03-09,Referral,Nigeria,Creator,2026-03
4303,2026-08-10,YouTube,United Kingdom,Creator,2026-08
4304,2026-06-10,YouTube,India,Creator,2026-06
4305,2026-05-07,Instagram,Canada,Creator,2026-05
4306,2026-06-13,YouTube,Germany,Creator,2026-06
4307,2026-03-23,Paid Social,Nigeria,Viewer,2026-03
4308,2026-08-17,YouTube,India,Viewer,2026-08
4309,2026-05-27,Organic,United States,Creator,2026-05
4310,2026-06-05,X,United States,Creator,2026-06
4311,2026-06-17,Instagram,United Kingdom,Viewer,2026-06
4312,2026-03-25,X,United States,Viewer,2026-03
4313,2026-04-23,Instagram,Germany,Creator,2026-04
4314,2026-08-13,Referral,United States,Creator,2026-08
4315,2026-03-17,YouTube,India,Viewer,2026-03
4316,2026-05-02,Organic,Canada,Creator,2026-05
4317,2026-05-23,Organic,United Kingdom,Viewer,2026-05
4318,2026-02-10,TikTok,Germany,Viewer,2026-02
4319,2026-06-16,Organic,United States,Creator,2026-06
4320,2026-01-02,TikTok,India,Viewer,2026-01
4321,2026-07-10,TikTok,India,Creator,2026-07
4322,2026-01-29,TikTok,India,Creator,2026-01
4323,2026-04-15,Paid Social,Germany,Creator,2026-04
4324,2026-07-21,TikTok,United States,Creator,2026-07
4325,2026-07-13,Organic,Other,Creator,2026-07
4326,2026-02-20,Organic,Canada,Creator,2026-02
4327,2026-03-16,Instagram,United Kingdom,Creator,2026-03
4328,2026-07-24,Organic,Other,Creator,2026-07
4329,2026-01-10,X,United States,Viewer,2026-01
4330,2026-05-22,Organic,India,Creator,2026-05
4331,2026-07-29,X,Canada,Viewer,2026-07
4332,2026-02-20,Referral,India,Creator,2026-02
4333,2026-04-28,Organic,Other,Creator,2026-04
4334,2026-07-20,TikTok,Other,Creator,2026-07
4335,2026-05-01,Instagram,Other,Creator,2026-05
4336,2026-02-08,Referral,Other,Creator,2026-02
4337,2026-01-28,Instagram,United Kingdom,Creator,2026-01
4338,2026-01-03,X,United Kingdom,Creator,2026-01
4339,2026-03-25,Referral,India,Creator,2026-03
4340,2026-07-17,X,Canada,Creator,2026-07
4341,2026-06-04,TikTok,India,Viewer,2026-06
4342,2026-04-27,Organic,Germany,Creator,2026-04
4343,2026-01-02,YouTube,Other,Creator,2026-01
4344,2026-04-03,Referral,India,Creator,2026-04
4345,2026-06-15,Paid Social,India,Viewer,2026-06
4346,2026-05-11,Paid Social,Nigeria,Creator,2026-05
4347,2026-05-24,Referral,Canada,Creator,2026-05
4348,2026-04-04,YouTube,Canada,Viewer,2026-04
4349,2026-02-09,Referral,United Kingdom,Creator,2026-02
4350,2026-01-02,Instagram,Germany,Viewer,2026-01
4351,2026-03-22,X,India,Creator,2026-03
4352,2026-06-18,TikTok,United Kingdom,Viewer,2026-06
4353,2026-01-12,TikTok,United Kingdom,Viewer,2026-01
4354,2026-06-12,Referral,India,Creator,2026-06
4355,2026-08-23,Instagram,United States,Viewer,2026-08
4356,2026-03-06,Organic,Germany,Creator,2026-03
4357,2026-02-24,Organic,Other,Viewer,2026-02
4358,2026-02-14,Referral,United Kingdom,Creator,2026-02
4359,2026-07-26,YouTube,Other,Creator,2026-07
4360,2026-08-06,Instagram,India,Creator,2026-08
4361,2026-04-11,TikTok,Other,Creator,2026-04
4362,2026-08-01,Instagram,India,Creator,2026-08
4363,2026-03-03,Organic,Nigeria,Creator,2026-03
4364,2026-02-18,Instagram,United States,Creator,2026-02
4365,2026-05-07,Referral,Germany,Creator,2026-05
4366,2026-08-11,TikTok,India,Creator,2026-08
4367,2026-06-02,TikTok,India,Creator,2026-06
4368,2026-01-23,Organic,United States,Viewer,2026-01
4369,2026-06-01,Instagram,India,Creator,2026-06
4370,2026-02-07,Organic,United States,Creator,2026-02
4371,2026-01-28,X,United Kingdom,Creator,2026-01
4372,2026-01-21,Instagram,United States,Creator,2026-01
4373,2026-07-01,Referral,India,Viewer,2026-07
4374,2026-04-17,X,India,Creator,2026-04
4375,2026-05-26,TikTok,India,Creator,2026-05
4376,2026-06-13,Instagram,Nigeria,Viewer,2026-06
4377,2026-04-09,YouTube,United Kingdom,Creator,2026-04
4378,2026-06-22,Organic,United States,Creator,2026-06
4379,2026-04-29,X,India,Creator,2026-04
4380,2026-03-14,Paid Social,United Kingdom,Creator,2026-03
4381,2026-06-30,TikTok,Nigeria,Viewer,2026-06
4382,2026-08-18,X,United States,Viewer,2026-08
4383,2026-05-02,Referral,United States,Viewer,2026-05
4384,2026-01-30,Instagram,India,Viewer,2026-01
4385,2026-07-07,YouTube,India,Viewer,2026-07
4386,2026-04-18,TikTok,United States,Viewer,2026-04
4387,2026-04-08,TikTok,India,Creator,2026-04
4388,2026-02-01,YouTube,United States,Creator,2026-02
4389,2026-07-14,YouTube,United Kingdom,Creator,2026-07
4390,2026-07-14,Paid Social,Other,Creator,2026-07
4391,2026-06-05,Organic,United Kingdom,Creator,2026-06
4392,2026-06-21,Instagram,United Kingdom,Viewer,2026-06
4393,2026-03-20,Organic,United States,Creator,2026-03
4394,2026-02-10,Organic,India,Creator,2026-02
4395,2026-03-04,TikTok,United States,Creator,2026-03
4396,2026-01-23,TikTok,Nigeria,Creator,2026-01
4397,2026-04-14,Organic,Canada,Creator,2026-04
4398,2026-03-16,TikTok,Germany,Creator,2026-03
4399,2026-02-17,TikTok,India,Viewer,2026-02
4400,2026-06-09,Paid Social,India,Viewer,2026-06
4401,2026-02-26,Referral,Nigeria,Creator,2026-02
4402,2026-04-28,Organic,Nigeria,Creator,2026-04
4403,2026-04-10,Referral,India,Viewer,2026-04
4404,2026-05-04,YouTube,Nigeria,Creator,2026-05
4405,2026-06-10,Paid Social,United States,Creator,2026-06
4406,2026-06-01,TikTok,United Kingdom,Creator,2026-06
4407,2026-06-16,Instagram,United States,Creator,2026-06
4408,2026-02-03,Paid Social,Nigeria,Viewer,2026-02
4409,2026-07-03,Organic,Canada,Creator,2026-07
4410,2026-06-05,Paid Social,Other,Creator,2026-06
4411,2026-06-14,Referral,Other,Creator,2026-06
4412,2026-01-07,Paid Social,Nigeria,Viewer,2026-01
4413,2026-07-15,TikTok,Nigeria,Creator,2026-07
4414,2026-06-14,Organic,United States,Creator,2026-06
4415,2026-02-25,TikTok,India,Creator,2026-02
4416,2026-03-06,Paid Social,India,Viewer,2026-03
4417,2026-07-12,TikTok,India,Viewer,2026-07
4418,2026-02-16,X,United Kingdom,Viewer,2026-02
4419,2026-05-28,TikTok,United States,Creator,2026-05
4420,2026-01-19,TikTok,India,Creator,2026-01
4421,2026-06-06,Organic,United Kingdom,Viewer,2026-06
4422,2026-07-21,Instagram,United Kingdom,Viewer,2026-07
4423,2026-07-07,Referral,United Kingdom,Creator,2026-07
4424,2026-05-26,Organic,Nigeria,Creator,2026-05
4425,2026-08-08,Paid Social,India,Creator,2026-08
4426,2026-06-12,YouTube,India,Creator,2026-06
4427,2026-06-20,X,Germany,Viewer,2026-06
4428,2026-08-11,X,India,Creator,2026-08
4429,2026-08-07,TikTok,Nigeria,Viewer,2026-08
4430,2026-05-06,TikTok,Nigeria,Creator,2026-05
4431,2026-05-19,Referral,Other,Creator,2026-05
4432,2026-02-18,TikTok,Nigeria,Creator,2026-02
4433,2026-04-23,Instagram,Nigeria,Creator,2026-04
4434,2026-02-07,Organic,United States,Viewer,2026-02
4435,2026-03-05,Referral,Other,Creator,2026-03
4436,2026-03-10,TikTok,United Kingdom,Creator,2026-03
4437,2026-05-16,Instagram,India,Creator,2026-05
4438,2026-06-11,Organic,Nigeria,Creator,2026-06
4439,2026-06-25,Paid Social,United States,Creator,2026-06
4440,2026-04-26,TikTok,India,Creator,2026-04
4441,2026-07-03,YouTube,United States,Creator,2026-07
4442,2026-07-23,X,Canada,Creator,2026-07
4443,2026-08-18,Referral,Nigeria,Creator,2026-08
4444,2026-03-06,TikTok,United Kingdom,Creator,2026-03
4445,2026-01-31,Referral,United Kingdom,Creator,2026-01
4446,2026-05-12,TikTok,United Kingdom,Viewer,2026-05
4447,2026-04-23,TikTok,United States,Creator,2026-04
4448,2026-04-19,YouTube,United States,Creator,2026-04
4449,2026-06-27,Referral,India,Creator,2026-06
4450,2026-03-10,YouTube,India,Creator,2026-03
4451,2026-06-07,Paid Social,Other,Viewer,2026-06
4452,2026-04-30,TikTok,Germany,Viewer,2026-04
4453,2026-03-29,Paid Social,India,Creator,2026-03
4454,2026-07-06,Organic,United States,Creator,2026-07
4455,2026-03-08,YouTube,Other,Creator,2026-03
4456,2026-03-16,Instagram,India,Creator,2026-03
4457,2026-02-14,Instagram,Nigeria,Viewer,2026-02
4458,2026-01-04,TikTok,India,Creator,2026-01
4459,2026-06-03,Instagram,United Kingdom,Creator,2026-06
4460,2026-06-04,Organic,Other,Creator,2026-06
4461,2026-06-23,TikTok,Other,Viewer,2026-06
4462,2026-04-17,Organic,Nigeria,Viewer,2026-04
4463,2026-07-11,X,United Kingdom,Viewer,2026-07
4464,2026-08-07,Organic,Nigeria,Creator,2026-08
4465,2026-08-22,Organic,India,Viewer,2026-08
4466,2026-02-20,Organic,India,Creator,2026-02
4467,2026-02-19,TikTok,Other,Creator,2026-02
4468,2026-01-06,Referral,India,Creator,2026-01
4469,2026-02-28,Paid Social,United States,Viewer,2026-02
4470,2026-05-05,Organic,Nigeria,Creator,2026-05
4471,2026-05-23,YouTube,Other,Viewer,2026-05
4472,2026-01-30,YouTube,United Kingdom,Creator,2026-01
4473,2026-06-19,Instagram,United Kingdom,Viewer,2026-06
4474,2026-08-17,YouTube,Nigeria,Creator,2026-08
4475,2026-05-02,Organic,United Kingdom,Viewer,2026-05
4476,2026-05-05,Instagram,United Kingdom,Creator,2026-05
4477,2026-02-06,TikTok,Other,Creator,2026-02
4478,2026-06-19,Organic,Nigeria,Creator,2026-06
4479,2026-05-04,X,United States,Creator,2026-05
4480,2026-04-11,Instagram,Germany,Creator,2026-04
4481,2026-02-04,Organic,Canada,Creator,2026-02
4482,2026-03-28,Instagram,India,Creator,2026-03
4483,2026-05-14,Referral,India,Viewer,2026-05
4484,2026-07-15,Referral,Other,Creator,2026-07
4485,2026-01-18,YouTube,United States,Creator,2026-01
4486,2026-07-20,Instagram,Nigeria,Creator,2026-07
4487,2026-04-23,X,United States,Viewer,2026-04
4488,2026-01-29,TikTok,Nigeria,Viewer,2026-01
4489,2026-03-18,Organic,Canada,Creator,2026-03
4490,2026-02-28,TikTok,Nigeria,Viewer,2026-02
4491,2026-06-24,Instagram,United States,Creator,2026-06
4492,2026-05-06,X,India,Creator,2026-05
4493,2026-05-25,Paid Social,Other,Creator,2026-05
4494,2026-04-19,Referral,Other,Viewer,2026-04
4495,2026-08-12,Organic,Canada,Viewer,2026-08
4496,2026-01-22,Organic,United Kingdom,Viewer,2026-01
4497,2026-03-09,Organic,Nigeria,Creator,2026-03
4498,2026-03-10,Referral,Other,Creator,2026-03
4499,2026-06-14,YouTube,Canada,Creator,2026-06
4500,2026-08-21,Paid Social,Germany,Creator,2026-08
4501,2026-02-18,Instagram,United States,Creator,2026-02
4502,2026-05-21,Referral,United States,Viewer,2026-05
4503,2026-06-11,X,United Kingdom,Creator,2026-06
4504,2026-04-19,Referral,United States,Creator,2026-04
4505,2026-03-27,YouTube,Nigeria,Creator,2026-03
4506,2026-02-22,YouTube,United Kingdom,Viewer,2026-02
4507,2026-05-03,X,United States,Creator,2026-05
4508,2026-03-28,YouTube,Canada,Creator,2026-03
4509,2026-06-28,TikTok,India,Creator,2026-06
4510,2026-05-11,Organic,United Kingdom,Creator,2026-05
4511,2026-02-11,Organic,India,Creator,2026-02
4512,2026-04-08,Instagram,Other,Creator,2026-04
4513,2026-06-09,X,United States,Creator,2026-06
4514,2026-04-19,Organic,Canada,Creator,2026-04
4515,2026-02-20,TikTok,Nigeria,Viewer,2026-02
4516,2026-03-26,TikTok,India,Viewer,2026-03
4517,2026-06-23,X,Nigeria,Creator,2026-06
4518,2026-05-07,Organic,Other,Viewer,2026-05
4519,2026-08-24,Organic,India,Viewer,2026-08
4520,2026-01-21,Organic,United States,Creator,2026-01
4521,2026-02-13,Organic,United States,Creator,2026-02
4522,2026-05-19,Referral,India,Creator,2026-05
4523,2026-04-13,TikTok,Other,Viewer,2026-04
4524,2026-03-09,YouTube,United States,Creator,2026-03
4525,2026-05-09,X,United Kingdom,Creator,2026-05
4526,2026-04-02,Paid Social,India,Creator,2026-04
4527,2026-07-10,Organic,India,Creator,2026-07
4528,2026-01-24,Organic,India,Viewer,2026-01
4529,2026-05-05,Organic,United States,Viewer,2026-05
4530,2026-08-15,Organic,Nigeria,Creator,2026-08
4531,2026-05-21,YouTube,India,Creator,2026-05
4532,2026-04-21,Organic,Germany,Creator,2026-04
4533,2026-04-08,Organic,Nigeria,Creator,2026-04
4534,2026-05-19,Referral,India,Creator,2026-05
4535,2026-08-16,X,India,Viewer,2026-08
4536,2026-06-28,Organic,India,Creator,2026-06
4537,2026-01-17,Organic,India,Creator,2026-01
4538,2026-04-09,Organic,Nigeria,Creator,2026-04
4539,2026-03-23,Paid Social,Other,Creator,2026-03
4540,2026-04-14,Referral,Other,Creator,2026-04
4541,2026-08-02,Referral,Germany,Creator,2026-08
4542,2026-06-01,Paid Social,United States,Creator,2026-06
4543,2026-01-19,Instagram,United States,Viewer,2026-01
4544,2026-06-14,Organic,Other,Creator,2026-06
4545,2026-08-19,TikTok,United Kingdom,Creator,2026-08
4546,2026-03-26,YouTube,United States,Viewer,2026-03
4547,2026-01-08,Referral,United States,Creator,2026-01
4548,2026-01-28,Instagram,United States,Creator,2026-01
4549,2026-01-05,Instagram,United Kingdom,Creator,2026-01
4550,2026-05-25,Paid Social,Other,Viewer,2026-05
4551,2026-04-11,Organic,India,Creator,2026-04
4552,2026-06-13,Referral,India,Creator,2026-06
4553,2026-04-28,Organic,United States,Creator,2026-04
4554,2026-05-27,Instagram,India,Creator,2026-05
4555,2026-03-05,Organic,Nigeria,Creator,2026-03
4556,2026-04-01,X,United Kingdom,Viewer,2026-04
4557,2026-04-27,X,United States,Creator,2026-04
4558,2026-04-08,TikTok,United Kingdom,Creator,2026-04
4559,2026-01-11,Referral,United States,Creator,2026-01
4560,2026-02-23,YouTube,United Kingdom,Creator,2026-02
4561,2026-06-22,YouTube,United Kingdom,Creator,2026-06
4562,2026-02-16,Organic,India,Creator,2026-02
4563,2026-05-20,Paid Social,United Kingdom,Viewer,2026-05
4564,2026-05-29,Organic,United States,Viewer,2026-05
4565,2026-05-19,Organic,United States,Creator,2026-05
4566,2026-08-19,Organic,United States,Creator,2026-08
4567,2026-08-08,Instagram,United States,Creator,2026-08
4568,2026-01-05,Paid Social,Canada,Viewer,2026-01
4569,2026-07-28,Organic,India,Viewer,2026-07
4570,2026-07-03,TikTok,United Kingdom,Creator,2026-07
4571,2026-01-20,Referral,Other,Creator,2026-01
4572,2026-06-18,X,United States,Viewer,2026-06
4573,2026-02-15,Referral,India,Creator,2026-02
4574,2026-01-12,Organic,India,Viewer,2026-01
4575,2026-03-11,YouTube,India,Viewer,2026-03
4576,2026-01-17,Organic,India,Viewer,2026-01
4577,2026-04-25,Paid Social,Canada,Creator,2026-04
4578,2026-05-27,X,United States,Creator,2026-05
4579,2026-06-03,YouTube,United Kingdom,Creator,2026-06
4580,2026-02-17,Organic,India,Viewer,2026-02
4581,2026-04-18,Organic,United States,Creator,2026-04
4582,2026-08-24,Organic,India,Creator,2026-08
4583,2026-02-21,TikTok,India,Creator,2026-02
4584,2026-04-06,TikTok,India,Creator,2026-04
4585,2026-03-11,Referral,United Kingdom,Viewer,2026-03
4586,2026-07-02,Organic,United Kingdom,Viewer,2026-07
4587,2026-08-16,Referral,India,Viewer,2026-08
4588,2026-04-12,Organic,Canada,Viewer,2026-04
4589,2026-03-16,Organic,India,Creator,2026-03
4590,2026-06-10,Referral,United States,Creator,2026-06
4591,2026-07-09,Referral,Germany,Creator,2026-07
4592,2026-08-04,Instagram,Other,Creator,2026-08
4593,2026-05-31,Organic,Germany,Creator,2026-05
4594,2026-05-23,X,India,Viewer,2026-05
4595,2026-06-04,TikTok,Other,Creator,2026-06
4596,2026-07-22,TikTok,United Kingdom,Viewer,2026-07
4597,2026-07-11,YouTube,Nigeria,Viewer,2026-07
4598,2026-07-28,Instagram,Other,Creator,2026-07
4599,2026-06-28,Organic,Germany,Creator,2026-06
4600,2026-06-30,Paid Social,United Kingdom,Viewer,2026-06
4601,2026-07-25,Referral,Germany,Creator,2026-07
4602,2026-08-07,Organic,United States,Viewer,2026-08
4603,2026-03-23,Instagram,United Kingdom,Creator,2026-03
4604,2026-04-02,Organic,India,Viewer,2026-04
4605,2026-06-28,Referral,Other,Viewer,2026-06
4606,2026-06-24,X,Nigeria,Creator,2026-06
4607,2026-01-04,Organic,Germany,Creator,2026-01
4608,2026-05-15,Organic,United States,Creator,2026-05
4609,2026-04-19,Organic,Canada,Creator,2026-04
4610,2026-06-12,Instagram,United States,Viewer,2026-06
4611,2026-02-17,Referral,Nigeria,Creator,2026-02
4612,2026-03-14,Organic,Canada,Viewer,2026-03
4613,2026-03-13,Organic,India,Viewer,2026-03
4614,2026-04-26,TikTok,United States,Viewer,2026-04
4615,2026-06-22,Organic,Nigeria,Creator,2026-06
4616,2026-03-22,TikTok,United States,Creator,2026-03
4617,2026-03-22,X,United States,Viewer,2026-03
4618,2026-04-23,YouTube,United States,Viewer,2026-04
4619,2026-08-13,Paid Social,India,Creator,2026-08
4620,2026-04-06,Paid Social,Germany,Creator,2026-04
4621,2026-03-13,X,Other,Creator,2026-03
4622,2026-05-27,Referral,United Kingdom,Viewer,2026-05
4623,2026-03-04,Paid Social,India,Viewer,2026-03
4624,2026-02-07,Organic,Canada,Creator,2026-02
4625,2026-03-08,Organic,Nigeria,Creator,2026-03
4626,2026-07-06,Organic,Canada,Creator,2026-07
4627,2026-03-10,X,United States,Viewer,2026-03
4628,2026-01-13,Referral,India,Viewer,2026-01
4629,2026-06-24,TikTok,United Kingdom,Viewer,2026-06
4630,2026-07-08,Instagram,United States,Creator,2026-07
4631,2026-01-31,Instagram,Other,Creator,2026-01
4632,2026-07-27,Organic,Canada,Viewer,2026-07
4633,2026-04-24,TikTok,United States,Viewer,2026-04
4634,2026-08-12,Organic,Canada,Creator,2026-08
4635,2026-01-22,Organic,Nigeria,Creator,2026-01
4636,2026-04-03,Referral,India,Creator,2026-04
4637,2026-08-02,Referral,United States,Creator,2026-08
4638,2026-06-20,Referral,India,Creator,2026-06
4639,2026-03-08,YouTube,India,Creator,2026-03
4640,2026-02-23,Referral,India,Creator,2026-02
4641,2026-05-18,YouTube,India,Viewer,2026-05
4642,2026-02-11,YouTube,India,Creator,2026-02
4643,2026-03-05,YouTube,Canada,Creator,2026-03
4644,2026-05-06,Instagram,India,Creator,2026-05
4645,2026-01-21,TikTok,United States,Viewer,2026-01
4646,2026-07-27,Referral,United States,Creator,2026-07
4647,2026-07-23,TikTok,India,Viewer,2026-07
4648,2026-07-13,Instagram,Other,Viewer,2026-07
4649,2026-06-18,Instagram,United Kingdom,Creator,2026-06
4650,2026-06-01,Organic,Germany,Viewer,2026-06
4651,2026-02-04,Paid Social,Nigeria,Creator,2026-02
4652,2026-07-03,Organic,Canada,Creator,2026-07
4653,2026-01-30,TikTok,Other,Viewer,2026-01
4654,2026-02-26,Organic,United States,Viewer,2026-02
4655,2026-08-10,Referral,Nigeria,Viewer,2026-08
4656,2026-02-16,X,Nigeria,Viewer,2026-02
4657,2026-06-12,X,Other,Creator,2026-06
4658,2026-01-19,Referral,India,Creator,2026-01
4659,2026-04-24,TikTok,United Kingdom,Viewer,2026-04
4660,2026-01-08,Organic,India,Viewer,2026-01
4661,2026-01-26,Organic,Other,Creator,2026-01
4662,2026-04-23,Referral,Nigeria,Creator,2026-04
4663,2026-08-20,X,Germany,Creator,2026-08
4664,2026-03-12,Organic,Other,Creator,2026-03
4665,2026-01-30,Organic,Nigeria,Creator,2026-01
4666,2026-05-15,Organic,United Kingdom,Creator,2026-05
4667,2026-03-08,X,United Kingdom,Creator,2026-03
4668,2026-03-06,Organic,United States,Creator,2026-03
4669,2026-02-05,Organic,United States,Creator,2026-02
4670,2026-01-25,TikTok,India,Creator,2026-01
4671,2026-02-06,YouTube,United States,Creator,2026-02
4672,2026-01-01,YouTube,Other,Viewer,2026-01
4673,2026-05-23,Instagram,India,Viewer,2026-05
4674,2026-02-06,YouTube,Canada,Creator,2026-02
4675,2026-05-21,Instagram,India,Viewer,2026-05
4676,2026-08-20,Paid Social,United States,Creator,2026-08
4677,2026-05-16,Organic,India,Creator,2026-05
4678,2026-05-13,X,United States,Viewer,2026-05
4679,2026-07-07,Instagram,India,Viewer,2026-07
4680,2026-05-08,Organic,United Kingdom,Creator,2026-05
4681,2026-07-20,Referral,Nigeria,Creator,2026-07
4682,2026-05-07,Organic,Canada,Creator,2026-05
4683,2026-01-01,TikTok,Nigeria,Creator,2026-01
4684,2026-06-13,TikTok,Other,Creator,2026-06
4685,2026-02-04,Organic,Canada,Creator,2026-02
4686,2026-07-13,Instagram,India,Creator,2026-07
4687,2026-07-10,Instagram,India,Creator,2026-07
4688,2026-04-14,Referral,India,Creator,2026-04
4689,2026-01-23,Referral,United States,Creator,2026-01
4690,2026-01-09,Organic,Nigeria,Creator,2026-01
4691,2026-02-03,X,Other,Creator,2026-02
4692,2026-06-23,Paid Social,Nigeria,Viewer,2026-06
4693,2026-07-25,Organic,Canada,Creator,2026-07
4694,2026-05-08,Instagram,India,Creator,2026-05
4695,2026-01-04,Referral,India,Creator,2026-01
4696,2026-06-07,X,Germany,Creator,2026-06
4697,2026-08-11,Organic,India,Creator,2026-08
4698,2026-04-12,TikTok,Other,Creator,2026-04
4699,2026-03-16,Instagram,India,Creator,2026-03
4700,2026-04-09,Paid Social,Germany,Creator,2026-04
4701,2026-03-13,Organic,Canada,Creator,2026-03
4702,2026-01-03,Paid Social,United Kingdom,Creator,2026-01
4703,2026-05-22,TikTok,Germany,Viewer,2026-05
4704,2026-07-07,Organic,United States,Creator,2026-07
4705,2026-07-24,TikTok,India,Viewer,2026-07
4706,2026-06-22,X,India,Creator,2026-06
4707,2026-08-12,Organic,India,Creator,2026-08
4708,2026-02-03,TikTok,United States,Creator,2026-02
4709,2026-02-14,Referral,Other,Creator,2026-02
4710,2026-03-02,Paid Social,India,Creator,2026-03
4711,2026-03-24,TikTok,Other,Creator,2026-03
4712,2026-05-03,Organic,Other,Creator,2026-05
4713,2026-04-12,Referral,Canada,Creator,2026-04
4714,2026-01-16,X,Other,Creator,2026-01
4715,2026-03-07,Organic,Canada,Creator,2026-03
4716,2026-06-17,Paid Social,Nigeria,Viewer,2026-06
4717,2026-05-25,Organic,United Kingdom,Viewer,2026-05
4718,2026-04-29,X,United Kingdom,Viewer,2026-04
4719,2026-06-11,TikTok,India,Creator,2026-06
4720,2026-08-22,X,India,Creator,2026-08
4721,2026-05-04,Organic,Nigeria,Creator,2026-05
4722,2026-05-24,YouTube,India,Viewer,2026-05
4723,2026-04-12,Paid Social,Other,Viewer,2026-04
4724,2026-07-07,Instagram,Nigeria,Creator,2026-07
4725,2026-03-07,Instagram,United States,Viewer,2026-03
4726,2026-07-13,Organic,India,Viewer,2026-07
4727,2026-08-06,Paid Social,United States,Creator,2026-08
4728,2026-01-13,Paid Social,United States,Viewer,2026-01
4729,2026-07-03,Referral,India,Creator,2026-07
4730,2026-04-21,Instagram,Other,Creator,2026-04
4731,2026-06-08,Paid Social,India,Creator,2026-06
4732,2026-02-03,Organic,United Kingdom,Creator,2026-02
4733,2026-02-08,Instagram,India,Viewer,2026-02
4734,2026-07-14,Instagram,Other,Viewer,2026-07
4735,2026-05-16,Instagram,Nigeria,Creator,2026-05
4736,2026-08-03,Referral,United Kingdom,Creator,2026-08
4737,2026-07-25,YouTube,Canada,Creator,2026-07
4738,2026-04-30,Organic,United Kingdom,Creator,2026-04
4739,2026-05-06,TikTok,India,Creator,2026-05
4740,2026-02-24,TikTok,United States,Creator,2026-02
4741,2026-01-27,X,India,Creator,2026-01
4742,2026-04-28,TikTok,Nigeria,Viewer,2026-04
4743,2026-08-09,Organic,United States,Creator,2026-08
4744,2026-08-19,YouTube,Germany,Creator,2026-08
4745,2026-02-22,Referral,India,Creator,2026-02
4746,2026-02-08,Paid Social,India,Creator,2026-02
4747,2026-03-06,Paid Social,Other,Viewer,2026-03
4748,2026-05-25,Referral,Other,Creator,2026-05
4749,2026-08-21,Organic,Other,Creator,2026-08
4750,2026-06-07,Referral,Nigeria,Creator,2026-06
4751,2026-06-30,TikTok,India,Viewer,2026-06
4752,2026-01-13,YouTube,Other,Creator,2026-01
4753,2026-01-21,Instagram,India,Creator,2026-01
4754,2026-05-27,Referral,India,Creator,2026-05
4755,2026-02-22,TikTok,India,Viewer,2026-02
4756,2026-01-19,Organic,United Kingdom,Creator,2026-01
4757,2026-02-26,X,India,Creator,2026-02
4758,2026-01-25,Organic,Canada,Creator,2026-01
4759,2026-08-02,Paid Social,India,Creator,2026-08
4760,2026-01-31,Instagram,India,Creator,2026-01
4761,2026-03-22,X,United States,Creator,2026-03
4762,2026-07-02,Paid Social,United States,Creator,2026-07
4763,2026-01-23,X,Other,Viewer,2026-01
4764,2026-02-01,TikTok,Other,Viewer,2026-02
4765,2026-07-09,TikTok,India,Creator,2026-07
4766,2026-03-15,Instagram,Other,Creator,2026-03
4767,2026-01-10,Referral,United Kingdom,Viewer,2026-01
4768,2026-08-16,Referral,United States,Creator,2026-08
4769,2026-07-19,Paid Social,Canada,Viewer,2026-07
4770,2026-02-23,Organic,Other,Viewer,2026-02
4771,2026-02-21,Organic,India,Creator,2026-02
4772,2026-05-28,Organic,India,Creator,2026-05
4773,2026-06-09,Referral,United States,Creator,2026-06
4774,2026-04-24,Organic,India,Viewer,2026-04
4775,2026-01-14,Organic,United States,Viewer,2026-01
4776,2026-06-27,X,United Kingdom,Creator,2026-06
4777,2026-06-05,TikTok,Germany,Viewer,2026-06
4778,2026-04-20,YouTube,United States,Creator,2026-04
4779,2026-02-22,Instagram,United States,Creator,2026-02
4780,2026-06-01,TikTok,Canada,Creator,2026-06
4781,2026-03-20,TikTok,United States,Creator,2026-03
4782,2026-01-22,Referral,Germany,Creator,2026-01
4783,2026-01-30,TikTok,Other,Creator,2026-01
4784,2026-07-10,TikTok,Other,Creator,2026-07
4785,2026-01-04,TikTok,United Kingdom,Creator,2026-01
4786,2026-07-24,Organic,United States,Viewer,2026-07
4787,2026-02-28,Referral,India,Creator,2026-02
4788,2026-08-03,Organic,Canada,Creator,2026-08
4789,2026-01-08,Paid Social,Other,Creator,2026-01
4790,2026-07-29,TikTok,India,Creator,2026-07
4791,2026-01-12,Paid Social,India,Viewer,2026-01
4792,2026-04-29,Referral,Germany,Creator,2026-04
4793,2026-06-08,X,India,Creator,2026-06
4794,2026-07-25,YouTube,India,Creator,2026-07
4795,2026-02-03,TikTok,Other,Viewer,2026-02
4796,2026-03-23,X,India,Creator,2026-03
4797,2026-04-08,TikTok,India,Creator,2026-04
4798,2026-05-07,TikTok,Nigeria,Creator,2026-05
4799,2026-03-16,Referral,Canada,Creator,2026-03
4800,2026-04-15,Organic,United States,Creator,2026-04
4801,2026-07-23,Referral,United States,Creator,2026-07
4802,2026-02-18,TikTok,United Kingdom,Creator,2026-02
4803,2026-03-20,Instagram,Nigeria,Creator,2026-03
4804,2026-07-04,Paid Social,India,Creator,2026-07
4805,2026-08-11,YouTube,India,Creator,2026-08
4806,2026-04-03,YouTube,Nigeria,Creator,2026-04
4807,2026-06-03,YouTube,Canada,Creator,2026-06
4808,2026-01-18,Paid Social,Canada,Creator,2026-01
4809,2026-04-06,Organic,Canada,Viewer,2026-04
4810,2026-08-02,X,Canada,Viewer,2026-08
4811,2026-02-07,TikTok,India,Viewer,2026-02
4812,2026-07-28,Organic,Other,Viewer,2026-07
4813,2026-03-28,Organic,Other,Creator,2026-03
4814,2026-03-29,TikTok,Nigeria,Viewer,2026-03
4815,2026-02-19,X,India,Viewer,2026-02
4816,2026-01-08,Paid Social,Nigeria,Viewer,2026-01
4817,2026-06-18,Referral,Nigeria,Creator,2026-06
4818,2026-05-14,X,India,Creator,2026-05
4819,2026-03-10,Organic,United Kingdom,Creator,2026-03
4820,2026-06-21,TikTok,Canada,Viewer,2026-06
4821,2026-05-01,TikTok,Germany,Viewer,2026-05
4822,2026-03-05,X,India,Viewer,2026-03
4823,2026-06-06,Organic,India,Viewer,2026-06
4824,2026-06-05,Instagram,United Kingdom,Creator,2026-06
4825,2026-05-19,Paid Social,Germany,Viewer,2026-05
4826,2026-05-01,YouTube,Nigeria,Viewer,2026-05
4827,2026-03-06,Referral,United Kingdom,Viewer,2026-03
4828,2026-04-17,YouTube,India,Creator,2026-04
4829,2026-05-27,Organic,United Kingdom,Creator,2026-05
4830,2026-05-17,Organic,Other,Creator,2026-05
4831,2026-06-04,Referral,United Kingdom,Creator,2026-06
4832,2026-06-11,YouTube,Other,Creator,2026-06
4833,2026-06-21,X,Nigeria,Creator,2026-06
4834,2026-07-15,Organic,Germany,Viewer,2026-07
4835,2026-04-10,X,India,Creator,2026-04
4836,2026-03-23,Organic,India,Viewer,2026-03
4837,2026-05-23,Organic,India,Creator,2026-05
4838,2026-02-20,TikTok,Nigeria,Creator,2026-02
4839,2026-05-21,Instagram,United States,Creator,2026-05
4840,2026-03-24,Organic,United Kingdom,Creator,2026-03
4841,2026-06-26,Organic,Other,Viewer,2026-06
4842,2026-07-17,YouTube,United Kingdom,Creator,2026-07
4843,2026-04-22,X,India,Creator,2026-04
4844,2026-02-25,Instagram,Other,Creator,2026-02
4845,2026-07-23,Instagram,Nigeria,Viewer,2026-07
4846,2026-06-28,Paid Social,United Kingdom,Creator,2026-06
4847,2026-06-14,Organic,Other,Viewer,2026-06
4848,2026-05-25,Organic,Other,Creator,2026-05
4849,2026-07-05,YouTube,Nigeria,Viewer,2026-07
4850,2026-08-03,Organic,Germany,Creator,2026-08
4851,2026-08-06,X,Nigeria,Creator,2026-08
4852,2026-06-06,X,Nigeria,Creator,2026-06
4853,2026-06-10,Paid Social,Nigeria,Creator,2026-06
4854,2026-03-01,Paid Social,Nigeria,Viewer,2026-03
4855,2026-08-07,Paid Social,United States,Creator,2026-08
4856,2026-08-05,Organic,Canada,Creator,2026-08
4857,2026-04-30,Referral,India,Creator,2026-04
4858,2026-07-02,Organic,United Kingdom,Viewer,2026-07
4859,2026-05-18,YouTube,United Kingdom,Viewer,2026-05
4860,2026-06-24,YouTube,Other,Viewer,2026-06
4861,2026-01-23,Organic,United States,Creator,2026-01
4862,2026-08-01,YouTube,Other,Viewer,2026-08
4863,2026-05-29,Organic,Other,Creator,2026-05
4864,2026-08-23,TikTok,United Kingdom,Creator,2026-08
4865,2026-01-13,Paid Social,Canada,Creator,2026-01
4866,2026-04-11,Organic,United States,Viewer,2026-04
4867,2026-06-10,Organic,Other,Creator,2026-06
4868,2026-01-24,Instagram,United Kingdom,Creator,2026-01
4869,2026-04-18,Referral,United States,Creator,2026-04
4870,2026-01-11,Organic,United States,Viewer,2026-01
4871,2026-01-17,TikTok,United Kingdom,Creator,2026-01
4872,2026-07-15,Paid Social,India,Viewer,2026-07
4873,2026-06-24,Organic,Canada,Creator,2026-06
4874,2026-01-25,TikTok,India,Creator,2026-01
4875,2026-04-04,Referral,Nigeria,Viewer,2026-04
4876,2026-07-20,Instagram,United Kingdom,Creator,2026-07
4877,2026-01-21,Referral,Germany,Viewer,2026-01
4878,2026-03-25,Organic,Canada,Creator,2026-03
4879,2026-07-30,Paid Social,Canada,Viewer,2026-07
4880,2026-07-30,Paid Social,Other,Viewer,2026-07
4881,2026-05-20,Organic,Nigeria,Creator,2026-05
4882,2026-02-06,Organic,Germany,Creator,2026-02
4883,2026-02-11,Paid Social,India,Viewer,2026-02
4884,2026-05-25,Instagram,Germany,Creator,2026-05
4885,2026-04-11,X,India,Creator,2026-04
4886,2026-02-17,X,Other,Creator,2026-02
4887,2026-04-13,Referral,United States,Creator,2026-04
4888,2026-01-28,Referral,India,Creator,2026-01
4889,2026-02-10,Organic,India,Viewer,2026-02
4890,2026-04-09,Organic,India,Creator,2026-04
4891,2026-02-16,Referral,United States,Viewer,2026-02
4892,2026-05-26,Referral,Nigeria,Viewer,2026-05
4893,2026-07-25,X,Other,Creator,2026-07
4894,2026-08-15,Paid Social,United States,Viewer,2026-08
4895,2026-08-24,Referral,India,Viewer,2026-08
4896,2026-04-15,Organic,Canada,Creator,2026-04
4897,2026-05-04,Referral,India,Viewer,2026-05
4898,2026-07-18,TikTok,Other,Creator,2026-07
4899,2026-08-21,Organic,United States,Viewer,2026-08
4900,2026-01-13,TikTok,United Kingdom,Viewer,2026-01
4901,2026-07-29,Referral,India,Creator,2026-07
4902,2026-08-17,Paid Social,India,Creator,2026-08
4903,2026-05-21,Organic,Canada,Creator,2026-05
4904,2026-04-10,Organic,United States,Creator,2026-04
4905,2026-01-31,X,Other,Creator,2026-01
4906,2026-05-10,Referral,Nigeria,Viewer,2026-05
4907,2026-01-16,Referral,Germany,Viewer,2026-01
4908,2026-05-17,X,Other,Viewer,2026-05
4909,2026-03-14,YouTube,United States,Creator,2026-03
4910,2026-06-15,Organic,Germany,Creator,2026-06
4911,2026-07-22,Instagram,India,Creator,2026-07
4912,2026-02-23,Organic,United Kingdom,Creator,2026-02
4913,2026-07-03,Paid Social,Canada,Creator,2026-07
4914,2026-08-02,Organic,United States,Creator,2026-08
4915,2026-08-13,YouTube,India,Viewer,2026-08
4916,2026-04-10,Organic,United Kingdom,Viewer,2026-04
4917,2026-04-19,Instagram,Other,Creator,2026-04
4918,2026-03-28,TikTok,Other,Viewer,2026-03
4919,2026-06-22,TikTok,Canada,Creator,2026-06
4920,2026-06-11,Organic,India,Creator,2026-06
4921,2026-05-17,Referral,Other,Viewer,2026-05
4922,2026-08-04,TikTok,Other,Creator,2026-08
4923,2026-01-08,YouTube,United States,Creator,2026-01
4924,2026-01-07,Instagram,India,Creator,2026-01
4925,2026-02-05,Instagram,Other,Creator,2026-02
4926,2026-01-18,Instagram,Other,Creator,2026-01
4927,2026-01-03,Paid Social,India,Creator,2026-01
4928,2026-01-28,TikTok,Other,Viewer,2026-01
4929,2026-03-11,Organic,Nigeria,Creator,2026-03
4930,2026-08-24,Paid Social,Other,Creator,2026-08
4931,2026-06-21,Organic,United States,Viewer,2026-06
4932,2026-05-29,Referral,Nigeria,Viewer,2026-05
4933,2026-01-28,Organic,India,Creator,2026-01
4934,2026-08-20,YouTube,Other,Creator,2026-08
4935,2026-02-23,Organic,United States,Creator,2026-02
4936,2026-07-01,Paid Social,Germany,Creator,2026-07
4937,2026-03-06,X,India,Viewer,2026-03
4938,2026-04-10,TikTok,Canada,Viewer,2026-04
4939,2026-01-21,Organic,Nigeria,Creator,2026-01
4940,2026-08-23,TikTok,India,Creator,2026-08
4941,2026-08-15,YouTube,India,Creator,2026-08
4942,2026-01-13,TikTok,India,Creator,2026-01
4943,2026-02-26,Organic,Canada,Creator,2026-02
4944,2026-02-18,X,United States,Viewer,2026-02
4945,2026-04-28,TikTok,India,Creator,2026-04
4946,2026-02-23,Organic,India,Creator,2026-02
4947,2026-05-18,Organic,Nigeria,Creator,2026-05
4948,2026-02-22,YouTube,India,Viewer,2026-02
4949,2026-02-13,Paid Social,United States,Viewer,2026-02
4950,2026-02-16,Organic,United Kingdom,Viewer,2026-02
4951,2026-02-22,Referral,Nigeria,Creator,2026-02
4952,2026-03-15,Organic,Nigeria,Creator,2026-03
4953,2026-02-15,TikTok,United States,Creator,2026-02
4954,2026-01-13,Instagram,India,Viewer,2026-01
4955,2026-06-14,Organic,Germany,Creator,2026-06
4956,2026-04-12,Instagram,Other,Viewer,2026-04
4957,2026-01-24,Paid Social,Nigeria,Viewer,2026-01
4958,2026-01-02,Paid Social,United States,Creator,2026-01
4959,2026-08-02,Organic,Nigeria,Creator,2026-08
4960,2026-03-22,Organic,Other,Viewer,2026-03
4961,2026-04-10,Paid Social,United Kingdom,Creator,2026-04
4962,2026-05-22,Organic,Germany,Creator,2026-05
4963,2026-05-18,YouTube,United States,Creator,2026-05
4964,2026-06-12,Organic,United Kingdom,Viewer,2026-06
4965,2026-06-02,TikTok,United Kingdom,Viewer,2026-06
4966,2026-05-11,Organic,Nigeria,Creator,2026-05
4967,2026-04-21,Referral,Nigeria,Viewer,2026-04
4968,2026-04-12,Paid Social,Nigeria,Creator,2026-04
4969,2026-01-17,TikTok,Germany,Creator,2026-01
4970,2026-01-12,Referral,Other,Creator,2026-01
4971,2026-07-01,TikTok,India,Viewer,2026-07
4972,2026-04-26,Organic,Nigeria,Creator,2026-04
4973,2026-01-24,Referral,Other,Creator,2026-01
4974,2026-01-29,X,India,Viewer,2026-01
4975,2026-06-20,Organic,United States,Creator,2026-06
4976,2026-06-02,Organic,India,Viewer,2026-06
4977,2026-08-16,Paid Social,India,Creator,2026-08
4978,2026-05-02,Referral,Other,Viewer,2026-05
4979,2026-07-07,Referral,United States,Creator,2026-07
4980,2026-03-31,Organic,United Kingdom,Viewer,2026-03
4981,2026-08-18,Referral,India,Creator,2026-08
4982,2026-03-06,Organic,India,Creator,2026-03
4983,2026-03-25,Paid Social,Other,Viewer,2026-03
4984,2026-04-29,Organic,Nigeria,Viewer,2026-04
4985,2026-06-05,TikTok,India,Creator,2026-06
4986,2026-01-16,TikTok,Other,Creator,2026-01
4987,2026-06-24,Referral,Nigeria,Creator,2026-06
4988,2026-07-28,Referral,United States,Viewer,2026-07
4989,2026-04-14,TikTok,United Kingdom,Viewer,2026-04
4990,2026-04-02,X,India,Creator,2026-04
4991,2026-07-05,Referral,Nigeria,Creator,2026-07
4992,2026-07-23,Organic,United Kingdom,Creator,2026-07
4993,2026-01-27,Referral,United States,Viewer,2026-01
4994,2026-06-30,Paid Social,Canada,Creator,2026-06
4995,2026-06-19,Organic,United States,Creator,2026-06
4996,2026-07-06,Organic,United Kingdom,Creator,2026-07
4997,2026-06-24,TikTok,India,Viewer,2026-06
4998,2026-08-10,Organic,Other,Creator,2026-08
4999,2026-08-21,Instagram,Other,Viewer,2026-08
5000,2026-06-11,YouTube,India,Viewer,2026-06
5001,2026-06-14,X,Other,Viewer,2026-06
5002,2026-05-14,Organic,Nigeria,Creator,2026-05
5003,2026-05-15,YouTube,United Kingdom,Viewer,2026-05
5004,2026-08-12,YouTube,Germany,Creator,2026-08
5005,2026-08-12,Paid Social,India,Creator,2026-08
5006,2026-06-02,Organic,India,Viewer,2026-06
5007,2026-02-02,YouTube,United States,Viewer,2026-02
5008,2026-02-24,Paid Social,United States,Creator,2026-02
5009,2026-07-05,Instagram,United States,Creator,2026-07
5010,2026-01-07,TikTok,Nigeria,Creator,2026-01
5011,2026-02-26,Organic,India,Creator,2026-02
5012,2026-05-06,Referral,United Kingdom,Creator,2026-05
5013,2026-01-12,TikTok,India,Viewer,2026-01
5014,2026-01-16,Paid Social,United States,Viewer,2026-01
5015,2026-07-27,Referral,India,Viewer,2026-07
5016,2026-02-12,TikTok,Canada,Creator,2026-02
5017,2026-04-27,X,Other,Creator,2026-04
5018,2026-08-16,Organic,India,Viewer,2026-08
5019,2026-07-24,Organic,Canada,Creator,2026-07
5020,2026-05-15,YouTube,Other,Viewer,2026-05
5021,2026-08-16,YouTube,Other,Creator,2026-08
5022,2026-04-21,TikTok,Nigeria,Creator,2026-04
5023,2026-02-20,Referral,United States,Creator,2026-02
5024,2026-07-20,Organic,United States,Creator,2026-07
5025,2026-06-09,Instagram,United States,Creator,2026-06
5026,2026-03-16,Instagram,United Kingdom,Viewer,2026-03
5027,2026-01-08,TikTok,Nigeria,Viewer,2026-01
5028,2026-08-13,Paid Social,United Kingdom,Creator,2026-08
5029,2026-08-03,YouTube,India,Creator,2026-08
5030,2026-08-05,Instagram,India,Creator,2026-08
5031,2026-07-19,Instagram,Other,Creator,2026-07
5032,2026-02-14,Organic,Other,Creator,2026-02
5033,2026-08-02,TikTok,Canada,Creator,2026-08
5034,2026-02-28,YouTube,India,Creator,2026-02
5035,2026-05-12,Paid Social,Other,Creator,2026-05
5036,2026-04-14,Referral,India,Viewer,2026-04
5037,2026-07-14,TikTok,Canada,Viewer,2026-07
5038,2026-06-06,Instagram,India,Viewer,2026-06
5039,2026-08-21,Organic,United Kingdom,Creator,2026-08
5040,2026-06-06,Organic,Canada,Creator,2026-06
5041,2026-04-08,Instagram,Germany,Creator,2026-04
5042,2026-08-14,Instagram,Canada,Creator,2026-08
5043,2026-06-05,Organic,Other,Viewer,2026-06
5044,2026-07-24,YouTube,Nigeria,Creator,2026-07
5045,2026-03-20,YouTube,United Kingdom,Viewer,2026-03
5046,2026-05-04,TikTok,United States,Creator,2026-05
5047,2026-08-03,Referral,India,Creator,2026-08
5048,2026-06-21,Organic,Canada,Creator,2026-06
5049,2026-08-06,Instagram,Other,Viewer,2026-08
5050,2026-01-04,Referral,India,Creator,2026-01
5051,2026-03-31,Instagram,India,Creator,2026-03
5052,2026-04-14,Paid Social,India,Creator,2026-04
5053,2026-05-17,Organic,Other,Creator,2026-05
5054,2026-04-29,X,United States,Creator,2026-04
5055,2026-05-13,X,India,Creator,2026-05
5056,2026-02-25,YouTube,India,Creator,2026-02
5057,2026-04-06,Referral,United States,Creator,2026-04
5058,2026-07-31,YouTube,United Kingdom,Creator,2026-07
5059,2026-06-27,Referral,Other,Creator,2026-06
5060,2026-03-16,TikTok,United States,Creator,2026-03
5061,2026-05-23,TikTok,India,Creator,2026-05
5062,2026-02-01,X,Other,Creator,2026-02
5063,2026-01-28,X,Germany,Creator,2026-01
5064,2026-01-22,Paid Social,United States,Creator,2026-01
5065,2026-08-21,Organic,India,Viewer,2026-08
5066,2026-01-17,TikTok,Other,Viewer,2026-01
5067,2026-02-28,X,United Kingdom,Viewer,2026-02
5068,2026-03-31,Referral,Other,Creator,2026-03
5069,2026-08-24,Paid Social,United States,Creator,2026-08
5070,2026-07-18,TikTok,United Kingdom,Creator,2026-07
5071,2026-04-16,Organic,United Kingdom,Viewer,2026-04
5072,2026-07-04,TikTok,Other,Viewer,2026-07
5073,2026-01-26,TikTok,Other,Creator,2026-01
5074,2026-01-25,Paid Social,India,Creator,2026-01
5075,2026-05-18,Instagram,United Kingdom,Viewer,2026-05
5076,2026-02-14,TikTok,United States,Creator,2026-02
5077,2026-03-24,TikTok,Germany,Creator,2026-03
5078,2026-01-11,TikTok,Canada,Creator,2026-01
5079,2026-07-24,Referral,Other,Creator,2026-07
5080,2026-06-30,Organic,United States,Creator,2026-06
5081,2026-07-19,TikTok,India,Viewer,2026-07
5082,2026-04-14,Paid Social,India,Viewer,2026-04
5083,2026-03-09,Organic,India,Creator,2026-03
5084,2026-04-05,Referral,United States,Viewer,2026-04
5085,2026-06-05,TikTok,Other,Creator,2026-06
5086,2026-07-22,X,Nigeria,Viewer,2026-07
5087,2026-08-23,Organic,Nigeria,Creator,2026-08
5088,2026-03-06,TikTok,Other,Viewer,2026-03
5089,2026-02-18,Instagram,Other,Creator,2026-02
5090,2026-06-24,Organic,Nigeria,Viewer,2026-06
5091,2026-02-21,Instagram,India,Viewer,2026-02
5092,2026-04-12,Organic,India,Creator,2026-04
5093,2026-08-04,YouTube,United States,Creator,2026-08
5094,2026-07-01,Paid Social,Canada,Creator,2026-07
5095,2026-07-07,Organic,United Kingdom,Creator,2026-07
5096,2026-02-26,Organic,United Kingdom,Viewer,2026-02
5097,2026-02-16,Referral,Other,Creator,2026-02
5098,2026-06-08,YouTube,Germany,Creator,2026-06
5099,2026-08-21,Organic,Other,Creator,2026-08
5100,2026-06-23,Instagram,Other,Creator,2026-06
5101,2026-01-26,Organic,India,Viewer,2026-01
5102,2026-04-24,Organic,India,Creator,2026-04
5103,2026-01-05,Paid Social,United States,Creator,2026-01
5104,2026-03-25,Referral,United Kingdom,Creator,2026-03
5105,2026-02-21,YouTube,United Kingdom,Viewer,2026-02
5106,2026-04-15,Organic,India,Creator,2026-04
5107,2026-07-22,Organic,Germany,Viewer,2026-07
5108,2026-02-23,Referral,United States,Viewer,2026-02
5109,2026-06-10,Organic,Other,Creator,2026-06
5110,2026-06-27,TikTok,United States,Viewer,2026-06
5111,2026-06-15,Organic,India,Creator,2026-06
5112,2026-06-04,X,India,Viewer,2026-06
5113,2026-08-14,Organic,India,Creator,2026-08
5114,2026-01-15,TikTok,India,Creator,2026-01
5115,2026-08-12,Referral,United Kingdom,Creator,2026-08
5116,2026-03-02,X,India,Creator,2026-03
5117,2026-05-02,Organic,Germany,Creator,2026-05
5118,2026-01-21,YouTube,India,Viewer,2026-01
5119,2026-02-15,Organic,India,Viewer,2026-02
5120,2026-07-16,Instagram,Germany,Viewer,2026-07
5121,2026-05-14,YouTube,United States,Creator,2026-05
5122,2026-02-07,Organic,Nigeria,Creator,2026-02
5123,2026-03-03,TikTok,United States,Viewer,2026-03
5124,2026-03-27,Referral,India,Viewer,2026-03
5125,2026-07-09,Paid Social,United States,Creator,2026-07
5126,2026-07-29,Instagram,Nigeria,Viewer,2026-07
5127,2026-03-19,Organic,India,Creator,2026-03
5128,2026-07-21,TikTok,Nigeria,Creator,2026-07
5129,2026-02-15,TikTok,Other,Viewer,2026-02
5130,2026-05-21,TikTok,India,Viewer,2026-05
5131,2026-08-11,Instagram,Other,Creator,2026-08
5132,2026-08-10,YouTube,India,Creator,2026-08
5133,2026-01-03,Organic,Germany,Creator,2026-01
5134,2026-08-10,Organic,Germany,Viewer,2026-08
5135,2026-01-06,Instagram,India,Creator,2026-01
5136,2026-04-03,TikTok,Other,Viewer,2026-04
5137,2026-01-08,Paid Social,United States,Creator,2026-01
5138,2026-06-21,Instagram,India,Creator,2026-06
5139,2026-08-23,Referral,Nigeria,Creator,2026-08
5140,2026-04-18,Paid Social,Other,Viewer,2026-04
5141,2026-06-10,Referral,Other,Creator,2026-06
5142,2026-07-28,Organic,India,Creator,2026-07
5143,2026-03-16,Paid Social,Nigeria,Creator,2026-03
5144,2026-03-18,Organic,India,Creator,2026-03
5145,2026-02-19,Organic,United States,Creator,2026-02
5146,2026-01-11,TikTok,Nigeria,Creator,2026-01
5147,2026-04-05,Organic,United States,Creator,2026-04
5148,2026-06-05,Organic,Nigeria,Creator,2026-06
5149,2026-08-24,TikTok,Other,Creator,2026-08
5150,2026-03-11,Organic,Nigeria,Viewer,2026-03
5151,2026-06-18,YouTube,Germany,Creator,2026-06
5152,2026-01-16,Organic,United States,Viewer,2026-01
5153,2026-03-09,Instagram,Other,Creator,2026-03
5154,2026-04-09,Paid Social,India,Viewer,2026-04
5155,2026-02-17,Instagram,Nigeria,Creator,2026-02
5156,2026-07-03,YouTube,Canada,Creator,2026-07
5157,2026-03-05,Paid Social,Germany,Creator,2026-03
5158,2026-07-06,Organic,India,Creator,2026-07
5159,2026-03-31,TikTok,United States,Creator,2026-03
5160,2026-07-09,Referral,United Kingdom,Viewer,2026-07
5161,2026-03-17,Paid Social,United States,Viewer,2026-03
5162,2026-05-19,X,United Kingdom,Creator,2026-05
5163,2026-04-11,Organic,United States,Creator,2026-04
5164,2026-03-30,Paid Social,United States,Viewer,2026-03
5165,2026-01-18,Organic,India,Viewer,2026-01
5166,2026-01-19,TikTok,India,Creator,2026-01
5167,2026-08-03,TikTok,Germany,Viewer,2026-08
5168,2026-02-24,Instagram,Nigeria,Viewer,2026-02
5169,2026-04-12,Referral,Nigeria,Creator,2026-04
5170,2026-04-28,Referral,United States,Creator,2026-04
5171,2026-07-29,YouTube,India,Creator,2026-07
5172,2026-06-03,Organic,United States,Viewer,2026-06
5173,2026-05-14,X,India,Viewer,2026-05
5174,2026-01-04,Referral,Germany,Viewer,2026-01
5175,2026-04-18,Instagram,Other,Creator,2026-04
5176,2026-04-25,Paid Social,Other,Creator,2026-04
5177,2026-01-29,Referral,Nigeria,Creator,2026-01
5178,2026-02-28,YouTube,United Kingdom,Viewer,2026-02
5179,2026-05-05,Organic,Other,Viewer,2026-05
5180,2026-04-08,YouTube,Nigeria,Creator,2026-04
5181,2026-01-17,Paid Social,United Kingdom,Creator,2026-01
5182,2026-04-17,TikTok,United Kingdom,Creator,2026-04
5183,2026-02-12,Referral,United Kingdom,Creator,2026-02
5184,2026-03-21,TikTok,United Kingdom,Creator,2026-03
5185,2026-07-13,X,United Kingdom,Creator,2026-07
5186,2026-06-11,YouTube,Canada,Creator,2026-06
5187,2026-01-08,YouTube,Germany,Viewer,2026-01
5188,2026-05-21,Paid Social,United States,Viewer,2026-05
5189,2026-04-16,Organic,Canada,Viewer,2026-04
5190,2026-01-08,Organic,India,Creator,2026-01
5191,2026-08-10,YouTube,Other,Viewer,2026-08
5192,2026-04-06,Organic,United States,Creator,2026-04
5193,2026-08-16,Instagram,United States,Creator,2026-08
5194,2026-04-04,Organic,Germany,Creator,2026-04
5195,2026-03-06,Organic,United Kingdom,Creator,2026-03
5196,2026-06-20,YouTube,United States,Creator,2026-06
5197,2026-02-08,Referral,India,Creator,2026-02
5198,2026-03-22,Organic,Other,Creator,2026-03
5199,2026-07-06,Organic,India,Viewer,2026-07
5200,2026-03-25,Organic,India,Viewer,2026-03
5201,2026-03-29,Instagram,United Kingdom,Creator,2026-03
5202,2026-03-27,Organic,United Kingdom,Creator,2026-03
5203,2026-04-03,Instagram,Canada,Creator,2026-04
5204,2026-03-27,Referral,Canada,Viewer,2026-03
5205,2026-02-13,YouTube,Other,Creator,2026-02
5206,2026-05-17,TikTok,Other,Creator,2026-05
5207,2026-06-14,YouTube,Canada,Creator,2026-06
5208,2026-03-15,Paid Social,India,Creator,2026-03
5209,2026-02-05,TikTok,United States,Viewer,2026-02
5210,2026-04-11,TikTok,United Kingdom,Creator,2026-04
5211,2026-08-08,X,Nigeria,Viewer,2026-08
5212,2026-06-05,Organic,India,Viewer,2026-06
5213,2026-06-19,YouTube,Nigeria,Creator,2026-06
5214,2026-06-20,Referral,Other,Viewer,2026-06
5215,2026-08-01,Instagram,United States,Viewer,2026-08
5216,2026-08-04,YouTube,United Kingdom,Viewer,2026-08
5217,2026-06-19,YouTube,United Kingdom,Viewer,2026-06
5218,2026-04-14,Organic,United States,Viewer,2026-04
5219,2026-03-07,Organic,Nigeria,Creator,2026-03
5220,2026-02-24,Paid Social,India,Viewer,2026-02
5221,2026-07-19,Paid Social,Nigeria,Creator,2026-07
5222,2026-06-25,Referral,Canada,Creator,2026-06
5223,2026-04-01,Paid Social,Canada,Creator,2026-04
5224,2026-01-22,TikTok,United States,Creator,2026-01
5225,2026-04-11,Organic,India,Creator,2026-04
5226,2026-06-04,TikTok,Canada,Creator,2026-06
5227,2026-05-01,Organic,India,Viewer,2026-05
5228,2026-04-03,Referral,India,Viewer,2026-04
5229,2026-07-14,Paid Social,United States,Creator,2026-07
5230,2026-04-18,Referral,Canada,Creator,2026-04
5231,2026-05-21,X,Germany,Creator,2026-05
5232,2026-06-22,TikTok,Other,Viewer,2026-06
5233,2026-01-10,Organic,India,Creator,2026-01
5234,2026-08-16,TikTok,United States,Creator,2026-08
5235,2026-01-09,YouTube,United Kingdom,Viewer,2026-01
5236,2026-07-01,Instagram,Germany,Creator,2026-07
5237,2026-06-04,Paid Social,India,Creator,2026-06
5238,2026-02-03,Referral,United States,Viewer,2026-02
5239,2026-05-09,Organic,United States,Viewer,2026-05
5240,2026-06-09,Organic,Canada,Creator,2026-06
5241,2026-03-30,YouTube,India,Creator,2026-03
5242,2026-04-03,Organic,Other,Creator,2026-04
5243,2026-03-12,Referral,Nigeria,Viewer,2026-03
5244,2026-03-08,X,United States,Creator,2026-03
5245,2026-07-31,Organic,United States,Creator,2026-07
5246,2026-05-28,Instagram,India,Creator,2026-05
5247,2026-04-27,TikTok,United Kingdom,Creator,2026-04
5248,2026-04-04,Referral,Canada,Viewer,2026-04
5249,2026-06-12,Organic,India,Viewer,2026-06
5250,2026-04-09,Paid Social,Nigeria,Viewer,2026-04
5251,2026-04-23,YouTube,Canada,Creator,2026-04
5252,2026-04-13,Referral,United States,Viewer,2026-04
5253,2026-04-01,Organic,United States,Creator,2026-04
5254,2026-03-31,X,United States,Creator,2026-03
5255,2026-07-25,X,United States,Creator,2026-07
5256,2026-01-17,Instagram,Nigeria,Viewer,2026-01
5257,2026-01-18,Referral,India,Creator,2026-01
5258,2026-06-22,X,United States,Creator,2026-06
5259,2026-04-26,Referral,Other,Creator,2026-04
5260,2026-04-03,Organic,India,Creator,2026-04
5261,2026-07-31,Referral,India,Viewer,2026-07
5262,2026-06-30,Organic,Canada,Creator,2026-06
5263,2026-04-01,Referral,India,Creator,2026-04
5264,2026-03-23,Paid Social,India,Viewer,2026-03
5265,2026-03-09,TikTok,United States,Creator,2026-03
5266,2026-07-12,Instagram,Other,Creator,2026-07
5267,2026-04-24,YouTube,India,Viewer,2026-04
5268,2026-01-01,Organic,Other,Creator,2026-01
5269,2026-02-27,Instagram,United Kingdom,Creator,2026-02
5270,2026-06-03,TikTok,United Kingdom,Creator,2026-06
5271,2026-04-19,Referral,Canada,Creator,2026-04
5272,2026-05-28,Referral,India,Viewer,2026-05
5273,2026-04-26,YouTube,India,Viewer,2026-04
5274,2026-03-28,YouTube,United States,Viewer,2026-03
5275,2026-01-10,Referral,India,Creator,2026-01
5276,2026-02-28,TikTok,Other,Creator,2026-02
5277,2026-07-22,TikTok,Nigeria,Creator,2026-07
5278,2026-02-10,X,Nigeria,Creator,2026-02
5279,2026-04-15,Paid Social,Canada,Creator,2026-04
5280,2026-05-13,YouTube,Other,Creator,2026-05
5281,2026-05-02,X,Other,Creator,2026-05
5282,2026-07-12,Referral,Canada,Viewer,2026-07
5283,2026-05-25,TikTok,United States,Creator,2026-05
5284,2026-01-22,Referral,India,Viewer,2026-01
5285,2026-04-08,TikTok,India,Creator,2026-04
5286,2026-06-18,Organic,India,Viewer,2026-06
5287,2026-08-09,X,India,Creator,2026-08
5288,2026-03-09,YouTube,Other,Creator,2026-03
5289,2026-07-16,Instagram,Other,Creator,2026-07
5290,2026-05-19,X,United Kingdom,Viewer,2026-05
5291,2026-02-25,YouTube,Canada,Creator,2026-02
5292,2026-06-28,Referral,Nigeria,Creator,2026-06
5293,2026-05-29,Paid Social,India,Creator,2026-05
5294,2026-04-09,TikTok,Other,Creator,2026-04
5295,2026-03-17,Paid Social,India,Creator,2026-03
5296,2026-01-26,YouTube,Canada,Creator,2026-01
5297,2026-04-25,Referral,India,Viewer,2026-04
5298,2026-05-27,YouTube,Other,Creator,2026-05
5299,2026-04-19,Organic,United Kingdom,Viewer,2026-04
5300,2026-07-07,Organic,United Kingdom,Creator,2026-07
5301,2026-07-18,YouTube,India,Creator,2026-07
5302,2026-02-16,Instagram,United States,Creator,2026-02
5303,2026-03-12,YouTube,Nigeria,Viewer,2026-03
5304,2026-06-03,Instagram,United States,Creator,2026-06
5305,2026-02-09,TikTok,Other,Viewer,2026-02
5306,2026-05-13,TikTok,Germany,Creator,2026-05
5307,2026-05-29,Referral,Nigeria,Creator,2026-05
5308,2026-07-25,Organic,United States,Creator,2026-07
5309,2026-05-12,YouTube,Germany,Viewer,2026-05
5310,2026-01-23,TikTok,India,Creator,2026-01
5311,2026-04-16,Referral,India,Creator,2026-04
5312,2026-03-25,Organic,India,Creator,2026-03
5313,2026-05-23,Organic,India,Creator,2026-05
5314,2026-04-26,YouTube,Nigeria,Viewer,2026-04
5315,2026-04-19,X,India,Creator,2026-04
5316,2026-08-09,Organic,United Kingdom,Creator,2026-08
5317,2026-05-16,Paid Social,United Kingdom,Creator,2026-05
5318,2026-02-10,Organic,Nigeria,Creator,2026-02
5319,2026-04-22,TikTok,United States,Creator,2026-04
5320,2026-05-27,Organic,Germany,Creator,2026-05
5321,2026-04-22,TikTok,United Kingdom,Creator,2026-04
5322,2026-04-13,Instagram,India,Creator,2026-04
5323,2026-02-15,TikTok,Nigeria,Creator,2026-02
5324,2026-06-05,Referral,India,Creator,2026-06
5325,2026-08-07,TikTok,United States,Creator,2026-08
5326,2026-03-09,YouTube,Other,Creator,2026-03
5327,2026-05-02,Organic,India,Viewer,2026-05
5328,2026-01-15,TikTok,United Kingdom,Creator,2026-01
5329,2026-08-15,Organic,India,Viewer,2026-08
5330,2026-06-14,Referral,Other,Creator,2026-06
5331,2026-05-09,X,United States,Creator,2026-05
5332,2026-07-14,Referral,United States,Creator,2026-07
5333,2026-04-21,Instagram,Nigeria,Creator,2026-04
5334,2026-01-24,Referral,Nigeria,Creator,2026-01
5335,2026-01-27,YouTube,Nigeria,Viewer,2026-01
5336,2026-02-09,Organic,Nigeria,Creator,2026-02
5337,2026-07-10,Organic,United States,Creator,2026-07
5338,2026-07-08,Instagram,United States,Creator,2026-07
5339,2026-06-13,X,Nigeria,Viewer,2026-06
5340,2026-08-14,Organic,United Kingdom,Creator,2026-08
5341,2026-08-09,YouTube,India,Creator,2026-08
5342,2026-01-24,Instagram,United Kingdom,Creator,2026-01
5343,2026-01-24,Instagram,Other,Viewer,2026-01
5344,2026-08-22,TikTok,Canada,Creator,2026-08
5345,2026-01-04,X,India,Creator,2026-01
5346,2026-03-08,Organic,United States,Viewer,2026-03
5347,2026-02-03,Organic,United States,Creator,2026-02
5348,2026-07-04,Referral,United States,Viewer,2026-07
5349,2026-06-26,TikTok,Nigeria,Creator,2026-06
5350,2026-08-03,TikTok,United States,Creator,2026-08
5351,2026-06-30,Organic,India,Creator,2026-06
5352,2026-04-26,Instagram,India,Viewer,2026-04
5353,2026-01-23,Organic,India,Creator,2026-01
5354,2026-04-19,TikTok,United States,Creator,2026-04
5355,2026-03-10,Instagram,India,Viewer,2026-03
5356,2026-04-05,Instagram,India,Creator,2026-04
5357,2026-06-30,Paid Social,India,Viewer,2026-06
5358,2026-03-03,TikTok,Germany,Creator,2026-03
5359,2026-06-18,TikTok,Canada,Creator,2026-06
5360,2026-02-26,Instagram,United States,Creator,2026-02
5361,2026-07-07,Organic,Other,Creator,2026-07
5362,2026-02-23,Referral,India,Viewer,2026-02
5363,2026-03-11,X,Nigeria,Creator,2026-03
5364,2026-04-11,Organic,India,Viewer,2026-04
5365,2026-02-26,Referral,Germany,Creator,2026-02
5366,2026-05-18,Organic,India,Creator,2026-05
5367,2026-06-17,Paid Social,India,Creator,2026-06
5368,2026-05-15,Referral,India,Creator,2026-05
5369,2026-04-13,X,Other,Creator,2026-04
5370,2026-06-15,Organic,India,Creator,2026-06
5371,2026-03-26,Organic,United States,Viewer,2026-03
5372,2026-03-02,Organic,United States,Creator,2026-03
5373,2026-07-31,Organic,Germany,Creator,2026-07
5374,2026-01-03,Instagram,United States,Creator,2026-01
5375,2026-05-08,Paid Social,United Kingdom,Creator,2026-05
5376,2026-06-28,Instagram,United States,Viewer,2026-06
5377,2026-03-27,YouTube,Nigeria,Creator,2026-03
5378,2026-02-16,YouTube,India,Creator,2026-02
5379,2026-07-15,Referral,United States,Viewer,2026-07
5380,2026-08-08,Organic,Germany,Creator,2026-08
5381,2026-03-17,TikTok,United Kingdom,Creator,2026-03
5382,2026-02-07,Referral,Other,Creator,2026-02
5383,2026-06-13,Referral,Canada,Creator,2026-06
5384,2026-06-18,Paid Social,United States,Creator,2026-06
5385,2026-07-16,YouTube,United Kingdom,Viewer,2026-07
5386,2026-05-21,Organic,Canada,Creator,2026-05
5387,2026-03-28,Instagram,India,Creator,2026-03
5388,2026-02-27,Organic,India,Creator,2026-02
5389,2026-02-19,YouTube,United States,Creator,2026-02
5390,2026-01-30,X,India,Viewer,2026-01
5391,2026-07-09,YouTube,India,Viewer,2026-07
5392,2026-04-11,Paid Social,Other,Creator,2026-04
5393,2026-01-25,YouTube,Germany,Viewer,2026-01
5394,2026-04-22,TikTok,Nigeria,Creator,2026-04
5395,2026-06-04,Organic,United States,Creator,2026-06
5396,2026-06-28,Referral,India,Viewer,2026-06
5397,2026-07-25,Organic,Nigeria,Creator,2026-07
5398,2026-07-04,Organic,Nigeria,Creator,2026-07
5399,2026-05-06,Organic,Canada,Viewer,2026-05
5400,2026-05-03,Instagram,Other,Viewer,2026-05
5401,2026-02-16,Organic,United States,Viewer,2026-02
5402,2026-04-28,Paid Social,India,Creator,2026-04
5403,2026-08-16,Paid Social,United States,Creator,2026-08
5404,2026-02-08,Paid Social,United States,Creator,2026-02
5405,2026-01-16,Organic,India,Creator,2026-01
5406,2026-01-22,Paid Social,Other,Creator,2026-01
5407,2026-08-01,Paid Social,Other,Viewer,2026-08
5408,2026-02-23,Paid Social,Other,Creator,2026-02
5409,2026-05-29,YouTube,Other,Creator,2026-05
5410,2026-07-19,YouTube,Other,Creator,2026-07
5411,2026-01-16,Organic,Other,Creator,2026-01
5412,2026-02-28,Referral,United Kingdom,Creator,2026-02
5413,2026-01-31,Organic,India,Viewer,2026-01
5414,2026-06-19,TikTok,India,Viewer,2026-06
5415,2026-07-21,Paid Social,India,Creator,2026-07
5416,2026-02-01,TikTok,United States,Viewer,2026-02
5417,2026-07-06,Organic,Germany,Creator,2026-07
5418,2026-06-11,Paid Social,Nigeria,Creator,2026-06
5419,2026-01-09,Paid Social,United States,Creator,2026-01
5420,2026-07-28,Organic,India,Creator,2026-07
5421,2026-05-19,Referral,India,Viewer,2026-05
5422,2026-08-12,TikTok,United States,Creator,2026-08
5423,2026-01-10,TikTok,India,Creator,2026-01
5424,2026-08-02,Organic,India,Viewer,2026-08
5425,2026-01-17,Organic,United States,Creator,2026-01
5426,2026-03-09,Organic,Nigeria,Creator,2026-03
5427,2026-02-17,Organic,India,Creator,2026-02
5428,2026-06-29,Paid Social,United Kingdom,Creator,2026-06
5429,2026-04-21,YouTube,United States,Creator,2026-04
5430,2026-06-02,Paid Social,India,Viewer,2026-06
5431,2026-05-03,YouTube,United Kingdom,Creator,2026-05
5432,2026-05-29,Organic,United States,Creator,2026-05
5433,2026-04-11,Paid Social,India,Creator,2026-04
5434,2026-04-12,Paid Social,Other,Creator,2026-04
5435,2026-03-06,TikTok,Nigeria,Viewer,2026-03
5436,2026-07-10,Organic,United States,Viewer,2026-07
5437,2026-08-05,YouTube,Germany,Creator,2026-08
5438,2026-02-20,YouTube,Other,Creator,2026-02
5439,2026-02-05,Paid Social,India,Viewer,2026-02
5440,2026-03-22,Organic,Germany,Creator,2026-03
5441,2026-08-21,Organic,Germany,Creator,2026-08
5442,2026-05-07,X,India,Creator,2026-05
5443,2026-03-29,X,United Kingdom,Creator,2026-03
5444,2026-07-13,Organic,India,Creator,2026-07
5445,2026-04-14,TikTok,Nigeria,Creator,2026-04
5446,2026-01-15,X,United Kingdom,Creator,2026-01
5447,2026-04-06,Referral,United States,Creator,2026-04
5448,2026-06-16,TikTok,Other,Creator,2026-06
5449,2026-05-03,Instagram,Germany,Creator,2026-05
5450,2026-07-17,Referral,Other,Viewer,2026-07
5451,2026-01-01,Paid Social,United States,Viewer,2026-01
5452,2026-05-31,Organic,India,Creator,2026-05
5453,2026-05-02,Organic,Germany,Viewer,2026-05
5454,2026-06-16,Paid Social,India,Viewer,2026-06
5455,2026-05-06,TikTok,United States,Creator,2026-05
5456,2026-02-26,YouTube,Germany,Viewer,2026-02
5457,2026-03-22,X,India,Viewer,2026-03
5458,2026-06-11,TikTok,United States,Creator,2026-06
5459,2026-06-18,YouTube,United States,Creator,2026-06
5460,2026-08-09,YouTube,India,Viewer,2026-08
5461,2026-03-14,X,United States,Creator,2026-03
5462,2026-05-21,Organic,India,Creator,2026-05
5463,2026-03-11,Paid Social,India,Creator,2026-03
5464,2026-01-06,TikTok,Germany,Creator,2026-01
5465,2026-03-25,YouTube,United States,Viewer,2026-03
5466,2026-02-21,Paid Social,United Kingdom,Creator,2026-02
5467,2026-01-03,TikTok,India,Creator,2026-01
5468,2026-03-22,Referral,United Kingdom,Viewer,2026-03
5469,2026-03-04,Paid Social,Other,Viewer,2026-03
5470,2026-02-18,TikTok,Nigeria,Viewer,2026-02
5471,2026-03-17,TikTok,United Kingdom,Creator,2026-03
5472,2026-04-22,Paid Social,India,Viewer,2026-04
5473,2026-06-24,Organic,United States,Creator,2026-06
5474,2026-04-19,Organic,Other,Viewer,2026-04
5475,2026-07-02,Paid Social,Germany,Creator,2026-07
5476,2026-07-11,Referral,Nigeria,Viewer,2026-07
5477,2026-03-06,Paid Social,Other,Viewer,2026-03
5478,2026-03-22,Organic,India,Creator,2026-03
5479,2026-07-14,Organic,United Kingdom,Creator,2026-07
5480,2026-08-06,Organic,India,Viewer,2026-08
5481,2026-01-15,YouTube,United Kingdom,Viewer,2026-01
5482,2026-04-10,X,India,Creator,2026-04
5483,2026-02-01,TikTok,Other,Creator,2026-02
5484,2026-04-06,Organic,Canada,Viewer,2026-04
5485,2026-05-08,YouTube,India,Creator,2026-05
5486,2026-07-15,X,United Kingdom,Creator,2026-07
5487,2026-05-26,Organic,Canada,Viewer,2026-05
5488,2026-04-23,Paid Social,India,Creator,2026-04
5489,2026-03-24,Organic,India,Creator,2026-03
5490,2026-02-12,Referral,United States,Creator,2026-02
5491,2026-04-26,Paid Social,India,Viewer,2026-04
5492,2026-06-12,X,Nigeria,Creator,2026-06
5493,2026-08-20,Organic,United States,Creator,2026-08
5494,2026-03-19,TikTok,United States,Creator,2026-03
5495,2026-02-27,Paid Social,Nigeria,Creator,2026-02
5496,2026-02-02,TikTok,Other,Creator,2026-02
5497,2026-01-14,Referral,Canada,Creator,2026-01
5498,2026-06-11,Paid Social,United Kingdom,Creator,2026-06
5499,2026-07-08,Paid Social,United States,Creator,2026-07
5500,2026-05-12,Instagram,India,Creator,2026-05
5501,2026-08-04,Referral,India,Creator,2026-08
5502,2026-02-28,Paid Social,Canada,Viewer,2026-02
5503,2026-06-06,TikTok,United States,Creator,2026-06
5504,2026-03-24,Organic,United States,Viewer,2026-03
5505,2026-05-14,Organic,Other,Viewer,2026-05
5506,2026-05-01,Organic,Nigeria,Creator,2026-05
5507,2026-08-13,Referral,Other,Creator,2026-08
5508,2026-06-26,X,Other,Creator,2026-06
5509,2026-06-17,Referral,India,Creator,2026-06
5510,2026-03-24,Referral,Other,Creator,2026-03
5511,2026-07-12,YouTube,India,Creator,2026-07
5512,2026-07-16,X,Other,Viewer,2026-07
5513,2026-01-27,Organic,United States,Viewer,2026-01
5514,2026-03-21,Referral,Canada,Creator,2026-03
5515,2026-05-14,TikTok,United Kingdom,Creator,2026-05
5516,2026-08-20,X,Nigeria,Creator,2026-08
5517,2026-01-13,Organic,United Kingdom,Creator,2026-01
5518,2026-03-05,Paid Social,Other,Creator,2026-03
5519,2026-07-09,Paid Social,Other,Creator,2026-07
5520,2026-08-15,Instagram,United Kingdom,Viewer,2026-08
5521,2026-05-27,X,United Kingdom,Creator,2026-05
5522,2026-07-23,YouTube,India,Creator,2026-07
5523,2026-03-21,Organic,Germany,Viewer,2026-03
5524,2026-05-03,Organic,United Kingdom,Creator,2026-05
5525,2026-02-12,YouTube,Germany,Creator,2026-02
5526,2026-07-21,Organic,United Kingdom,Creator,2026-07
5527,2026-03-30,Instagram,United States,Creator,2026-03
5528,2026-05-28,Instagram,India,Viewer,2026-05
5529,2026-04-05,TikTok,India,Creator,2026-04
5530,2026-07-15,Organic,Nigeria,Creator,2026-07
5531,2026-06-21,TikTok,United States,Creator,2026-06
5532,2026-05-31,TikTok,United Kingdom,Viewer,2026-05
5533,2026-01-02,Instagram,India,Creator,2026-01
5534,2026-04-30,YouTube,United States,Viewer,2026-04
5535,2026-01-22,Paid Social,India,Creator,2026-01
5536,2026-04-25,Organic,United States,Creator,2026-04
5537,2026-02-26,Referral,India,Creator,2026-02
5538,2026-08-17,TikTok,Canada,Viewer,2026-08
5539,2026-03-13,X,India,Creator,2026-03
5540,2026-01-07,Instagram,India,Creator,2026-01
5541,2026-07-25,X,Other,Creator,2026-07
5542,2026-07-03,YouTube,India,Creator,2026-07
5543,2026-04-29,TikTok,Germany,Creator,2026-04
5544,2026-07-14,TikTok,Other,Creator,2026-07
5545,2026-04-24,Referral,Nigeria,Creator,2026-04
5546,2026-01-16,Organic,Nigeria,Creator,2026-01
5547,2026-03-24,Organic,United States,Viewer,2026-03
5548,2026-06-28,Organic,United States,Viewer,2026-06
5549,2026-07-29,Organic,Nigeria,Creator,2026-07
5550,2026-07-27,Instagram,India,Creator,2026-07
5551,2026-03-13,Instagram,United States,Viewer,2026-03
5552,2026-05-04,Organic,Germany,Creator,2026-05
5553,2026-08-13,Organic,India,Viewer,2026-08
5554,2026-04-23,Referral,Canada,Creator,2026-04
5555,2026-01-12,Referral,United Kingdom,Viewer,2026-01
5556,2026-05-06,Paid Social,India,Creator,2026-05
5557,2026-02-22,Paid Social,India,Creator,2026-02
5558,2026-03-16,Paid Social,United States,Creator,2026-03
5559,2026-05-13,Referral,United Kingdom,Creator,2026-05
5560,2026-01-27,X,United States,Viewer,2026-01
5561,2026-05-20,Organic,United Kingdom,Viewer,2026-05
5562,2026-05-25,X,United Kingdom,Viewer,2026-05
5563,2026-05-14,Organic,Germany,Creator,2026-05
5564,2026-04-07,Paid Social,India,Creator,2026-04
5565,2026-01-05,Instagram,Nigeria,Creator,2026-01
5566,2026-02-26,YouTube,India,Creator,2026-02
5567,2026-06-05,Organic,India,Creator,2026-06
5568,2026-03-19,Instagram,United States,Creator,2026-03
5569,2026-03-10,TikTok,United Kingdom,Viewer,2026-03
5570,2026-04-28,TikTok,Other,Creator,2026-04
5571,2026-04-30,TikTok,United States,Viewer,2026-04
5572,2026-02-28,Organic,Nigeria,Creator,2026-02
5573,2026-02-02,Instagram,India,Viewer,2026-02
5574,2026-03-03,Instagram,United Kingdom,Viewer,2026-03
5575,2026-02-19,Referral,United States,Viewer,2026-02
5576,2026-04-22,Instagram,Nigeria,Creator,2026-04
5577,2026-08-21,TikTok,Nigeria,Viewer,2026-08
5578,2026-01-19,Paid Social,United Kingdom,Creator,2026-01
5579,2026-08-02,X,India,Creator,2026-08
5580,2026-07-16,Instagram,Nigeria,Viewer,2026-07
5581,2026-05-03,Instagram,United States,Viewer,2026-05
5582,2026-07-13,Referral,India,Creator,2026-07
5583,2026-08-10,TikTok,India,Creator,2026-08
5584,2026-02-16,TikTok,Other,Creator,2026-02
5585,2026-06-16,Referral,Other,Viewer,2026-06
5586,2026-07-15,Organic,India,Viewer,2026-07
5587,2026-02-02,Referral,United Kingdom,Creator,2026-02
5588,2026-05-21,Instagram,Nigeria,Viewer,2026-05
5589,2026-03-25,X,Other,Creator,2026-03
5590,2026-07-01,Referral,Other,Viewer,2026-07
5591,2026-05-15,Organic,Nigeria,Viewer,2026-05
5592,2026-03-20,Paid Social,India,Creator,2026-03
5593,2026-08-03,Paid Social,United States,Creator,2026-08
5594,2026-01-14,Instagram,Canada,Creator,2026-01
5595,2026-08-03,Paid Social,Other,Creator,2026-08
5596,2026-05-27,Organic,United States,Viewer,2026-05
5597,2026-05-08,Paid Social,Canada,Creator,2026-05
5598,2026-02-23,TikTok,United Kingdom,Creator,2026-02
5599,2026-08-09,TikTok,India,Viewer,2026-08
5600,2026-05-28,Organic,Nigeria,Creator,2026-05
5601,2026-01-29,TikTok,India,Creator,2026-01
5602,2026-01-24,Organic,United Kingdom,Creator,2026-01
5603,2026-03-23,Paid Social,United Kingdom,Viewer,2026-03
5604,2026-03-04,Paid Social,Other,Viewer,2026-03
5605,2026-07-21,Organic,Other,Creator,2026-07
5606,2026-04-15,Organic,India,Viewer,2026-04
5607,2026-02-26,Referral,India,Viewer,2026-02
5608,2026-05-16,TikTok,Canada,Viewer,2026-05
5609,2026-08-06,Organic,United Kingdom,Creator,2026-08
5610,2026-03-03,Instagram,Germany,Creator,2026-03
5611,2026-06-06,TikTok,India,Creator,2026-06
5612,2026-07-21,Organic,Germany,Viewer,2026-07
5613,2026-01-17,YouTube,United States,Creator,2026-01
5614,2026-03-07,YouTube,India,Creator,2026-03
5615,2026-01-06,Organic,India,Creator,2026-01
5616,2026-02-27,Paid Social,Other,Viewer,2026-02
5617,2026-03-10,X,Nigeria,Creator,2026-03
5618,2026-06-05,Organic,Other,Viewer,2026-06
5619,2026-03-03,Organic,United Kingdom,Creator,2026-03
5620,2026-06-18,Organic,India,Creator,2026-06
5621,2026-07-16,TikTok,Nigeria,Creator,2026-07
5622,2026-03-23,Organic,India,Creator,2026-03
5623,2026-08-06,TikTok,Nigeria,Creator,2026-08
5624,2026-07-31,Organic,United States,Viewer,2026-07
5625,2026-06-18,YouTube,United Kingdom,Creator,2026-06
5626,2026-06-26,Referral,Nigeria,Creator,2026-06
5627,2026-08-07,Instagram,India,Creator,2026-08
5628,2026-06-26,YouTube,India,Creator,2026-06
5629,2026-07-23,Paid Social,United States,Creator,2026-07
5630,2026-03-12,YouTube,Other,Viewer,2026-03
5631,2026-05-11,TikTok,United States,Creator,2026-05
5632,2026-01-10,Instagram,Canada,Creator,2026-01
5633,2026-04-08,Referral,India,Creator,2026-04
5634,2026-03-30,Organic,United States,Creator,2026-03
5635,2026-02-04,TikTok,Nigeria,Creator,2026-02
5636,2026-07-27,X,Canada,Creator,2026-07
5637,2026-01-02,YouTube,Nigeria,Viewer,2026-01
5638,2026-05-04,Referral,Nigeria,Creator,2026-05
5639,2026-01-24,TikTok,Canada,Viewer,2026-01
5640,2026-03-15,Organic,United States,Creator,2026-03
5641,2026-06-15,Paid Social,India,Creator,2026-06
5642,2026-01-22,Organic,United States,Creator,2026-01
5643,2026-06-03,Organic,India,Creator,2026-06
5644,2026-06-20,Instagram,Other,Creator,2026-06
5645,2026-07-02,Referral,Nigeria,Creator,2026-07
5646,2026-02-08,Referral,United States,Creator,2026-02
5647,2026-08-07,Paid Social,Other,Creator,2026-08
5648,2026-06-06,Organic,Other,Viewer,2026-06
5649,2026-08-18,TikTok,United States,Viewer,2026-08
5650,2026-01-20,TikTok,Other,Creator,2026-01
5651,2026-08-07,Referral,India,Creator,2026-08
5652,2026-02-10,Instagram,Other,Creator,2026-02
5653,2026-07-01,Organic,United States,Creator,2026-07
5654,2026-05-28,YouTube,Nigeria,Creator,2026-05
5655,2026-04-18,TikTok,India,Creator,2026-04
5656,2026-05-27,Instagram,Other,Creator,2026-05
5657,2026-03-25,Paid Social,India,Viewer,2026-03
5658,2026-08-15,Organic,United States,Viewer,2026-08
5659,2026-04-21,Organic,United Kingdom,Viewer,2026-04
5660,2026-03-07,Organic,United Kingdom,Viewer,2026-03
5661,2026-06-07,TikTok,Canada,Viewer,2026-06
5662,2026-02-22,Organic,Canada,Creator,2026-02
5663,2026-02-03,YouTube,Canada,Creator,2026-02
5664,2026-05-30,Organic,India,Viewer,2026-05
5665,2026-03-08,Paid Social,United States,Creator,2026-03
5666,2026-05-14,Organic,United States,Creator,2026-05
5667,2026-07-26,Organic,Other,Creator,2026-07
5668,2026-01-27,TikTok,United States,Creator,2026-01
5669,2026-01-10,Referral,India,Creator,2026-01
5670,2026-03-14,TikTok,United Kingdom,Creator,2026-03
5671,2026-08-13,Referral,United States,Creator,2026-08
5672,2026-04-06,Referral,India,Creator,2026-04
5673,2026-02-17,Paid Social,United Kingdom,Viewer,2026-02
5674,2026-03-11,Referral,India,Creator,2026-03
5675,2026-08-21,Organic,United Kingdom,Viewer,2026-08
5676,2026-07-06,Referral,United States,Viewer,2026-07
5677,2026-04-10,Paid Social,United States,Creator,2026-04
5678,2026-02-28,Paid Social,Other,Viewer,2026-02
5679,2026-01-02,Organic,United States,Creator,2026-01
5680,2026-06-06,X,United States,Viewer,2026-06
5681,2026-07-15,Organic,Other,Viewer,2026-07
5682,2026-03-06,Organic,India,Viewer,2026-03
5683,2026-03-24,Referral,India,Viewer,2026-03
5684,2026-06-03,Paid Social,United States,Creator,2026-06
5685,2026-08-05,X,Nigeria,Viewer,2026-08
5686,2026-01-10,Referral,United States,Creator,2026-01
5687,2026-02-22,Organic,United Kingdom,Creator,2026-02
5688,2026-03-20,Organic,India,Viewer,2026-03
5689,2026-02-28,X,India,Viewer,2026-02
5690,2026-05-30,TikTok,Nigeria,Creator,2026-05
5691,2026-06-28,Paid Social,India,Viewer,2026-06
5692,2026-02-17,TikTok,United States,Creator,2026-02
5693,2026-05-29,Instagram,Nigeria,Creator,2026-05
5694,2026-05-03,Instagram,Other,Creator,2026-05
5695,2026-01-22,Organic,India,Viewer,2026-01
5696,2026-04-10,Paid Social,United States,Creator,2026-04
5697,2026-04-08,Instagram,United States,Viewer,2026-04
5698,2026-06-07,TikTok,Germany,Viewer,2026-06
5699,2026-01-25,Referral,Other,Viewer,2026-01
5700,2026-01-28,TikTok,Other,Creator,2026-01
5701,2026-07-12,Referral,United States,Creator,2026-07
5702,2026-04-23,Organic,United States,Creator,2026-04
5703,2026-02-14,Organic,United States,Creator,2026-02
5704,2026-03-09,Paid Social,United States,Viewer,2026-03
5705,2026-01-07,Referral,United Kingdom,Creator,2026-01
5706,2026-02-18,TikTok,India,Creator,2026-02
5707,2026-05-17,YouTube,United Kingdom,Viewer,2026-05
5708,2026-06-13,Paid Social,Other,Viewer,2026-06
5709,2026-03-24,Organic,India,Creator,2026-03
5710,2026-05-09,Organic,United Kingdom,Creator,2026-05
5711,2026-05-18,Instagram,India,Viewer,2026-05
5712,2026-06-13,Organic,India,Creator,2026-06
5713,2026-03-14,Organic,India,Creator,2026-03
5714,2026-02-15,Paid Social,India,Viewer,2026-02
5715,2026-04-16,Organic,India,Creator,2026-04
5716,2026-06-09,Referral,Nigeria,Creator,2026-06
5717,2026-02-01,Instagram,Canada,Creator,2026-02
5718,2026-01-06,X,India,Viewer,2026-01
5719,2026-06-25,YouTube,Other,Viewer,2026-06
5720,2026-06-15,Instagram,Germany,Viewer,2026-06
5721,2026-05-25,Organic,Canada,Creator,2026-05
5722,2026-03-15,Organic,United States,Creator,2026-03
5723,2026-04-24,Referral,India,Creator,2026-04
5724,2026-01-27,Organic,Canada,Creator,2026-01
5725,2026-02-23,Organic,Other,Viewer,2026-02
5726,2026-06-27,Paid Social,United States,Creator,2026-06
5727,2026-06-12,Paid Social,United Kingdom,Creator,2026-06
5728,2026-03-26,TikTok,India,Viewer,2026-03
5729,2026-05-07,Organic,United Kingdom,Viewer,2026-05
5730,2026-06-02,YouTube,India,Viewer,2026-06
5731,2026-06-05,Referral,Nigeria,Viewer,2026-06
5732,2026-04-21,Organic,Nigeria,Creator,2026-04
5733,2026-01-15,Organic,United States,Creator,2026-01
5734,2026-05-12,Referral,India,Viewer,2026-05
5735,2026-04-03,Paid Social,Other,Viewer,2026-04
5736,2026-05-03,Referral,Nigeria,Creator,2026-05
5737,2026-03-14,Organic,Nigeria,Creator,2026-03
5738,2026-06-04,TikTok,United Kingdom,Creator,2026-06
5739,2026-06-03,X,Other,Creator,2026-06
5740,2026-05-27,Organic,India,Viewer,2026-05
5741,2026-04-02,Organic,Other,Creator,2026-04
5742,2026-01-17,TikTok,India,Creator,2026-01
5743,2026-02-12,Instagram,India,Creator,2026-02
5744,2026-05-01,Instagram,United Kingdom,Viewer,2026-05
5745,2026-02-10,Referral,Other,Creator,2026-02
5746,2026-06-19,Referral,India,Viewer,2026-06
5747,2026-06-27,Paid Social,United States,Creator,2026-06
5748,2026-07-31,Referral,Nigeria,Creator,2026-07
5749,2026-06-17,Organic,India,Viewer,2026-06
5750,2026-02-08,TikTok,Other,Creator,2026-02
5751,2026-04-23,Instagram,United Kingdom,Creator,2026-04
5752,2026-05-31,Organic,Germany,Creator,2026-05
5753,2026-04-21,Paid Social,United States,Viewer,2026-04
5754,2026-08-12,Organic,United States,Viewer,2026-08
5755,2026-06-29,TikTok,Nigeria,Viewer,2026-06
5756,2026-02-16,X,United States,Creator,2026-02
5757,2026-03-04,Instagram,United Kingdom,Viewer,2026-03
5758,2026-08-13,YouTube,India,Creator,2026-08
5759,2026-04-20,Instagram,United States,Creator,2026-04
5760,2026-03-10,Organic,Other,Creator,2026-03
5761,2026-02-12,Organic,Canada,Viewer,2026-02
5762,2026-06-25,Paid Social,India,Creator,2026-06
5763,2026-02-03,Organic,Other,Creator,2026-02
5764,2026-02-09,TikTok,Nigeria,Creator,2026-02
5765,2026-07-22,TikTok,United Kingdom,Viewer,2026-07
5766,2026-03-02,Organic,United States,Creator,2026-03
5767,2026-06-27,Instagram,United States,Viewer,2026-06
5768,2026-07-14,YouTube,Germany,Viewer,2026-07
5769,2026-03-03,Referral,United States,Viewer,2026-03
5770,2026-02-27,YouTube,India,Creator,2026-02
5771,2026-06-10,Organic,United States,Viewer,2026-06
5772,2026-03-16,Instagram,India,Creator,2026-03
5773,2026-01-16,Organic,United Kingdom,Creator,2026-01
5774,2026-03-23,Organic,India,Viewer,2026-03
5775,2026-04-04,Instagram,United States,Creator,2026-04
5776,2026-02-17,Organic,Other,Viewer,2026-02
5777,2026-05-18,YouTube,Nigeria,Viewer,2026-05
5778,2026-03-23,YouTube,United States,Viewer,2026-03
5779,2026-02-07,Paid Social,Nigeria,Creator,2026-02
5780,2026-05-07,Referral,India,Viewer,2026-05
5781,2026-01-19,Organic,India,Creator,2026-01
5782,2026-06-13,TikTok,United Kingdom,Creator,2026-06
5783,2026-07-06,Organic,United Kingdom,Viewer,2026-07
5784,2026-03-04,TikTok,Other,Viewer,2026-03
5785,2026-03-18,Organic,Canada,Creator,2026-03
5786,2026-06-23,Organic,Other,Viewer,2026-06
5787,2026-05-11,Instagram,Other,Viewer,2026-05
5788,2026-07-21,YouTube,Canada,Viewer,2026-07
5789,2026-04-12,YouTube,Other,Creator,2026-04
5790,2026-03-06,Instagram,United Kingdom,Viewer,2026-03
5791,2026-04-30,Instagram,India,Creator,2026-04
5792,2026-04-01,Instagram,India,Creator,2026-04
5793,2026-01-08,YouTube,India,Viewer,2026-01
5794,2026-06-28,Organic,Other,Creator,2026-06
5795,2026-08-22,YouTube,United Kingdom,Creator,2026-08
5796,2026-07-28,X,Canada,Creator,2026-07
5797,2026-03-14,Organic,United States,Creator,2026-03
5798,2026-05-14,Organic,United States,Creator,2026-05
5799,2026-04-17,Organic,India,Viewer,2026-04
5800,2026-03-30,Instagram,Other,Viewer,2026-03
5801,2026-02-08,Referral,Germany,Creator,2026-02
5802,2026-04-23,TikTok,Canada,Creator,2026-04
5803,2026-07-07,TikTok,India,Creator,2026-07
5804,2026-01-28,Paid Social,India,Creator,2026-01
5805,2026-04-07,Organic,United States,Viewer,2026-04
5806,2026-07-01,Organic,India,Creator,2026-07
5807,2026-02-06,TikTok,Germany,Creator,2026-02
5808,2026-05-17,Referral,India,Viewer,2026-05
5809,2026-03-23,X,Nigeria,Creator,2026-03
5810,2026-02-25,TikTok,Nigeria,Creator,2026-02
5811,2026-07-06,Paid Social,United States,Viewer,2026-07
5812,2026-03-26,Referral,India,Creator,2026-03
5813,2026-01-02,Organic,Other,Viewer,2026-01
5814,2026-07-08,Referral,United States,Creator,2026-07
5815,2026-02-27,Organic,Canada,Viewer,2026-02
5816,2026-04-17,YouTube,India,Creator,2026-04
5817,2026-05-03,Organic,Germany,Creator,2026-05
5818,2026-07-07,YouTube,India,Creator,2026-07
5819,2026-08-18,TikTok,United Kingdom,Creator,2026-08
5820,2026-06-17,Referral,Nigeria,Creator,2026-06
5821,2026-06-13,TikTok,India,Creator,2026-06
5822,2026-04-24,X,India,Creator,2026-04
5823,2026-04-17,TikTok,Other,Viewer,2026-04
5824,2026-02-06,Paid Social,India,Creator,2026-02
5825,2026-03-20,Referral,United Kingdom,Creator,2026-03
5826,2026-04-02,Organic,United Kingdom,Creator,2026-04
5827,2026-01-18,Paid Social,United States,Viewer,2026-01
5828,2026-04-08,TikTok,India,Creator,2026-04
5829,2026-03-04,YouTube,India,Viewer,2026-03
5830,2026-05-30,Referral,Nigeria,Creator,2026-05
5831,2026-05-19,Organic,Nigeria,Creator,2026-05
5832,2026-07-05,Paid Social,Other,Creator,2026-07
5833,2026-07-04,TikTok,United Kingdom,Viewer,2026-07
5834,2026-07-24,Organic,Germany,Viewer,2026-07
5835,2026-01-04,Referral,India,Creator,2026-01
5836,2026-08-02,YouTube,United Kingdom,Creator,2026-08
5837,2026-05-15,Organic,India,Creator,2026-05
5838,2026-03-02,Organic,India,Creator,2026-03
5839,2026-04-17,YouTube,Canada,Creator,2026-04
5840,2026-02-23,Organic,Canada,Creator,2026-02
5841,2026-03-29,Paid Social,United States,Creator,2026-03
5842,2026-03-09,Referral,Canada,Creator,2026-03
5843,2026-08-08,TikTok,United States,Creator,2026-08
5844,2026-07-26,TikTok,Germany,Viewer,2026-07
5845,2026-05-09,Instagram,India,Creator,2026-05
5846,2026-02-24,TikTok,India,Creator,2026-02
5847,2026-01-03,Referral,Canada,Creator,2026-01
5848,2026-07-25,Paid Social,United Kingdom,Viewer,2026-07
5849,2026-06-15,X,Nigeria,Creator,2026-06
5850,2026-05-01,Instagram,United Kingdom,Creator,2026-05
5851,2026-05-09,Organic,Other,Creator,2026-05
5852,2026-04-12,YouTube,United Kingdom,Viewer,2026-04
5853,2026-02-07,YouTube,United Kingdom,Viewer,2026-02
5854,2026-03-26,YouTube,Canada,Creator,2026-03
5855,2026-06-06,Organic,Other,Creator,2026-06
5856,2026-05-13,Paid Social,India,Viewer,2026-05
5857,2026-07-21,TikTok,United Kingdom,Viewer,2026-07
5858,2026-04-02,Referral,Nigeria,Creator,2026-04
5859,2026-01-21,Referral,India,Viewer,2026-01
5860,2026-07-18,YouTube,Nigeria,Creator,2026-07
5861,2026-07-14,TikTok,India,Viewer,2026-07
5862,2026-04-19,X,India,Creator,2026-04
5863,2026-02-16,Organic,Other,Creator,2026-02
5864,2026-03-25,Referral,India,Creator,2026-03
5865,2026-03-24,Organic,Nigeria,Viewer,2026-03
5866,2026-02-04,TikTok,United States,Creator,2026-02
5867,2026-07-15,Organic,Nigeria,Creator,2026-07
5868,2026-03-10,Referral,India,Creator,2026-03
5869,2026-05-09,X,United States,Creator,2026-05
5870,2026-07-15,YouTube,Other,Viewer,2026-07
5871,2026-05-20,YouTube,United States,Viewer,2026-05
5872,2026-07-07,Referral,United States,Creator,2026-07
5873,2026-01-27,Organic,United States,Creator,2026-01
5874,2026-02-25,YouTube,India,Creator,2026-02
5875,2026-08-22,X,United States,Creator,2026-08
5876,2026-01-23,Organic,India,Viewer,2026-01
5877,2026-06-02,Organic,Nigeria,Creator,2026-06
5878,2026-01-21,Organic,Germany,Creator,2026-01
5879,2026-03-02,Organic,Nigeria,Viewer,2026-03
5880,2026-03-04,TikTok,United Kingdom,Creator,2026-03
5881,2026-05-02,Organic,India,Viewer,2026-05
5882,2026-02-21,X,Germany,Creator,2026-02
5883,2026-03-29,Organic,United States,Creator,2026-03
5884,2026-06-02,TikTok,Other,Creator,2026-06
5885,2026-02-24,Paid Social,India,Viewer,2026-02
5886,2026-02-15,Instagram,Other,Viewer,2026-02
5887,2026-02-01,Organic,United Kingdom,Creator,2026-02
5888,2026-02-24,X,India,Creator,2026-02
5889,2026-04-06,Organic,Other,Creator,2026-04
5890,2026-05-13,Organic,India,Creator,2026-05
5891,2026-02-05,Organic,Canada,Viewer,2026-02
5892,2026-04-20,Paid Social,Other,Viewer,2026-04
5893,2026-08-22,YouTube,India,Viewer,2026-08
5894,2026-06-26,Referral,United States,Creator,2026-06
5895,2026-04-16,Paid Social,Nigeria,Creator,2026-04
5896,2026-02-27,Paid Social,United Kingdom,Creator,2026-02
5897,2026-02-08,Referral,Other,Creator,2026-02
5898,2026-03-21,YouTube,Canada,Creator,2026-03
5899,2026-04-07,TikTok,United States,Creator,2026-04
5900,2026-04-23,Organic,Germany,Creator,2026-04
5901,2026-08-01,X,Other,Creator,2026-08
5902,2026-03-02,X,India,Creator,2026-03
5903,2026-05-17,Paid Social,India,Creator,2026-05
5904,2026-01-06,Instagram,United States,Creator,2026-01
5905,2026-04-19,YouTube,Other,Creator,2026-04
5906,2026-02-04,X,India,Viewer,2026-02
5907,2026-02-08,Organic,Other,Creator,2026-02
5908,2026-05-30,X,Other,Creator,2026-05
5909,2026-06-18,Instagram,India,Creator,2026-06
5910,2026-04-28,Instagram,Nigeria,Creator,2026-04
5911,2026-01-05,Instagram,United States,Creator,2026-01
5912,2026-06-19,Organic,United States,Creator,2026-06
5913,2026-03-28,Instagram,United States,Viewer,2026-03
5914,2026-07-28,X,Canada,Viewer,2026-07
5915,2026-03-17,Instagram,Nigeria,Creator,2026-03
5916,2026-08-03,Instagram,Other,Creator,2026-08
5917,2026-07-27,Organic,United States,Creator,2026-07
5918,2026-07-14,Organic,Nigeria,Creator,2026-07
5919,2026-06-07,TikTok,Germany,Creator,2026-06
5920,2026-02-26,TikTok,United States,Creator,2026-02
5921,2026-05-07,X,United States,Creator,2026-05
5922,2026-08-02,Referral,United Kingdom,Viewer,2026-08
5923,2026-07-20,Organic,Other,Creator,2026-07
5924,2026-01-29,Organic,United States,Creator,2026-01
5925,2026-06-14,Instagram,Nigeria,Creator,2026-06
5926,2026-03-28,Instagram,Other,Viewer,2026-03
5927,2026-05-21,X,India,Creator,2026-05
5928,2026-06-09,Referral,United States,Creator,2026-06
5929,2026-02-15,Referral,United Kingdom,Creator,2026-02
5930,2026-04-26,Organic,India,Viewer,2026-04
5931,2026-04-22,Paid Social,Nigeria,Viewer,2026-04
5932,2026-05-31,Organic,India,Creator,2026-05
5933,2026-02-14,YouTube,Germany,Creator,2026-02
5934,2026-05-25,YouTube,Germany,Creator,2026-05
5935,2026-04-14,YouTube,India,Viewer,2026-04
5936,2026-03-26,Organic,India,Viewer,2026-03
5937,2026-07-13,TikTok,Canada,Creator,2026-07
5938,2026-08-17,Instagram,United States,Creator,2026-08
5939,2026-05-14,Organic,Nigeria,Viewer,2026-05
5940,2026-04-18,Organic,India,Creator,2026-04
5941,2026-01-18,X,India,Creator,2026-01
5942,2026-04-04,Instagram,United States,Creator,2026-04
5943,2026-05-30,YouTube,India,Creator,2026-05
5944,2026-02-02,Organic,United States,Creator,2026-02
5945,2026-06-07,Referral,Canada,Viewer,2026-06
5946,2026-07-28,Organic,Nigeria,Viewer,2026-07
5947,2026-05-06,Paid Social,United Kingdom,Viewer,2026-05
5948,2026-08-23,Instagram,United States,Viewer,2026-08
5949,2026-06-09,Instagram,United States,Creator,2026-06
5950,2026-06-19,Paid Social,India,Creator,2026-06
5951,2026-07-25,TikTok,United States,Creator,2026-07
5952,2026-05-02,Organic,United Kingdom,Viewer,2026-05
5953,2026-05-18,Instagram,Canada,Creator,2026-05
5954,2026-04-25,Organic,United States,Viewer,2026-04
5955,2026-06-13,Instagram,United Kingdom,Creator,2026-06
5956,2026-06-11,Organic,India,Creator,2026-06
5957,2026-07-20,Referral,Other,Creator,2026-07
5958,2026-08-22,X,Other,Viewer,2026-08
5959,2026-01-28,Organic,United States,Creator,2026-01
5960,2026-01-11,Referral,Nigeria,Viewer,2026-01
5961,2026-07-25,TikTok,United Kingdom,Creator,2026-07
5962,2026-06-16,TikTok,United States,Creator,2026-06
5963,2026-02-16,TikTok,Other,Creator,2026-02
5964,2026-05-07,YouTube,Canada,Viewer,2026-05
5965,2026-05-27,Instagram,United Kingdom,Creator,2026-05
5966,2026-04-28,X,Nigeria,Creator,2026-04
5967,2026-05-23,Organic,India,Creator,2026-05
5968,2026-05-06,Paid Social,India,Creator,2026-05
5969,2026-06-05,YouTube,United States,Creator,2026-06
5970,2026-06-01,Organic,India,Viewer,2026-06
5971,2026-03-13,YouTube,Other,Viewer,2026-03
5972,2026-04-17,X,United States,Creator,2026-04
5973,2026-05-17,Organic,Other,Viewer,2026-05
5974,2026-06-24,Organic,Germany,Creator,2026-06
5975,2026-02-02,Organic,Germany,Creator,2026-02
5976,2026-07-09,Referral,India,Creator,2026-07
5977,2026-08-13,X,United States,Creator,2026-08
5978,2026-01-19,TikTok,United States,Viewer,2026-01
5979,2026-07-14,Organic,Other,Creator,2026-07
5980,2026-03-15,Instagram,Other,Creator,2026-03
5981,2026-06-17,Instagram,India,Creator,2026-06
5982,2026-06-24,YouTube,United States,Creator,2026-06
5983,2026-08-22,Paid Social,Nigeria,Creator,2026-08
5984,2026-07-12,Instagram,India,Creator,2026-07
5985,2026-06-06,TikTok,Germany,Creator,2026-06
5986,2026-06-27,TikTok,Germany,Creator,2026-06
5987,2026-04-08,Referral,Canada,Viewer,2026-04
5988,2026-05-21,Organic,United Kingdom,Viewer,2026-05
5989,2026-05-09,TikTok,Nigeria,Creator,2026-05
5990,2026-06-11,YouTube,United States,Creator,2026-06
5991,2026-04-03,Organic,Germany,Viewer,2026-04
5992,2026-06-25,TikTok,Germany,Creator,2026-06
5993,2026-07-24,YouTube,India,Viewer,2026-07
5994,2026-02-17,Organic,United States,Creator,2026-02
5995,2026-06-26,TikTok,India,Viewer,2026-06
5996,2026-03-05,Instagram,Germany,Creator,2026-03
5997,2026-03-02,TikTok,India,Creator,2026-03
5998,2026-06-06,Organic,United Kingdom,Viewer,2026-06
5999,2026-02-08,Paid Social,United States,Viewer,2026-02
6000,2026-05-08,Organic,Germany,Viewer,2026-05
6001,2026-03-29,Referral,Nigeria,Viewer,2026-03
6002,2026-01-26,Organic,United States,Creator,2026-01
6003,2026-01-17,Instagram,United States,Viewer,2026-01
6004,2026-03-12,Organic,United States,Creator,2026-03
6005,2026-01-13,Organic,Canada,Creator,2026-01
6006,2026-03-10,Organic,United Kingdom,Viewer,2026-03
6007,2026-01-26,Instagram,United States,Viewer,2026-01
6008,2026-02-18,Instagram,Nigeria,Creator,2026-02
6009,2026-07-14,Organic,India,Creator,2026-07
6010,2026-01-07,Paid Social,Germany,Viewer,2026-01
6011,2026-02-27,Organic,India,Creator,2026-02
6012,2026-02-18,Instagram,Other,Creator,2026-02
6013,2026-04-13,Organic,Nigeria,Creator,2026-04
6014,2026-02-22,Instagram,Nigeria,Viewer,2026-02
6015,2026-07-12,Referral,India,Creator,2026-07
6016,2026-03-03,Instagram,India,Viewer,2026-03
6017,2026-01-17,TikTok,Nigeria,Creator,2026-01
6018,2026-06-20,Organic,United States,Creator,2026-06
6019,2026-01-25,Referral,India,Creator,2026-01
6020,2026-05-11,Organic,Germany,Creator,2026-05
6021,2026-07-26,TikTok,United States,Creator,2026-07
6022,2026-01-29,Organic,India,Viewer,2026-01
6023,2026-04-27,Organic,Canada,Creator,2026-04
6024,2026-08-23,Organic,Other,Creator,2026-08
6025,2026-06-09,Paid Social,United States,Creator,2026-06
6026,2026-01-26,Referral,Canada,Creator,2026-01
6027,2026-05-04,X,United Kingdom,Creator,2026-05
6028,2026-05-24,Organic,Other,Viewer,2026-05
6029,2026-01-25,Instagram,India,Creator,2026-01
6030,2026-02-23,Instagram,Other,Viewer,2026-02
6031,2026-06-05,X,United States,Creator,2026-06
6032,2026-03-14,Organic,United States,Viewer,2026-03
6033,2026-04-30,Paid Social,United States,Creator,2026-04
6034,2026-02-25,Instagram,India,Viewer,2026-02
6035,2026-03-06,Paid Social,United Kingdom,Viewer,2026-03
6036,2026-04-03,Organic,Nigeria,Creator,2026-04
6037,2026-03-27,Organic,United States,Creator,2026-03
6038,2026-03-21,Organic,India,Viewer,2026-03
6039,2026-06-18,Referral,United States,Creator,2026-06
6040,2026-04-18,TikTok,United States,Creator,2026-04
6041,2026-06-28,Referral,United States,Creator,2026-06
6042,2026-04-28,Referral,United States,Viewer,2026-04
6043,2026-08-21,YouTube,India,Viewer,2026-08
6044,2026-07-18,YouTube,United States,Creator,2026-07
6045,2026-07-25,YouTube,Germany,Creator,2026-07
6046,2026-06-06,YouTube,India,Viewer,2026-06
6047,2026-03-24,TikTok,India,Viewer,2026-03
6048,2026-05-27,YouTube,United States,Creator,2026-05
6049,2026-07-13,Paid Social,United States,Creator,2026-07
6050,2026-06-18,TikTok,Nigeria,Creator,2026-06
6051,2026-06-22,Paid Social,Other,Creator,2026-06
6052,2026-01-15,Organic,Canada,Viewer,2026-01
6053,2026-05-11,TikTok,United Kingdom,Viewer,2026-05
6054,2026-05-19,Organic,United States,Creator,2026-05
6055,2026-06-30,Organic,United States,Viewer,2026-06
6056,2026-06-23,Referral,Nigeria,Viewer,2026-06
6057,2026-01-30,Paid Social,Other,Creator,2026-01
6058,2026-02-26,Referral,Other,Creator,2026-02
6059,2026-08-20,Paid Social,United States,Creator,2026-08
6060,2026-05-26,Organic,India,Creator,2026-05
6061,2026-06-28,Organic,India,Creator,2026-06
6062,2026-05-08,Instagram,India,Creator,2026-05
6063,2026-02-17,Referral,Germany,Viewer,2026-02
6064,2026-07-13,Organic,India,Viewer,2026-07
6065,2026-08-12,Paid Social,United States,Creator,2026-08
6066,2026-05-16,X,Germany,Creator,2026-05
6067,2026-01-22,Paid Social,India,Creator,2026-01
6068,2026-01-06,TikTok,United States,Viewer,2026-01
6069,2026-07-23,Instagram,India,Viewer,2026-07
6070,2026-07-04,Referral,United States,Creator,2026-07
6071,2026-04-14,Referral,India,Viewer,2026-04
6072,2026-02-05,Organic,Nigeria,Creator,2026-02
6073,2026-03-20,Paid Social,Canada,Creator,2026-03
6074,2026-08-08,Referral,United Kingdom,Creator,2026-08
6075,2026-04-26,Organic,Nigeria,Creator,2026-04
6076,2026-02-26,Organic,Germany,Creator,2026-02
6077,2026-02-18,Instagram,India,Creator,2026-02
6078,2026-06-22,Instagram,Germany,Creator,2026-06
6079,2026-03-23,YouTube,India,Viewer,2026-03
6080,2026-03-07,Organic,United States,Creator,2026-03
6081,2026-03-18,YouTube,India,Creator,2026-03
6082,2026-02-14,X,India,Creator,2026-02
6083,2026-03-20,Organic,Other,Creator,2026-03
6084,2026-01-20,Instagram,India,Creator,2026-01
6085,2026-07-11,Organic,United States,Creator,2026-07
6086,2026-08-09,Organic,Nigeria,Viewer,2026-08
6087,2026-05-03,X,United States,Creator,2026-05
6088,2026-08-22,Paid Social,Other,Creator,2026-08
6089,2026-08-09,Organic,Other,Viewer,2026-08
6090,2026-03-08,TikTok,United States,Creator,2026-03
6091,2026-03-24,Organic,India,Creator,2026-03
6092,2026-01-03,Organic,India,Creator,2026-01
6093,2026-07-01,TikTok,United States,Creator,2026-07
6094,2026-07-25,YouTube,United States,Creator,2026-07
6095,2026-03-05,Organic,United States,Creator,2026-03
6096,2026-02-09,Paid Social,Canada,Creator,2026-02
6097,2026-02-28,Organic,United States,Viewer,2026-02
6098,2026-07-02,Paid Social,India,Viewer,2026-07
6099,2026-03-03,Paid Social,United States,Creator,2026-03
6100,2026-05-12,Instagram,Canada,Creator,2026-05
6101,2026-03-01,Organic,United States,Creator,2026-03
6102,2026-04-26,X,India,Creator,2026-04
6103,2026-03-16,X,United States,Creator,2026-03
6104,2026-05-02,Referral,United States,Viewer,2026-05
6105,2026-08-11,X,United States,Creator,2026-08
6106,2026-04-17,TikTok,Other,Viewer,2026-04
6107,2026-04-06,Referral,Canada,Creator,2026-04
6108,2026-04-01,Paid Social,United Kingdom,Viewer,2026-04
6109,2026-06-07,YouTube,Germany,Creator,2026-06
6110,2026-08-23,Referral,United Kingdom,Creator,2026-08
6111,2026-05-10,X,Canada,Creator,2026-05
6112,2026-03-03,YouTube,United States,Creator,2026-03
6113,2026-02-18,YouTube,Nigeria,Viewer,2026-02
6114,2026-05-17,YouTube,India,Creator,2026-05
6115,2026-04-02,TikTok,United States,Viewer,2026-04
6116,2026-06-08,X,United States,Viewer,2026-06
6117,2026-05-04,X,United Kingdom,Creator,2026-05
6118,2026-08-14,TikTok,United States,Viewer,2026-08
6119,2026-03-02,TikTok,United Kingdom,Creator,2026-03
6120,2026-07-26,Referral,United Kingdom,Creator,2026-07
6121,2026-02-17,X,India,Viewer,2026-02
6122,2026-06-02,Organic,India,Viewer,2026-06
6123,2026-06-13,Referral,India,Creator,2026-06
6124,2026-05-16,Paid Social,India,Viewer,2026-05
6125,2026-07-20,Instagram,Nigeria,Creator,2026-07
6126,2026-02-27,Organic,Canada,Viewer,2026-02
6127,2026-04-11,Paid Social,India,Creator,2026-04
6128,2026-04-22,Paid Social,Germany,Creator,2026-04
6129,2026-06-22,Organic,Other,Creator,2026-06
6130,2026-03-03,Organic,United States,Creator,2026-03
6131,2026-02-08,Instagram,United Kingdom,Viewer,2026-02
6132,2026-08-12,YouTube,India,Creator,2026-08
6133,2026-02-27,Organic,Canada,Creator,2026-02
6134,2026-07-28,Instagram,India,Creator,2026-07
6135,2026-04-09,TikTok,United Kingdom,Creator,2026-04
6136,2026-08-17,Paid Social,United States,Creator,2026-08
6137,2026-07-30,TikTok,Other,Creator,2026-07
6138,2026-07-11,Instagram,United States,Creator,2026-07
6139,2026-02-13,Paid Social,India,Creator,2026-02
6140,2026-01-29,TikTok,Nigeria,Creator,2026-01
6141,2026-02-28,TikTok,Canada,Creator,2026-02
6142,2026-03-12,Referral,United Kingdom,Viewer,2026-03
6143,2026-04-02,Organic,Other,Creator,2026-04
6144,2026-01-09,Referral,Germany,Creator,2026-01
6145,2026-05-07,Organic,Nigeria,Creator,2026-05
6146,2026-08-08,Organic,India,Viewer,2026-08
6147,2026-05-14,Paid Social,India,Creator,2026-05
6148,2026-06-06,Instagram,Other,Creator,2026-06
6149,2026-07-05,YouTube,Other,Viewer,2026-07
6150,2026-05-25,Organic,India,Creator,2026-05
6151,2026-05-24,Organic,United Kingdom,Creator,2026-05
6152,2026-08-03,Referral,Canada,Creator,2026-08
6153,2026-08-11,TikTok,Nigeria,Viewer,2026-08
6154,2026-05-11,Instagram,Germany,Creator,2026-05
6155,2026-01-21,Organic,India,Creator,2026-01
6156,2026-03-05,TikTok,Other,Creator,2026-03
6157,2026-03-31,Referral,United States,Creator,2026-03
6158,2026-02-05,Referral,Nigeria,Viewer,2026-02
6159,2026-08-22,YouTube,United States,Viewer,2026-08
6160,2026-08-17,YouTube,Nigeria,Creator,2026-08
6161,2026-08-02,Instagram,Nigeria,Creator,2026-08
6162,2026-03-03,Instagram,United Kingdom,Viewer,2026-03
6163,2026-06-19,Referral,Nigeria,Creator,2026-06
6164,2026-03-17,Organic,United Kingdom,Creator,2026-03
6165,2026-06-19,Organic,United States,Creator,2026-06
6166,2026-07-08,Paid Social,Other,Creator,2026-07
6167,2026-01-13,Organic,India,Creator,2026-01
6168,2026-01-11,Organic,Nigeria,Creator,2026-01
6169,2026-02-23,X,India,Creator,2026-02
6170,2026-01-16,Referral,United States,Creator,2026-01
6171,2026-01-08,Instagram,India,Creator,2026-01
6172,2026-04-14,TikTok,Other,Viewer,2026-04
6173,2026-02-28,Paid Social,India,Viewer,2026-02
6174,2026-02-26,YouTube,United States,Creator,2026-02
6175,2026-02-09,Referral,Canada,Creator,2026-02
6176,2026-07-06,Organic,India,Viewer,2026-07
6177,2026-05-10,Organic,Germany,Viewer,2026-05
6178,2026-04-04,TikTok,Germany,Creator,2026-04
6179,2026-08-10,Organic,United Kingdom,Creator,2026-08
6180,2026-07-23,Organic,India,Creator,2026-07
6181,2026-05-18,Organic,India,Viewer,2026-05
6182,2026-02-13,Instagram,India,Creator,2026-02
6183,2026-05-19,YouTube,India,Creator,2026-05
6184,2026-07-26,Referral,India,Viewer,2026-07
6185,2026-03-21,Organic,Germany,Creator,2026-03
6186,2026-03-22,TikTok,Nigeria,Creator,2026-03
6187,2026-08-06,Organic,United States,Viewer,2026-08
6188,2026-01-02,Instagram,United States,Creator,2026-01
6189,2026-06-27,Instagram,Nigeria,Creator,2026-06
6190,2026-05-20,Instagram,United States,Viewer,2026-05
6191,2026-04-25,Paid Social,Other,Creator,2026-04
6192,2026-03-31,Referral,India,Creator,2026-03
6193,2026-01-23,YouTube,Other,Creator,2026-01
6194,2026-05-26,Paid Social,United Kingdom,Creator,2026-05
6195,2026-03-03,YouTube,Other,Creator,2026-03
6196,2026-08-12,Referral,India,Creator,2026-08
6197,2026-04-23,X,India,Creator,2026-04
6198,2026-05-08,Instagram,Nigeria,Viewer,2026-05
6199,2026-03-03,YouTube,Other,Viewer,2026-03
6200,2026-02-07,Organic,Canada,Creator,2026-02
6201,2026-07-14,YouTube,United Kingdom,Creator,2026-07
6202,2026-06-15,Paid Social,India,Creator,2026-06
6203,2026-07-14,YouTube,United States,Creator,2026-07
6204,2026-08-10,Organic,United States,Viewer,2026-08
6205,2026-03-02,TikTok,Nigeria,Viewer,2026-03
6206,2026-05-09,Referral,India,Creator,2026-05
6207,2026-08-10,Paid Social,India,Creator,2026-08
6208,2026-06-22,TikTok,United Kingdom,Creator,2026-06
6209,2026-08-12,Referral,Other,Viewer,2026-08
6210,2026-06-05,Referral,United Kingdom,Creator,2026-06
6211,2026-05-29,Organic,United Kingdom,Creator,2026-05
6212,2026-05-02,Referral,Other,Viewer,2026-05
6213,2026-04-20,TikTok,India,Viewer,2026-04
6214,2026-01-13,X,India,Creator,2026-01
6215,2026-06-04,Instagram,Canada,Creator,2026-06
6216,2026-04-10,YouTube,United States,Creator,2026-04
6217,2026-05-15,Referral,United States,Creator,2026-05
6218,2026-01-22,Instagram,India,Viewer,2026-01
6219,2026-03-15,Paid Social,Nigeria,Creator,2026-03
6220,2026-08-19,Referral,United States,Creator,2026-08
6221,2026-06-30,Referral,United States,Creator,2026-06
6222,2026-07-26,Instagram,United States,Viewer,2026-07
6223,2026-07-26,Organic,United States,Creator,2026-07
6224,2026-05-12,Instagram,Other,Creator,2026-05
6225,2026-08-12,Paid Social,Other,Viewer,2026-08
6226,2026-01-23,Organic,Germany,Viewer,2026-01
6227,2026-04-29,Paid Social,Other,Creator,2026-04
6228,2026-03-11,Referral,India,Creator,2026-03
6229,2026-08-04,YouTube,Germany,Creator,2026-08
6230,2026-03-25,YouTube,United States,Creator,2026-03
6231,2026-04-11,X,Canada,Viewer,2026-04
6232,2026-03-25,YouTube,India,Viewer,2026-03
6233,2026-07-23,TikTok,Germany,Creator,2026-07
6234,2026-06-10,Referral,India,Viewer,2026-06
6235,2026-01-28,YouTube,India,Viewer,2026-01
6236,2026-05-16,Referral,Germany,Creator,2026-05
6237,2026-01-01,Referral,Canada,Viewer,2026-01
6238,2026-06-14,Organic,Nigeria,Creator,2026-06
6239,2026-03-04,Organic,United Kingdom,Creator,2026-03
6240,2026-01-22,Referral,India,Viewer,2026-01
6241,2026-03-11,Organic,United Kingdom,Creator,2026-03
6242,2026-05-05,X,India,Creator,2026-05
6243,2026-05-29,Instagram,Germany,Creator,2026-05
6244,2026-04-06,Organic,Nigeria,Viewer,2026-04
6245,2026-06-12,Organic,Other,Viewer,2026-06
6246,2026-03-20,Referral,United States,Creator,2026-03
6247,2026-01-05,X,United States,Creator,2026-01
6248,2026-03-01,Instagram,United States,Creator,2026-03
6249,2026-04-30,Paid Social,United States,Creator,2026-04
6250,2026-02-15,Organic,India,Creator,2026-02
6251,2026-06-27,Organic,Germany,Creator,2026-06
6252,2026-06-25,Referral,United States,Creator,2026-06
6253,2026-05-14,Referral,Nigeria,Creator,2026-05
6254,2026-08-05,TikTok,India,Creator,2026-08
6255,2026-02-25,Paid Social,India,Creator,2026-02
6256,2026-04-20,Paid Social,Nigeria,Viewer,2026-04
6257,2026-07-06,Organic,Other,Creator,2026-07
6258,2026-08-20,Organic,Nigeria,Creator,2026-08
6259,2026-06-06,Referral,India,Viewer,2026-06
6260,2026-07-18,TikTok,India,Creator,2026-07
6261,2026-04-14,Organic,Other,Creator,2026-04
6262,2026-03-18,Referral,United Kingdom,Creator,2026-03
6263,2026-08-18,Instagram,Other,Creator,2026-08
6264,2026-05-26,Instagram,India,Creator,2026-05
6265,2026-01-02,Organic,Other,Viewer,2026-01
6266,2026-01-08,YouTube,Germany,Viewer,2026-01
6267,2026-03-16,X,Other,Creator,2026-03
6268,2026-08-13,Organic,India,Creator,2026-08
6269,2026-07-01,TikTok,Canada,Creator,2026-07
6270,2026-05-05,X,Nigeria,Creator,2026-05
6271,2026-02-07,Paid Social,Nigeria,Creator,2026-02
6272,2026-06-25,Paid Social,United States,Creator,2026-06
6273,2026-01-27,TikTok,Canada,Creator,2026-01
6274,2026-01-20,Referral,Other,Creator,2026-01
6275,2026-05-20,Referral,United Kingdom,Viewer,2026-05
6276,2026-02-12,Referral,United Kingdom,Creator,2026-02
6277,2026-07-08,X,United Kingdom,Creator,2026-07
6278,2026-01-31,Organic,United Kingdom,Creator,2026-01
6279,2026-04-01,Referral,United States,Viewer,2026-04
6280,2026-08-12,Organic,United States,Viewer,2026-08
6281,2026-03-02,Organic,Canada,Viewer,2026-03
6282,2026-07-21,X,India,Viewer,2026-07
6283,2026-07-14,Paid Social,Canada,Viewer,2026-07
6284,2026-04-19,Organic,Germany,Viewer,2026-04
6285,2026-04-01,YouTube,Nigeria,Creator,2026-04
6286,2026-06-12,TikTok,Other,Creator,2026-06
6287,2026-04-05,Paid Social,United States,Viewer,2026-04
6288,2026-05-23,X,India,Viewer,2026-05
6289,2026-05-24,Organic,United States,Viewer,2026-05
6290,2026-01-13,Organic,Other,Creator,2026-01
6291,2026-04-23,Instagram,Other,Viewer,2026-04
6292,2026-02-04,Organic,United States,Viewer,2026-02
6293,2026-07-22,Organic,India,Creator,2026-07
6294,2026-07-06,YouTube,United States,Creator,2026-07
6295,2026-05-29,TikTok,Nigeria,Viewer,2026-05
6296,2026-07-01,YouTube,Nigeria,Creator,2026-07
6297,2026-07-22,Organic,United Kingdom,Creator,2026-07
6298,2026-06-07,X,Germany,Creator,2026-06
6299,2026-02-17,Instagram,United Kingdom,Creator,2026-02
6300,2026-02-04,Organic,India,Viewer,2026-02
6301,2026-03-27,Instagram,United States,Creator,2026-03
6302,2026-06-15,Organic,Germany,Creator,2026-06
6303,2026-06-08,Referral,United Kingdom,Creator,2026-06
6304,2026-07-25,YouTube,India,Viewer,2026-07
6305,2026-06-01,X,United States,Viewer,2026-06
6306,2026-04-24,Organic,Canada,Creator,2026-04
6307,2026-06-26,TikTok,India,Viewer,2026-06
6308,2026-08-12,Instagram,United Kingdom,Creator,2026-08
6309,2026-04-10,YouTube,Nigeria,Creator,2026-04
6310,2026-06-09,Organic,India,Creator,2026-06
6311,2026-07-02,Organic,United Kingdom,Viewer,2026-07
6312,2026-07-26,TikTok,India,Creator,2026-07
6313,2026-08-23,Instagram,United States,Viewer,2026-08
6314,2026-07-05,Organic,United States,Creator,2026-07
6315,2026-04-09,Instagram,United Kingdom,Creator,2026-04
6316,2026-01-03,TikTok,Canada,Creator,2026-01
6317,2026-07-27,Instagram,India,Viewer,2026-07
6318,2026-07-16,TikTok,Germany,Creator,2026-07
6319,2026-03-26,X,India,Creator,2026-03
6320,2026-05-05,Organic,Nigeria,Viewer,2026-05
6321,2026-05-18,Organic,Nigeria,Creator,2026-05
6322,2026-03-24,Instagram,United Kingdom,Viewer,2026-03
6323,2026-01-25,TikTok,India,Creator,2026-01
6324,2026-03-09,TikTok,India,Creator,2026-03
6325,2026-03-02,Referral,United States,Creator,2026-03
6326,2026-01-29,Paid Social,India,Creator,2026-01
6327,2026-05-07,Organic,Other,Creator,2026-05
6328,2026-01-19,Referral,India,Creator,2026-01
6329,2026-06-20,Instagram,United States,Creator,2026-06
6330,2026-07-13,Organic,United States,Creator,2026-07
6331,2026-03-15,Paid Social,Nigeria,Creator,2026-03
6332,2026-03-02,Referral,Canada,Viewer,2026-03
6333,2026-06-20,Paid Social,United States,Creator,2026-06
6334,2026-06-02,Organic,India,Creator,2026-06
6335,2026-01-20,Organic,Canada,Creator,2026-01
6336,2026-02-17,Instagram,India,Creator,2026-02
6337,2026-07-30,YouTube,United Kingdom,Creator,2026-07
6338,2026-03-28,Organic,Germany,Creator,2026-03
6339,2026-06-01,Referral,United States,Creator,2026-06
6340,2026-05-19,Instagram,United States,Creator,2026-05
6341,2026-04-20,TikTok,India,Creator,2026-04
6342,2026-08-14,X,Germany,Creator,2026-08
6343,2026-07-02,YouTube,United Kingdom,Viewer,2026-07
6344,2026-01-28,Organic,India,Creator,2026-01
6345,2026-07-16,Paid Social,United States,Creator,2026-07
6346,2026-07-10,TikTok,United Kingdom,Creator,2026-07
6347,2026-02-28,Organic,United States,Creator,2026-02
6348,2026-05-13,Referral,India,Viewer,2026-05
6349,2026-02-20,Paid Social,Nigeria,Viewer,2026-02
6350,2026-05-29,Referral,Canada,Viewer,2026-05
6351,2026-01-12,Referral,United States,Creator,2026-01
6352,2026-02-19,X,India,Viewer,2026-02
6353,2026-05-12,Paid Social,Germany,Creator,2026-05
6354,2026-04-23,Organic,India,Viewer,2026-04
6355,2026-06-19,Referral,Nigeria,Creator,2026-06
6356,2026-07-31,YouTube,United Kingdom,Creator,2026-07
6357,2026-06-15,Organic,United States,Creator,2026-06
6358,2026-06-02,Instagram,United Kingdom,Creator,2026-06
6359,2026-01-14,Instagram,United States,Creator,2026-01
6360,2026-07-22,YouTube,Nigeria,Creator,2026-07
6361,2026-02-01,Organic,Nigeria,Creator,2026-02
6362,2026-05-19,Referral,Germany,Viewer,2026-05
6363,2026-07-08,Organic,United Kingdom,Creator,2026-07
6364,2026-05-26,TikTok,India,Viewer,2026-05
6365,2026-06-04,Paid Social,India,Viewer,2026-06
6366,2026-02-24,X,India,Creator,2026-02
6367,2026-07-01,TikTok,Other,Creator,2026-07
6368,2026-07-29,Organic,Other,Creator,2026-07
6369,2026-04-30,YouTube,India,Creator,2026-04
6370,2026-08-03,Paid Social,Nigeria,Viewer,2026-08
6371,2026-03-16,Paid Social,India,Creator,2026-03
6372,2026-01-21,YouTube,Other,Viewer,2026-01
6373,2026-06-21,Organic,India,Creator,2026-06
6374,2026-05-13,Organic,Nigeria,Viewer,2026-05
6375,2026-03-28,Organic,India,Creator,2026-03
6376,2026-06-18,TikTok,United States,Viewer,2026-06
6377,2026-02-28,Organic,India,Viewer,2026-02
6378,2026-03-30,Organic,United States,Creator,2026-03
6379,2026-08-21,X,United States,Creator,2026-08
6380,2026-07-01,TikTok,United States,Creator,2026-07
6381,2026-07-21,YouTube,India,Viewer,2026-07
6382,2026-05-30,Paid Social,Nigeria,Creator,2026-05
6383,2026-03-24,YouTube,Germany,Creator,2026-03
6384,2026-03-06,Referral,Canada,Creator,2026-03
6385,2026-03-05,Referral,Canada,Creator,2026-03
6386,2026-03-12,TikTok,United States,Creator,2026-03
6387,2026-01-04,Organic,United Kingdom,Creator,2026-01
6388,2026-07-12,Organic,United States,Creator,2026-07
6389,2026-05-23,TikTok,India,Creator,2026-05
6390,2026-04-14,YouTube,United States,Creator,2026-04
6391,2026-07-23,Paid Social,India,Creator,2026-07
6392,2026-05-30,Paid Social,India,Creator,2026-05
6393,2026-08-02,Organic,India,Creator,2026-08
6394,2026-06-24,Paid Social,United States,Viewer,2026-06
6395,2026-07-28,TikTok,United States,Creator,2026-07
6396,2026-04-03,Referral,United Kingdom,Creator,2026-04
6397,2026-06-23,Organic,Nigeria,Creator,2026-06
6398,2026-05-22,Organic,Germany,Creator,2026-05
6399,2026-06-27,TikTok,India,Creator,2026-06
6400,2026-05-28,Referral,India,Viewer,2026-05
6401,2026-06-27,Organic,Other,Creator,2026-06
6402,2026-04-22,Organic,United States,Creator,2026-04
6403,2026-06-10,Paid Social,Canada,Viewer,2026-06
6404,2026-04-29,Paid Social,Nigeria,Creator,2026-04
6405,2026-02-28,Organic,United States,Creator,2026-02
6406,2026-02-12,YouTube,India,Creator,2026-02
6407,2026-07-26,TikTok,Germany,Creator,2026-07
6408,2026-01-12,TikTok,India,Viewer,2026-01
6409,2026-02-09,Instagram,United States,Creator,2026-02
6410,2026-04-28,TikTok,United Kingdom,Creator,2026-04
6411,2026-01-20,Instagram,Nigeria,Creator,2026-01
6412,2026-08-10,X,Other,Creator,2026-08
6413,2026-06-15,Instagram,India,Viewer,2026-06
6414,2026-05-11,YouTube,United Kingdom,Creator,2026-05
6415,2026-06-05,YouTube,United States,Viewer,2026-06
6416,2026-07-03,Instagram,India,Creator,2026-07
6417,2026-03-31,Organic,Canada,Viewer,2026-03
6418,2026-04-04,YouTube,United States,Creator,2026-04
6419,2026-01-13,Referral,Nigeria,Creator,2026-01
6420,2026-07-24,YouTube,Other,Viewer,2026-07
6421,2026-03-07,X,Nigeria,Creator,2026-03
6422,2026-02-06,Organic,Germany,Viewer,2026-02
6423,2026-06-26,YouTube,Canada,Creator,2026-06
6424,2026-08-18,TikTok,United Kingdom,Creator,2026-08
6425,2026-03-07,Paid Social,Other,Viewer,2026-03
6426,2026-02-05,YouTube,India,Viewer,2026-02
6427,2026-07-01,Organic,Germany,Viewer,2026-07
6428,2026-01-26,Instagram,United States,Viewer,2026-01
6429,2026-03-16,Referral,Germany,Creator,2026-03
6430,2026-07-19,TikTok,Nigeria,Creator,2026-07
6431,2026-04-18,Instagram,Germany,Viewer,2026-04
6432,2026-06-17,YouTube,Other,Creator,2026-06
6433,2026-02-12,Referral,Nigeria,Viewer,2026-02
6434,2026-05-30,Organic,Nigeria,Creator,2026-05
6435,2026-05-28,X,Canada,Creator,2026-05
6436,2026-01-08,Paid Social,India,Creator,2026-01
6437,2026-01-29,Paid Social,India,Creator,2026-01
6438,2026-02-09,YouTube,United States,Creator,2026-02
6439,2026-08-06,Paid Social,Nigeria,Creator,2026-08
6440,2026-06-07,X,United States,Viewer,2026-06
6441,2026-07-28,Instagram,United States,Creator,2026-07
6442,2026-05-08,X,India,Creator,2026-05
6443,2026-03-25,Organic,India,Viewer,2026-03
6444,2026-04-26,TikTok,India,Viewer,2026-04
6445,2026-07-02,Instagram,United States,Creator,2026-07
6446,2026-05-24,Referral,United States,Viewer,2026-05
6447,2026-06-23,Referral,Nigeria,Creator,2026-06
6448,2026-03-03,X,India,Viewer,2026-03
6449,2026-08-23,TikTok,Other,Viewer,2026-08
6450,2026-01-07,Organic,Nigeria,Creator,2026-01
6451,2026-07-27,TikTok,India,Viewer,2026-07
6452,2026-02-14,YouTube,India,Viewer,2026-02
6453,2026-07-06,Organic,Canada,Creator,2026-07
6454,2026-07-03,TikTok,India,Creator,2026-07
6455,2026-06-25,TikTok,Other,Creator,2026-06
6456,2026-06-04,Referral,United States,Viewer,2026-06
6457,2026-06-30,Paid Social,Nigeria,Viewer,2026-06
6458,2026-08-03,YouTube,Other,Creator,2026-08
6459,2026-03-29,TikTok,Nigeria,Creator,2026-03
6460,2026-03-14,Instagram,Other,Viewer,2026-03
6461,2026-06-12,Organic,Other,Viewer,2026-06
6462,2026-06-28,Organic,Other,Viewer,2026-06
6463,2026-07-31,Organic,Germany,Viewer,2026-07
6464,2026-02-06,Organic,United States,Creator,2026-02
6465,2026-08-22,Organic,United States,Creator,2026-08
6466,2026-07-28,Organic,United States,Creator,2026-07
6467,2026-08-11,Organic,Other,Creator,2026-08
6468,2026-04-29,YouTube,United States,Viewer,2026-04
6469,2026-02-26,Paid Social,India,Creator,2026-02
6470,2026-01-08,Referral,Canada,Creator,2026-01
6471,2026-07-26,Organic,United States,Creator,2026-07
6472,2026-04-05,TikTok,United Kingdom,Viewer,2026-04
6473,2026-04-27,Referral,Other,Creator,2026-04
6474,2026-08-10,Organic,Nigeria,Creator,2026-08
6475,2026-04-20,Referral,United Kingdom,Creator,2026-04
6476,2026-01-20,X,United Kingdom,Creator,2026-01
6477,2026-05-04,Paid Social,United Kingdom,Viewer,2026-05
6478,2026-08-19,Referral,India,Creator,2026-08
6479,2026-02-22,YouTube,United States,Creator,2026-02
6480,2026-04-29,YouTube,India,Viewer,2026-04
6481,2026-01-12,Organic,United Kingdom,Viewer,2026-01
6482,2026-06-26,Organic,Nigeria,Creator,2026-06
6483,2026-01-17,TikTok,United States,Creator,2026-01
6484,2026-03-05,Organic,Nigeria,Creator,2026-03
6485,2026-02-11,Organic,Nigeria,Viewer,2026-02
6486,2026-04-04,TikTok,India,Creator,2026-04
6487,2026-06-06,Referral,United States,Creator,2026-06
6488,2026-05-27,Organic,Canada,Creator,2026-05
6489,2026-01-11,TikTok,Canada,Viewer,2026-01
6490,2026-04-08,TikTok,United States,Viewer,2026-04
6491,2026-06-27,Instagram,United Kingdom,Viewer,2026-06
6492,2026-03-12,Organic,United States,Creator,2026-03
6493,2026-04-18,Paid Social,Germany,Viewer,2026-04
6494,2026-02-27,X,United States,Creator,2026-02
6495,2026-02-03,Instagram,Other,Creator,2026-02
6496,2026-01-20,Organic,Nigeria,Viewer,2026-01
6497,2026-02-19,Instagram,Nigeria,Viewer,2026-02
6498,2026-04-12,Referral,United Kingdom,Viewer,2026-04
6499,2026-08-04,Organic,United States,Viewer,2026-08
6500,2026-05-18,TikTok,Canada,Viewer,2026-05
6501,2026-06-09,Organic,United States,Creator,2026-06
6502,2026-02-21,Paid Social,United States,Creator,2026-02
6503,2026-01-15,Organic,United Kingdom,Creator,2026-01
6504,2026-08-17,Paid Social,United States,Creator,2026-08
6505,2026-03-25,TikTok,India,Viewer,2026-03
6506,2026-05-11,X,Other,Viewer,2026-05
6507,2026-02-06,YouTube,Other,Creator,2026-02
6508,2026-05-06,Organic,United Kingdom,Viewer,2026-05
6509,2026-02-09,Instagram,Germany,Creator,2026-02
6510,2026-03-13,TikTok,Other,Viewer,2026-03
6511,2026-02-09,Organic,United Kingdom,Viewer,2026-02
6512,2026-08-24,Referral,Other,Creator,2026-08
6513,2026-02-25,Organic,United States,Creator,2026-02
6514,2026-05-31,YouTube,United Kingdom,Creator,2026-05
6515,2026-04-14,TikTok,India,Viewer,2026-04
6516,2026-05-19,Organic,Canada,Creator,2026-05
6517,2026-04-20,YouTube,Germany,Creator,2026-04
6518,2026-07-11,X,United States,Creator,2026-07
6519,2026-05-16,TikTok,United Kingdom,Creator,2026-05
6520,2026-04-03,Instagram,Germany,Viewer,2026-04
6521,2026-04-04,Organic,Other,Viewer,2026-04
6522,2026-02-25,Referral,India,Creator,2026-02
6523,2026-03-01,TikTok,Germany,Creator,2026-03
6524,2026-05-18,Organic,India,Creator,2026-05
6525,2026-02-08,Referral,Canada,Creator,2026-02
6526,2026-01-28,Organic,United States,Creator,2026-01
6527,2026-02-18,Organic,India,Creator,2026-02
6528,2026-06-13,TikTok,India,Creator,2026-06
6529,2026-05-05,Paid Social,United States,Creator,2026-05
6530,2026-01-13,Paid Social,Canada,Creator,2026-01
6531,2026-08-12,YouTube,India,Creator,2026-08
6532,2026-02-05,Instagram,Germany,Creator,2026-02
6533,2026-04-11,YouTube,Other,Viewer,2026-04
6534,2026-01-26,TikTok,Canada,Creator,2026-01
6535,2026-03-27,TikTok,United States,Viewer,2026-03
6536,2026-01-04,Paid Social,Nigeria,Viewer,2026-01
6537,2026-08-11,Organic,India,Creator,2026-08
6538,2026-03-23,TikTok,India,Creator,2026-03
6539,2026-07-11,Paid Social,Other,Creator,2026-07
6540,2026-06-15,YouTube,India,Creator,2026-06
6541,2026-05-07,Organic,Other,Creator,2026-05
6542,2026-03-29,Organic,India,Creator,2026-03
6543,2026-05-07,Instagram,India,Viewer,2026-05
6544,2026-04-30,Instagram,India,Creator,2026-04
6545,2026-08-03,Instagram,Canada,Viewer,2026-08
6546,2026-01-22,TikTok,United States,Viewer,2026-01
6547,2026-05-10,Paid Social,India,Viewer,2026-05
6548,2026-01-31,Organic,United Kingdom,Viewer,2026-01
6549,2026-04-29,Instagram,Other,Creator,2026-04
6550,2026-01-11,TikTok,Nigeria,Creator,2026-01
6551,2026-08-08,Organic,India,Creator,2026-08
6552,2026-02-15,Organic,India,Viewer,2026-02
6553,2026-04-06,Paid Social,Canada,Viewer,2026-04
6554,2026-07-09,Referral,United Kingdom,Creator,2026-07
6555,2026-07-16,Organic,Other,Creator,2026-07
6556,2026-07-11,Referral,Nigeria,Creator,2026-07
6557,2026-08-18,Organic,India,Creator,2026-08
6558,2026-01-10,X,United States,Viewer,2026-01
6559,2026-06-17,Organic,United Kingdom,Creator,2026-06
6560,2026-05-08,Paid Social,United States,Creator,2026-05
6561,2026-06-01,Organic,Other,Creator,2026-06
6562,2026-04-09,X,United States,Viewer,2026-04
6563,2026-06-21,Referral,Nigeria,Viewer,2026-06
6564,2026-04-22,Organic,India,Viewer,2026-04
6565,2026-03-01,TikTok,India,Viewer,2026-03
6566,2026-07-09,Organic,United Kingdom,Viewer,2026-07
6567,2026-03-28,YouTube,Nigeria,Creator,2026-03
6568,2026-05-25,TikTok,India,Creator,2026-05
6569,2026-03-06,X,United States,Creator,2026-03
6570,2026-08-11,Paid Social,United Kingdom,Creator,2026-08
6571,2026-08-11,TikTok,Germany,Viewer,2026-08
6572,2026-08-22,Organic,United States,Creator,2026-08
6573,2026-02-26,YouTube,United Kingdom,Creator,2026-02
6574,2026-07-02,Referral,India,Creator,2026-07
6575,2026-04-16,Paid Social,United Kingdom,Creator,2026-04
6576,2026-06-30,Organic,United Kingdom,Creator,2026-06
6577,2026-07-03,TikTok,India,Creator,2026-07
6578,2026-08-14,Referral,United Kingdom,Creator,2026-08
6579,2026-01-09,Referral,United States,Viewer,2026-01
6580,2026-01-22,X,India,Creator,2026-01
6581,2026-05-21,Organic,Nigeria,Creator,2026-05
6582,2026-03-30,TikTok,United States,Viewer,2026-03
6583,2026-06-25,Organic,Canada,Creator,2026-06
6584,2026-01-18,Paid Social,India,Viewer,2026-01
6585,2026-04-25,Organic,Canada,Viewer,2026-04
6586,2026-07-23,X,India,Viewer,2026-07
6587,2026-06-17,X,India,Viewer,2026-06
6588,2026-05-25,TikTok,Nigeria,Creator,2026-05
6589,2026-05-23,TikTok,United States,Creator,2026-05
6590,2026-04-16,YouTube,Other,Creator,2026-04
6591,2026-01-15,TikTok,Nigeria,Creator,2026-01
6592,2026-07-26,Organic,United States,Creator,2026-07
6593,2026-03-04,TikTok,Other,Creator,2026-03
6594,2026-06-16,Referral,United States,Viewer,2026-06
6595,2026-01-13,Paid Social,India,Creator,2026-01
6596,2026-03-22,YouTube,Nigeria,Creator,2026-03
6597,2026-02-01,Referral,Other,Creator,2026-02
6598,2026-05-17,Instagram,United Kingdom,Viewer,2026-05
6599,2026-02-09,X,United Kingdom,Viewer,2026-02
6600,2026-05-28,Paid Social,Canada,Creator,2026-05
6601,2026-08-06,Instagram,United Kingdom,Viewer,2026-08
6602,2026-08-07,Organic,Canada,Creator,2026-08
6603,2026-08-01,Paid Social,India,Creator,2026-08
6604,2026-03-23,Referral,India,Creator,2026-03
6605,2026-03-18,TikTok,United States,Creator,2026-03
6606,2026-07-27,Paid Social,Germany,Viewer,2026-07
6607,2026-07-20,TikTok,United Kingdom,Creator,2026-07
6608,2026-07-10,TikTok,Nigeria,Creator,2026-07
6609,2026-03-17,X,India,Viewer,2026-03
6610,2026-06-21,Organic,India,Viewer,2026-06
6611,2026-02-07,YouTube,Germany,Creator,2026-02
6612,2026-07-30,Organic,India,Creator,2026-07
6613,2026-07-07,Organic,Canada,Creator,2026-07
6614,2026-03-12,Instagram,India,Creator,2026-03
6615,2026-08-15,X,United Kingdom,Viewer,2026-08
6616,2026-02-17,Organic,United Kingdom,Creator,2026-02
6617,2026-01-18,Paid Social,Canada,Viewer,2026-01
6618,2026-05-24,X,United States,Creator,2026-05
6619,2026-07-02,Organic,United Kingdom,Creator,2026-07
6620,2026-02-08,TikTok,Nigeria,Viewer,2026-02
6621,2026-07-15,Referral,Other,Creator,2026-07
6622,2026-07-06,Instagram,Nigeria,Creator,2026-07
6623,2026-03-30,Organic,India,Viewer,2026-03
6624,2026-08-12,Organic,United Kingdom,Creator,2026-08
6625,2026-03-03,Instagram,Nigeria,Creator,2026-03
6626,2026-08-20,TikTok,Germany,Creator,2026-08
6627,2026-05-21,YouTube,India,Creator,2026-05
6628,2026-04-19,Paid Social,India,Viewer,2026-04
6629,2026-03-22,Organic,Other,Viewer,2026-03
6630,2026-08-17,Referral,Other,Creator,2026-08
6631,2026-05-14,Paid Social,United States,Viewer,2026-05
6632,2026-07-30,Paid Social,India,Creator,2026-07
6633,2026-03-18,Paid Social,United States,Viewer,2026-03
6634,2026-07-07,Referral,India,Viewer,2026-07
6635,2026-03-31,X,United States,Creator,2026-03
6636,2026-01-14,TikTok,United States,Viewer,2026-01
6637,2026-04-05,Instagram,Germany,Creator,2026-04
6638,2026-02-23,Referral,India,Creator,2026-02
6639,2026-05-12,TikTok,United Kingdom,Creator,2026-05
6640,2026-02-08,Organic,United Kingdom,Viewer,2026-02
6641,2026-03-13,Organic,United Kingdom,Viewer,2026-03
6642,2026-01-25,Referral,Nigeria,Creator,2026-01
6643,2026-03-18,Referral,United Kingdom,Creator,2026-03
6644,2026-06-09,Instagram,Germany,Creator,2026-06
6645,2026-07-06,Organic,Canada,Creator,2026-07
6646,2026-08-18,YouTube,India,Creator,2026-08
6647,2026-07-10,Organic,India,Creator,2026-07
6648,2026-06-15,X,Germany,Creator,2026-06
6649,2026-04-30,TikTok,Nigeria,Creator,2026-04
6650,2026-08-08,Paid Social,Other,Creator,2026-08
6651,2026-02-22,Instagram,United States,Creator,2026-02
6652,2026-08-10,X,India,Viewer,2026-08
6653,2026-07-14,YouTube,United States,Creator,2026-07
6654,2026-06-05,Instagram,United States,Creator,2026-06
6655,2026-05-11,Organic,Nigeria,Creator,2026-05
6656,2026-08-14,Instagram,Germany,Creator,2026-08
6657,2026-07-27,Paid Social,United Kingdom,Viewer,2026-07
6658,2026-05-30,TikTok,India,Creator,2026-05
6659,2026-04-06,YouTube,Canada,Creator,2026-04
6660,2026-06-15,Paid Social,Nigeria,Viewer,2026-06
6661,2026-07-19,Referral,Nigeria,Viewer,2026-07
6662,2026-03-13,YouTube,United Kingdom,Viewer,2026-03
6663,2026-03-03,Referral,Nigeria,Creator,2026-03
6664,2026-07-04,Paid Social,United States,Creator,2026-07
6665,2026-01-06,Paid Social,United Kingdom,Viewer,2026-01
6666,2026-07-25,Paid Social,Canada,Creator,2026-07
6667,2026-02-01,X,India,Creator,2026-02
6668,2026-04-09,TikTok,Nigeria,Viewer,2026-04
6669,2026-05-18,Organic,United States,Creator,2026-05
6670,2026-05-11,TikTok,India,Viewer,2026-05
6671,2026-07-06,Paid Social,Germany,Viewer,2026-07
6672,2026-03-17,Paid Social,United States,Viewer,2026-03
6673,2026-06-26,Instagram,India,Creator,2026-06
6674,2026-02-28,Instagram,United States,Creator,2026-02
6675,2026-01-31,TikTok,India,Viewer,2026-01
6676,2026-04-03,Instagram,United Kingdom,Creator,2026-04
6677,2026-03-10,YouTube,Nigeria,Creator,2026-03
6678,2026-07-09,TikTok,India,Creator,2026-07
6679,2026-02-21,Organic,Other,Viewer,2026-02
6680,2026-03-30,Instagram,United States,Viewer,2026-03
6681,2026-05-07,Organic,Nigeria,Creator,2026-05
6682,2026-06-18,Paid Social,Germany,Viewer,2026-06
6683,2026-01-31,TikTok,Nigeria,Viewer,2026-01
6684,2026-08-01,Paid Social,Other,Creator,2026-08
6685,2026-03-25,Organic,Germany,Creator,2026-03
6686,2026-08-19,Organic,Other,Creator,2026-08
6687,2026-05-07,X,United States,Creator,2026-05
6688,2026-05-30,Referral,Nigeria,Viewer,2026-05
6689,2026-05-12,X,Germany,Viewer,2026-05
6690,2026-01-13,Organic,Other,Viewer,2026-01
6691,2026-02-14,Organic,Other,Creator,2026-02
6692,2026-05-07,X,Other,Viewer,2026-05
6693,2026-06-19,Organic,Canada,Viewer,2026-06
6694,2026-04-24,TikTok,India,Viewer,2026-04
6695,2026-06-26,YouTube,United States,Viewer,2026-06
6696,2026-01-20,Organic,India,Viewer,2026-01
6697,2026-07-24,Organic,India,Creator,2026-07
6698,2026-03-22,Organic,United States,Viewer,2026-03
6699,2026-07-01,Paid Social,India,Creator,2026-07
6700,2026-06-13,TikTok,India,Creator,2026-06
6701,2026-08-13,Paid Social,Other,Viewer,2026-08
6702,2026-05-09,TikTok,United States,Creator,2026-05
6703,2026-05-23,Referral,India,Creator,2026-05
6704,2026-07-24,Organic,United Kingdom,Viewer,2026-07
6705,2026-01-17,Instagram,Germany,Viewer,2026-01
6706,2026-06-01,Referral,United States,Viewer,2026-06
6707,2026-02-27,Referral,India,Viewer,2026-02
6708,2026-03-13,Referral,India,Viewer,2026-03
6709,2026-08-07,Referral,United States,Viewer,2026-08
6710,2026-04-19,Organic,India,Creator,2026-04
6711,2026-01-23,Instagram,United Kingdom,Creator,2026-01
6712,2026-06-23,Instagram,Germany,Creator,2026-06
6713,2026-03-13,Paid Social,United Kingdom,Creator,2026-03
6714,2026-01-08,TikTok,United States,Viewer,2026-01
6715,2026-02-28,Paid Social,United States,Creator,2026-02
6716,2026-08-06,Instagram,United States,Viewer,2026-08
6717,2026-04-21,YouTube,United States,Creator,2026-04
6718,2026-07-06,Organic,United Kingdom,Creator,2026-07
6719,2026-01-13,TikTok,Other,Creator,2026-01
6720,2026-06-16,YouTube,India,Viewer,2026-06
6721,2026-08-17,Instagram,Other,Viewer,2026-08
6722,2026-06-05,Paid Social,Other,Creator,2026-06
6723,2026-08-05,Referral,India,Viewer,2026-08
6724,2026-07-08,X,India,Creator,2026-07
6725,2026-01-16,Paid Social,United States,Creator,2026-01
6726,2026-04-29,YouTube,Nigeria,Viewer,2026-04
6727,2026-01-02,YouTube,India,Creator,2026-01
6728,2026-07-29,Organic,India,Viewer,2026-07
6729,2026-05-25,TikTok,Other,Viewer,2026-05
6730,2026-01-30,YouTube,India,Viewer,2026-01
6731,2026-04-13,Paid Social,United States,Creator,2026-04
6732,2026-01-13,TikTok,Canada,Viewer,2026-01
6733,2026-04-06,Organic,Other,Creator,2026-04
6734,2026-08-09,X,United States,Creator,2026-08
6735,2026-04-04,Organic,India,Creator,2026-04
6736,2026-03-23,YouTube,Canada,Creator,2026-03
6737,2026-01-13,YouTube,Canada,Viewer,2026-01
6738,2026-06-20,TikTok,Other,Creator,2026-06
6739,2026-08-01,Paid Social,India,Creator,2026-08
6740,2026-04-04,Instagram,United Kingdom,Creator,2026-04
6741,2026-05-29,YouTube,United States,Viewer,2026-05
6742,2026-04-22,Organic,Other,Viewer,2026-04
6743,2026-02-24,TikTok,United States,Viewer,2026-02
6744,2026-03-22,Referral,United States,Creator,2026-03
6745,2026-06-17,Organic,India,Creator,2026-06
6746,2026-07-30,TikTok,United States,Creator,2026-07
6747,2026-04-26,TikTok,United States,Viewer,2026-04
6748,2026-05-23,Organic,India,Viewer,2026-05
6749,2026-07-20,TikTok,United States,Creator,2026-07
6750,2026-06-29,Organic,United States,Creator,2026-06
6751,2026-07-21,Paid Social,Germany,Creator,2026-07
6752,2026-04-18,Referral,India,Viewer,2026-04
6753,2026-08-11,TikTok,Canada,Viewer,2026-08
6754,2026-02-22,Referral,United Kingdom,Creator,2026-02
6755,2026-08-03,Organic,India,Viewer,2026-08
6756,2026-05-08,Instagram,India,Viewer,2026-05
6757,2026-06-29,Organic,Germany,Creator,2026-06
6758,2026-06-07,Organic,India,Creator,2026-06
6759,2026-06-10,Paid Social,India,Creator,2026-06
6760,2026-02-26,Organic,United States,Creator,2026-02
6761,2026-02-21,Referral,United States,Creator,2026-02
6762,2026-05-17,TikTok,United States,Creator,2026-05
6763,2026-07-01,Organic,Other,Creator,2026-07
6764,2026-04-21,Referral,Other,Creator,2026-04
6765,2026-01-01,X,Other,Creator,2026-01
6766,2026-02-13,TikTok,United States,Creator,2026-02
6767,2026-08-15,TikTok,Other,Creator,2026-08
6768,2026-03-16,Organic,United Kingdom,Creator,2026-03
6769,2026-04-08,Paid Social,Germany,Creator,2026-04
6770,2026-07-27,Instagram,Nigeria,Creator,2026-07
6771,2026-01-09,Organic,India,Creator,2026-01
6772,2026-02-01,Referral,Other,Viewer,2026-02
6773,2026-01-15,Organic,Nigeria,Creator,2026-01
6774,2026-05-20,Organic,Other,Viewer,2026-05
6775,2026-08-13,TikTok,India,Viewer,2026-08
6776,2026-07-25,X,Other,Creator,2026-07
6777,2026-07-04,Organic,India,Creator,2026-07
6778,2026-05-16,Instagram,United States,Creator,2026-05
6779,2026-03-13,Paid Social,Nigeria,Creator,2026-03
6780,2026-06-04,Organic,United Kingdom,Viewer,2026-06
6781,2026-07-09,TikTok,Canada,Creator,2026-07
6782,2026-01-12,TikTok,United States,Viewer,2026-01
6783,2026-03-06,X,India,Creator,2026-03
6784,2026-04-17,Paid Social,Nigeria,Viewer,2026-04
6785,2026-08-20,TikTok,United States,Viewer,2026-08
6786,2026-02-11,Organic,United Kingdom,Viewer,2026-02
6787,2026-07-09,TikTok,India,Creator,2026-07
6788,2026-04-25,Organic,United States,Creator,2026-04
6789,2026-05-19,YouTube,Other,Viewer,2026-05
6790,2026-04-13,Organic,India,Creator,2026-04
6791,2026-06-20,TikTok,United Kingdom,Creator,2026-06
6792,2026-04-05,Instagram,India,Creator,2026-04
6793,2026-01-17,Organic,India,Creator,2026-01
6794,2026-08-13,X,United Kingdom,Creator,2026-08
6795,2026-06-09,Organic,United States,Creator,2026-06
6796,2026-08-09,Paid Social,Nigeria,Creator,2026-08
6797,2026-08-01,TikTok,Other,Creator,2026-08
6798,2026-03-26,Paid Social,Germany,Viewer,2026-03
6799,2026-06-17,TikTok,Other,Creator,2026-06
6800,2026-05-31,Referral,United Kingdom,Creator,2026-05
6801,2026-02-25,Organic,Nigeria,Creator,2026-02
6802,2026-05-14,YouTube,United States,Viewer,2026-05
6803,2026-03-27,TikTok,Canada,Creator,2026-03
6804,2026-06-27,Instagram,Nigeria,Creator,2026-06
6805,2026-04-12,YouTube,India,Creator,2026-04
6806,2026-06-14,X,India,Creator,2026-06
6807,2026-07-11,X,United States,Creator,2026-07
6808,2026-02-23,Organic,India,Viewer,2026-02
6809,2026-07-19,Organic,India,Creator,2026-07
6810,2026-08-21,X,United Kingdom,Creator,2026-08
6811,2026-06-26,Organic,India,Creator,2026-06
6812,2026-08-15,Organic,United Kingdom,Creator,2026-08
6813,2026-04-25,Organic,Canada,Viewer,2026-04
6814,2026-05-19,Organic,India,Viewer,2026-05
6815,2026-03-29,Instagram,India,Creator,2026-03
6816,2026-02-18,X,India,Viewer,2026-02
6817,2026-05-29,Paid Social,Nigeria,Creator,2026-05
6818,2026-04-25,TikTok,United Kingdom,Creator,2026-04
6819,2026-07-13,Paid Social,United States,Creator,2026-07
6820,2026-03-04,YouTube,United States,Creator,2026-03
6821,2026-04-14,Paid Social,United States,Creator,2026-04
6822,2026-03-24,Referral,Canada,Viewer,2026-03
6823,2026-04-13,YouTube,India,Creator,2026-04
6824,2026-06-05,TikTok,Canada,Creator,2026-06
6825,2026-01-17,Organic,United Kingdom,Viewer,2026-01
6826,2026-01-06,Organic,India,Creator,2026-01
6827,2026-05-27,Paid Social,Nigeria,Viewer,2026-05
6828,2026-07-03,Paid Social,India,Creator,2026-07
6829,2026-08-18,YouTube,United States,Creator,2026-08
6830,2026-01-28,Paid Social,India,Viewer,2026-01
6831,2026-07-13,Paid Social,India,Viewer,2026-07
6832,2026-02-07,Instagram,United States,Creator,2026-02
6833,2026-04-29,X,Canada,Creator,2026-04
6834,2026-02-06,TikTok,Other,Creator,2026-02
6835,2026-04-25,TikTok,United Kingdom,Creator,2026-04
6836,2026-03-09,Organic,United States,Viewer,2026-03
6837,2026-08-02,Instagram,Other,Creator,2026-08
6838,2026-08-06,YouTube,United States,Creator,2026-08
6839,2026-06-26,TikTok,India,Viewer,2026-06
6840,2026-02-12,Referral,United States,Viewer,2026-02
6841,2026-06-13,TikTok,Nigeria,Creator,2026-06
6842,2026-02-27,Organic,United States,Creator,2026-02
6843,2026-01-13,Referral,United Kingdom,Creator,2026-01
6844,2026-02-21,YouTube,India,Viewer,2026-02
6845,2026-02-27,Organic,Nigeria,Creator,2026-02
6846,2026-02-01,Instagram,Nigeria,Creator,2026-02
6847,2026-07-28,TikTok,Germany,Creator,2026-07
6848,2026-04-15,Paid Social,Other,Creator,2026-04
6849,2026-08-16,X,United Kingdom,Creator,2026-08
6850,2026-07-07,Organic,United States,Creator,2026-07
6851,2026-03-24,Instagram,United Kingdom,Creator,2026-03
6852,2026-07-05,Referral,India,Creator,2026-07
6853,2026-04-09,YouTube,Other,Viewer,2026-04
6854,2026-04-14,Referral,Germany,Creator,2026-04
6855,2026-07-03,Organic,United States,Creator,2026-07
6856,2026-01-28,Paid Social,Canada,Creator,2026-01
6857,2026-05-09,Referral,United States,Creator,2026-05
6858,2026-06-19,YouTube,India,Creator,2026-06
6859,2026-07-29,TikTok,United Kingdom,Creator,2026-07
6860,2026-02-17,Paid Social,United States,Creator,2026-02
6861,2026-02-09,YouTube,Other,Creator,2026-02
6862,2026-04-07,Referral,United States,Creator,2026-04
6863,2026-07-10,TikTok,Germany,Viewer,2026-07
6864,2026-07-23,Organic,United Kingdom,Creator,2026-07
6865,2026-07-19,TikTok,Germany,Viewer,2026-07
6866,2026-08-04,Instagram,United States,Viewer,2026-08
6867,2026-07-27,Instagram,United States,Viewer,2026-07
6868,2026-04-24,Instagram,Germany,Creator,2026-04
6869,2026-05-12,Instagram,United Kingdom,Creator,2026-05
6870,2026-06-15,Referral,United States,Creator,2026-06
6871,2026-08-24,Organic,Nigeria,Creator,2026-08
6872,2026-06-04,TikTok,Other,Creator,2026-06
6873,2026-05-17,Paid Social,Canada,Creator,2026-05
6874,2026-04-21,X,United Kingdom,Creator,2026-04
6875,2026-05-24,X,Germany,Creator,2026-05
6876,2026-07-03,Instagram,United States,Viewer,2026-07
6877,2026-03-17,Instagram,Other,Creator,2026-03
6878,2026-01-31,Organic,Nigeria,Creator,2026-01
6879,2026-08-04,Instagram,United States,Viewer,2026-08
6880,2026-04-29,Paid Social,India,Creator,2026-04
6881,2026-05-22,X,United States,Viewer,2026-05
6882,2026-01-25,Organic,Nigeria,Viewer,2026-01
6883,2026-02-03,Referral,United Kingdom,Creator,2026-02
6884,2026-03-08,TikTok,Other,Creator,2026-03
6885,2026-06-01,Organic,Other,Creator,2026-06
6886,2026-04-28,Referral,India,Viewer,2026-04
6887,2026-08-22,Organic,United Kingdom,Viewer,2026-08
6888,2026-03-14,Paid Social,United Kingdom,Creator,2026-03
6889,2026-01-26,Instagram,India,Creator,2026-01
6890,2026-05-28,Referral,Nigeria,Creator,2026-05
6891,2026-07-11,Instagram,United States,Creator,2026-07
6892,2026-04-14,Organic,India,Viewer,2026-04
6893,2026-01-10,YouTube,India,Viewer,2026-01
6894,2026-07-30,Paid Social,Canada,Creator,2026-07
6895,2026-03-08,Referral,United Kingdom,Creator,2026-03
6896,2026-06-01,X,United Kingdom,Creator,2026-06
6897,2026-01-05,Paid Social,United Kingdom,Creator,2026-01
6898,2026-07-14,Organic,India,Viewer,2026-07
6899,2026-07-05,Organic,India,Viewer,2026-07
6900,2026-01-27,Organic,India,Creator,2026-01
6901,2026-07-27,YouTube,United States,Creator,2026-07
6902,2026-04-23,Referral,Other,Viewer,2026-04
6903,2026-01-15,YouTube,United Kingdom,Viewer,2026-01
6904,2026-06-12,Paid Social,India,Creator,2026-06
6905,2026-07-23,YouTube,India,Creator,2026-07
6906,2026-04-15,TikTok,United Kingdom,Creator,2026-04
6907,2026-06-30,Organic,United Kingdom,Creator,2026-06
6908,2026-02-13,Paid Social,United Kingdom,Creator,2026-02
6909,2026-01-26,Organic,India,Creator,2026-01
6910,2026-06-24,Instagram,Nigeria,Creator,2026-06
6911,2026-06-11,TikTok,United States,Viewer,2026-06
6912,2026-08-03,Organic,Germany,Creator,2026-08
6913,2026-04-05,YouTube,India,Creator,2026-04
6914,2026-06-27,Organic,India,Creator,2026-06
6915,2026-03-25,Paid Social,United Kingdom,Creator,2026-03
6916,2026-05-20,TikTok,India,Viewer,2026-05
6917,2026-08-03,YouTube,United Kingdom,Creator,2026-08
6918,2026-05-12,YouTube,India,Creator,2026-05
6919,2026-03-28,YouTube,India,Creator,2026-03
6920,2026-06-25,Paid Social,Other,Viewer,2026-06
6921,2026-07-02,Organic,United States,Creator,2026-07
6922,2026-04-22,Organic,India,Viewer,2026-04
6923,2026-05-09,Organic,India,Viewer,2026-05
6924,2026-03-30,Referral,Other,Viewer,2026-03
6925,2026-03-07,Paid Social,United Kingdom,Viewer,2026-03
6926,2026-06-07,TikTok,Other,Creator,2026-06
6927,2026-05-11,YouTube,Germany,Creator,2026-05
6928,2026-05-02,Organic,Canada,Creator,2026-05
6929,2026-05-29,Organic,Nigeria,Creator,2026-05
6930,2026-08-05,YouTube,Germany,Creator,2026-08
6931,2026-03-25,Organic,United States,Viewer,2026-03
6932,2026-06-26,Instagram,Germany,Viewer,2026-06
6933,2026-04-26,YouTube,Canada,Viewer,2026-04
6934,2026-08-02,Referral,United Kingdom,Creator,2026-08
6935,2026-08-01,Instagram,United States,Viewer,2026-08
6936,2026-07-09,YouTube,United Kingdom,Viewer,2026-07
6937,2026-08-13,Instagram,Nigeria,Creator,2026-08
6938,2026-04-26,Organic,United States,Creator,2026-04
6939,2026-02-07,Referral,Other,Creator,2026-02
6940,2026-05-23,Organic,Nigeria,Creator,2026-05
6941,2026-04-20,Organic,India,Creator,2026-04
6942,2026-06-29,Instagram,United Kingdom,Viewer,2026-06
6943,2026-07-26,Referral,Canada,Creator,2026-07
6944,2026-02-15,Organic,Other,Viewer,2026-02
6945,2026-01-25,Organic,United Kingdom,Viewer,2026-01
6946,2026-01-21,Organic,India,Creator,2026-01
6947,2026-08-04,TikTok,India,Creator,2026-08
6948,2026-05-01,X,India,Creator,2026-05
6949,2026-05-02,Organic,India,Creator,2026-05
6950,2026-05-13,Referral,Canada,Creator,2026-05
6951,2026-03-11,Referral,United States,Creator,2026-03
6952,2026-04-23,YouTube,United States,Viewer,2026-04
6953,2026-04-17,Instagram,Canada,Creator,2026-04
6954,2026-04-22,TikTok,United States,Creator,2026-04
6955,2026-04-18,TikTok,India,Creator,2026-04
6956,2026-02-16,Instagram,Nigeria,Viewer,2026-02
6957,2026-08-03,Organic,India,Creator,2026-08
6958,2026-07-15,YouTube,Nigeria,Viewer,2026-07
6959,2026-04-01,TikTok,Canada,Creator,2026-04
6960,2026-01-18,Organic,Other,Viewer,2026-01
6961,2026-05-29,Organic,India,Viewer,2026-05
6962,2026-08-08,Organic,United States,Creator,2026-08
6963,2026-08-15,Paid Social,United Kingdom,Viewer,2026-08
6964,2026-08-02,Organic,United States,Viewer,2026-08
6965,2026-04-14,Paid Social,United States,Viewer,2026-04
6966,2026-05-31,X,India,Creator,2026-05
6967,2026-07-11,Referral,United Kingdom,Creator,2026-07
6968,2026-07-14,Instagram,Other,Creator,2026-07
6969,2026-02-09,Paid Social,Other,Viewer,2026-02
6970,2026-05-18,Organic,Germany,Creator,2026-05
6971,2026-03-30,X,India,Viewer,2026-03
6972,2026-06-29,Organic,United Kingdom,Creator,2026-06
6973,2026-07-19,Instagram,Nigeria,Creator,2026-07
6974,2026-07-22,X,Other,Viewer,2026-07
6975,2026-03-02,X,Other,Creator,2026-03
6976,2026-07-11,TikTok,Other,Creator,2026-07
6977,2026-01-05,Organic,Other,Viewer,2026-01
6978,2026-05-02,YouTube,Nigeria,Creator,2026-05
6979,2026-06-30,Instagram,United Kingdom,Creator,2026-06
6980,2026-02-24,Organic,Other,Viewer,2026-02
6981,2026-02-06,Paid Social,Nigeria,Creator,2026-02
6982,2026-02-25,Paid Social,Germany,Creator,2026-02
6983,2026-07-06,Referral,Other,Viewer,2026-07
6984,2026-04-12,Referral,Nigeria,Viewer,2026-04
6985,2026-04-03,Organic,India,Viewer,2026-04
6986,2026-07-16,Paid Social,India,Viewer,2026-07
6987,2026-03-14,TikTok,India,Creator,2026-03
6988,2026-02-28,Organic,United States,Creator,2026-02
6989,2026-01-02,Referral,Nigeria,Viewer,2026-01
6990,2026-07-12,Organic,United Kingdom,Viewer,2026-07
6991,2026-04-14,Instagram,Nigeria,Creator,2026-04
6992,2026-07-07,Organic,Other,Viewer,2026-07
6993,2026-02-20,Instagram,United States,Viewer,2026-02
6994,2026-01-30,X,Other,Creator,2026-01
6995,2026-01-11,Instagram,India,Viewer,2026-01
6996,2026-08-08,Organic,United Kingdom,Viewer,2026-08
6997,2026-04-18,Instagram,United Kingdom,Creator,2026-04
6998,2026-03-17,Instagram,Canada,Creator,2026-03
6999,2026-06-16,Organic,Nigeria,Viewer,2026-06
7000,2026-03-31,Paid Social,India,Creator,2026-03
7001,2026-07-24,TikTok,United States,Viewer,2026-07
7002,2026-05-03,Referral,India,Viewer,2026-05
7003,2026-07-19,Organic,United States,Creator,2026-07
7004,2026-07-10,TikTok,Nigeria,Viewer,2026-07
7005,2026-07-11,Organic,United Kingdom,Viewer,2026-07
7006,2026-07-08,TikTok,Germany,Creator,2026-07
7007,2026-05-05,Organic,Other,Creator,2026-05
7008,2026-07-01,Instagram,United States,Creator,2026-07
7009,2026-08-08,TikTok,India,Creator,2026-08
7010,2026-05-02,Organic,Canada,Viewer,2026-05
7011,2026-04-04,YouTube,United States,Viewer,2026-04
7012,2026-07-20,Paid Social,Nigeria,Creator,2026-07
7013,2026-04-13,Organic,Nigeria,Viewer,2026-04
7014,2026-08-11,YouTube,United Kingdom,Creator,2026-08
7015,2026-07-05,Referral,Other,Creator,2026-07
7016,2026-08-01,Instagram,Other,Viewer,2026-08
7017,2026-07-03,Paid Social,Other,Creator,2026-07
7018,2026-06-11,Paid Social,Germany,Creator,2026-06
7019,2026-01-31,TikTok,Other,Viewer,2026-01
7020,2026-02-21,YouTube,India,Creator,2026-02
7021,2026-03-30,YouTube,Germany,Viewer,2026-03
7022,2026-03-17,TikTok,India,Creator,2026-03
7023,2026-05-09,TikTok,Canada,Creator,2026-05
7024,2026-07-02,Paid Social,India,Viewer,2026-07
7025,2026-01-22,Referral,United States,Creator,2026-01
7026,2026-02-09,Organic,India,Viewer,2026-02
7027,2026-04-11,Organic,United States,Creator,2026-04
7028,2026-04-21,Paid Social,United States,Creator,2026-04
7029,2026-05-09,Organic,India,Viewer,2026-05
7030,2026-03-06,YouTube,Germany,Creator,2026-03
7031,2026-07-10,Organic,Germany,Viewer,2026-07
7032,2026-08-22,Organic,Canada,Viewer,2026-08
7033,2026-07-01,Organic,Germany,Creator,2026-07
7034,2026-06-19,TikTok,Canada,Viewer,2026-06
7035,2026-05-29,Organic,Other,Viewer,2026-05
7036,2026-03-20,X,Nigeria,Viewer,2026-03
7037,2026-07-28,YouTube,Nigeria,Creator,2026-07
7038,2026-01-22,TikTok,Germany,Viewer,2026-01
7039,2026-06-15,Referral,United States,Creator,2026-06
7040,2026-04-09,Instagram,India,Creator,2026-04
7041,2026-07-27,Instagram,Canada,Creator,2026-07
7042,2026-01-08,TikTok,India,Creator,2026-01
7043,2026-07-09,Instagram,United States,Viewer,2026-07
7044,2026-06-24,Paid Social,India,Creator,2026-06
7045,2026-01-17,YouTube,Germany,Viewer,2026-01
7046,2026-01-17,TikTok,Other,Creator,2026-01
7047,2026-03-31,Referral,India,Creator,2026-03
7048,2026-05-21,TikTok,India,Viewer,2026-05
7049,2026-05-25,Organic,India,Creator,2026-05
7050,2026-06-15,Instagram,United Kingdom,Creator,2026-06
7051,2026-03-22,Referral,United States,Creator,2026-03
7052,2026-03-19,TikTok,United States,Creator,2026-03
7053,2026-06-22,Referral,India,Creator,2026-06
7054,2026-01-06,TikTok,United States,Viewer,2026-01
7055,2026-06-12,TikTok,United States,Creator,2026-06
7056,2026-04-20,Paid Social,United Kingdom,Viewer,2026-04
7057,2026-01-14,Instagram,India,Creator,2026-01
7058,2026-03-13,Referral,United Kingdom,Creator,2026-03
7059,2026-07-08,Referral,United States,Viewer,2026-07
7060,2026-05-23,Paid Social,United States,Creator,2026-05
7061,2026-02-23,Organic,United States,Viewer,2026-02
7062,2026-01-27,Organic,United Kingdom,Viewer,2026-01
7063,2026-01-13,Referral,Nigeria,Creator,2026-01
7064,2026-06-08,X,Germany,Creator,2026-06
7065,2026-06-12,X,India,Creator,2026-06
7066,2026-03-01,Organic,India,Creator,2026-03
7067,2026-01-06,TikTok,India,Creator,2026-01
7068,2026-07-16,Instagram,United States,Viewer,2026-07
7069,2026-08-02,Organic,India,Creator,2026-08
7070,2026-02-27,Organic,India,Creator,2026-02
7071,2026-02-18,Organic,United States,Viewer,2026-02
7072,2026-05-31,Organic,United Kingdom,Creator,2026-05
7073,2026-08-05,Referral,Canada,Creator,2026-08
7074,2026-06-11,YouTube,United States,Creator,2026-06
7075,2026-01-26,Organic,United States,Creator,2026-01
7076,2026-02-16,Organic,Canada,Creator,2026-02
7077,2026-01-05,X,United States,Creator,2026-01
7078,2026-08-06,TikTok,Canada,Viewer,2026-08
7079,2026-01-20,Referral,Other,Creator,2026-01
7080,2026-05-14,Referral,Other,Viewer,2026-05
7081,2026-07-17,Paid Social,United States,Creator,2026-07
7082,2026-02-28,X,Nigeria,Creator,2026-02
7083,2026-07-11,TikTok,United Kingdom,Creator,2026-07
7084,2026-05-26,X,United States,Creator,2026-05
7085,2026-05-12,Organic,Canada,Creator,2026-05
7086,2026-01-17,Organic,United States,Creator,2026-01
7087,2026-01-14,Organic,Germany,Creator,2026-01
7088,2026-07-25,TikTok,India,Viewer,2026-07
7089,2026-01-13,Organic,India,Viewer,2026-01
7090,2026-05-15,Organic,United Kingdom,Creator,2026-05
7091,2026-05-08,X,United States,Viewer,2026-05
7092,2026-02-13,Paid Social,India,Creator,2026-02
7093,2026-04-29,Organic,Nigeria,Creator,2026-04
7094,2026-05-23,Instagram,India,Creator,2026-05
7095,2026-01-19,Organic,United Kingdom,Creator,2026-01
7096,2026-03-04,Paid Social,United States,Creator,2026-03
7097,2026-08-23,TikTok,India,Viewer,2026-08
7098,2026-08-24,Referral,United States,Creator,2026-08
7099,2026-06-12,TikTok,India,Creator,2026-06
7100,2026-03-22,Referral,United Kingdom,Creator,2026-03
7101,2026-06-12,Organic,United States,Creator,2026-06
7102,2026-05-27,TikTok,Germany,Viewer,2026-05
7103,2026-05-28,Organic,India,Creator,2026-05
7104,2026-04-10,Organic,United States,Creator,2026-04
7105,2026-06-12,Referral,United Kingdom,Viewer,2026-06
7106,2026-06-09,YouTube,India,Creator,2026-06
7107,2026-05-02,TikTok,India,Creator,2026-05
7108,2026-06-25,Paid Social,United States,Viewer,2026-06
7109,2026-02-13,Instagram,India,Creator,2026-02
7110,2026-04-14,Paid Social,Nigeria,Viewer,2026-04
7111,2026-06-01,Organic,United Kingdom,Creator,2026-06
7112,2026-03-02,Paid Social,India,Creator,2026-03
7113,2026-05-05,Organic,Nigeria,Creator,2026-05
7114,2026-05-25,Instagram,Other,Viewer,2026-05
7115,2026-03-12,TikTok,Other,Creator,2026-03
7116,2026-04-17,Instagram,India,Viewer,2026-04
7117,2026-02-19,X,India,Creator,2026-02
7118,2026-03-06,TikTok,Nigeria,Viewer,2026-03
7119,2026-04-09,Paid Social,India,Viewer,2026-04
7120,2026-02-01,Paid Social,India,Creator,2026-02
7121,2026-06-13,Paid Social,India,Creator,2026-06
7122,2026-05-21,Paid Social,India,Viewer,2026-05
7123,2026-07-17,Referral,Nigeria,Creator,2026-07
7124,2026-02-27,Paid Social,Nigeria,Creator,2026-02
7125,2026-05-08,Paid Social,India,Creator,2026-05
7126,2026-05-22,TikTok,Nigeria,Creator,2026-05
7127,2026-06-14,Referral,Nigeria,Creator,2026-06
7128,2026-04-22,Paid Social,United Kingdom,Creator,2026-04
7129,2026-07-26,YouTube,Other,Creator,2026-07
7130,2026-03-09,TikTok,Other,Creator,2026-03
7131,2026-02-09,Organic,Nigeria,Viewer,2026-02
7132,2026-07-06,Referral,Germany,Creator,2026-07
7133,2026-07-27,Paid Social,India,Creator,2026-07
7134,2026-08-08,TikTok,Nigeria,Creator,2026-08
7135,2026-05-24,Organic,United Kingdom,Creator,2026-05
7136,2026-07-09,TikTok,Nigeria,Viewer,2026-07
7137,2026-05-12,X,India,Creator,2026-05
7138,2026-06-22,TikTok,India,Viewer,2026-06
7139,2026-03-31,X,United States,Creator,2026-03
7140,2026-01-28,Paid Social,United Kingdom,Creator,2026-01
7141,2026-04-06,YouTube,Other,Viewer,2026-04
7142,2026-07-13,TikTok,India,Creator,2026-07
7143,2026-01-31,Paid Social,Other,Creator,2026-01
7144,2026-01-03,X,India,Creator,2026-01
7145,2026-05-16,Organic,Other,Creator,2026-05
7146,2026-01-24,Instagram,Germany,Creator,2026-01
7147,2026-01-15,YouTube,India,Creator,2026-01
7148,2026-06-20,Referral,United States,Creator,2026-06
7149,2026-06-08,Paid Social,India,Viewer,2026-06
7150,2026-07-20,TikTok,Other,Viewer,2026-07
7151,2026-08-19,Organic,United States,Viewer,2026-08
7152,2026-02-14,Organic,United Kingdom,Creator,2026-02
7153,2026-07-13,Referral,India,Creator,2026-07
7154,2026-01-08,Referral,Other,Creator,2026-01
7155,2026-03-12,TikTok,India,Viewer,2026-03
7156,2026-04-18,TikTok,India,Creator,2026-04
7157,2026-04-25,Paid Social,United States,Creator,2026-04
7158,2026-04-13,Paid Social,United States,Creator,2026-04
7159,2026-08-22,Organic,India,Creator,2026-08
7160,2026-05-05,Referral,Nigeria,Viewer,2026-05
7161,2026-02-26,X,India,Viewer,2026-02
7162,2026-07-27,Organic,Nigeria,Viewer,2026-07
7163,2026-08-15,TikTok,United States,Creator,2026-08
7164,2026-01-30,Organic,India,Creator,2026-01
7165,2026-07-21,TikTok,United States,Creator,2026-07
7166,2026-08-18,X,United Kingdom,Creator,2026-08
7167,2026-05-26,TikTok,India,Viewer,2026-05
7168,2026-04-24,TikTok,United States,Creator,2026-04
7169,2026-07-16,Instagram,United Kingdom,Viewer,2026-07
7170,2026-04-27,Organic,India,Viewer,2026-04
7171,2026-08-09,Referral,Nigeria,Creator,2026-08
7172,2026-06-16,TikTok,India,Creator,2026-06
7173,2026-03-01,Instagram,India,Creator,2026-03
7174,2026-04-08,Paid Social,Canada,Creator,2026-04
7175,2026-06-20,TikTok,India,Creator,2026-06
7176,2026-05-06,YouTube,United States,Creator,2026-05
7177,2026-06-22,TikTok,Canada,Creator,2026-06
7178,2026-05-31,Paid Social,India,Creator,2026-05
7179,2026-07-16,Referral,Nigeria,Viewer,2026-07
7180,2026-04-04,Organic,Other,Creator,2026-04
7181,2026-05-14,YouTube,Nigeria,Creator,2026-05
7182,2026-07-03,Organic,India,Creator,2026-07
7183,2026-05-02,Paid Social,Nigeria,Creator,2026-05
7184,2026-04-18,TikTok,India,Viewer,2026-04
7185,2026-01-04,Referral,United States,Viewer,2026-01
7186,2026-04-03,TikTok,Germany,Creator,2026-04
7187,2026-05-31,YouTube,India,Creator,2026-05
7188,2026-01-06,Paid Social,India,Creator,2026-01
7189,2026-02-01,Referral,United States,Creator,2026-02
7190,2026-04-16,Organic,Other,Viewer,2026-04
7191,2026-05-26,Instagram,United States,Viewer,2026-05
7192,2026-01-15,TikTok,India,Viewer,2026-01
7193,2026-06-17,Instagram,Nigeria,Viewer,2026-06
7194,2026-05-02,TikTok,Nigeria,Creator,2026-05
7195,2026-04-06,TikTok,United States,Creator,2026-04
7196,2026-07-20,Instagram,Other,Creator,2026-07
7197,2026-08-17,Organic,United States,Creator,2026-08
7198,2026-07-21,Instagram,United States,Creator,2026-07
7199,2026-07-31,Organic,India,Creator,2026-07
7200,2026-01-06,TikTok,United Kingdom,Creator,2026-01
7201,2026-04-22,Referral,United States,Creator,2026-04
7202,2026-04-30,Organic,Germany,Creator,2026-04
7203,2026-05-03,TikTok,Other,Viewer,2026-05
7204,2026-07-10,TikTok,India,Viewer,2026-07
7205,2026-03-08,Instagram,Other,Creator,2026-03
7206,2026-04-16,YouTube,India,Creator,2026-04
7207,2026-05-19,TikTok,United States,Viewer,2026-05
7208,2026-02-12,Organic,Canada,Creator,2026-02
7209,2026-05-25,Paid Social,United Kingdom,Creator,2026-05
7210,2026-04-06,Paid Social,Canada,Creator,2026-04
7211,2026-05-12,Organic,United States,Viewer,2026-05
7212,2026-07-10,Instagram,Other,Viewer,2026-07
7213,2026-07-15,TikTok,Canada,Viewer,2026-07
7214,2026-03-22,Organic,United States,Creator,2026-03
7215,2026-02-10,TikTok,Other,Creator,2026-02
7216,2026-07-30,YouTube,Other,Creator,2026-07
7217,2026-05-13,Organic,United States,Creator,2026-05
7218,2026-06-09,Paid Social,United Kingdom,Creator,2026-06
7219,2026-08-02,Instagram,Germany,Creator,2026-08
7220,2026-07-17,TikTok,Germany,Creator,2026-07
7221,2026-02-04,Referral,India,Viewer,2026-02
7222,2026-01-22,Organic,United Kingdom,Creator,2026-01
7223,2026-07-12,Instagram,Other,Viewer,2026-07
7224,2026-07-31,TikTok,India,Creator,2026-07
7225,2026-05-30,TikTok,Canada,Creator,2026-05
7226,2026-04-22,TikTok,Nigeria,Creator,2026-04
7227,2026-01-11,Organic,India,Viewer,2026-01
7228,2026-07-24,Organic,India,Creator,2026-07
7229,2026-08-22,Organic,Canada,Creator,2026-08
7230,2026-01-03,Paid Social,United States,Creator,2026-01
7231,2026-05-17,Organic,United States,Creator,2026-05
7232,2026-03-01,Organic,Nigeria,Creator,2026-03
7233,2026-03-17,Paid Social,Nigeria,Creator,2026-03
7234,2026-03-28,X,India,Creator,2026-03
7235,2026-01-14,Instagram,United Kingdom,Viewer,2026-01
7236,2026-08-13,Organic,United Kingdom,Creator,2026-08
7237,2026-01-18,YouTube,India,Creator,2026-01
7238,2026-04-23,Organic,Nigeria,Creator,2026-04
7239,2026-08-21,YouTube,United Kingdom,Viewer,2026-08
7240,2026-03-14,Paid Social,India,Viewer,2026-03
7241,2026-01-23,Instagram,Other,Creator,2026-01
7242,2026-07-21,Organic,Nigeria,Creator,2026-07
7243,2026-03-24,X,India,Creator,2026-03
7244,2026-05-05,Instagram,United States,Viewer,2026-05
7245,2026-06-24,Instagram,United States,Viewer,2026-06
7246,2026-03-10,Instagram,India,Viewer,2026-03
7247,2026-02-16,YouTube,India,Creator,2026-02
7248,2026-04-26,X,India,Creator,2026-04
7249,2026-08-03,Paid Social,Nigeria,Creator,2026-08
7250,2026-01-30,Referral,United States,Creator,2026-01
7251,2026-01-25,Organic,Other,Creator,2026-01
7252,2026-06-05,YouTube,Nigeria,Creator,2026-06
7253,2026-08-14,Organic,Canada,Creator,2026-08
7254,2026-04-22,Referral,United Kingdom,Viewer,2026-04
7255,2026-01-25,Organic,Nigeria,Viewer,2026-01
7256,2026-03-15,Instagram,Canada,Creator,2026-03
7257,2026-07-25,Referral,Nigeria,Viewer,2026-07
7258,2026-08-22,TikTok,United States,Creator,2026-08
7259,2026-02-27,Referral,United States,Viewer,2026-02
7260,2026-04-04,YouTube,Germany,Creator,2026-04
7261,2026-04-29,TikTok,Nigeria,Viewer,2026-04
7262,2026-05-07,TikTok,United States,Creator,2026-05
7263,2026-06-18,Paid Social,India,Creator,2026-06
7264,2026-01-25,Organic,Nigeria,Creator,2026-01
7265,2026-03-19,YouTube,India,Creator,2026-03
7266,2026-04-09,YouTube,Other,Viewer,2026-04
7267,2026-04-26,Paid Social,Nigeria,Viewer,2026-04
7268,2026-02-17,YouTube,India,Viewer,2026-02
7269,2026-08-14,X,India,Viewer,2026-08
7270,2026-01-10,Paid Social,United States,Creator,2026-01
7271,2026-04-09,Referral,India,Creator,2026-04
7272,2026-07-22,YouTube,Other,Viewer,2026-07
7273,2026-01-11,Organic,Germany,Creator,2026-01
7274,2026-03-26,TikTok,Other,Creator,2026-03
7275,2026-05-29,YouTube,United Kingdom,Viewer,2026-05
7276,2026-08-02,Instagram,United Kingdom,Creator,2026-08
7277,2026-06-22,TikTok,Other,Creator,2026-06
7278,2026-05-15,Organic,Other,Creator,2026-05
7279,2026-07-28,X,Other,Viewer,2026-07
7280,2026-07-11,TikTok,Other,Viewer,2026-07
7281,2026-05-06,Organic,United Kingdom,Viewer,2026-05
7282,2026-03-05,TikTok,India,Viewer,2026-03
7283,2026-01-02,Referral,United States,Creator,2026-01
7284,2026-03-17,Instagram,United Kingdom,Creator,2026-03
7285,2026-05-01,Organic,Nigeria,Creator,2026-05
7286,2026-02-11,Organic,Germany,Creator,2026-02
7287,2026-07-29,Instagram,Germany,Creator,2026-07
7288,2026-02-23,Referral,Nigeria,Creator,2026-02
7289,2026-03-16,YouTube,India,Creator,2026-03
7290,2026-01-16,Organic,United States,Creator,2026-01
7291,2026-01-18,Instagram,India,Creator,2026-01
7292,2026-08-15,Referral,United States,Creator,2026-08
7293,2026-07-06,Organic,United Kingdom,Creator,2026-07
7294,2026-03-31,Instagram,India,Creator,2026-03
7295,2026-05-24,TikTok,India,Creator,2026-05
7296,2026-01-06,Organic,United States,Creator,2026-01
7297,2026-07-04,Organic,Canada,Creator,2026-07
7298,2026-04-18,X,India,Creator,2026-04
7299,2026-08-23,Organic,Germany,Creator,2026-08
7300,2026-06-24,Organic,United States,Viewer,2026-06
7301,2026-02-17,TikTok,India,Creator,2026-02
7302,2026-02-11,Organic,Nigeria,Creator,2026-02
7303,2026-03-17,TikTok,Other,Creator,2026-03
7304,2026-07-07,Organic,Nigeria,Viewer,2026-07
7305,2026-03-18,TikTok,United Kingdom,Viewer,2026-03
7306,2026-05-12,Referral,Germany,Creator,2026-05
7307,2026-08-19,X,Canada,Creator,2026-08
7308,2026-05-10,Instagram,India,Creator,2026-05
7309,2026-08-06,Organic,Canada,Creator,2026-08
7310,2026-02-28,X,Other,Creator,2026-02
7311,2026-06-04,Organic,United Kingdom,Viewer,2026-06
7312,2026-01-27,Organic,Germany,Viewer,2026-01
7313,2026-03-20,YouTube,Nigeria,Creator,2026-03
7314,2026-03-13,Paid Social,United States,Creator,2026-03
7315,2026-01-07,Instagram,United Kingdom,Creator,2026-01
7316,2026-07-10,Organic,Nigeria,Creator,2026-07
7317,2026-04-21,Paid Social,Other,Viewer,2026-04
7318,2026-04-29,Organic,Other,Creator,2026-04
7319,2026-06-23,Referral,Germany,Creator,2026-06
7320,2026-03-04,TikTok,Other,Creator,2026-03
7321,2026-08-20,TikTok,United States,Creator,2026-08
7322,2026-05-04,Instagram,Other,Creator,2026-05
7323,2026-01-12,Paid Social,United States,Viewer,2026-01
7324,2026-05-21,Paid Social,India,Creator,2026-05
7325,2026-02-12,Instagram,United Kingdom,Creator,2026-02
7326,2026-01-17,YouTube,United States,Viewer,2026-01
7327,2026-03-04,X,Other,Viewer,2026-03
7328,2026-07-28,YouTube,Nigeria,Creator,2026-07
7329,2026-04-30,Referral,Other,Creator,2026-04
7330,2026-02-05,Organic,India,Creator,2026-02
7331,2026-08-01,TikTok,Germany,Creator,2026-08
7332,2026-01-08,Paid Social,Canada,Creator,2026-01
7333,2026-03-10,Paid Social,United Kingdom,Viewer,2026-03
7334,2026-03-31,Organic,United States,Creator,2026-03
7335,2026-07-27,Organic,Canada,Creator,2026-07
7336,2026-02-05,Paid Social,Nigeria,Creator,2026-02
7337,2026-01-28,Instagram,United Kingdom,Creator,2026-01
7338,2026-04-28,X,Nigeria,Viewer,2026-04
7339,2026-04-03,Organic,India,Creator,2026-04
7340,2026-06-24,Paid Social,India,Creator,2026-06
7341,2026-03-17,Organic,United States,Creator,2026-03
7342,2026-04-11,Organic,Other,Creator,2026-04
7343,2026-06-07,Organic,Nigeria,Creator,2026-06
7344,2026-05-31,Paid Social,Germany,Creator,2026-05
7345,2026-05-24,YouTube,Nigeria,Creator,2026-05
7346,2026-01-14,Referral,Other,Creator,2026-01
7347,2026-07-21,TikTok,United States,Creator,2026-07
7348,2026-03-12,Paid Social,India,Creator,2026-03
7349,2026-06-29,Referral,Canada,Viewer,2026-06
7350,2026-05-04,Referral,United Kingdom,Creator,2026-05
7351,2026-05-05,Paid Social,Nigeria,Creator,2026-05
7352,2026-02-06,TikTok,United States,Creator,2026-02
7353,2026-01-29,X,India,Creator,2026-01
7354,2026-07-14,Paid Social,Nigeria,Creator,2026-07
7355,2026-05-23,Referral,United Kingdom,Viewer,2026-05
7356,2026-08-16,X,Nigeria,Creator,2026-08
7357,2026-06-24,Organic,United States,Viewer,2026-06
7358,2026-06-23,YouTube,Nigeria,Viewer,2026-06
7359,2026-06-29,Instagram,India,Viewer,2026-06
7360,2026-01-19,Organic,United Kingdom,Creator,2026-01
7361,2026-07-24,Paid Social,Canada,Creator,2026-07
7362,2026-04-16,TikTok,India,Viewer,2026-04
7363,2026-01-21,TikTok,India,Creator,2026-01
7364,2026-03-05,YouTube,India,Viewer,2026-03
7365,2026-06-14,Instagram,Other,Creator,2026-06
7366,2026-01-27,Organic,Nigeria,Creator,2026-01
7367,2026-02-24,TikTok,United States,Viewer,2026-02
7368,2026-01-29,Organic,United States,Creator,2026-01
7369,2026-05-28,Organic,Other,Viewer,2026-05
7370,2026-01-25,Organic,United Kingdom,Creator,2026-01
7371,2026-03-11,Organic,India,Creator,2026-03
7372,2026-03-04,TikTok,United States,Viewer,2026-03
7373,2026-06-13,Instagram,Canada,Creator,2026-06
7374,2026-05-10,Paid Social,United States,Creator,2026-05
7375,2026-05-30,Instagram,United States,Creator,2026-05
7376,2026-08-12,YouTube,Other,Creator,2026-08
7377,2026-01-16,TikTok,Other,Creator,2026-01
7378,2026-05-26,Referral,Other,Creator,2026-05
7379,2026-07-16,X,India,Creator,2026-07
7380,2026-07-01,Instagram,India,Creator,2026-07
7381,2026-04-10,Organic,United States,Viewer,2026-04
7382,2026-01-30,TikTok,Germany,Viewer,2026-01
7383,2026-02-14,X,Canada,Creator,2026-02
7384,2026-01-19,TikTok,Germany,Viewer,2026-01
7385,2026-08-03,Paid Social,Other,Viewer,2026-08
7386,2026-02-03,Organic,Canada,Creator,2026-02
7387,2026-05-21,Organic,India,Viewer,2026-05
7388,2026-06-20,X,United States,Creator,2026-06
7389,2026-03-03,Paid Social,United States,Viewer,2026-03
7390,2026-04-28,TikTok,United States,Viewer,2026-04
7391,2026-08-09,YouTube,India,Viewer,2026-08
7392,2026-04-10,Organic,Canada,Creator,2026-04
7393,2026-01-22,X,India,Creator,2026-01
7394,2026-06-29,Referral,Canada,Creator,2026-06
7395,2026-06-29,Referral,Germany,Creator,2026-06
7396,2026-04-21,Organic,India,Creator,2026-04
7397,2026-06-13,TikTok,India,Creator,2026-06
7398,2026-03-14,YouTube,United States,Creator,2026-03
7399,2026-08-19,Organic,India,Creator,2026-08
7400,2026-05-27,YouTube,Nigeria,Creator,2026-05
7401,2026-02-07,Instagram,United Kingdom,Creator,2026-02
7402,2026-03-11,TikTok,United Kingdom,Creator,2026-03
7403,2026-04-26,Referral,United States,Creator,2026-04
7404,2026-03-20,TikTok,Nigeria,Creator,2026-03
7405,2026-07-04,Paid Social,United Kingdom,Viewer,2026-07
7406,2026-05-28,Referral,India,Viewer,2026-05
7407,2026-01-09,YouTube,India,Creator,2026-01
7408,2026-02-01,Organic,Other,Creator,2026-02
7409,2026-05-12,Paid Social,United States,Viewer,2026-05
7410,2026-02-19,Referral,Germany,Viewer,2026-02
7411,2026-03-23,Organic,India,Creator,2026-03
7412,2026-01-05,TikTok,India,Creator,2026-01
7413,2026-05-28,Organic,Nigeria,Creator,2026-05
7414,2026-03-28,Paid Social,Other,Creator,2026-03
7415,2026-05-06,Referral,Germany,Viewer,2026-05
7416,2026-03-16,Paid Social,India,Creator,2026-03
7417,2026-06-14,Referral,Other,Viewer,2026-06
7418,2026-01-22,Instagram,United States,Creator,2026-01
7419,2026-07-05,Organic,India,Creator,2026-07
7420,2026-03-09,Organic,India,Creator,2026-03
7421,2026-08-09,Organic,Nigeria,Creator,2026-08
7422,2026-02-13,Instagram,Nigeria,Creator,2026-02
7423,2026-02-03,Paid Social,India,Creator,2026-02
7424,2026-03-18,Paid Social,Other,Creator,2026-03
7425,2026-02-11,TikTok,United Kingdom,Creator,2026-02
7426,2026-05-17,YouTube,Germany,Creator,2026-05
7427,2026-04-16,X,Nigeria,Viewer,2026-04
7428,2026-04-05,Instagram,United Kingdom,Creator,2026-04
7429,2026-05-15,YouTube,United States,Creator,2026-05
7430,2026-03-09,TikTok,United Kingdom,Creator,2026-03
7431,2026-05-27,Paid Social,Other,Creator,2026-05
7432,2026-08-22,YouTube,United Kingdom,Viewer,2026-08
7433,2026-08-10,Referral,United States,Creator,2026-08
7434,2026-06-08,Organic,United States,Creator,2026-06
7435,2026-05-08,Organic,Other,Creator,2026-05
7436,2026-06-12,TikTok,India,Creator,2026-06
7437,2026-07-04,Referral,Germany,Creator,2026-07
7438,2026-03-26,Paid Social,United States,Viewer,2026-03
7439,2026-07-08,TikTok,United States,Creator,2026-07
7440,2026-06-08,Referral,Canada,Creator,2026-06
7441,2026-03-24,Instagram,India,Creator,2026-03
7442,2026-04-05,TikTok,United States,Creator,2026-04
7443,2026-06-30,Referral,India,Viewer,2026-06
7444,2026-02-01,Referral,United Kingdom,Viewer,2026-02
7445,2026-03-07,Organic,India,Creator,2026-03
7446,2026-07-06,TikTok,India,Creator,2026-07
7447,2026-04-26,Instagram,Germany,Creator,2026-04
7448,2026-05-18,Organic,United States,Viewer,2026-05
7449,2026-05-10,Paid Social,India,Creator,2026-05
7450,2026-07-13,X,Nigeria,Creator,2026-07
7451,2026-03-01,Organic,Nigeria,Viewer,2026-03
7452,2026-08-04,Organic,United States,Viewer,2026-08
7453,2026-01-17,Paid Social,Other,Creator,2026-01
7454,2026-04-06,Referral,Canada,Viewer,2026-04
7455,2026-05-24,Referral,India,Creator,2026-05
7456,2026-01-16,Organic,Nigeria,Creator,2026-01
7457,2026-02-15,Paid Social,India,Viewer,2026-02
7458,2026-06-16,Instagram,India,Creator,2026-06
7459,2026-06-08,YouTube,Other,Viewer,2026-06
7460,2026-04-17,Paid Social,United States,Viewer,2026-04
7461,2026-03-29,Organic,Other,Viewer,2026-03
7462,2026-05-09,Instagram,India,Viewer,2026-05
7463,2026-05-19,Organic,India,Creator,2026-05
7464,2026-04-29,Instagram,United States,Creator,2026-04
7465,2026-03-26,Organic,United States,Creator,2026-03
7466,2026-01-04,Paid Social,Canada,Viewer,2026-01
7467,2026-03-12,TikTok,Nigeria,Creator,2026-03
7468,2026-06-03,YouTube,Nigeria,Viewer,2026-06
7469,2026-04-21,Referral,United Kingdom,Viewer,2026-04
7470,2026-02-19,Paid Social,Canada,Creator,2026-02
7471,2026-05-20,Instagram,Other,Creator,2026-05
7472,2026-04-05,Instagram,United States,Creator,2026-04
7473,2026-07-28,Organic,Germany,Creator,2026-07
7474,2026-08-13,Organic,Nigeria,Viewer,2026-08
7475,2026-07-22,X,Canada,Creator,2026-07
7476,2026-04-02,Organic,Other,Viewer,2026-04
7477,2026-08-12,TikTok,India,Creator,2026-08
7478,2026-03-06,Organic,Nigeria,Creator,2026-03
7479,2026-02-16,X,Other,Creator,2026-02
7480,2026-08-08,TikTok,Nigeria,Viewer,2026-08
7481,2026-06-30,Organic,Other,Creator,2026-06
7482,2026-04-16,TikTok,India,Viewer,2026-04
7483,2026-07-18,X,United Kingdom,Creator,2026-07
7484,2026-05-10,YouTube,Other,Creator,2026-05
7485,2026-04-16,Instagram,United States,Creator,2026-04
7486,2026-01-24,Referral,Nigeria,Creator,2026-01
7487,2026-01-04,Organic,India,Creator,2026-01
7488,2026-04-18,Organic,India,Creator,2026-04
7489,2026-01-19,Organic,United States,Creator,2026-01
7490,2026-06-03,Instagram,Germany,Creator,2026-06
7491,2026-07-22,YouTube,Other,Creator,2026-07
7492,2026-02-09,Organic,United Kingdom,Creator,2026-02
7493,2026-02-19,YouTube,Germany,Viewer,2026-02
7494,2026-06-20,Instagram,Canada,Creator,2026-06
7495,2026-03-16,Paid Social,United Kingdom,Creator,2026-03
7496,2026-07-14,YouTube,Canada,Viewer,2026-07
7497,2026-01-12,YouTube,Nigeria,Creator,2026-01
7498,2026-07-14,X,United States,Creator,2026-07
7499,2026-08-22,Paid Social,India,Creator,2026-08
7500,2026-01-27,Paid Social,Germany,Viewer,2026-01
7501,2026-04-23,Instagram,India,Creator,2026-04
7502,2026-07-01,Instagram,India,Creator,2026-07
7503,2026-07-13,Instagram,Nigeria,Creator,2026-07
7504,2026-02-18,TikTok,Other,Creator,2026-02
7505,2026-05-24,Instagram,Canada,Viewer,2026-05
7506,2026-05-10,Organic,United States,Viewer,2026-05
7507,2026-03-01,Paid Social,United Kingdom,Creator,2026-03
7508,2026-07-01,Instagram,Other,Creator,2026-07
7509,2026-01-30,Referral,Nigeria,Creator,2026-01
7510,2026-03-25,Instagram,United States,Viewer,2026-03
7511,2026-06-15,YouTube,Nigeria,Creator,2026-06
7512,2026-01-28,TikTok,United States,Viewer,2026-01
7513,2026-01-25,X,Other,Creator,2026-01
7514,2026-04-06,Instagram,Canada,Viewer,2026-04
7515,2026-05-05,TikTok,United Kingdom,Creator,2026-05
7516,2026-01-10,Paid Social,Nigeria,Creator,2026-01
7517,2026-07-07,Organic,Other,Creator,2026-07
7518,2026-02-11,Instagram,United States,Viewer,2026-02
7519,2026-02-09,Organic,United States,Creator,2026-02
7520,2026-08-13,Referral,India,Creator,2026-08
7521,2026-03-18,Organic,Canada,Viewer,2026-03
7522,2026-04-15,YouTube,Canada,Viewer,2026-04
7523,2026-04-28,Organic,Nigeria,Viewer,2026-04
7524,2026-02-11,TikTok,United Kingdom,Creator,2026-02
7525,2026-02-16,Paid Social,United States,Viewer,2026-02
7526,2026-06-14,Organic,India,Creator,2026-06
7527,2026-07-27,YouTube,India,Viewer,2026-07
7528,2026-01-22,Organic,Nigeria,Viewer,2026-01
7529,2026-07-04,TikTok,Germany,Creator,2026-07
7530,2026-07-31,Instagram,Canada,Creator,2026-07
7531,2026-04-17,X,India,Creator,2026-04
7532,2026-01-27,X,India,Viewer,2026-01
7533,2026-02-10,YouTube,Germany,Creator,2026-02
7534,2026-03-21,Organic,India,Creator,2026-03
7535,2026-06-11,TikTok,United States,Viewer,2026-06
7536,2026-06-09,Organic,India,Creator,2026-06
7537,2026-08-06,Referral,Nigeria,Viewer,2026-08
7538,2026-03-30,Referral,United States,Creator,2026-03
7539,2026-03-07,Organic,India,Creator,2026-03
7540,2026-01-12,Organic,Nigeria,Viewer,2026-01
7541,2026-06-17,Organic,United States,Creator,2026-06
7542,2026-03-14,Paid Social,India,Creator,2026-03
7543,2026-03-17,Referral,United Kingdom,Viewer,2026-03
7544,2026-03-31,TikTok,Germany,Creator,2026-03
7545,2026-07-20,Instagram,India,Creator,2026-07
7546,2026-01-10,TikTok,India,Creator,2026-01
7547,2026-04-06,X,India,Viewer,2026-04
7548,2026-08-14,YouTube,Nigeria,Creator,2026-08
7549,2026-06-25,Instagram,Germany,Creator,2026-06
7550,2026-01-20,Referral,India,Viewer,2026-01
7551,2026-02-08,Instagram,United States,Creator,2026-02
7552,2026-03-01,Organic,India,Creator,2026-03
7553,2026-03-07,X,United States,Creator,2026-03
7554,2026-03-06,Instagram,India,Viewer,2026-03
7555,2026-06-28,Paid Social,Other,Creator,2026-06
7556,2026-05-04,TikTok,United Kingdom,Creator,2026-05
7557,2026-06-13,TikTok,United States,Viewer,2026-06
7558,2026-06-01,YouTube,Other,Creator,2026-06
7559,2026-06-04,Instagram,India,Creator,2026-06
7560,2026-05-10,TikTok,India,Creator,2026-05
7561,2026-06-08,Paid Social,Other,Viewer,2026-06
7562,2026-02-26,TikTok,United States,Creator,2026-02
7563,2026-03-19,Organic,Other,Creator,2026-03
7564,2026-07-13,Referral,United Kingdom,Creator,2026-07
7565,2026-01-29,Organic,Other,Creator,2026-01
7566,2026-01-15,Organic,Canada,Viewer,2026-01
7567,2026-01-12,X,India,Creator,2026-01
7568,2026-04-11,Organic,Germany,Viewer,2026-04
7569,2026-06-05,Paid Social,India,Creator,2026-06
7570,2026-03-25,Instagram,United Kingdom,Viewer,2026-03
7571,2026-05-05,X,Nigeria,Creator,2026-05
7572,2026-04-13,Organic,United Kingdom,Creator,2026-04
7573,2026-01-24,TikTok,Canada,Viewer,2026-01
7574,2026-05-29,X,Germany,Creator,2026-05
7575,2026-05-18,Instagram,Germany,Viewer,2026-05
7576,2026-04-20,Referral,Germany,Creator,2026-04
7577,2026-03-19,Organic,United States,Creator,2026-03
7578,2026-04-11,YouTube,Other,Creator,2026-04
7579,2026-05-26,TikTok,United Kingdom,Creator,2026-05
7580,2026-08-04,X,Germany,Viewer,2026-08
7581,2026-05-22,X,Other,Viewer,2026-05
7582,2026-06-11,Organic,India,Viewer,2026-06
7583,2026-05-08,Instagram,United States,Creator,2026-05
7584,2026-02-27,Organic,Germany,Creator,2026-02
7585,2026-03-17,Instagram,India,Creator,2026-03
7586,2026-05-30,YouTube,Nigeria,Viewer,2026-05
7587,2026-07-17,Organic,Germany,Creator,2026-07
7588,2026-02-05,Paid Social,India,Viewer,2026-02
7589,2026-06-22,Instagram,Other,Creator,2026-06
7590,2026-06-13,Paid Social,Other,Viewer,2026-06
7591,2026-01-22,Organic,United States,Viewer,2026-01
7592,2026-07-25,Paid Social,Canada,Viewer,2026-07
7593,2026-05-07,Organic,India,Creator,2026-05
7594,2026-03-21,Instagram,Canada,Creator,2026-03
7595,2026-07-08,Paid Social,Nigeria,Creator,2026-07
7596,2026-04-10,Organic,Other,Creator,2026-04
7597,2026-07-03,Organic,India,Viewer,2026-07
7598,2026-08-05,Referral,United Kingdom,Creator,2026-08
7599,2026-04-06,X,Canada,Viewer,2026-04
7600,2026-06-10,Instagram,India,Creator,2026-06
7601,2026-06-22,Organic,Germany,Creator,2026-06
7602,2026-06-13,YouTube,Other,Creator,2026-06
7603,2026-05-28,Organic,United Kingdom,Creator,2026-05
7604,2026-01-18,Paid Social,Canada,Creator,2026-01
7605,2026-02-07,YouTube,Nigeria,Creator,2026-02
7606,2026-07-14,YouTube,Nigeria,Creator,2026-07
7607,2026-05-31,Organic,India,Creator,2026-05
7608,2026-08-12,Paid Social,Nigeria,Viewer,2026-08
7609,2026-04-19,Instagram,Nigeria,Creator,2026-04
7610,2026-05-03,Referral,United Kingdom,Viewer,2026-05
7611,2026-05-24,Organic,India,Creator,2026-05
7612,2026-07-06,Referral,India,Creator,2026-07
7613,2026-07-16,X,Canada,Viewer,2026-07
7614,2026-07-15,Organic,India,Creator,2026-07
7615,2026-05-29,TikTok,United States,Viewer,2026-05
7616,2026-04-14,Organic,India,Creator,2026-04
7617,2026-07-25,TikTok,Nigeria,Viewer,2026-07
7618,2026-08-19,TikTok,Other,Creator,2026-08
7619,2026-08-11,Instagram,Germany,Creator,2026-08
7620,2026-07-25,X,India,Viewer,2026-07
7621,2026-07-17,X,United States,Creator,2026-07
7622,2026-05-20,Organic,Other,Creator,2026-05
7623,2026-05-24,Referral,Other,Creator,2026-05
7624,2026-03-22,Paid Social,India,Viewer,2026-03
7625,2026-03-28,TikTok,Germany,Creator,2026-03
7626,2026-05-22,Organic,United States,Viewer,2026-05
7627,2026-03-02,Instagram,Nigeria,Viewer,2026-03
7628,2026-07-18,YouTube,India,Creator,2026-07
7629,2026-02-15,YouTube,Other,Creator,2026-02
7630,2026-02-01,X,Canada,Creator,2026-02
7631,2026-01-15,Organic,India,Viewer,2026-01
7632,2026-02-13,Referral,United Kingdom,Creator,2026-02
7633,2026-05-25,TikTok,United States,Creator,2026-05
7634,2026-06-18,Organic,India,Creator,2026-06
7635,2026-02-23,Organic,United States,Creator,2026-02
7636,2026-02-13,TikTok,United Kingdom,Creator,2026-02
7637,2026-04-08,X,India,Viewer,2026-04
7638,2026-01-05,YouTube,Nigeria,Viewer,2026-01
7639,2026-04-19,Paid Social,Nigeria,Creator,2026-04
7640,2026-01-27,Organic,United Kingdom,Viewer,2026-01
7641,2026-04-26,Paid Social,India,Viewer,2026-04
7642,2026-03-28,YouTube,India,Creator,2026-03
7643,2026-04-14,Instagram,United States,Creator,2026-04
7644,2026-05-03,Paid Social,United States,Viewer,2026-05
7645,2026-07-25,YouTube,United Kingdom,Viewer,2026-07
7646,2026-03-20,TikTok,Other,Viewer,2026-03
7647,2026-02-12,Paid Social,India,Creator,2026-02
7648,2026-04-07,YouTube,United Kingdom,Creator,2026-04
7649,2026-01-31,YouTube,India,Creator,2026-01
7650,2026-04-09,Paid Social,India,Creator,2026-04
7651,2026-01-17,Instagram,Nigeria,Creator,2026-01
7652,2026-08-08,YouTube,United Kingdom,Creator,2026-08
7653,2026-03-24,Referral,Germany,Creator,2026-03
7654,2026-04-20,Instagram,Canada,Creator,2026-04
7655,2026-07-01,Organic,India,Viewer,2026-07
7656,2026-07-09,Referral,United Kingdom,Creator,2026-07
7657,2026-08-03,Organic,Germany,Creator,2026-08
7658,2026-02-01,YouTube,Nigeria,Creator,2026-02
7659,2026-06-17,Paid Social,Other,Creator,2026-06
7660,2026-05-21,TikTok,India,Viewer,2026-05
7661,2026-07-31,Organic,Germany,Viewer,2026-07
7662,2026-02-04,Organic,United States,Creator,2026-02
7663,2026-05-13,X,United Kingdom,Viewer,2026-05
7664,2026-07-20,Paid Social,United Kingdom,Creator,2026-07
7665,2026-01-29,Instagram,United States,Creator,2026-01
7666,2026-03-11,Organic,Other,Creator,2026-03
7667,2026-06-02,X,India,Viewer,2026-06
7668,2026-04-05,Referral,India,Creator,2026-04
7669,2026-01-22,TikTok,Other,Creator,2026-01
7670,2026-07-13,YouTube,India,Creator,2026-07
7671,2026-06-22,TikTok,United States,Creator,2026-06
7672,2026-03-10,Referral,Canada,Creator,2026-03
7673,2026-08-07,TikTok,Canada,Creator,2026-08
7674,2026-03-30,Organic,Other,Creator,2026-03
7675,2026-03-13,Referral,Canada,Viewer,2026-03
7676,2026-05-09,Instagram,Germany,Creator,2026-05
7677,2026-07-31,TikTok,Other,Viewer,2026-07
7678,2026-06-21,Paid Social,Nigeria,Creator,2026-06
7679,2026-03-28,YouTube,United States,Creator,2026-03
7680,2026-04-06,Organic,Canada,Creator,2026-04
7681,2026-03-16,X,India,Viewer,2026-03
7682,2026-06-16,Referral,India,Creator,2026-06
7683,2026-02-23,YouTube,Canada,Viewer,2026-02
7684,2026-03-29,Organic,Other,Viewer,2026-03
7685,2026-07-22,YouTube,United States,Viewer,2026-07
7686,2026-06-06,X,India,Viewer,2026-06
7687,2026-02-23,Referral,Nigeria,Creator,2026-02
7688,2026-08-06,Organic,United States,Creator,2026-08
7689,2026-01-16,YouTube,United States,Creator,2026-01
7690,2026-04-09,Organic,United Kingdom,Viewer,2026-04
7691,2026-01-20,YouTube,India,Creator,2026-01
7692,2026-02-15,Paid Social,United States,Viewer,2026-02
7693,2026-07-14,Organic,Other,Viewer,2026-07
7694,2026-07-12,TikTok,Canada,Creator,2026-07
7695,2026-05-07,X,India,Creator,2026-05
7696,2026-02-27,Referral,Nigeria,Viewer,2026-02
7697,2026-06-30,TikTok,India,Creator,2026-06
7698,2026-04-21,YouTube,Other,Viewer,2026-04
7699,2026-05-09,Paid Social,India,Creator,2026-05
7700,2026-03-22,YouTube,Other,Viewer,2026-03
7701,2026-07-13,YouTube,Germany,Creator,2026-07
7702,2026-06-06,TikTok,Nigeria,Viewer,2026-06
7703,2026-03-25,Paid Social,United States,Creator,2026-03
7704,2026-03-11,Organic,Germany,Creator,2026-03
7705,2026-01-08,Organic,India,Creator,2026-01
7706,2026-01-29,TikTok,India,Viewer,2026-01
7707,2026-04-22,YouTube,India,Creator,2026-04
7708,2026-06-28,Referral,Nigeria,Viewer,2026-06
7709,2026-06-10,Organic,United States,Creator,2026-06
7710,2026-05-11,Referral,Other,Creator,2026-05
7711,2026-07-07,Referral,India,Creator,2026-07
7712,2026-06-12,X,Germany,Creator,2026-06
7713,2026-07-16,Referral,India,Viewer,2026-07
7714,2026-08-07,Organic,United States,Creator,2026-08
7715,2026-04-18,Organic,India,Viewer,2026-04
7716,2026-07-23,Referral,Other,Creator,2026-07
7717,2026-07-31,Instagram,India,Creator,2026-07
7718,2026-04-19,Organic,Canada,Creator,2026-04
7719,2026-01-20,YouTube,India,Creator,2026-01
7720,2026-03-14,Paid Social,Germany,Creator,2026-03
7721,2026-06-16,YouTube,United States,Creator,2026-06
7722,2026-01-04,TikTok,India,Viewer,2026-01
7723,2026-01-19,Instagram,United Kingdom,Creator,2026-01
7724,2026-04-12,Referral,India,Viewer,2026-04
7725,2026-08-07,Organic,Nigeria,Creator,2026-08
7726,2026-06-22,Organic,India,Creator,2026-06
7727,2026-06-20,Instagram,Canada,Creator,2026-06
7728,2026-05-21,X,United States,Viewer,2026-05
7729,2026-05-21,TikTok,India,Creator,2026-05
7730,2026-07-07,TikTok,Canada,Creator,2026-07
7731,2026-07-04,Organic,India,Creator,2026-07
7732,2026-03-27,Organic,Nigeria,Creator,2026-03
7733,2026-08-08,Organic,United Kingdom,Viewer,2026-08
7734,2026-02-21,Instagram,Other,Viewer,2026-02
7735,2026-04-21,X,India,Creator,2026-04
7736,2026-06-30,Instagram,United Kingdom,Creator,2026-06
7737,2026-04-19,TikTok,United States,Viewer,2026-04
7738,2026-03-27,Organic,United States,Creator,2026-03
7739,2026-02-12,TikTok,Nigeria,Viewer,2026-02
7740,2026-07-30,Organic,India,Creator,2026-07
7741,2026-07-19,Organic,United States,Creator,2026-07
7742,2026-07-19,TikTok,United Kingdom,Creator,2026-07
7743,2026-02-11,Paid Social,United States,Viewer,2026-02
7744,2026-03-31,TikTok,India,Creator,2026-03
7745,2026-04-25,Paid Social,India,Creator,2026-04
7746,2026-01-26,TikTok,United States,Creator,2026-01
7747,2026-05-31,Instagram,United States,Creator,2026-05
7748,2026-02-12,Referral,India,Creator,2026-02
7749,2026-03-18,Organic,United States,Creator,2026-03
7750,2026-06-05,Organic,United Kingdom,Viewer,2026-06
7751,2026-05-17,Paid Social,India,Creator,2026-05
7752,2026-01-20,Instagram,Canada,Creator,2026-01
7753,2026-07-03,Organic,Other,Viewer,2026-07
7754,2026-07-30,Organic,India,Viewer,2026-07
7755,2026-02-08,Paid Social,India,Viewer,2026-02
7756,2026-06-28,Referral,Nigeria,Creator,2026-06
7757,2026-01-12,Instagram,India,Viewer,2026-01
7758,2026-07-26,Organic,Canada,Creator,2026-07
7759,2026-08-11,Referral,United States,Creator,2026-08
7760,2026-07-02,TikTok,United States,Creator,2026-07
7761,2026-07-25,TikTok,India,Creator,2026-07
7762,2026-01-11,YouTube,India,Creator,2026-01
7763,2026-06-03,TikTok,India,Viewer,2026-06
7764,2026-02-11,X,United States,Viewer,2026-02
7765,2026-06-04,Paid Social,India,Viewer,2026-06
7766,2026-01-11,Referral,Nigeria,Creator,2026-01
7767,2026-02-07,TikTok,India,Creator,2026-02
7768,2026-04-08,TikTok,Germany,Viewer,2026-04
7769,2026-06-20,TikTok,United States,Creator,2026-06
7770,2026-01-19,TikTok,India,Creator,2026-01
7771,2026-07-11,Instagram,India,Creator,2026-07
7772,2026-05-14,TikTok,Canada,Creator,2026-05
7773,2026-06-23,Organic,Nigeria,Creator,2026-06
7774,2026-04-26,Organic,India,Creator,2026-04
7775,2026-08-18,TikTok,India,Viewer,2026-08
7776,2026-04-23,X,Other,Creator,2026-04
7777,2026-06-19,X,Germany,Creator,2026-06
7778,2026-08-08,Instagram,United States,Viewer,2026-08
7779,2026-03-06,Referral,Nigeria,Viewer,2026-03
7780,2026-04-09,Referral,United States,Creator,2026-04
7781,2026-08-20,TikTok,India,Creator,2026-08
7782,2026-03-13,Organic,Canada,Creator,2026-03
7783,2026-07-06,Instagram,United Kingdom,Creator,2026-07
7784,2026-02-21,TikTok,United States,Viewer,2026-02
7785,2026-04-28,Organic,Germany,Creator,2026-04
7786,2026-06-24,Paid Social,Nigeria,Viewer,2026-06
7787,2026-04-30,TikTok,India,Viewer,2026-04
7788,2026-01-07,X,India,Creator,2026-01
7789,2026-01-11,Instagram,United States,Creator,2026-01
7790,2026-04-13,Organic,India,Viewer,2026-04
7791,2026-03-02,Organic,Nigeria,Viewer,2026-03
7792,2026-03-09,X,India,Creator,2026-03
7793,2026-06-02,Organic,India,Creator,2026-06
7794,2026-05-20,Organic,Other,Viewer,2026-05
7795,2026-06-03,Paid Social,Other,Creator,2026-06
7796,2026-04-12,Instagram,Nigeria,Creator,2026-04
7797,2026-04-20,Organic,United Kingdom,Creator,2026-04
7798,2026-05-20,TikTok,Canada,Viewer,2026-05
7799,2026-06-20,X,United Kingdom,Creator,2026-06
7800,2026-02-20,TikTok,India,Creator,2026-02
7801,2026-04-27,Organic,United States,Creator,2026-04
7802,2026-06-14,Instagram,Nigeria,Viewer,2026-06
7803,2026-02-15,Organic,United States,Creator,2026-02
7804,2026-02-22,X,India,Viewer,2026-02
7805,2026-03-29,X,Canada,Creator,2026-03
7806,2026-07-27,Organic,India,Viewer,2026-07
7807,2026-05-01,TikTok,India,Viewer,2026-05
7808,2026-01-13,TikTok,United States,Creator,2026-01
7809,2026-03-30,X,India,Creator,2026-03
7810,2026-05-05,TikTok,Germany,Creator,2026-05
7811,2026-04-28,TikTok,United Kingdom,Creator,2026-04
7812,2026-02-23,Paid Social,Germany,Viewer,2026-02
7813,2026-07-04,Organic,Nigeria,Creator,2026-07
7814,2026-04-26,Paid Social,Nigeria,Creator,2026-04
7815,2026-04-28,Organic,United Kingdom,Creator,2026-04
7816,2026-01-04,TikTok,United States,Creator,2026-01
7817,2026-03-16,Instagram,Nigeria,Creator,2026-03
7818,2026-08-12,Organic,Nigeria,Creator,2026-08
7819,2026-02-18,Organic,Other,Creator,2026-02
7820,2026-01-07,Organic,Other,Creator,2026-01
7821,2026-04-20,Paid Social,India,Creator,2026-04
7822,2026-05-02,TikTok,India,Viewer,2026-05
7823,2026-01-11,X,United Kingdom,Viewer,2026-01
7824,2026-04-02,YouTube,India,Viewer,2026-04
7825,2026-07-01,Referral,India,Viewer,2026-07
7826,2026-08-21,YouTube,India,Viewer,2026-08
7827,2026-08-03,TikTok,United States,Creator,2026-08
7828,2026-06-22,Organic,United States,Creator,2026-06
7829,2026-01-23,TikTok,Nigeria,Creator,2026-01
7830,2026-01-28,Organic,Other,Creator,2026-01
7831,2026-08-23,Organic,United States,Viewer,2026-08
7832,2026-04-21,Organic,India,Creator,2026-04
7833,2026-02-26,Paid Social,Nigeria,Viewer,2026-02
7834,2026-01-26,Paid Social,India,Creator,2026-01
7835,2026-06-02,Organic,Other,Viewer,2026-06
7836,2026-02-23,Organic,India,Viewer,2026-02
7837,2026-01-29,Organic,Other,Creator,2026-01
7838,2026-07-30,TikTok,United States,Creator,2026-07
7839,2026-04-07,Organic,Germany,Viewer,2026-04
7840,2026-06-13,Paid Social,United Kingdom,Viewer,2026-06
7841,2026-01-14,Organic,Other,Viewer,2026-01
7842,2026-03-19,Organic,United Kingdom,Viewer,2026-03
7843,2026-02-04,Organic,Nigeria,Creator,2026-02
7844,2026-01-30,Paid Social,United Kingdom,Creator,2026-01
7845,2026-04-02,Paid Social,Canada,Viewer,2026-04
7846,2026-01-17,YouTube,Other,Creator,2026-01
7847,2026-07-14,TikTok,India,Creator,2026-07
7848,2026-07-27,Organic,India,Creator,2026-07
7849,2026-06-07,Organic,India,Creator,2026-06
7850,2026-04-03,Instagram,United States,Creator,2026-04
7851,2026-06-22,Referral,Germany,Creator,2026-06
7852,2026-03-20,Organic,India,Creator,2026-03
7853,2026-04-20,TikTok,Nigeria,Creator,2026-04
7854,2026-08-05,X,United Kingdom,Viewer,2026-08
7855,2026-06-28,Organic,Germany,Viewer,2026-06
7856,2026-04-12,X,Nigeria,Creator,2026-04
7857,2026-04-16,TikTok,India,Creator,2026-04
7858,2026-02-16,Organic,Other,Viewer,2026-02
7859,2026-06-30,TikTok,India,Creator,2026-06
7860,2026-03-05,Paid Social,Canada,Creator,2026-03
7861,2026-06-15,TikTok,India,Creator,2026-06
7862,2026-03-05,TikTok,India,Creator,2026-03
7863,2026-03-28,Organic,Other,Creator,2026-03
7864,2026-08-05,X,Canada,Viewer,2026-08
7865,2026-08-22,Referral,United States,Creator,2026-08
7866,2026-01-07,TikTok,United Kingdom,Creator,2026-01
7867,2026-01-22,Organic,United States,Creator,2026-01
7868,2026-03-22,Paid Social,India,Viewer,2026-03
7869,2026-07-29,Referral,Canada,Viewer,2026-07
7870,2026-06-18,X,Canada,Creator,2026-06
7871,2026-03-15,TikTok,Other,Creator,2026-03
7872,2026-05-18,Organic,Nigeria,Creator,2026-05
7873,2026-07-04,YouTube,United Kingdom,Creator,2026-07
7874,2026-05-15,Instagram,United States,Creator,2026-05
7875,2026-05-05,Instagram,United States,Viewer,2026-05
7876,2026-02-19,Organic,United States,Creator,2026-02
7877,2026-08-18,Instagram,Other,Viewer,2026-08
7878,2026-08-07,Referral,India,Viewer,2026-08
7879,2026-02-21,Paid Social,India,Creator,2026-02
7880,2026-06-10,Organic,United Kingdom,Creator,2026-06
7881,2026-01-01,YouTube,India,Creator,2026-01
7882,2026-08-24,X,Other,Creator,2026-08
7883,2026-06-30,Paid Social,India,Creator,2026-06
7884,2026-07-07,Referral,Canada,Viewer,2026-07
7885,2026-06-11,Paid Social,United States,Creator,2026-06
7886,2026-01-04,Paid Social,India,Creator,2026-01
7887,2026-05-25,Organic,Germany,Viewer,2026-05
7888,2026-05-12,YouTube,United Kingdom,Viewer,2026-05
7889,2026-06-20,Instagram,India,Viewer,2026-06
7890,2026-08-06,Organic,India,Viewer,2026-08
7891,2026-01-04,Organic,United States,Creator,2026-01
7892,2026-01-01,Organic,United States,Creator,2026-01
7893,2026-03-12,Referral,Nigeria,Viewer,2026-03
7894,2026-08-10,TikTok,Nigeria,Viewer,2026-08
7895,2026-06-27,Referral,United States,Creator,2026-06
7896,2026-07-20,X,United States,Creator,2026-07
7897,2026-07-08,YouTube,Nigeria,Creator,2026-07
7898,2026-02-04,TikTok,India,Viewer,2026-02
7899,2026-01-08,Instagram,United Kingdom,Viewer,2026-01
7900,2026-06-01,TikTok,United Kingdom,Viewer,2026-06
7901,2026-07-30,Organic,India,Creator,2026-07
7902,2026-02-05,Referral,India,Creator,2026-02
7903,2026-06-27,X,India,Creator,2026-06
7904,2026-05-03,Organic,Nigeria,Creator,2026-05
7905,2026-02-12,Referral,Nigeria,Viewer,2026-02
7906,2026-01-27,Organic,Nigeria,Creator,2026-01
7907,2026-02-01,TikTok,Other,Creator,2026-02
7908,2026-03-19,X,Nigeria,Viewer,2026-03
7909,2026-05-01,Organic,Canada,Creator,2026-05
7910,2026-05-26,YouTube,India,Viewer,2026-05
7911,2026-06-05,YouTube,United States,Creator,2026-06
7912,2026-06-06,YouTube,India,Viewer,2026-06
7913,2026-01-16,Organic,Nigeria,Viewer,2026-01
7914,2026-04-09,Organic,United States,Creator,2026-04
7915,2026-02-16,Organic,United Kingdom,Creator,2026-02
7916,2026-07-06,Paid Social,United Kingdom,Creator,2026-07
7917,2026-01-31,Organic,India,Creator,2026-01
7918,2026-01-04,TikTok,United Kingdom,Creator,2026-01
7919,2026-06-14,Referral,India,Viewer,2026-06
7920,2026-01-17,Referral,United States,Creator,2026-01
7921,2026-02-08,Referral,Canada,Creator,2026-02
7922,2026-02-17,Paid Social,United Kingdom,Creator,2026-02
7923,2026-06-23,TikTok,United States,Viewer,2026-06
7924,2026-08-06,TikTok,India,Viewer,2026-08
7925,2026-06-25,Organic,United States,Creator,2026-06
7926,2026-02-08,Organic,India,Creator,2026-02
7927,2026-08-21,X,Other,Creator,2026-08
7928,2026-05-12,Organic,United States,Creator,2026-05
7929,2026-01-30,Referral,Other,Creator,2026-01
7930,2026-06-07,Organic,Other,Creator,2026-06
7931,2026-01-22,Organic,United States,Viewer,2026-01
7932,2026-07-22,YouTube,India,Creator,2026-07
7933,2026-03-07,Organic,Canada,Viewer,2026-03
7934,2026-04-18,YouTube,India,Creator,2026-04
7935,2026-01-12,Paid Social,Nigeria,Viewer,2026-01
7936,2026-08-10,Referral,India,Viewer,2026-08
7937,2026-02-05,TikTok,United States,Viewer,2026-02
7938,2026-01-18,Paid Social,India,Viewer,2026-01
7939,2026-03-31,Organic,United States,Creator,2026-03
7940,2026-06-30,YouTube,United Kingdom,Creator,2026-06
7941,2026-07-18,Organic,Other,Viewer,2026-07
7942,2026-01-01,Organic,India,Viewer,2026-01
7943,2026-05-07,Paid Social,United States,Creator,2026-05
7944,2026-07-05,TikTok,United States,Viewer,2026-07
7945,2026-03-31,Referral,India,Creator,2026-03
7946,2026-03-28,TikTok,United Kingdom,Creator,2026-03
7947,2026-03-31,Referral,Canada,Creator,2026-03
7948,2026-05-14,Paid Social,India,Creator,2026-05
7949,2026-03-11,Instagram,Canada,Creator,2026-03
7950,2026-02-13,X,United Kingdom,Viewer,2026-02
7951,2026-07-19,X,India,Creator,2026-07
7952,2026-06-01,Paid Social,United Kingdom,Creator,2026-06
7953,2026-03-27,Organic,United States,Viewer,2026-03
7954,2026-01-19,X,United Kingdom,Viewer,2026-01
7955,2026-04-11,TikTok,Nigeria,Creator,2026-04
7956,2026-05-26,Organic,India,Creator,2026-05
7957,2026-04-05,Organic,Canada,Viewer,2026-04
7958,2026-04-11,X,Nigeria,Creator,2026-04
7959,2026-01-30,Paid Social,Canada,Creator,2026-01
7960,2026-06-19,TikTok,India,Viewer,2026-06
7961,2026-02-02,X,Canada,Creator,2026-02
7962,2026-07-21,YouTube,United States,Creator,2026-07
7963,2026-08-17,TikTok,Canada,Creator,2026-08
7964,2026-01-12,Paid Social,Nigeria,Creator,2026-01
7965,2026-04-28,TikTok,United States,Viewer,2026-04
7966,2026-04-04,Organic,India,Creator,2026-04
7967,2026-06-04,Organic,Germany,Creator,2026-06
7968,2026-06-16,Paid Social,Nigeria,Viewer,2026-06
7969,2026-05-17,Paid Social,Other,Viewer,2026-05
7970,2026-05-29,TikTok,United States,Creator,2026-05
7971,2026-03-17,Organic,United Kingdom,Creator,2026-03
7972,2026-01-29,Instagram,United Kingdom,Creator,2026-01
7973,2026-06-10,YouTube,United Kingdom,Creator,2026-06
7974,2026-08-23,X,Canada,Creator,2026-08
7975,2026-07-09,Paid Social,India,Creator,2026-07
7976,2026-04-27,Referral,Nigeria,Creator,2026-04
7977,2026-01-15,Referral,Nigeria,Viewer,2026-01
7978,2026-01-02,Instagram,United States,Creator,2026-01
7979,2026-06-29,TikTok,United States,Creator,2026-06
7980,2026-08-19,YouTube,Nigeria,Creator,2026-08
7981,2026-04-27,Instagram,United States,Creator,2026-04
7982,2026-06-21,TikTok,United States,Creator,2026-06
7983,2026-07-01,Organic,Canada,Creator,2026-07
7984,2026-01-18,Instagram,India,Viewer,2026-01
7985,2026-01-03,X,United States,Creator,2026-01
7986,2026-05-15,X,United Kingdom,Creator,2026-05
7987,2026-06-20,Organic,India,Viewer,2026-06
7988,2026-07-29,X,Nigeria,Creator,2026-07
7989,2026-08-24,Organic,United States,Viewer,2026-08
7990,2026-06-15,YouTube,Germany,Creator,2026-06
7991,2026-06-14,TikTok,United States,Creator,2026-06
7992,2026-07-05,Referral,India,Creator,2026-07
7993,2026-06-10,Referral,Nigeria,Creator,2026-06
7994,2026-04-18,YouTube,India,Creator,2026-04
7995,2026-07-06,YouTube,Canada,Creator,2026-07
7996,2026-04-05,X,United Kingdom,Creator,2026-04
7997,2026-05-02,Organic,Canada,Creator,2026-05
7998,2026-01-11,YouTube,United States,Creator,2026-01
7999,2026-03-09,Instagram,Germany,Creator,2026-03
8000,2026-05-03,Instagram,Nigeria,Creator,2026-05
8001,2026-07-29,TikTok,India,Creator,2026-07
8002,2026-07-15,Paid Social,India,Creator,2026-07
8003,2026-04-23,Organic,United Kingdom,Creator,2026-04
8004,2026-04-08,TikTok,Other,Creator,2026-04
8005,2026-04-03,Paid Social,India,Creator,2026-04
8006,2026-08-04,Referral,Other,Creator,2026-08
8007,2026-01-22,Organic,Canada,Viewer,2026-01
8008,2026-07-13,Paid Social,United States,Creator,2026-07
8009,2026-06-21,Organic,United Kingdom,Viewer,2026-06
8010,2026-05-07,YouTube,India,Creator,2026-05
8011,2026-05-14,X,Germany,Creator,2026-05
8012,2026-06-19,Instagram,United Kingdom,Creator,2026-06
8013,2026-01-25,YouTube,United States,Creator,2026-01
8014,2026-07-04,Organic,Other,Creator,2026-07
8015,2026-03-26,Organic,India,Viewer,2026-03
8016,2026-02-24,YouTube,Germany,Creator,2026-02
8017,2026-05-24,TikTok,India,Creator,2026-05
8018,2026-04-05,Paid Social,Canada,Creator,2026-04
8019,2026-05-22,Instagram,Nigeria,Creator,2026-05
8020,2026-06-16,Organic,United Kingdom,Viewer,2026-06
8021,2026-06-05,YouTube,United States,Creator,2026-06
8022,2026-08-12,TikTok,Other,Creator,2026-08
8023,2026-08-08,Organic,United States,Creator,2026-08
8024,2026-06-28,TikTok,India,Creator,2026-06
8025,2026-04-29,Paid Social,United States,Creator,2026-04
8026,2026-06-26,TikTok,Canada,Creator,2026-06
8027,2026-01-09,TikTok,Nigeria,Viewer,2026-01
8028,2026-07-05,Instagram,Nigeria,Creator,2026-07
8029,2026-06-22,Organic,Germany,Creator,2026-06
8030,2026-05-30,Organic,Germany,Creator,2026-05
8031,2026-06-09,Referral,India,Viewer,2026-06
8032,2026-07-16,Paid Social,Nigeria,Creator,2026-07
8033,2026-08-03,Organic,India,Creator,2026-08
8034,2026-07-16,Instagram,Other,Viewer,2026-07
8035,2026-02-11,Paid Social,Germany,Creator,2026-02
8036,2026-02-22,Organic,Germany,Viewer,2026-02
8037,2026-08-12,Organic,United Kingdom,Viewer,2026-08
8038,2026-07-06,Paid Social,United States,Viewer,2026-07
8039,2026-03-15,YouTube,United States,Viewer,2026-03
8040,2026-02-08,Organic,United States,Creator,2026-02
8041,2026-05-02,TikTok,India,Creator,2026-05
8042,2026-01-15,Organic,Other,Creator,2026-01
8043,2026-07-18,Instagram,United States,Viewer,2026-07
8044,2026-06-06,Referral,Other,Viewer,2026-06
8045,2026-05-03,X,Other,Viewer,2026-05
8046,2026-04-21,YouTube,Germany,Viewer,2026-04
8047,2026-05-11,TikTok,Nigeria,Creator,2026-05
8048,2026-03-24,Organic,India,Viewer,2026-03
8049,2026-01-10,Organic,United States,Creator,2026-01
8050,2026-04-02,Referral,United Kingdom,Viewer,2026-04
8051,2026-01-29,YouTube,India,Creator,2026-01
8052,2026-07-26,Organic,India,Viewer,2026-07
8053,2026-02-04,TikTok,United Kingdom,Creator,2026-02
8054,2026-01-06,Referral,Other,Creator,2026-01
8055,2026-05-20,Instagram,Germany,Creator,2026-05
8056,2026-04-21,TikTok,India,Viewer,2026-04
8057,2026-02-07,Organic,Other,Creator,2026-02
8058,2026-03-18,Organic,United Kingdom,Creator,2026-03
8059,2026-04-03,Referral,United Kingdom,Creator,2026-04
8060,2026-05-27,X,United States,Creator,2026-05
8061,2026-03-08,YouTube,United Kingdom,Viewer,2026-03
8062,2026-05-16,Referral,United Kingdom,Creator,2026-05
8063,2026-01-08,Paid Social,Nigeria,Viewer,2026-01
8064,2026-05-02,Organic,United States,Creator,2026-05
8065,2026-03-25,Organic,Germany,Viewer,2026-03
8066,2026-06-24,Instagram,Other,Creator,2026-06
8067,2026-05-12,Organic,Other,Creator,2026-05
8068,2026-06-28,Referral,India,Creator,2026-06
8069,2026-03-26,Paid Social,United States,Creator,2026-03
8070,2026-07-14,YouTube,United States,Creator,2026-07
8071,2026-02-14,Organic,United Kingdom,Creator,2026-02
8072,2026-05-16,Organic,Germany,Creator,2026-05
8073,2026-03-28,TikTok,India,Viewer,2026-03
8074,2026-01-16,Referral,Other,Viewer,2026-01
8075,2026-03-18,TikTok,United Kingdom,Viewer,2026-03
8076,2026-07-14,Organic,India,Viewer,2026-07
8077,2026-01-09,Organic,United States,Creator,2026-01
8078,2026-03-01,Paid Social,India,Creator,2026-03
8079,2026-03-19,YouTube,Nigeria,Creator,2026-03
8080,2026-03-18,Paid Social,India,Viewer,2026-03
8081,2026-03-12,Referral,United Kingdom,Viewer,2026-03
8082,2026-01-15,Instagram,Canada,Creator,2026-01
8083,2026-03-12,Organic,United States,Creator,2026-03
8084,2026-04-12,TikTok,India,Creator,2026-04
8085,2026-08-14,X,United Kingdom,Creator,2026-08
8086,2026-06-18,Referral,United States,Creator,2026-06
8087,2026-01-22,Organic,Other,Creator,2026-01
8088,2026-06-01,Organic,Nigeria,Viewer,2026-06
8089,2026-04-23,X,India,Viewer,2026-04
8090,2026-08-17,Organic,United Kingdom,Creator,2026-08
8091,2026-06-21,X,Canada,Viewer,2026-06
8092,2026-01-01,Organic,India,Viewer,2026-01
8093,2026-01-10,Organic,United States,Viewer,2026-01
8094,2026-08-23,TikTok,Canada,Creator,2026-08
8095,2026-07-27,X,India,Creator,2026-07
8096,2026-04-20,Instagram,India,Creator,2026-04
8097,2026-07-19,Organic,United Kingdom,Creator,2026-07
8098,2026-07-03,Paid Social,Canada,Creator,2026-07
8099,2026-04-23,Organic,Germany,Creator,2026-04
8100,2026-08-05,Organic,United States,Viewer,2026-08
8101,2026-02-19,X,United States,Creator,2026-02
8102,2026-01-12,Organic,Nigeria,Creator,2026-01
8103,2026-03-30,Instagram,Canada,Creator,2026-03
8104,2026-07-28,Paid Social,United Kingdom,Viewer,2026-07
8105,2026-07-07,YouTube,United States,Creator,2026-07
8106,2026-06-03,X,United States,Creator,2026-06
8107,2026-04-22,X,Canada,Creator,2026-04
8108,2026-03-19,Organic,Nigeria,Creator,2026-03
8109,2026-06-18,Instagram,India,Creator,2026-06
8110,2026-06-13,TikTok,India,Creator,2026-06
8111,2026-05-01,Paid Social,Germany,Creator,2026-05
8112,2026-01-23,Organic,Other,Creator,2026-01
8113,2026-06-20,Instagram,United States,Viewer,2026-06
8114,2026-05-14,Paid Social,United States,Creator,2026-05
8115,2026-07-16,Referral,India,Creator,2026-07
8116,2026-06-20,Paid Social,India,Creator,2026-06
8117,2026-01-25,X,United States,Creator,2026-01
8118,2026-01-18,TikTok,United States,Viewer,2026-01
8119,2026-07-09,Referral,United Kingdom,Creator,2026-07
8120,2026-05-21,TikTok,Nigeria,Viewer,2026-05
8121,2026-02-12,Organic,Germany,Creator,2026-02
8122,2026-03-19,YouTube,Canada,Creator,2026-03
8123,2026-01-28,YouTube,India,Viewer,2026-01
8124,2026-05-26,Referral,India,Viewer,2026-05
8125,2026-02-28,Paid Social,Other,Creator,2026-02
8126,2026-07-07,Referral,Germany,Creator,2026-07
8127,2026-03-04,Organic,United States,Creator,2026-03
8128,2026-07-04,YouTube,India,Creator,2026-07
8129,2026-04-02,Referral,Other,Viewer,2026-04
8130,2026-06-28,Paid Social,India,Creator,2026-06
8131,2026-02-25,TikTok,India,Creator,2026-02
8132,2026-06-04,Organic,Other,Creator,2026-06
8133,2026-06-09,Referral,Germany,Creator,2026-06
8134,2026-04-21,TikTok,United Kingdom,Creator,2026-04
8135,2026-05-17,X,India,Creator,2026-05
8136,2026-08-20,TikTok,Nigeria,Creator,2026-08
8137,2026-08-12,TikTok,United Kingdom,Viewer,2026-08
8138,2026-07-31,Referral,Canada,Creator,2026-07
8139,2026-08-08,TikTok,United States,Viewer,2026-08
8140,2026-08-13,YouTube,Other,Creator,2026-08
8141,2026-03-09,Organic,India,Viewer,2026-03
8142,2026-02-15,TikTok,India,Creator,2026-02
8143,2026-08-14,TikTok,United States,Viewer,2026-08
8144,2026-03-08,Referral,United Kingdom,Creator,2026-03
8145,2026-06-03,TikTok,Canada,Creator,2026-06
8146,2026-05-16,YouTube,Canada,Creator,2026-05
8147,2026-01-06,YouTube,India,Viewer,2026-01
8148,2026-07-27,YouTube,Other,Viewer,2026-07
8149,2026-01-24,X,United States,Creator,2026-01
8150,2026-06-25,TikTok,India,Viewer,2026-06
8151,2026-08-19,TikTok,United Kingdom,Creator,2026-08
8152,2026-04-04,X,India,Viewer,2026-04
8153,2026-06-22,Organic,Nigeria,Creator,2026-06
8154,2026-01-13,Referral,United States,Creator,2026-01
8155,2026-07-16,Referral,India,Creator,2026-07
8156,2026-01-25,TikTok,United States,Creator,2026-01
8157,2026-05-28,X,United States,Viewer,2026-05
8158,2026-04-28,Paid Social,United States,Creator,2026-04
8159,2026-03-23,Organic,United States,Viewer,2026-03
8160,2026-04-21,Referral,Canada,Creator,2026-04
8161,2026-03-23,Organic,India,Creator,2026-03
8162,2026-03-07,Instagram,United Kingdom,Viewer,2026-03
8163,2026-07-21,Paid Social,United Kingdom,Creator,2026-07
8164,2026-02-14,X,Germany,Creator,2026-02
8165,2026-04-24,X,Germany,Creator,2026-04
8166,2026-06-24,Paid Social,India,Creator,2026-06
8167,2026-03-04,YouTube,India,Creator,2026-03
8168,2026-03-17,YouTube,United Kingdom,Creator,2026-03
8169,2026-07-24,X,Canada,Creator,2026-07
8170,2026-04-24,YouTube,India,Creator,2026-04
8171,2026-04-21,Referral,Nigeria,Creator,2026-04
8172,2026-07-02,Paid Social,Canada,Creator,2026-07
8173,2026-07-22,Referral,Canada,Viewer,2026-07
8174,2026-05-27,YouTube,United Kingdom,Viewer,2026-05
8175,2026-02-04,Organic,India,Creator,2026-02
8176,2026-08-19,Referral,India,Creator,2026-08
8177,2026-02-22,Referral,United States,Creator,2026-02
8178,2026-01-26,Referral,India,Creator,2026-01
8179,2026-01-14,Organic,Other,Creator,2026-01
8180,2026-04-28,Paid Social,India,Creator,2026-04
8181,2026-02-14,Organic,India,Creator,2026-02
8182,2026-06-21,Organic,India,Viewer,2026-06
8183,2026-08-04,YouTube,United Kingdom,Creator,2026-08
8184,2026-08-21,YouTube,Nigeria,Creator,2026-08
8185,2026-07-12,TikTok,United Kingdom,Creator,2026-07
8186,2026-02-20,YouTube,Other,Creator,2026-02
8187,2026-06-20,TikTok,United States,Viewer,2026-06
8188,2026-04-29,Organic,India,Creator,2026-04
8189,2026-08-02,Organic,Canada,Creator,2026-08
8190,2026-05-31,Paid Social,Germany,Creator,2026-05
8191,2026-07-03,Organic,India,Creator,2026-07
8192,2026-01-19,Organic,India,Creator,2026-01
8193,2026-03-23,YouTube,Canada,Creator,2026-03
8194,2026-03-17,Instagram,United States,Creator,2026-03
8195,2026-07-02,Referral,United States,Viewer,2026-07
8196,2026-08-08,Referral,Germany,Viewer,2026-08
8197,2026-04-02,Referral,India,Viewer,2026-04
8198,2026-07-07,TikTok,United Kingdom,Creator,2026-07
8199,2026-07-06,Instagram,India,Creator,2026-07
8200,2026-02-02,YouTube,India,Creator,2026-02
8201,2026-05-27,TikTok,United Kingdom,Creator,2026-05
8202,2026-01-28,Organic,India,Creator,2026-01
8203,2026-05-03,Instagram,Canada,Creator,2026-05
8204,2026-06-29,Organic,India,Creator,2026-06
8205,2026-05-06,Paid Social,India,Creator,2026-05
8206,2026-06-26,Referral,India,Creator,2026-06
8207,2026-02-06,Organic,Germany,Creator,2026-02
8208,2026-06-03,TikTok,United States,Creator,2026-06
8209,2026-04-09,Paid Social,United States,Creator,2026-04
8210,2026-04-08,TikTok,Nigeria,Creator,2026-04
8211,2026-05-07,Referral,United Kingdom,Viewer,2026-05
8212,2026-08-15,Instagram,India,Viewer,2026-08
8213,2026-06-17,Referral,Other,Creator,2026-06
8214,2026-03-21,YouTube,Other,Creator,2026-03
8215,2026-02-07,Organic,United States,Creator,2026-02
8216,2026-03-18,TikTok,United States,Viewer,2026-03
8217,2026-05-06,X,Other,Creator,2026-05
8218,2026-03-28,Paid Social,United States,Viewer,2026-03
8219,2026-02-23,Organic,Germany,Creator,2026-02
8220,2026-05-30,X,India,Viewer,2026-05
8221,2026-01-16,TikTok,Nigeria,Viewer,2026-01
8222,2026-01-28,Paid Social,Other,Creator,2026-01
8223,2026-06-12,Referral,India,Creator,2026-06
8224,2026-07-07,TikTok,India,Viewer,2026-07
8225,2026-06-22,Organic,United Kingdom,Viewer,2026-06
8226,2026-02-15,Organic,Other,Viewer,2026-02
8227,2026-03-13,X,India,Viewer,2026-03
8228,2026-08-24,TikTok,Other,Viewer,2026-08
8229,2026-07-02,TikTok,United Kingdom,Viewer,2026-07
8230,2026-08-02,Paid Social,Other,Creator,2026-08
8231,2026-03-26,Instagram,Canada,Creator,2026-03
8232,2026-01-26,Referral,United Kingdom,Viewer,2026-01
8233,2026-08-20,Organic,Germany,Creator,2026-08
8234,2026-03-26,Organic,India,Creator,2026-03
8235,2026-06-02,TikTok,Other,Viewer,2026-06
8236,2026-08-21,YouTube,India,Creator,2026-08
8237,2026-03-06,Instagram,India,Creator,2026-03
8238,2026-05-14,Paid Social,United Kingdom,Creator,2026-05
8239,2026-05-31,Instagram,India,Creator,2026-05
8240,2026-04-25,TikTok,Canada,Creator,2026-04
8241,2026-03-05,Paid Social,Canada,Creator,2026-03
8242,2026-03-28,TikTok,India,Viewer,2026-03
8243,2026-06-20,Organic,India,Creator,2026-06
8244,2026-04-17,Organic,Nigeria,Creator,2026-04
8245,2026-05-31,Referral,Other,Creator,2026-05
8246,2026-04-06,Referral,Germany,Creator,2026-04
8247,2026-06-07,Organic,India,Viewer,2026-06
8248,2026-03-18,TikTok,Other,Creator,2026-03
8249,2026-08-23,Referral,India,Creator,2026-08
8250,2026-05-26,Paid Social,United States,Creator,2026-05
8251,2026-03-28,TikTok,India,Viewer,2026-03
8252,2026-07-26,Referral,United States,Creator,2026-07
8253,2026-08-13,TikTok,United Kingdom,Viewer,2026-08
8254,2026-05-29,Organic,Nigeria,Creator,2026-05
8255,2026-02-26,Organic,Germany,Creator,2026-02
8256,2026-04-13,TikTok,United Kingdom,Creator,2026-04
8257,2026-05-31,TikTok,India,Viewer,2026-05
8258,2026-04-01,Paid Social,Nigeria,Viewer,2026-04
8259,2026-02-14,Organic,India,Creator,2026-02
8260,2026-06-21,TikTok,Nigeria,Creator,2026-06
8261,2026-07-29,Organic,United States,Creator,2026-07
8262,2026-03-29,Referral,India,Creator,2026-03
8263,2026-04-25,Paid Social,United States,Creator,2026-04
8264,2026-02-16,Organic,Other,Creator,2026-02
8265,2026-06-17,TikTok,Nigeria,Creator,2026-06
8266,2026-06-28,Organic,Other,Creator,2026-06
8267,2026-06-19,Instagram,United States,Viewer,2026-06
8268,2026-05-15,Organic,Other,Viewer,2026-05
8269,2026-02-19,Instagram,United States,Creator,2026-02
8270,2026-06-25,Referral,Canada,Creator,2026-06
8271,2026-03-25,X,United States,Creator,2026-03
8272,2026-04-01,Organic,India,Creator,2026-04
8273,2026-05-14,TikTok,Germany,Creator,2026-05
8274,2026-04-01,YouTube,Canada,Creator,2026-04
8275,2026-05-17,X,Germany,Viewer,2026-05
8276,2026-04-19,Organic,United States,Creator,2026-04
8277,2026-02-26,Referral,United Kingdom,Creator,2026-02
8278,2026-01-31,Instagram,India,Creator,2026-01
8279,2026-01-21,Organic,India,Creator,2026-01
8280,2026-03-31,Organic,Other,Creator,2026-03
8281,2026-02-09,Paid Social,Nigeria,Creator,2026-02
8282,2026-04-22,TikTok,Other,Creator,2026-04
8283,2026-02-14,Paid Social,United States,Viewer,2026-02
8284,2026-03-18,TikTok,Other,Creator,2026-03
8285,2026-06-26,TikTok,United Kingdom,Creator,2026-06
8286,2026-03-28,YouTube,Nigeria,Viewer,2026-03
8287,2026-05-28,Organic,United States,Creator,2026-05
8288,2026-04-11,TikTok,Germany,Creator,2026-04
8289,2026-04-27,TikTok,Germany,Creator,2026-04
8290,2026-04-02,Referral,United States,Creator,2026-04
8291,2026-05-25,Instagram,Canada,Creator,2026-05
8292,2026-01-28,TikTok,United States,Creator,2026-01
8293,2026-06-18,Organic,Canada,Creator,2026-06
8294,2026-07-13,X,Other,Creator,2026-07
8295,2026-01-25,Organic,India,Viewer,2026-01
8296,2026-02-27,Organic,United Kingdom,Viewer,2026-02
8297,2026-02-10,TikTok,United States,Creator,2026-02
8298,2026-05-14,X,Nigeria,Creator,2026-05
8299,2026-03-16,TikTok,Other,Creator,2026-03
8300,2026-02-07,Instagram,United States,Creator,2026-02
8301,2026-05-14,YouTube,India,Creator,2026-05
8302,2026-06-22,Paid Social,Canada,Viewer,2026-06
8303,2026-03-16,Referral,Nigeria,Creator,2026-03
8304,2026-05-22,TikTok,United States,Creator,2026-05
8305,2026-03-07,Referral,India,Viewer,2026-03
8306,2026-06-17,Paid Social,India,Creator,2026-06
8307,2026-01-03,Instagram,India,Creator,2026-01
8308,2026-04-27,TikTok,United Kingdom,Creator,2026-04
8309,2026-04-09,Organic,United States,Creator,2026-04
8310,2026-08-13,Paid Social,Nigeria,Viewer,2026-08
8311,2026-06-01,Organic,India,Creator,2026-06
8312,2026-01-19,Organic,India,Creator,2026-01
8313,2026-05-26,Instagram,India,Creator,2026-05
8314,2026-07-11,Referral,United Kingdom,Creator,2026-07
8315,2026-04-26,TikTok,India,Creator,2026-04
8316,2026-05-05,Referral,Other,Viewer,2026-05
8317,2026-03-29,Referral,United States,Viewer,2026-03
8318,2026-02-04,Instagram,United States,Creator,2026-02
8319,2026-07-09,X,United States,Creator,2026-07
8320,2026-01-01,Instagram,United States,Creator,2026-01
8321,2026-08-16,Paid Social,Germany,Viewer,2026-08
8322,2026-06-02,YouTube,Other,Creator,2026-06
8323,2026-06-22,Paid Social,India,Viewer,2026-06
8324,2026-06-26,Organic,United Kingdom,Viewer,2026-06
8325,2026-05-06,TikTok,United Kingdom,Creator,2026-05
8326,2026-08-23,Organic,Other,Creator,2026-08
8327,2026-08-14,Instagram,United States,Creator,2026-08
8328,2026-03-30,Referral,India,Creator,2026-03
8329,2026-05-24,TikTok,Nigeria,Creator,2026-05
8330,2026-08-14,Organic,United States,Creator,2026-08
8331,2026-08-09,Organic,Canada,Creator,2026-08
8332,2026-05-27,Instagram,Other,Creator,2026-05
8333,2026-05-31,Organic,India,Creator,2026-05
8334,2026-07-30,TikTok,Germany,Viewer,2026-07
8335,2026-01-25,Referral,Other,Viewer,2026-01
8336,2026-01-16,TikTok,Other,Viewer,2026-01
8337,2026-07-01,X,Canada,Creator,2026-07
8338,2026-03-14,Instagram,Canada,Creator,2026-03
8339,2026-05-09,YouTube,India,Creator,2026-05
8340,2026-02-11,Organic,Other,Viewer,2026-02
8341,2026-05-27,Paid Social,United States,Creator,2026-05
8342,2026-08-13,YouTube,India,Creator,2026-08
8343,2026-06-11,Organic,United States,Viewer,2026-06
8344,2026-03-21,Organic,Canada,Viewer,2026-03
8345,2026-08-24,Organic,United States,Creator,2026-08
8346,2026-04-14,Referral,Canada,Creator,2026-04
8347,2026-07-02,X,Nigeria,Creator,2026-07
8348,2026-05-26,TikTok,United States,Viewer,2026-05
8349,2026-02-03,TikTok,India,Creator,2026-02
8350,2026-03-30,Referral,United States,Viewer,2026-03
8351,2026-05-05,Referral,India,Viewer,2026-05
8352,2026-02-14,X,United States,Viewer,2026-02
8353,2026-05-14,Instagram,India,Viewer,2026-05
8354,2026-01-21,Referral,Other,Viewer,2026-01
8355,2026-05-02,Referral,Nigeria,Creator,2026-05
8356,2026-03-11,TikTok,United Kingdom,Creator,2026-03
8357,2026-04-06,Organic,United States,Viewer,2026-04
8358,2026-04-15,Referral,India,Creator,2026-04
8359,2026-02-17,Organic,United Kingdom,Creator,2026-02
8360,2026-08-23,Organic,United Kingdom,Creator,2026-08
8361,2026-02-08,Referral,India,Creator,2026-02
8362,2026-01-31,X,India,Creator,2026-01
8363,2026-08-22,Paid Social,Other,Creator,2026-08
8364,2026-01-10,Instagram,United States,Creator,2026-01
8365,2026-01-30,Paid Social,India,Creator,2026-01
8366,2026-01-18,TikTok,India,Viewer,2026-01
8367,2026-07-07,YouTube,Canada,Creator,2026-07
8368,2026-03-29,TikTok,Canada,Creator,2026-03
8369,2026-05-05,Organic,United States,Creator,2026-05
8370,2026-03-14,TikTok,India,Viewer,2026-03
8371,2026-08-11,Referral,Nigeria,Creator,2026-08
8372,2026-01-15,Organic,United States,Creator,2026-01
8373,2026-01-04,Instagram,United States,Creator,2026-01
8374,2026-07-10,Organic,India,Creator,2026-07
8375,2026-06-17,Organic,India,Creator,2026-06
8376,2026-01-09,X,Canada,Viewer,2026-01
8377,2026-04-19,Paid Social,United Kingdom,Creator,2026-04
8378,2026-05-17,TikTok,Germany,Creator,2026-05
8379,2026-06-03,X,Nigeria,Creator,2026-06
8380,2026-05-12,Paid Social,Other,Creator,2026-05
8381,2026-07-28,YouTube,Other,Creator,2026-07
8382,2026-01-16,YouTube,India,Creator,2026-01
8383,2026-05-23,Organic,United States,Viewer,2026-05
8384,2026-04-09,Instagram,Canada,Creator,2026-04
8385,2026-05-01,TikTok,Canada,Viewer,2026-05
8386,2026-02-21,Instagram,Other,Creator,2026-02
8387,2026-03-10,Referral,United Kingdom,Creator,2026-03
8388,2026-01-05,Instagram,United States,Creator,2026-01
8389,2026-01-20,Organic,United States,Creator,2026-01
8390,2026-03-20,Paid Social,United States,Viewer,2026-03
8391,2026-05-26,Instagram,Germany,Creator,2026-05
8392,2026-04-21,Paid Social,Other,Creator,2026-04
8393,2026-01-02,X,India,Viewer,2026-01
8394,2026-04-03,Organic,Nigeria,Creator,2026-04
8395,2026-01-13,X,Nigeria,Creator,2026-01
8396,2026-01-04,X,United States,Creator,2026-01
8397,2026-06-19,Organic,Germany,Creator,2026-06
8398,2026-04-19,Instagram,Nigeria,Creator,2026-04
8399,2026-03-15,Instagram,United States,Viewer,2026-03
8400,2026-07-08,X,United States,Creator,2026-07
8401,2026-04-05,Organic,United States,Creator,2026-04
8402,2026-04-15,X,United States,Creator,2026-04
8403,2026-01-08,Organic,India,Creator,2026-01
8404,2026-03-08,Instagram,India,Viewer,2026-03
8405,2026-07-10,Organic,United Kingdom,Creator,2026-07
8406,2026-04-20,Organic,United Kingdom,Viewer,2026-04
8407,2026-01-09,TikTok,United Kingdom,Creator,2026-01
8408,2026-08-10,Organic,Canada,Creator,2026-08
8409,2026-04-27,TikTok,Other,Creator,2026-04
8410,2026-01-11,Paid Social,Other,Viewer,2026-01
8411,2026-04-09,Instagram,United States,Creator,2026-04
8412,2026-08-17,X,India,Viewer,2026-08
8413,2026-02-11,Paid Social,United States,Creator,2026-02
8414,2026-05-21,Paid Social,Nigeria,Viewer,2026-05
8415,2026-06-13,Paid Social,Germany,Creator,2026-06
8416,2026-04-30,Organic,United Kingdom,Creator,2026-04
8417,2026-05-21,YouTube,Nigeria,Creator,2026-05
8418,2026-01-12,Referral,United Kingdom,Creator,2026-01
8419,2026-02-06,Referral,Nigeria,Creator,2026-02
8420,2026-03-15,X,Other,Creator,2026-03
8421,2026-03-14,Organic,Germany,Creator,2026-03
8422,2026-02-21,Paid Social,Canada,Creator,2026-02
8423,2026-07-18,Instagram,Nigeria,Creator,2026-07
8424,2026-05-10,TikTok,United States,Creator,2026-05
8425,2026-02-25,TikTok,India,Creator,2026-02
8426,2026-03-01,TikTok,India,Creator,2026-03
8427,2026-01-23,Organic,India,Creator,2026-01
8428,2026-04-13,TikTok,Other,Creator,2026-04
8429,2026-02-09,Paid Social,India,Creator,2026-02
8430,2026-03-05,TikTok,India,Viewer,2026-03
8431,2026-08-19,Instagram,Nigeria,Viewer,2026-08
8432,2026-03-26,Referral,Nigeria,Viewer,2026-03
8433,2026-05-31,Instagram,Other,Creator,2026-05
8434,2026-06-06,TikTok,India,Creator,2026-06
8435,2026-07-25,Instagram,Other,Viewer,2026-07
8436,2026-08-06,Organic,India,Creator,2026-08
8437,2026-06-28,Organic,Other,Creator,2026-06
8438,2026-07-16,YouTube,Nigeria,Creator,2026-07
8439,2026-08-11,Paid Social,United Kingdom,Creator,2026-08
8440,2026-03-30,YouTube,United States,Viewer,2026-03
8441,2026-01-31,Organic,United Kingdom,Viewer,2026-01
8442,2026-06-27,TikTok,United Kingdom,Creator,2026-06
8443,2026-01-20,Organic,India,Creator,2026-01
8444,2026-08-24,Instagram,India,Creator,2026-08
8445,2026-07-02,Organic,Other,Creator,2026-07
8446,2026-07-28,Referral,United States,Creator,2026-07
8447,2026-05-10,Organic,Other,Viewer,2026-05
8448,2026-06-02,Organic,Canada,Viewer,2026-06
8449,2026-01-13,Instagram,United States,Creator,2026-01
8450,2026-05-02,Organic,India,Viewer,2026-05
8451,2026-04-13,Referral,Other,Creator,2026-04
8452,2026-08-08,Paid Social,Nigeria,Viewer,2026-08
8453,2026-04-16,Organic,India,Creator,2026-04
8454,2026-04-29,TikTok,United Kingdom,Viewer,2026-04
8455,2026-03-11,Paid Social,India,Creator,2026-03
8456,2026-07-14,Referral,Other,Viewer,2026-07
8457,2026-07-05,Paid Social,India,Viewer,2026-07
8458,2026-04-09,Organic,India,Creator,2026-04
8459,2026-03-23,Organic,India,Creator,2026-03
8460,2026-03-16,Organic,India,Viewer,2026-03
8461,2026-04-28,TikTok,Nigeria,Creator,2026-04
8462,2026-03-25,YouTube,United Kingdom,Creator,2026-03
8463,2026-07-11,Organic,Canada,Creator,2026-07
8464,2026-03-10,Instagram,United Kingdom,Viewer,2026-03
8465,2026-07-30,Organic,United States,Viewer,2026-07
8466,2026-08-02,Referral,Nigeria,Viewer,2026-08
8467,2026-02-28,Organic,Other,Creator,2026-02
8468,2026-07-07,Organic,United States,Viewer,2026-07
8469,2026-07-30,X,India,Creator,2026-07
8470,2026-05-06,Organic,Nigeria,Viewer,2026-05
8471,2026-04-21,Instagram,United States,Viewer,2026-04
8472,2026-03-03,Instagram,India,Creator,2026-03
8473,2026-05-24,Referral,Canada,Creator,2026-05
8474,2026-05-08,X,Other,Creator,2026-05
8475,2026-08-04,YouTube,Nigeria,Creator,2026-08
8476,2026-04-15,Paid Social,Canada,Viewer,2026-04
8477,2026-03-09,Paid Social,India,Creator,2026-03
8478,2026-01-15,YouTube,Nigeria,Creator,2026-01
8479,2026-08-05,Instagram,United Kingdom,Creator,2026-08
8480,2026-08-24,X,Nigeria,Creator,2026-08
8481,2026-07-02,TikTok,India,Creator,2026-07
8482,2026-02-04,Paid Social,Canada,Creator,2026-02
8483,2026-07-02,YouTube,Germany,Creator,2026-07
8484,2026-01-14,TikTok,United Kingdom,Viewer,2026-01
8485,2026-06-26,Organic,India,Viewer,2026-06
8486,2026-07-30,Organic,India,Viewer,2026-07
8487,2026-04-12,Organic,United States,Creator,2026-04
8488,2026-04-10,Organic,India,Creator,2026-04
8489,2026-01-07,TikTok,Germany,Creator,2026-01
8490,2026-01-30,Organic,United Kingdom,Creator,2026-01
8491,2026-07-30,YouTube,Nigeria,Viewer,2026-07
8492,2026-02-18,Organic,Other,Creator,2026-02
8493,2026-08-05,Organic,India,Creator,2026-08
8494,2026-05-24,Instagram,United Kingdom,Creator,2026-05
8495,2026-04-21,Paid Social,India,Creator,2026-04
8496,2026-08-20,Instagram,India,Creator,2026-08
8497,2026-06-28,TikTok,India,Creator,2026-06
8498,2026-03-13,X,Other,Creator,2026-03
8499,2026-07-29,Organic,United States,Creator,2026-07
8500,2026-08-08,TikTok,India,Creator,2026-08
8501,2026-03-21,Organic,Nigeria,Creator,2026-03
8502,2026-03-24,X,India,Creator,2026-03
8503,2026-02-11,YouTube,India,Viewer,2026-02
8504,2026-01-17,YouTube,Canada,Viewer,2026-01
8505,2026-07-10,Organic,India,Creator,2026-07
8506,2026-06-22,Referral,Other,Creator,2026-06
8507,2026-07-24,Organic,Nigeria,Viewer,2026-07
8508,2026-01-07,Organic,India,Creator,2026-01
8509,2026-06-04,TikTok,India,Creator,2026-06
8510,2026-01-10,X,United Kingdom,Creator,2026-01
8511,2026-02-03,Organic,United States,Creator,2026-02
8512,2026-02-05,YouTube,Nigeria,Creator,2026-02
8513,2026-06-02,Referral,Canada,Creator,2026-06
8514,2026-01-06,TikTok,Canada,Creator,2026-01
8515,2026-06-01,Instagram,United Kingdom,Creator,2026-06
8516,2026-05-26,Organic,Other,Creator,2026-05
8517,2026-08-03,TikTok,India,Viewer,2026-08
8518,2026-05-14,Organic,India,Creator,2026-05
8519,2026-01-29,Paid Social,Canada,Viewer,2026-01
8520,2026-05-06,TikTok,United States,Creator,2026-05
8521,2026-06-02,Referral,Nigeria,Viewer,2026-06
8522,2026-07-02,Organic,Canada,Viewer,2026-07
8523,2026-03-22,Referral,United States,Creator,2026-03
8524,2026-06-23,Referral,India,Creator,2026-06
8525,2026-06-01,YouTube,United Kingdom,Viewer,2026-06
8526,2026-03-16,Paid Social,Germany,Creator,2026-03
8527,2026-01-26,Organic,India,Viewer,2026-01
8528,2026-05-07,Instagram,Nigeria,Creator,2026-05
8529,2026-04-25,X,United States,Creator,2026-04
8530,2026-05-06,X,India,Creator,2026-05
8531,2026-08-14,Referral,India,Creator,2026-08
8532,2026-01-28,Organic,India,Creator,2026-01
8533,2026-05-11,Organic,Canada,Creator,2026-05
8534,2026-03-16,Organic,Nigeria,Viewer,2026-03
8535,2026-06-15,Paid Social,Other,Viewer,2026-06
8536,2026-07-08,Paid Social,India,Creator,2026-07
8537,2026-03-19,X,Other,Viewer,2026-03
8538,2026-06-28,Instagram,Nigeria,Creator,2026-06
8539,2026-03-31,X,India,Creator,2026-03
8540,2026-06-25,X,India,Creator,2026-06
8541,2026-01-21,Organic,United Kingdom,Viewer,2026-01
8542,2026-02-23,YouTube,Germany,Creator,2026-02
8543,2026-07-03,Instagram,Canada,Creator,2026-07
8544,2026-04-13,Instagram,United Kingdom,Creator,2026-04
8545,2026-08-10,Organic,India,Creator,2026-08
8546,2026-02-28,Referral,India,Creator,2026-02
8547,2026-03-13,Referral,India,Creator,2026-03
8548,2026-06-28,X,India,Creator,2026-06
8549,2026-01-20,Referral,Canada,Creator,2026-01
8550,2026-04-22,Instagram,Other,Creator,2026-04
8551,2026-08-12,X,India,Creator,2026-08
8552,2026-08-02,TikTok,Canada,Creator,2026-08
8553,2026-02-28,Referral,India,Creator,2026-02
8554,2026-03-12,Instagram,India,Creator,2026-03
8555,2026-05-17,YouTube,India,Viewer,2026-05
8556,2026-04-19,X,India,Creator,2026-04
8557,2026-05-09,YouTube,India,Creator,2026-05
8558,2026-06-06,Referral,United States,Creator,2026-06
8559,2026-07-10,Instagram,United States,Viewer,2026-07
8560,2026-07-19,Referral,United States,Viewer,2026-07
8561,2026-02-25,Instagram,Nigeria,Creator,2026-02
8562,2026-07-15,Paid Social,United States,Creator,2026-07
8563,2026-02-04,Referral,Other,Viewer,2026-02
8564,2026-05-03,Organic,Germany,Creator,2026-05
8565,2026-05-11,Referral,Other,Viewer,2026-05
8566,2026-04-14,X,Nigeria,Creator,2026-04
8567,2026-01-07,Paid Social,United Kingdom,Creator,2026-01
8568,2026-01-27,YouTube,India,Creator,2026-01
8569,2026-01-01,Organic,Canada,Creator,2026-01
8570,2026-08-07,TikTok,India,Viewer,2026-08
8571,2026-07-27,Instagram,India,Creator,2026-07
8572,2026-08-18,Referral,India,Creator,2026-08
8573,2026-07-18,YouTube,United States,Creator,2026-07
8574,2026-06-21,TikTok,United States,Viewer,2026-06
8575,2026-03-28,YouTube,Other,Creator,2026-03
8576,2026-02-10,X,India,Creator,2026-02
8577,2026-05-03,Organic,Other,Creator,2026-05
8578,2026-03-16,Organic,United States,Viewer,2026-03
8579,2026-02-11,TikTok,Canada,Creator,2026-02
8580,2026-04-27,Organic,United Kingdom,Creator,2026-04
8581,2026-06-10,Organic,Nigeria,Creator,2026-06
8582,2026-06-27,Organic,United States,Creator,2026-06
8583,2026-03-04,Referral,United Kingdom,Creator,2026-03
8584,2026-08-16,TikTok,United States,Viewer,2026-08
8585,2026-06-14,TikTok,Nigeria,Viewer,2026-06
8586,2026-08-21,Organic,Nigeria,Viewer,2026-08
8587,2026-07-06,Instagram,India,Creator,2026-07
8588,2026-05-07,Instagram,United States,Creator,2026-05
8589,2026-07-28,Organic,India,Creator,2026-07
8590,2026-08-15,X,Germany,Creator,2026-08
8591,2026-06-25,YouTube,Canada,Viewer,2026-06
8592,2026-05-13,TikTok,India,Viewer,2026-05
8593,2026-02-17,X,United States,Viewer,2026-02
8594,2026-08-12,Instagram,United States,Creator,2026-08
8595,2026-01-03,Organic,United States,Creator,2026-01
8596,2026-04-26,Referral,Canada,Creator,2026-04
8597,2026-06-24,Referral,Canada,Viewer,2026-06
8598,2026-07-09,YouTube,Canada,Creator,2026-07
8599,2026-04-09,TikTok,Other,Creator,2026-04
8600,2026-04-26,Paid Social,Nigeria,Creator,2026-04
8601,2026-01-14,Instagram,United Kingdom,Viewer,2026-01
8602,2026-07-10,Organic,Canada,Creator,2026-07
8603,2026-04-22,TikTok,United Kingdom,Creator,2026-04
8604,2026-03-02,YouTube,Other,Viewer,2026-03
8605,2026-06-08,Referral,Canada,Creator,2026-06
8606,2026-04-05,TikTok,India,Creator,2026-04
8607,2026-01-17,Organic,Other,Creator,2026-01
8608,2026-05-04,X,United Kingdom,Creator,2026-05
8609,2026-01-24,Paid Social,India,Creator,2026-01
8610,2026-04-26,Organic,Canada,Creator,2026-04
8611,2026-05-31,Referral,United States,Creator,2026-05
8612,2026-03-23,Instagram,Germany,Creator,2026-03
8613,2026-02-19,Referral,Other,Creator,2026-02
8614,2026-07-25,Instagram,India,Creator,2026-07
8615,2026-03-20,TikTok,Germany,Viewer,2026-03
8616,2026-03-20,YouTube,Canada,Viewer,2026-03
8617,2026-03-11,Paid Social,United Kingdom,Creator,2026-03
8618,2026-01-27,TikTok,United States,Viewer,2026-01
8619,2026-01-15,Instagram,India,Creator,2026-01
8620,2026-02-19,Organic,Nigeria,Viewer,2026-02
8621,2026-02-05,Organic,India,Creator,2026-02
8622,2026-01-08,Referral,Nigeria,Creator,2026-01
8623,2026-03-20,Organic,Germany,Viewer,2026-03
8624,2026-05-11,Referral,Other,Creator,2026-05
8625,2026-07-09,TikTok,India,Creator,2026-07
8626,2026-02-16,Paid Social,India,Creator,2026-02
8627,2026-07-24,Organic,Germany,Viewer,2026-07
8628,2026-04-15,Organic,United States,Creator,2026-04
8629,2026-04-08,Organic,Other,Creator,2026-04
8630,2026-08-04,Referral,Canada,Creator,2026-08
8631,2026-08-20,Instagram,Canada,Viewer,2026-08
8632,2026-04-06,Organic,India,Creator,2026-04
8633,2026-07-08,Referral,India,Creator,2026-07
8634,2026-06-09,Referral,United States,Creator,2026-06
8635,2026-08-10,Referral,India,Creator,2026-08
8636,2026-04-26,Organic,United Kingdom,Creator,2026-04
8637,2026-01-13,TikTok,United States,Viewer,2026-01
8638,2026-01-01,Referral,Nigeria,Creator,2026-01
8639,2026-02-03,Instagram,Germany,Creator,2026-02
8640,2026-07-09,Organic,United States,Creator,2026-07
8641,2026-03-20,Organic,Nigeria,Viewer,2026-03
8642,2026-08-24,Paid Social,Germany,Creator,2026-08
8643,2026-03-19,Organic,United States,Creator,2026-03
8644,2026-05-01,YouTube,India,Creator,2026-05
8645,2026-04-03,Instagram,Nigeria,Creator,2026-04
8646,2026-04-08,Referral,Nigeria,Viewer,2026-04
8647,2026-03-23,YouTube,Nigeria,Viewer,2026-03
8648,2026-07-18,Instagram,India,Creator,2026-07
8649,2026-08-09,TikTok,India,Viewer,2026-08
8650,2026-06-08,Referral,United States,Creator,2026-06
8651,2026-07-11,TikTok,India,Creator,2026-07
8652,2026-06-02,Referral,United Kingdom,Viewer,2026-06
8653,2026-02-07,YouTube,United Kingdom,Creator,2026-02
8654,2026-01-14,X,United Kingdom,Creator,2026-01
8655,2026-05-16,TikTok,India,Viewer,2026-05
8656,2026-04-01,Organic,India,Creator,2026-04
8657,2026-02-23,YouTube,Canada,Viewer,2026-02
8658,2026-05-10,Organic,United Kingdom,Creator,2026-05
8659,2026-07-28,Paid Social,Other,Creator,2026-07
8660,2026-04-11,Paid Social,United States,Creator,2026-04
8661,2026-07-25,Organic,Nigeria,Creator,2026-07
8662,2026-03-30,Organic,Canada,Viewer,2026-03
8663,2026-02-25,TikTok,Other,Creator,2026-02
8664,2026-04-04,Paid Social,Other,Viewer,2026-04
8665,2026-04-03,TikTok,Other,Creator,2026-04
8666,2026-03-25,TikTok,Other,Viewer,2026-03
8667,2026-03-26,YouTube,United Kingdom,Viewer,2026-03
8668,2026-07-08,Organic,India,Creator,2026-07
8669,2026-01-22,TikTok,United Kingdom,Viewer,2026-01
8670,2026-02-04,TikTok,India,Creator,2026-02
8671,2026-08-17,X,India,Creator,2026-08
8672,2026-01-16,Organic,United Kingdom,Creator,2026-01
8673,2026-02-19,Instagram,Canada,Creator,2026-02
8674,2026-05-02,Referral,United Kingdom,Creator,2026-05
8675,2026-05-08,Instagram,United States,Viewer,2026-05
8676,2026-04-23,YouTube,Nigeria,Viewer,2026-04
8677,2026-06-20,Organic,Other,Creator,2026-06
8678,2026-01-17,Instagram,Canada,Viewer,2026-01
8679,2026-03-21,Organic,Nigeria,Creator,2026-03
8680,2026-07-05,X,Nigeria,Creator,2026-07
8681,2026-05-10,TikTok,Other,Creator,2026-05
8682,2026-05-12,TikTok,United States,Creator,2026-05
8683,2026-03-26,Organic,India,Creator,2026-03
8684,2026-06-16,TikTok,United States,Creator,2026-06
8685,2026-08-14,Instagram,United States,Creator,2026-08
8686,2026-04-04,X,India,Viewer,2026-04
8687,2026-05-14,Organic,Nigeria,Creator,2026-05
8688,2026-03-22,YouTube,United States,Creator,2026-03
8689,2026-08-19,Instagram,India,Creator,2026-08
8690,2026-08-05,Instagram,India,Creator,2026-08
8691,2026-03-10,Referral,Other,Creator,2026-03
8692,2026-03-10,TikTok,United Kingdom,Creator,2026-03
8693,2026-05-28,Organic,United States,Viewer,2026-05
8694,2026-07-11,X,United States,Creator,2026-07
8695,2026-01-16,Paid Social,Nigeria,Creator,2026-01
8696,2026-02-20,Instagram,United Kingdom,Creator,2026-02
8697,2026-04-15,Referral,Nigeria,Creator,2026-04
8698,2026-06-14,Referral,Other,Viewer,2026-06
8699,2026-08-20,Instagram,United Kingdom,Viewer,2026-08
8700,2026-07-20,YouTube,Other,Creator,2026-07
8701,2026-07-16,TikTok,India,Viewer,2026-07
8702,2026-06-19,Instagram,Other,Viewer,2026-06
8703,2026-07-04,Instagram,Canada,Creator,2026-07
8704,2026-03-07,YouTube,India,Creator,2026-03
8705,2026-01-09,TikTok,India,Viewer,2026-01
8706,2026-04-17,Organic,Nigeria,Viewer,2026-04
8707,2026-04-10,Referral,India,Creator,2026-04
8708,2026-03-27,YouTube,Canada,Creator,2026-03
8709,2026-03-05,Paid Social,Canada,Creator,2026-03
8710,2026-08-02,TikTok,United States,Creator,2026-08
8711,2026-01-22,Organic,India,Viewer,2026-01
8712,2026-06-11,Organic,Other,Creator,2026-06
8713,2026-07-02,Referral,India,Creator,2026-07
8714,2026-06-06,Organic,India,Creator,2026-06
8715,2026-06-15,Paid Social,United States,Creator,2026-06
8716,2026-04-20,TikTok,Other,Creator,2026-04
8717,2026-04-07,Paid Social,Canada,Creator,2026-04
8718,2026-01-18,Referral,Nigeria,Viewer,2026-01
8719,2026-03-12,Referral,United States,Viewer,2026-03
8720,2026-07-12,Organic,United States,Viewer,2026-07
8721,2026-05-07,X,India,Creator,2026-05
8722,2026-04-07,Organic,United Kingdom,Viewer,2026-04
8723,2026-01-01,Organic,India,Viewer,2026-01
8724,2026-08-04,TikTok,Nigeria,Viewer,2026-08
8725,2026-05-12,Referral,Nigeria,Viewer,2026-05
8726,2026-01-04,Organic,India,Viewer,2026-01
8727,2026-05-05,Paid Social,Other,Creator,2026-05
8728,2026-03-23,Organic,United States,Viewer,2026-03
8729,2026-01-27,TikTok,India,Creator,2026-01
8730,2026-06-20,Organic,Germany,Creator,2026-06
8731,2026-02-28,Referral,India,Creator,2026-02
8732,2026-02-01,Organic,India,Creator,2026-02
8733,2026-06-10,Paid Social,Nigeria,Creator,2026-06
8734,2026-01-28,Instagram,India,Creator,2026-01
8735,2026-04-16,Paid Social,Other,Creator,2026-04
8736,2026-04-15,TikTok,India,Viewer,2026-04
8737,2026-07-02,Instagram,India,Viewer,2026-07
8738,2026-08-16,YouTube,Germany,Viewer,2026-08
8739,2026-07-07,Referral,India,Creator,2026-07
8740,2026-03-11,TikTok,Other,Creator,2026-03
8741,2026-03-03,Paid Social,United States,Creator,2026-03
8742,2026-07-27,Organic,India,Creator,2026-07
8743,2026-02-03,YouTube,India,Creator,2026-02
8744,2026-03-28,TikTok,United States,Viewer,2026-03
8745,2026-04-24,Organic,United States,Viewer,2026-04
8746,2026-04-16,TikTok,India,Viewer,2026-04
8747,2026-08-04,Paid Social,Nigeria,Creator,2026-08
8748,2026-02-25,Paid Social,United States,Creator,2026-02
8749,2026-04-23,TikTok,United States,Viewer,2026-04
8750,2026-01-13,Paid Social,India,Creator,2026-01
8751,2026-07-03,Instagram,Nigeria,Creator,2026-07
8752,2026-01-18,YouTube,India,Creator,2026-01
8753,2026-07-01,Organic,India,Creator,2026-07
8754,2026-07-24,X,Other,Creator,2026-07
8755,2026-04-23,Organic,United States,Creator,2026-04
8756,2026-08-17,Organic,India,Viewer,2026-08
8757,2026-06-20,X,India,Viewer,2026-06
8758,2026-02-08,Referral,United States,Viewer,2026-02
8759,2026-07-08,X,Canada,Viewer,2026-07
8760,2026-06-19,Paid Social,India,Viewer,2026-06
8761,2026-07-28,Referral,United States,Viewer,2026-07
8762,2026-03-20,Organic,United States,Creator,2026-03
8763,2026-05-26,TikTok,Other,Creator,2026-05
8764,2026-05-31,YouTube,India,Viewer,2026-05
8765,2026-07-01,Paid Social,United Kingdom,Creator,2026-07
8766,2026-01-30,Paid Social,India,Creator,2026-01
8767,2026-04-08,Referral,Nigeria,Creator,2026-04
8768,2026-02-27,X,Nigeria,Viewer,2026-02
8769,2026-07-15,Referral,India,Viewer,2026-07
8770,2026-03-08,Organic,United States,Creator,2026-03
8771,2026-03-12,TikTok,United States,Viewer,2026-03
8772,2026-05-26,YouTube,United States,Creator,2026-05
8773,2026-04-16,Referral,India,Creator,2026-04
8774,2026-01-07,Paid Social,India,Creator,2026-01
8775,2026-02-09,TikTok,India,Viewer,2026-02
8776,2026-03-11,Referral,India,Creator,2026-03
8777,2026-08-02,Referral,Nigeria,Creator,2026-08
8778,2026-07-12,X,United States,Creator,2026-07
8779,2026-03-09,TikTok,India,Creator,2026-03
8780,2026-02-18,X,United Kingdom,Creator,2026-02
8781,2026-02-21,X,Nigeria,Creator,2026-02
8782,2026-04-24,X,Other,Creator,2026-04
8783,2026-04-17,X,Germany,Creator,2026-04
8784,2026-01-29,Referral,Canada,Viewer,2026-01
8785,2026-05-29,Organic,India,Creator,2026-05
8786,2026-08-06,TikTok,United Kingdom,Viewer,2026-08
8787,2026-03-19,X,United Kingdom,Viewer,2026-03
8788,2026-01-09,TikTok,Canada,Creator,2026-01
8789,2026-06-24,Paid Social,India,Creator,2026-06
8790,2026-03-17,Organic,United Kingdom,Creator,2026-03
8791,2026-02-11,Instagram,United Kingdom,Viewer,2026-02
8792,2026-06-28,Referral,United States,Creator,2026-06
8793,2026-07-03,Organic,United Kingdom,Creator,2026-07
8794,2026-06-28,Referral,India,Viewer,2026-06
8795,2026-07-17,X,United Kingdom,Viewer,2026-07
8796,2026-05-08,Organic,United Kingdom,Creator,2026-05
8797,2026-01-20,Paid Social,India,Viewer,2026-01
8798,2026-08-04,Organic,Germany,Creator,2026-08
8799,2026-06-04,Instagram,Other,Creator,2026-06
8800,2026-06-15,Organic,India,Creator,2026-06
8801,2026-03-13,Organic,India,Creator,2026-03
8802,2026-03-06,Paid Social,United Kingdom,Creator,2026-03
8803,2026-07-01,Referral,United States,Creator,2026-07
8804,2026-04-23,Organic,United States,Creator,2026-04
8805,2026-01-24,X,Canada,Viewer,2026-01
8806,2026-05-08,Referral,Other,Creator,2026-05
8807,2026-06-24,Paid Social,United States,Viewer,2026-06
8808,2026-07-18,Instagram,India,Creator,2026-07
8809,2026-03-24,Paid Social,Nigeria,Creator,2026-03
8810,2026-08-02,Instagram,United Kingdom,Creator,2026-08
8811,2026-03-04,YouTube,Germany,Creator,2026-03
8812,2026-07-04,Paid Social,India,Creator,2026-07
8813,2026-07-02,Organic,Nigeria,Creator,2026-07
8814,2026-03-01,Organic,United States,Creator,2026-03
8815,2026-04-09,TikTok,United Kingdom,Creator,2026-04
8816,2026-03-03,Organic,India,Creator,2026-03
8817,2026-01-30,TikTok,Other,Creator,2026-01
8818,2026-08-09,Referral,Nigeria,Creator,2026-08
8819,2026-01-22,Instagram,Other,Creator,2026-01
8820,2026-07-22,TikTok,United States,Creator,2026-07
8821,2026-07-31,TikTok,United Kingdom,Creator,2026-07
8822,2026-05-06,Organic,Other,Viewer,2026-05
8823,2026-06-06,Instagram,Other,Viewer,2026-06
8824,2026-06-18,X,Other,Creator,2026-06
8825,2026-02-11,Organic,India,Viewer,2026-02
8826,2026-04-08,Paid Social,United States,Viewer,2026-04
8827,2026-07-12,Instagram,India,Creator,2026-07
8828,2026-01-31,Paid Social,United States,Creator,2026-01
8829,2026-06-07,Organic,India,Creator,2026-06
8830,2026-04-22,Referral,United Kingdom,Viewer,2026-04
8831,2026-05-26,X,Canada,Creator,2026-05
8832,2026-05-02,Referral,Nigeria,Creator,2026-05
8833,2026-01-17,X,Canada,Viewer,2026-01
8834,2026-02-07,Paid Social,India,Creator,2026-02
8835,2026-05-22,X,Germany,Viewer,2026-05
8836,2026-08-03,Referral,India,Viewer,2026-08
8837,2026-08-05,Referral,United States,Viewer,2026-08
8838,2026-07-26,YouTube,United States,Creator,2026-07
8839,2026-04-20,Instagram,Other,Creator,2026-04
8840,2026-07-03,Organic,Other,Viewer,2026-07
8841,2026-01-22,Referral,India,Creator,2026-01
8842,2026-07-14,Instagram,India,Creator,2026-07
8843,2026-02-25,X,United Kingdom,Creator,2026-02
8844,2026-04-29,Organic,Nigeria,Viewer,2026-04
8845,2026-05-27,Instagram,Nigeria,Viewer,2026-05
8846,2026-02-26,YouTube,India,Viewer,2026-02
8847,2026-06-21,X,Canada,Viewer,2026-06
8848,2026-08-14,Instagram,India,Creator,2026-08
8849,2026-02-04,Organic,United States,Creator,2026-02
8850,2026-04-24,TikTok,India,Creator,2026-04
8851,2026-05-05,YouTube,Other,Creator,2026-05
8852,2026-05-09,Organic,India,Viewer,2026-05
8853,2026-02-21,X,Canada,Creator,2026-02
8854,2026-03-26,X,India,Creator,2026-03
8855,2026-08-09,Paid Social,United States,Creator,2026-08
8856,2026-07-17,Organic,Other,Viewer,2026-07
8857,2026-06-14,Organic,India,Creator,2026-06
8858,2026-03-06,Instagram,Other,Viewer,2026-03
8859,2026-06-28,Instagram,Other,Creator,2026-06
8860,2026-05-09,Organic,United Kingdom,Creator,2026-05
8861,2026-08-07,Referral,India,Creator,2026-08
8862,2026-01-21,Instagram,Germany,Viewer,2026-01
8863,2026-06-30,TikTok,Other,Viewer,2026-06
8864,2026-01-16,TikTok,Other,Viewer,2026-01
8865,2026-08-24,Referral,Germany,Viewer,2026-08
8866,2026-05-03,Organic,United States,Creator,2026-05
8867,2026-03-02,Organic,United Kingdom,Creator,2026-03
8868,2026-02-23,Organic,Nigeria,Viewer,2026-02
8869,2026-06-17,X,United States,Creator,2026-06
8870,2026-01-26,Referral,United Kingdom,Creator,2026-01
8871,2026-03-21,TikTok,Canada,Viewer,2026-03
8872,2026-08-08,Organic,United Kingdom,Creator,2026-08
8873,2026-03-06,Organic,Germany,Creator,2026-03
8874,2026-04-10,X,India,Creator,2026-04
8875,2026-03-15,Organic,United States,Viewer,2026-03
8876,2026-07-11,Referral,United States,Viewer,2026-07
8877,2026-06-20,Organic,India,Creator,2026-06
8878,2026-01-17,Organic,United States,Viewer,2026-01
8879,2026-05-01,Organic,Other,Creator,2026-05
8880,2026-07-06,Referral,Nigeria,Viewer,2026-07
8881,2026-01-23,YouTube,United States,Creator,2026-01
8882,2026-05-15,Paid Social,United States,Viewer,2026-05
8883,2026-06-21,TikTok,United Kingdom,Viewer,2026-06
8884,2026-06-30,Organic,United States,Creator,2026-06
8885,2026-03-12,X,Nigeria,Viewer,2026-03
8886,2026-04-18,Instagram,India,Creator,2026-04
8887,2026-03-20,X,United States,Viewer,2026-03
8888,2026-06-11,TikTok,United Kingdom,Creator,2026-06
8889,2026-02-15,Organic,Nigeria,Viewer,2026-02
8890,2026-07-15,Organic,India,Creator,2026-07
8891,2026-07-25,YouTube,Other,Creator,2026-07
8892,2026-03-19,Instagram,India,Viewer,2026-03
8893,2026-01-16,Referral,India,Viewer,2026-01
8894,2026-03-12,TikTok,United Kingdom,Viewer,2026-03
8895,2026-04-06,Referral,United Kingdom,Viewer,2026-04
8896,2026-05-27,TikTok,India,Creator,2026-05
8897,2026-01-02,Organic,United Kingdom,Viewer,2026-01
8898,2026-01-10,Paid Social,India,Viewer,2026-01
8899,2026-06-27,Instagram,Other,Creator,2026-06
8900,2026-05-05,X,United Kingdom,Viewer,2026-05
8901,2026-03-22,YouTube,India,Viewer,2026-03
8902,2026-08-17,TikTok,India,Viewer,2026-08
8903,2026-05-20,Referral,Nigeria,Creator,2026-05
8904,2026-03-11,Referral,United Kingdom,Viewer,2026-03
8905,2026-05-30,TikTok,Germany,Viewer,2026-05
8906,2026-02-01,YouTube,Other,Creator,2026-02
8907,2026-04-15,Referral,United States,Viewer,2026-04
8908,2026-03-25,Organic,Germany,Creator,2026-03
8909,2026-05-09,TikTok,Nigeria,Creator,2026-05
8910,2026-07-01,Organic,United States,Creator,2026-07
8911,2026-02-27,X,United Kingdom,Creator,2026-02
8912,2026-07-17,Referral,India,Creator,2026-07
8913,2026-07-30,X,India,Creator,2026-07
8914,2026-05-26,Organic,Germany,Creator,2026-05
8915,2026-05-14,Instagram,Nigeria,Creator,2026-05
8916,2026-02-14,Referral,Other,Creator,2026-02
8917,2026-04-07,TikTok,India,Viewer,2026-04
8918,2026-01-23,Referral,United States,Viewer,2026-01
8919,2026-01-23,Referral,United States,Creator,2026-01
8920,2026-06-03,Organic,United States,Viewer,2026-06
8921,2026-07-24,Organic,Other,Viewer,2026-07
8922,2026-05-15,Instagram,United States,Viewer,2026-05
8923,2026-03-20,YouTube,Nigeria,Creator,2026-03
8924,2026-02-13,Paid Social,Nigeria,Creator,2026-02
8925,2026-01-27,YouTube,Canada,Viewer,2026-01
8926,2026-01-26,TikTok,Nigeria,Creator,2026-01
8927,2026-04-07,Organic,United Kingdom,Creator,2026-04
8928,2026-07-26,Referral,Canada,Creator,2026-07
8929,2026-02-05,Organic,India,Creator,2026-02
8930,2026-04-19,YouTube,Other,Creator,2026-04
8931,2026-02-24,Organic,Germany,Creator,2026-02
8932,2026-07-11,Organic,United States,Creator,2026-07
8933,2026-08-07,Organic,Canada,Creator,2026-08
8934,2026-07-04,TikTok,Canada,Creator,2026-07
8935,2026-03-10,YouTube,Germany,Creator,2026-03
8936,2026-03-02,Organic,India,Creator,2026-03
8937,2026-05-10,Paid Social,United Kingdom,Creator,2026-05
8938,2026-02-24,X,India,Creator,2026-02
8939,2026-05-02,Instagram,India,Viewer,2026-05
8940,2026-04-07,Instagram,Canada,Viewer,2026-04
8941,2026-03-21,X,Germany,Creator,2026-03
8942,2026-03-28,Organic,Nigeria,Creator,2026-03
8943,2026-02-07,Paid Social,Nigeria,Creator,2026-02
8944,2026-04-29,X,Canada,Creator,2026-04
8945,2026-07-27,Organic,Other,Viewer,2026-07
8946,2026-03-19,X,United States,Creator,2026-03
8947,2026-06-06,Instagram,India,Creator,2026-06
8948,2026-06-03,Organic,Germany,Creator,2026-06
8949,2026-02-04,Paid Social,United States,Viewer,2026-02
8950,2026-03-20,Organic,India,Viewer,2026-03
8951,2026-03-08,X,United Kingdom,Creator,2026-03
8952,2026-03-28,Paid Social,Nigeria,Viewer,2026-03
8953,2026-06-06,Organic,United States,Creator,2026-06
8954,2026-02-03,Organic,Germany,Viewer,2026-02
8955,2026-04-07,Organic,India,Creator,2026-04
8956,2026-06-18,Organic,India,Creator,2026-06
8957,2026-06-18,Organic,United States,Viewer,2026-06
8958,2026-05-31,Referral,India,Viewer,2026-05
8959,2026-03-12,Referral,Nigeria,Creator,2026-03
8960,2026-01-03,YouTube,United States,Creator,2026-01
8961,2026-02-27,TikTok,Germany,Viewer,2026-02
8962,2026-02-01,Referral,Canada,Viewer,2026-02
8963,2026-01-31,Instagram,United States,Viewer,2026-01
8964,2026-03-23,TikTok,India,Creator,2026-03
8965,2026-02-12,Instagram,United States,Viewer,2026-02
8966,2026-05-15,Organic,United Kingdom,Creator,2026-05
8967,2026-04-15,Paid Social,India,Creator,2026-04
8968,2026-01-01,X,Canada,Creator,2026-01
8969,2026-03-02,Referral,United States,Creator,2026-03
8970,2026-01-14,YouTube,Other,Creator,2026-01
8971,2026-06-29,YouTube,Nigeria,Creator,2026-06
8972,2026-08-12,Organic,Germany,Creator,2026-08
8973,2026-01-06,Instagram,United Kingdom,Creator,2026-01
8974,2026-04-13,Referral,Nigeria,Viewer,2026-04
8975,2026-01-10,Organic,United Kingdom,Creator,2026-01
8976,2026-03-12,Paid Social,Germany,Creator,2026-03
8977,2026-03-31,TikTok,United Kingdom,Creator,2026-03
8978,2026-08-14,TikTok,Canada,Viewer,2026-08
8979,2026-06-07,Instagram,India,Creator,2026-06
8980,2026-08-16,Referral,India,Viewer,2026-08
8981,2026-05-29,Instagram,India,Creator,2026-05
8982,2026-05-06,YouTube,Canada,Creator,2026-05
8983,2026-07-07,Instagram,India,Viewer,2026-07
8984,2026-07-28,YouTube,Canada,Viewer,2026-07
8985,2026-04-07,Organic,United States,Creator,2026-04
8986,2026-03-15,Organic,India,Creator,2026-03
8987,2026-04-25,Organic,United States,Viewer,2026-04
8988,2026-07-10,TikTok,United States,Viewer,2026-07
8989,2026-06-19,Organic,Nigeria,Creator,2026-06
8990,2026-02-20,X,United States,Creator,2026-02
8991,2026-07-11,Instagram,United States,Viewer,2026-07
8992,2026-07-23,Organic,Other,Creator,2026-07
8993,2026-02-25,Organic,United States,Creator,2026-02
8994,2026-07-27,Organic,United States,Creator,2026-07
8995,2026-02-10,TikTok,Germany,Creator,2026-02
8996,2026-02-01,Organic,India,Viewer,2026-02
8997,2026-01-15,Instagram,United States,Viewer,2026-01
8998,2026-03-03,TikTok,United States,Creator,2026-03
8999,2026-06-04,X,Nigeria,Creator,2026-06
9000,2026-01-28,YouTube,India,Viewer,2026-01
9001,2026-07-28,Organic,India,Creator,2026-07
9002,2026-03-05,Organic,United States,Creator,2026-03
9003,2026-07-06,Organic,India,Creator,2026-07
9004,2026-07-05,Organic,India,Creator,2026-07
9005,2026-05-10,Organic,India,Creator,2026-05
9006,2026-05-07,Referral,Nigeria,Viewer,2026-05
9007,2026-02-05,Organic,India,Viewer,2026-02
9008,2026-04-24,Paid Social,United Kingdom,Creator,2026-04
9009,2026-07-18,Organic,Germany,Creator,2026-07
9010,2026-01-13,Referral,United Kingdom,Creator,2026-01
9011,2026-01-15,YouTube,Germany,Creator,2026-01
9012,2026-03-30,TikTok,United Kingdom,Viewer,2026-03
9013,2026-08-03,TikTok,Nigeria,Creator,2026-08
9014,2026-07-07,X,India,Creator,2026-07
9015,2026-01-22,Referral,India,Creator,2026-01
9016,2026-07-10,TikTok,United States,Creator,2026-07
9017,2026-08-06,Organic,India,Viewer,2026-08
9018,2026-08-13,TikTok,Other,Creator,2026-08
9019,2026-07-22,Organic,Other,Creator,2026-07
9020,2026-03-15,Paid Social,India,Creator,2026-03
9021,2026-01-25,YouTube,Nigeria,Viewer,2026-01
9022,2026-04-11,Organic,United States,Viewer,2026-04
9023,2026-06-25,TikTok,United Kingdom,Viewer,2026-06
9024,2026-06-20,Organic,United Kingdom,Creator,2026-06
9025,2026-04-27,Referral,India,Creator,2026-04
9026,2026-06-15,Paid Social,United Kingdom,Creator,2026-06
9027,2026-02-10,Organic,United Kingdom,Creator,2026-02
9028,2026-06-22,Instagram,Nigeria,Creator,2026-06
9029,2026-03-29,Paid Social,United States,Viewer,2026-03
9030,2026-06-17,Organic,Other,Viewer,2026-06
9031,2026-04-20,TikTok,Germany,Viewer,2026-04
9032,2026-04-30,TikTok,Nigeria,Creator,2026-04
9033,2026-04-07,Organic,India,Creator,2026-04
9034,2026-05-25,Organic,United States,Creator,2026-05
9035,2026-08-04,Paid Social,United Kingdom,Viewer,2026-08
9036,2026-08-17,X,India,Viewer,2026-08
9037,2026-02-26,TikTok,United States,Viewer,2026-02
9038,2026-05-10,TikTok,India,Creator,2026-05
9039,2026-04-06,YouTube,United States,Viewer,2026-04
9040,2026-05-01,TikTok,India,Creator,2026-05
9041,2026-03-03,Organic,India,Creator,2026-03
9042,2026-08-04,Organic,United States,Viewer,2026-08
9043,2026-05-17,YouTube,Other,Creator,2026-05
9044,2026-03-09,Organic,Nigeria,Creator,2026-03
9045,2026-03-22,Organic,United States,Viewer,2026-03
9046,2026-01-17,TikTok,Canada,Viewer,2026-01
9047,2026-04-27,Organic,India,Creator,2026-04
9048,2026-02-19,Paid Social,India,Viewer,2026-02
9049,2026-04-22,X,India,Creator,2026-04
9050,2026-04-04,Organic,Canada,Creator,2026-04
9051,2026-06-17,Organic,United Kingdom,Viewer,2026-06
9052,2026-07-05,X,India,Creator,2026-07
9053,2026-07-22,TikTok,United Kingdom,Viewer,2026-07
9054,2026-03-26,Referral,Other,Creator,2026-03
9055,2026-05-29,Instagram,India,Creator,2026-05
9056,2026-05-26,Instagram,United Kingdom,Creator,2026-05
9057,2026-07-02,Paid Social,United States,Viewer,2026-07
9058,2026-06-06,TikTok,Nigeria,Viewer,2026-06
9059,2026-06-01,TikTok,Nigeria,Creator,2026-06
9060,2026-03-15,YouTube,Canada,Creator,2026-03
9061,2026-04-19,Referral,Nigeria,Creator,2026-04
9062,2026-05-25,X,Nigeria,Creator,2026-05
9063,2026-01-18,YouTube,United States,Creator,2026-01
9064,2026-02-11,TikTok,India,Creator,2026-02
9065,2026-07-31,Instagram,United Kingdom,Creator,2026-07
9066,2026-04-11,Organic,India,Viewer,2026-04
9067,2026-02-14,YouTube,United States,Creator,2026-02
9068,2026-03-23,Organic,India,Viewer,2026-03
9069,2026-01-17,Organic,United States,Creator,2026-01
9070,2026-03-14,Paid Social,United States,Creator,2026-03
9071,2026-01-14,TikTok,United Kingdom,Creator,2026-01
9072,2026-06-26,Organic,India,Creator,2026-06
9073,2026-06-06,Organic,Nigeria,Creator,2026-06
9074,2026-08-11,TikTok,United States,Creator,2026-08
9075,2026-05-12,Instagram,Germany,Creator,2026-05
9076,2026-03-23,Organic,United States,Viewer,2026-03
9077,2026-05-28,Organic,Other,Creator,2026-05
9078,2026-04-30,TikTok,India,Viewer,2026-04
9079,2026-04-30,TikTok,United Kingdom,Creator,2026-04
9080,2026-02-16,Organic,India,Viewer,2026-02
9081,2026-04-17,TikTok,United Kingdom,Viewer,2026-04
9082,2026-04-18,TikTok,India,Viewer,2026-04
9083,2026-01-09,Organic,United States,Creator,2026-01
9084,2026-07-24,Paid Social,United States,Creator,2026-07
9085,2026-03-20,Paid Social,Germany,Creator,2026-03
9086,2026-06-04,Organic,India,Creator,2026-06
9087,2026-01-15,Organic,United Kingdom,Creator,2026-01
9088,2026-08-08,Instagram,Other,Creator,2026-08
9089,2026-08-17,YouTube,India,Viewer,2026-08
9090,2026-01-19,Paid Social,Other,Creator,2026-01
9091,2026-03-31,TikTok,India,Creator,2026-03
9092,2026-06-29,X,Germany,Creator,2026-06
9093,2026-01-26,Referral,Other,Creator,2026-01
9094,2026-08-05,Instagram,Other,Creator,2026-08
9095,2026-06-03,Organic,United States,Creator,2026-06
9096,2026-06-03,TikTok,Other,Viewer,2026-06
9097,2026-06-23,Organic,India,Viewer,2026-06
9098,2026-04-02,Organic,United States,Creator,2026-04
9099,2026-06-26,Referral,United States,Viewer,2026-06
9100,2026-03-23,Organic,United States,Viewer,2026-03
9101,2026-08-12,Organic,United Kingdom,Creator,2026-08
9102,2026-06-30,Referral,India,Creator,2026-06
9103,2026-05-11,Instagram,Other,Viewer,2026-05
9104,2026-07-13,Organic,United Kingdom,Creator,2026-07
9105,2026-08-13,Organic,Other,Viewer,2026-08
9106,2026-02-11,Organic,Germany,Creator,2026-02
9107,2026-01-19,Organic,Canada,Creator,2026-01
9108,2026-01-17,Referral,India,Creator,2026-01
9109,2026-08-24,Organic,Nigeria,Viewer,2026-08
9110,2026-06-10,X,United States,Creator,2026-06
9111,2026-03-17,Organic,India,Viewer,2026-03
9112,2026-06-26,Paid Social,United States,Creator,2026-06
9113,2026-07-03,X,United Kingdom,Viewer,2026-07
9114,2026-03-04,Paid Social,India,Creator,2026-03
9115,2026-05-11,TikTok,United States,Viewer,2026-05
9116,2026-04-17,Referral,United States,Viewer,2026-04
9117,2026-02-18,Referral,India,Creator,2026-02
9118,2026-02-24,YouTube,United Kingdom,Creator,2026-02
9119,2026-06-03,Organic,United Kingdom,Creator,2026-06
9120,2026-04-09,Organic,Other,Creator,2026-04
9121,2026-07-19,Organic,United States,Creator,2026-07
9122,2026-02-21,Organic,United States,Viewer,2026-02
9123,2026-04-10,YouTube,United States,Creator,2026-04
9124,2026-04-27,X,Other,Creator,2026-04
9125,2026-04-28,Instagram,United States,Creator,2026-04
9126,2026-01-07,Organic,United States,Creator,2026-01
9127,2026-02-15,Organic,India,Creator,2026-02
9128,2026-02-15,Organic,India,Creator,2026-02
9129,2026-04-10,TikTok,India,Viewer,2026-04
9130,2026-05-24,Referral,United Kingdom,Creator,2026-05
9131,2026-06-01,Organic,United Kingdom,Creator,2026-06
9132,2026-07-08,YouTube,United States,Creator,2026-07
9133,2026-02-23,Instagram,United States,Creator,2026-02
9134,2026-03-03,Paid Social,United States,Creator,2026-03
9135,2026-05-09,Organic,Canada,Viewer,2026-05
9136,2026-02-18,Instagram,Germany,Creator,2026-02
9137,2026-01-25,Organic,Other,Creator,2026-01
9138,2026-01-10,TikTok,India,Creator,2026-01
9139,2026-04-28,Instagram,United Kingdom,Creator,2026-04
9140,2026-07-27,Referral,Other,Creator,2026-07
9141,2026-05-24,Organic,United Kingdom,Creator,2026-05
9142,2026-07-05,Organic,United States,Creator,2026-07
9143,2026-07-19,YouTube,United Kingdom,Creator,2026-07
9144,2026-06-06,TikTok,United Kingdom,Viewer,2026-06
9145,2026-08-19,Instagram,United States,Creator,2026-08
9146,2026-04-02,Referral,India,Creator,2026-04
9147,2026-05-14,Instagram,United Kingdom,Viewer,2026-05
9148,2026-05-24,YouTube,Germany,Creator,2026-05
9149,2026-05-28,YouTube,Other,Creator,2026-05
9150,2026-03-21,Referral,India,Viewer,2026-03
9151,2026-03-12,YouTube,United Kingdom,Viewer,2026-03
9152,2026-08-21,Organic,India,Creator,2026-08
9153,2026-03-19,TikTok,Other,Creator,2026-03
9154,2026-02-12,Paid Social,India,Creator,2026-02
9155,2026-06-03,Organic,United States,Creator,2026-06
9156,2026-03-31,X,India,Viewer,2026-03
9157,2026-03-19,Referral,United Kingdom,Viewer,2026-03
9158,2026-07-18,X,United States,Creator,2026-07
9159,2026-06-10,TikTok,Canada,Creator,2026-06
9160,2026-01-26,Organic,Nigeria,Viewer,2026-01
9161,2026-05-01,TikTok,United States,Creator,2026-05
9162,2026-02-14,Organic,United States,Viewer,2026-02
9163,2026-07-31,Paid Social,India,Creator,2026-07
9164,2026-03-04,YouTube,India,Creator,2026-03
9165,2026-07-14,Referral,United Kingdom,Creator,2026-07
9166,2026-06-29,Instagram,Nigeria,Creator,2026-06
9167,2026-03-09,Organic,India,Creator,2026-03
9168,2026-06-03,Organic,Nigeria,Viewer,2026-06
9169,2026-07-22,Organic,India,Creator,2026-07
9170,2026-01-02,Instagram,Nigeria,Creator,2026-01
9171,2026-05-22,Instagram,Other,Creator,2026-05
9172,2026-04-18,Instagram,United States,Creator,2026-04
9173,2026-01-30,Instagram,Canada,Creator,2026-01
9174,2026-02-18,Paid Social,Canada,Viewer,2026-02
9175,2026-05-20,TikTok,United States,Creator,2026-05
9176,2026-08-06,X,Nigeria,Viewer,2026-08
9177,2026-02-13,Organic,United States,Creator,2026-02
9178,2026-06-10,Instagram,United States,Creator,2026-06
9179,2026-01-13,Organic,Canada,Creator,2026-01
9180,2026-03-19,X,United Kingdom,Viewer,2026-03
9181,2026-08-04,Organic,Other,Creator,2026-08
9182,2026-05-06,Organic,United Kingdom,Viewer,2026-05
9183,2026-04-08,Referral,United States,Creator,2026-04
9184,2026-08-24,Organic,United Kingdom,Viewer,2026-08
9185,2026-01-26,TikTok,United Kingdom,Creator,2026-01
9186,2026-05-29,Instagram,United Kingdom,Creator,2026-05
9187,2026-06-05,Instagram,Germany,Creator,2026-06
9188,2026-02-17,YouTube,Other,Creator,2026-02
9189,2026-08-16,X,India,Creator,2026-08
9190,2026-06-17,TikTok,United States,Creator,2026-06
9191,2026-03-07,Organic,United Kingdom,Creator,2026-03
9192,2026-08-22,Referral,Nigeria,Creator,2026-08
9193,2026-07-20,TikTok,United Kingdom,Creator,2026-07
9194,2026-03-28,Paid Social,United States,Viewer,2026-03
9195,2026-03-20,TikTok,United States,Creator,2026-03
9196,2026-07-24,YouTube,India,Viewer,2026-07
9197,2026-01-23,Paid Social,United Kingdom,Viewer,2026-01
9198,2026-03-22,YouTube,India,Creator,2026-03
9199,2026-02-17,TikTok,United Kingdom,Creator,2026-02
9200,2026-05-04,X,Other,Creator,2026-05
9201,2026-05-10,Instagram,India,Creator,2026-05
9202,2026-03-25,X,India,Creator,2026-03
9203,2026-01-20,Organic,India,Viewer,2026-01
9204,2026-07-06,YouTube,United States,Viewer,2026-07
9205,2026-02-15,Organic,India,Viewer,2026-02
9206,2026-05-11,Organic,Nigeria,Creator,2026-05
9207,2026-07-02,X,Nigeria,Viewer,2026-07
9208,2026-01-12,Organic,United States,Creator,2026-01
9209,2026-02-09,Referral,Canada,Viewer,2026-02
9210,2026-03-07,Referral,Other,Creator,2026-03
9211,2026-04-10,Paid Social,India,Creator,2026-04
9212,2026-03-19,YouTube,Germany,Creator,2026-03
9213,2026-01-16,Instagram,India,Creator,2026-01
9214,2026-03-24,TikTok,India,Creator,2026-03
9215,2026-06-11,Instagram,Nigeria,Viewer,2026-06
9216,2026-02-13,Organic,United States,Creator,2026-02
9217,2026-05-14,TikTok,India,Creator,2026-05
9218,2026-07-24,YouTube,United States,Creator,2026-07
9219,2026-07-11,Organic,Other,Creator,2026-07
9220,2026-04-10,Organic,India,Creator,2026-04
9221,2026-01-22,Referral,Canada,Viewer,2026-01
9222,2026-01-18,Organic,Canada,Creator,2026-01
9223,2026-01-12,Organic,India,Viewer,2026-01
9224,2026-06-29,Organic,United States,Creator,2026-06
9225,2026-05-03,YouTube,India,Viewer,2026-05
9226,2026-08-10,X,India,Creator,2026-08
9227,2026-04-27,YouTube,India,Viewer,2026-04
9228,2026-02-20,Organic,India,Viewer,2026-02
9229,2026-08-20,YouTube,India,Creator,2026-08
9230,2026-03-12,X,India,Creator,2026-03
9231,2026-08-12,TikTok,Nigeria,Creator,2026-08
9232,2026-02-17,Instagram,United States,Viewer,2026-02
9233,2026-01-19,X,Other,Creator,2026-01
9234,2026-01-06,Instagram,India,Creator,2026-01
9235,2026-03-25,YouTube,United Kingdom,Creator,2026-03
9236,2026-06-04,Organic,Other,Viewer,2026-06
9237,2026-02-22,Instagram,India,Creator,2026-02
9238,2026-04-17,Instagram,Nigeria,Viewer,2026-04
9239,2026-04-11,Instagram,United States,Creator,2026-04
9240,2026-02-17,Instagram,Other,Viewer,2026-02
9241,2026-05-15,Paid Social,United Kingdom,Creator,2026-05
9242,2026-07-06,Referral,United States,Creator,2026-07
9243,2026-03-10,X,United Kingdom,Viewer,2026-03
9244,2026-01-11,YouTube,Nigeria,Creator,2026-01
9245,2026-05-23,Organic,United States,Creator,2026-05
9246,2026-07-11,Referral,Canada,Viewer,2026-07
9247,2026-05-11,Instagram,United Kingdom,Creator,2026-05
9248,2026-05-02,TikTok,India,Creator,2026-05
9249,2026-03-10,Organic,Other,Creator,2026-03
9250,2026-01-23,Organic,United States,Creator,2026-01
9251,2026-06-30,Organic,United Kingdom,Creator,2026-06
9252,2026-02-06,Organic,United States,Creator,2026-02
9253,2026-01-09,Organic,Other,Creator,2026-01
9254,2026-01-15,Referral,United Kingdom,Creator,2026-01
9255,2026-05-11,Organic,Nigeria,Creator,2026-05
9256,2026-04-03,TikTok,Other,Viewer,2026-04
9257,2026-07-17,Referral,United States,Creator,2026-07
9258,2026-01-17,Organic,India,Creator,2026-01
9259,2026-06-03,Referral,Nigeria,Creator,2026-06
9260,2026-05-29,YouTube,United States,Creator,2026-05
9261,2026-03-13,TikTok,United States,Viewer,2026-03
9262,2026-05-29,Organic,United Kingdom,Creator,2026-05
9263,2026-05-01,Organic,United Kingdom,Creator,2026-05
9264,2026-01-11,TikTok,United States,Creator,2026-01
9265,2026-06-15,Organic,Other,Viewer,2026-06
9266,2026-03-13,Organic,United Kingdom,Creator,2026-03
9267,2026-04-16,Organic,Other,Creator,2026-04
9268,2026-08-04,X,Other,Viewer,2026-08
9269,2026-05-05,Organic,India,Creator,2026-05
9270,2026-02-04,Referral,United Kingdom,Creator,2026-02
9271,2026-04-29,Organic,United States,Creator,2026-04
9272,2026-01-14,Referral,Germany,Viewer,2026-01
9273,2026-01-14,Organic,Canada,Creator,2026-01
9274,2026-01-10,YouTube,India,Creator,2026-01
9275,2026-05-20,TikTok,Other,Viewer,2026-05
9276,2026-02-07,X,United Kingdom,Creator,2026-02
9277,2026-04-18,Organic,Other,Creator,2026-04
9278,2026-04-29,Instagram,India,Viewer,2026-04
9279,2026-02-03,Organic,Other,Viewer,2026-02
9280,2026-06-18,Instagram,United Kingdom,Viewer,2026-06
9281,2026-01-10,Organic,Nigeria,Viewer,2026-01
9282,2026-05-02,Instagram,Germany,Viewer,2026-05
9283,2026-05-25,Organic,United Kingdom,Creator,2026-05
9284,2026-05-25,Organic,United Kingdom,Creator,2026-05
9285,2026-07-14,X,India,Creator,2026-07
9286,2026-07-09,Paid Social,Germany,Creator,2026-07
9287,2026-08-11,Instagram,United Kingdom,Creator,2026-08
9288,2026-04-25,YouTube,Germany,Creator,2026-04
9289,2026-01-01,Instagram,United States,Viewer,2026-01
9290,2026-01-12,Instagram,United States,Creator,2026-01
9291,2026-04-13,Organic,India,Creator,2026-04
9292,2026-01-04,Organic,Canada,Viewer,2026-01
9293,2026-06-19,Paid Social,United States,Viewer,2026-06
9294,2026-05-21,TikTok,United States,Creator,2026-05
9295,2026-04-08,X,United Kingdom,Creator,2026-04
9296,2026-04-16,Instagram,India,Viewer,2026-04
9297,2026-03-26,TikTok,Other,Creator,2026-03
9298,2026-08-02,TikTok,Nigeria,Viewer,2026-08
9299,2026-05-01,X,Other,Creator,2026-05
9300,2026-05-12,Organic,India,Viewer,2026-05
9301,2026-03-23,TikTok,United States,Creator,2026-03
9302,2026-07-16,Instagram,United States,Viewer,2026-07
9303,2026-01-19,Paid Social,Canada,Creator,2026-01
9304,2026-05-10,TikTok,India,Creator,2026-05
9305,2026-01-12,YouTube,United States,Creator,2026-01
9306,2026-03-22,Organic,Other,Creator,2026-03
9307,2026-03-15,Organic,India,Creator,2026-03
9308,2026-04-08,Referral,Canada,Viewer,2026-04
9309,2026-01-06,Referral,United Kingdom,Creator,2026-01
9310,2026-05-16,TikTok,India,Creator,2026-05
9311,2026-05-05,Instagram,United Kingdom,Creator,2026-05
9312,2026-02-20,Organic,Nigeria,Creator,2026-02
9313,2026-01-11,YouTube,United States,Viewer,2026-01
9314,2026-07-10,Organic,United States,Creator,2026-07
9315,2026-07-04,Referral,Germany,Creator,2026-07
9316,2026-05-07,Instagram,India,Creator,2026-05
9317,2026-05-20,Organic,Nigeria,Creator,2026-05
9318,2026-03-14,Referral,United Kingdom,Creator,2026-03
9319,2026-01-02,Paid Social,India,Viewer,2026-01
9320,2026-01-08,Organic,Other,Creator,2026-01
9321,2026-05-19,Referral,India,Viewer,2026-05
9322,2026-05-04,Referral,United States,Creator,2026-05
9323,2026-02-22,Referral,United Kingdom,Creator,2026-02
9324,2026-08-16,Paid Social,India,Creator,2026-08
9325,2026-01-10,Instagram,United Kingdom,Creator,2026-01
9326,2026-08-01,YouTube,Other,Viewer,2026-08
9327,2026-07-31,Referral,India,Creator,2026-07
9328,2026-04-22,Instagram,United States,Creator,2026-04
9329,2026-01-08,Instagram,India,Creator,2026-01
9330,2026-02-05,TikTok,Germany,Viewer,2026-02
9331,2026-08-09,Referral,India,Creator,2026-08
9332,2026-04-16,YouTube,United States,Creator,2026-04
9333,2026-07-23,Instagram,United Kingdom,Creator,2026-07
9334,2026-01-14,TikTok,United States,Creator,2026-01
9335,2026-07-01,Organic,India,Creator,2026-07
9336,2026-08-01,Organic,Other,Creator,2026-08
9337,2026-03-27,Instagram,United States,Creator,2026-03
9338,2026-05-29,TikTok,United States,Creator,2026-05
9339,2026-08-24,Referral,India,Viewer,2026-08
9340,2026-02-19,Instagram,Other,Viewer,2026-02
9341,2026-08-10,Paid Social,United States,Creator,2026-08
9342,2026-06-16,Organic,India,Creator,2026-06
9343,2026-01-20,Paid Social,United States,Creator,2026-01
9344,2026-08-04,TikTok,Other,Creator,2026-08
9345,2026-03-28,YouTube,India,Creator,2026-03
9346,2026-05-15,Instagram,India,Creator,2026-05
9347,2026-05-17,TikTok,Nigeria,Creator,2026-05
9348,2026-05-09,Organic,United States,Creator,2026-05
9349,2026-06-03,Organic,Canada,Creator,2026-06
9350,2026-06-15,YouTube,Canada,Viewer,2026-06
9351,2026-02-07,TikTok,India,Creator,2026-02
9352,2026-07-08,Paid Social,Nigeria,Creator,2026-07
9353,2026-02-13,TikTok,India,Creator,2026-02
9354,2026-03-27,Paid Social,United States,Creator,2026-03
9355,2026-02-13,Organic,United Kingdom,Viewer,2026-02
9356,2026-03-15,Organic,United States,Creator,2026-03
9357,2026-04-29,TikTok,India,Creator,2026-04
9358,2026-07-09,Paid Social,India,Viewer,2026-07
9359,2026-05-02,Instagram,Germany,Viewer,2026-05
9360,2026-05-14,Organic,Other,Creator,2026-05
9361,2026-05-25,Organic,United States,Creator,2026-05
9362,2026-02-20,TikTok,India,Creator,2026-02
9363,2026-02-07,X,Other,Creator,2026-02
9364,2026-06-01,TikTok,Nigeria,Creator,2026-06
9365,2026-02-20,Referral,United States,Creator,2026-02
9366,2026-01-10,X,Canada,Creator,2026-01
9367,2026-04-30,Referral,India,Creator,2026-04
9368,2026-07-19,Instagram,Nigeria,Creator,2026-07
9369,2026-05-29,TikTok,Other,Viewer,2026-05
9370,2026-03-11,Paid Social,India,Creator,2026-03
9371,2026-03-26,TikTok,United Kingdom,Creator,2026-03
9372,2026-02-26,TikTok,Nigeria,Creator,2026-02
9373,2026-05-06,Referral,Other,Viewer,2026-05
9374,2026-02-08,Organic,India,Creator,2026-02
9375,2026-08-04,TikTok,Germany,Creator,2026-08
9376,2026-02-02,Organic,United States,Viewer,2026-02
9377,2026-07-06,Organic,United States,Creator,2026-07
9378,2026-01-18,Organic,India,Viewer,2026-01
9379,2026-07-03,Organic,Other,Creator,2026-07
9380,2026-08-08,TikTok,India,Creator,2026-08
9381,2026-02-26,Referral,Germany,Creator,2026-02
9382,2026-04-06,X,United States,Viewer,2026-04
9383,2026-07-23,YouTube,Germany,Creator,2026-07
9384,2026-02-17,Instagram,India,Creator,2026-02
9385,2026-02-11,Referral,India,Viewer,2026-02
9386,2026-01-27,Paid Social,Nigeria,Creator,2026-01
9387,2026-03-15,Referral,Nigeria,Creator,2026-03
9388,2026-04-20,Referral,United States,Creator,2026-04
9389,2026-06-29,Organic,United Kingdom,Creator,2026-06
9390,2026-06-19,X,India,Viewer,2026-06
9391,2026-02-01,X,United Kingdom,Viewer,2026-02
9392,2026-08-22,Instagram,India,Creator,2026-08
9393,2026-01-26,Instagram,India,Creator,2026-01
9394,2026-01-25,Organic,Other,Viewer,2026-01
9395,2026-03-16,Organic,United States,Creator,2026-03
9396,2026-01-23,Paid Social,Canada,Creator,2026-01
9397,2026-08-14,YouTube,India,Creator,2026-08
9398,2026-02-26,Organic,India,Viewer,2026-02
9399,2026-06-29,Organic,Nigeria,Creator,2026-06
9400,2026-08-20,X,United States,Viewer,2026-08
9401,2026-05-06,TikTok,India,Creator,2026-05
9402,2026-03-28,Instagram,India,Creator,2026-03
9403,2026-08-09,Organic,India,Creator,2026-08
9404,2026-01-31,Organic,United States,Creator,2026-01
9405,2026-03-05,TikTok,Other,Viewer,2026-03
9406,2026-07-18,YouTube,United States,Creator,2026-07
9407,2026-08-20,Organic,United Kingdom,Creator,2026-08
9408,2026-02-02,TikTok,India,Viewer,2026-02
9409,2026-08-01,YouTube,Germany,Viewer,2026-08
9410,2026-01-02,Referral,India,Viewer,2026-01
9411,2026-01-18,Organic,United States,Creator,2026-01
9412,2026-06-24,Referral,India,Creator,2026-06
9413,2026-06-10,Paid Social,United States,Creator,2026-06
9414,2026-08-17,Paid Social,Germany,Viewer,2026-08
9415,2026-08-14,Referral,United States,Creator,2026-08
9416,2026-03-25,YouTube,Other,Creator,2026-03
9417,2026-02-04,Organic,Other,Creator,2026-02
9418,2026-06-28,YouTube,India,Creator,2026-06
9419,2026-04-24,YouTube,United States,Creator,2026-04
9420,2026-05-26,TikTok,Other,Creator,2026-05
9421,2026-04-20,Instagram,India,Creator,2026-04
9422,2026-03-29,YouTube,Canada,Creator,2026-03
9423,2026-03-13,Paid Social,Other,Creator,2026-03
9424,2026-05-05,TikTok,Canada,Creator,2026-05
9425,2026-01-30,Organic,Canada,Creator,2026-01
9426,2026-06-21,X,Germany,Creator,2026-06
9427,2026-02-22,Organic,United Kingdom,Viewer,2026-02
9428,2026-05-18,X,United States,Creator,2026-05
9429,2026-03-28,Organic,India,Creator,2026-03
9430,2026-06-29,Instagram,Canada,Viewer,2026-06
9431,2026-06-26,X,Other,Creator,2026-06
9432,2026-05-19,Organic,Nigeria,Creator,2026-05
9433,2026-07-13,Organic,Nigeria,Creator,2026-07
9434,2026-07-05,TikTok,United States,Creator,2026-07
9435,2026-08-06,TikTok,Germany,Creator,2026-08
9436,2026-06-13,YouTube,India,Viewer,2026-06
9437,2026-06-10,Instagram,United Kingdom,Creator,2026-06
9438,2026-06-24,TikTok,Other,Creator,2026-06
9439,2026-01-13,Instagram,India,Creator,2026-01
9440,2026-02-09,Organic,Other,Creator,2026-02
9441,2026-03-30,Referral,Other,Viewer,2026-03
9442,2026-03-09,Organic,Other,Viewer,2026-03
9443,2026-02-11,Referral,United States,Viewer,2026-02
9444,2026-05-27,Instagram,United States,Creator,2026-05
9445,2026-07-29,Instagram,United Kingdom,Creator,2026-07
9446,2026-08-17,YouTube,United States,Creator,2026-08
9447,2026-04-04,Referral,India,Viewer,2026-04
9448,2026-01-19,Paid Social,Other,Creator,2026-01
9449,2026-07-05,Instagram,United Kingdom,Viewer,2026-07
9450,2026-01-23,Organic,India,Viewer,2026-01
9451,2026-02-23,Referral,India,Creator,2026-02
9452,2026-07-27,Organic,Canada,Creator,2026-07
9453,2026-03-06,Referral,Germany,Viewer,2026-03
9454,2026-05-20,YouTube,United States,Viewer,2026-05
9455,2026-01-24,Paid Social,India,Creator,2026-01
9456,2026-02-03,Paid Social,United Kingdom,Creator,2026-02
9457,2026-02-22,Organic,United States,Creator,2026-02
9458,2026-05-16,X,India,Creator,2026-05
9459,2026-01-18,Organic,Nigeria,Viewer,2026-01
9460,2026-02-26,Organic,Nigeria,Viewer,2026-02
9461,2026-04-22,Instagram,Nigeria,Creator,2026-04
9462,2026-01-05,Organic,Germany,Viewer,2026-01
9463,2026-06-03,YouTube,Nigeria,Creator,2026-06
9464,2026-06-07,Paid Social,Other,Creator,2026-06
9465,2026-07-01,X,Germany,Creator,2026-07
9466,2026-01-13,Organic,United Kingdom,Viewer,2026-01
9467,2026-03-24,Referral,India,Creator,2026-03
9468,2026-01-29,Referral,Other,Creator,2026-01
9469,2026-01-03,Referral,Other,Viewer,2026-01
9470,2026-03-31,X,United States,Viewer,2026-03
9471,2026-04-14,Referral,Nigeria,Creator,2026-04
9472,2026-05-03,Organic,United States,Creator,2026-05
9473,2026-07-05,Paid Social,India,Viewer,2026-07
9474,2026-03-17,Paid Social,United States,Viewer,2026-03
9475,2026-05-10,Referral,India,Viewer,2026-05
9476,2026-07-22,Organic,India,Creator,2026-07
9477,2026-04-18,Referral,Nigeria,Creator,2026-04
9478,2026-06-05,Instagram,Other,Creator,2026-06
9479,2026-03-23,X,Germany,Creator,2026-03
9480,2026-03-18,Referral,Other,Viewer,2026-03
9481,2026-08-17,Organic,Nigeria,Creator,2026-08
9482,2026-08-02,TikTok,Nigeria,Creator,2026-08
9483,2026-07-23,Referral,Germany,Creator,2026-07
9484,2026-01-02,Referral,United Kingdom,Creator,2026-01
9485,2026-05-07,Referral,India,Creator,2026-05
9486,2026-08-17,Organic,United States,Viewer,2026-08
9487,2026-05-15,YouTube,Other,Creator,2026-05
9488,2026-01-26,Organic,India,Creator,2026-01
9489,2026-08-06,Referral,India,Viewer,2026-08
9490,2026-03-29,Organic,United States,Creator,2026-03
9491,2026-07-23,Referral,Other,Creator,2026-07
9492,2026-01-16,Instagram,India,Creator,2026-01
9493,2026-05-31,Paid Social,United Kingdom,Viewer,2026-05
9494,2026-06-17,X,India,Creator,2026-06
9495,2026-07-07,YouTube,Nigeria,Creator,2026-07
9496,2026-03-14,TikTok,Nigeria,Creator,2026-03
9497,2026-02-01,Referral,India,Creator,2026-02
9498,2026-01-15,Instagram,Other,Viewer,2026-01
9499,2026-08-17,Organic,Germany,Creator,2026-08
9500,2026-05-21,X,United States,Viewer,2026-05
9501,2026-01-05,Referral,India,Creator,2026-01
9502,2026-07-22,Organic,United States,Creator,2026-07
9503,2026-03-15,Organic,Other,Viewer,2026-03
9504,2026-02-21,X,India,Creator,2026-02
9505,2026-03-18,Referral,United States,Creator,2026-03
9506,2026-06-18,Organic,Nigeria,Creator,2026-06
9507,2026-06-30,Paid Social,India,Creator,2026-06
9508,2026-04-20,Paid Social,India,Creator,2026-04
9509,2026-06-27,Organic,Nigeria,Creator,2026-06
9510,2026-05-23,Organic,United States,Creator,2026-05
9511,2026-04-16,YouTube,Other,Creator,2026-04
9512,2026-05-07,Paid Social,Other,Viewer,2026-05
9513,2026-01-07,YouTube,United States,Creator,2026-01
9514,2026-02-09,Instagram,Nigeria,Creator,2026-02
9515,2026-06-05,Organic,United Kingdom,Creator,2026-06
9516,2026-06-09,Instagram,United Kingdom,Creator,2026-06
9517,2026-04-09,X,India,Creator,2026-04
9518,2026-05-23,TikTok,India,Creator,2026-05
9519,2026-08-16,Instagram,Other,Viewer,2026-08
9520,2026-03-26,Organic,India,Creator,2026-03
9521,2026-07-17,Instagram,Nigeria,Creator,2026-07
9522,2026-03-06,Organic,United Kingdom,Creator,2026-03
9523,2026-05-12,Organic,India,Viewer,2026-05
9524,2026-01-11,Referral,Canada,Creator,2026-01
9525,2026-04-18,Organic,Other,Viewer,2026-04
9526,2026-01-26,X,United States,Creator,2026-01
9527,2026-07-08,Organic,Other,Creator,2026-07
9528,2026-06-14,Organic,India,Creator,2026-06
9529,2026-05-31,TikTok,Germany,Viewer,2026-05
9530,2026-08-09,Organic,United Kingdom,Viewer,2026-08
9531,2026-03-26,Organic,Nigeria,Creator,2026-03
9532,2026-08-07,Referral,India,Creator,2026-08
9533,2026-08-19,Organic,United States,Creator,2026-08
9534,2026-06-17,Organic,Other,Creator,2026-06
9535,2026-07-24,Referral,United States,Creator,2026-07
9536,2026-05-31,TikTok,Nigeria,Creator,2026-05
9537,2026-05-03,YouTube,Other,Viewer,2026-05
9538,2026-05-24,Organic,United States,Creator,2026-05
9539,2026-08-10,Organic,United States,Creator,2026-08
9540,2026-07-08,X,Other,Creator,2026-07
9541,2026-03-09,Paid Social,Other,Viewer,2026-03
9542,2026-04-14,Organic,United States,Creator,2026-04
9543,2026-03-21,TikTok,Nigeria,Creator,2026-03
9544,2026-06-08,Organic,Other,Viewer,2026-06
9545,2026-02-22,Organic,India,Viewer,2026-02
9546,2026-04-16,Paid Social,India,Viewer,2026-04
9547,2026-06-02,Organic,Nigeria,Viewer,2026-06
9548,2026-02-13,Referral,United States,Creator,2026-02
9549,2026-05-20,Organic,Nigeria,Creator,2026-05
9550,2026-03-31,Referral,Canada,Viewer,2026-03
9551,2026-04-11,Instagram,India,Viewer,2026-04
9552,2026-04-07,Referral,Other,Creator,2026-04
9553,2026-08-08,Organic,India,Creator,2026-08
9554,2026-01-09,Referral,United States,Creator,2026-01
9555,2026-01-12,YouTube,United States,Viewer,2026-01
9556,2026-03-10,Instagram,Germany,Creator,2026-03
9557,2026-07-01,Referral,India,Viewer,2026-07
9558,2026-07-01,YouTube,India,Creator,2026-07
9559,2026-01-28,Referral,Other,Creator,2026-01
9560,2026-02-25,TikTok,Other,Viewer,2026-02
9561,2026-04-09,X,India,Viewer,2026-04
9562,2026-07-16,Referral,India,Creator,2026-07
9563,2026-08-14,Organic,United Kingdom,Creator,2026-08
9564,2026-04-20,Instagram,United Kingdom,Creator,2026-04
9565,2026-08-14,Paid Social,Other,Creator,2026-08
9566,2026-03-18,Instagram,United States,Creator,2026-03
9567,2026-04-13,Organic,India,Viewer,2026-04
9568,2026-04-16,TikTok,United Kingdom,Creator,2026-04
9569,2026-04-19,Paid Social,Nigeria,Creator,2026-04
9570,2026-04-22,Paid Social,United Kingdom,Creator,2026-04
9571,2026-02-27,Paid Social,Other,Viewer,2026-02
9572,2026-03-19,YouTube,Nigeria,Creator,2026-03
9573,2026-03-16,Instagram,India,Creator,2026-03
9574,2026-02-11,Organic,Nigeria,Viewer,2026-02
9575,2026-06-15,Organic,United States,Creator,2026-06
9576,2026-03-09,Organic,United States,Viewer,2026-03
9577,2026-06-30,Organic,Other,Viewer,2026-06
9578,2026-02-02,Referral,Nigeria,Creator,2026-02
9579,2026-03-12,Referral,India,Creator,2026-03
9580,2026-02-25,X,United States,Viewer,2026-02
9581,2026-04-15,Paid Social,India,Viewer,2026-04
9582,2026-07-19,Paid Social,India,Creator,2026-07
9583,2026-04-11,YouTube,United Kingdom,Viewer,2026-04
9584,2026-02-20,Instagram,United Kingdom,Creator,2026-02
9585,2026-03-15,Organic,Nigeria,Creator,2026-03
9586,2026-06-20,Instagram,United States,Creator,2026-06
9587,2026-05-01,Organic,United States,Creator,2026-05
9588,2026-05-23,TikTok,India,Creator,2026-05
9589,2026-06-15,Paid Social,United States,Viewer,2026-06
9590,2026-05-23,TikTok,Germany,Creator,2026-05
9591,2026-01-05,Organic,Canada,Viewer,2026-01
9592,2026-08-09,X,Other,Creator,2026-08
9593,2026-03-24,X,United Kingdom,Viewer,2026-03
9594,2026-07-01,Organic,Nigeria,Creator,2026-07
9595,2026-02-20,Organic,United States,Creator,2026-02
9596,2026-01-10,Paid Social,India,Creator,2026-01
9597,2026-05-20,Organic,United Kingdom,Creator,2026-05
9598,2026-01-04,Referral,Nigeria,Viewer,2026-01
9599,2026-04-05,Instagram,Canada,Creator,2026-04
9600,2026-05-26,Instagram,United States,Creator,2026-05
9601,2026-03-21,TikTok,Other,Creator,2026-03
9602,2026-08-20,Referral,United States,Creator,2026-08
9603,2026-02-05,Paid Social,United States,Creator,2026-02
9604,2026-01-25,Organic,Other,Creator,2026-01
9605,2026-08-03,Organic,United States,Creator,2026-08
9606,2026-07-23,Organic,Other,Viewer,2026-07
9607,2026-04-08,Referral,India,Creator,2026-04
9608,2026-06-13,Instagram,United Kingdom,Creator,2026-06
9609,2026-04-11,Organic,India,Creator,2026-04
9610,2026-07-14,TikTok,India,Creator,2026-07
9611,2026-01-09,Instagram,United Kingdom,Creator,2026-01
9612,2026-03-02,Referral,United States,Viewer,2026-03
9613,2026-02-22,YouTube,India,Creator,2026-02
9614,2026-05-26,Organic,Germany,Creator,2026-05
9615,2026-06-20,Organic,Other,Creator,2026-06
9616,2026-06-12,TikTok,India,Creator,2026-06
9617,2026-03-04,Organic,United States,Viewer,2026-03
9618,2026-05-01,Referral,United Kingdom,Viewer,2026-05
9619,2026-08-14,TikTok,Germany,Viewer,2026-08
9620,2026-04-15,TikTok,Other,Viewer,2026-04
9621,2026-07-25,Instagram,India,Creator,2026-07
9622,2026-01-04,YouTube,Nigeria,Creator,2026-01
9623,2026-04-03,X,India,Creator,2026-04
9624,2026-06-18,Referral,United States,Creator,2026-06
9625,2026-06-22,X,India,Creator,2026-06
9626,2026-06-27,Referral,India,Creator,2026-06
9627,2026-07-26,YouTube,Nigeria,Viewer,2026-07
9628,2026-01-28,Organic,India,Viewer,2026-01
9629,2026-06-19,Organic,Other,Creator,2026-06
9630,2026-03-21,Paid Social,United Kingdom,Creator,2026-03
9631,2026-03-17,Paid Social,India,Creator,2026-03
9632,2026-04-26,YouTube,Other,Creator,2026-04
9633,2026-03-10,YouTube,Other,Creator,2026-03
9634,2026-04-08,Organic,Nigeria,Creator,2026-04
9635,2026-08-22,Instagram,United States,Creator,2026-08
9636,2026-01-01,Paid Social,India,Creator,2026-01
9637,2026-06-16,Referral,India,Creator,2026-06
9638,2026-04-06,TikTok,Nigeria,Creator,2026-04
9639,2026-08-06,TikTok,India,Creator,2026-08
9640,2026-01-17,Instagram,Nigeria,Creator,2026-01
9641,2026-04-22,TikTok,India,Viewer,2026-04
9642,2026-04-01,TikTok,United States,Creator,2026-04
9643,2026-03-29,X,United States,Creator,2026-03
9644,2026-06-12,Organic,United States,Viewer,2026-06
9645,2026-06-23,Referral,United States,Creator,2026-06
9646,2026-06-19,Referral,United States,Creator,2026-06
9647,2026-06-16,Referral,Germany,Viewer,2026-06
9648,2026-03-31,Referral,United Kingdom,Viewer,2026-03
9649,2026-02-18,X,United States,Creator,2026-02
9650,2026-07-09,Referral,Other,Viewer,2026-07
9651,2026-02-07,Instagram,Canada,Viewer,2026-02
9652,2026-05-31,Paid Social,India,Viewer,2026-05
9653,2026-05-30,Organic,India,Creator,2026-05
9654,2026-05-12,Paid Social,India,Viewer,2026-05
9655,2026-06-26,Organic,United States,Creator,2026-06
9656,2026-02-28,Organic,United States,Creator,2026-02
9657,2026-07-20,Instagram,Nigeria,Viewer,2026-07
9658,2026-03-09,X,Germany,Creator,2026-03
9659,2026-07-18,Organic,India,Creator,2026-07
9660,2026-08-03,X,United States,Viewer,2026-08
9661,2026-05-10,Referral,United States,Viewer,2026-05
9662,2026-02-18,Organic,Other,Viewer,2026-02
9663,2026-08-04,X,India,Viewer,2026-08
9664,2026-08-20,TikTok,India,Creator,2026-08
9665,2026-05-06,Instagram,India,Creator,2026-05
9666,2026-08-11,YouTube,Nigeria,Viewer,2026-08
9667,2026-06-08,TikTok,United States,Creator,2026-06
9668,2026-04-21,Paid Social,Canada,Viewer,2026-04
9669,2026-06-17,X,United States,Creator,2026-06
9670,2026-02-17,Referral,India,Viewer,2026-02
9671,2026-02-20,YouTube,United States,Creator,2026-02
9672,2026-02-12,Referral,Other,Creator,2026-02
9673,2026-04-08,Organic,United States,Viewer,2026-04
9674,2026-07-02,Organic,Germany,Creator,2026-07
9675,2026-08-04,Instagram,United States,Creator,2026-08
9676,2026-06-26,Referral,United States,Creator,2026-06
9677,2026-05-04,Organic,Canada,Creator,2026-05
9678,2026-08-06,Paid Social,India,Creator,2026-08
9679,2026-03-21,Organic,India,Viewer,2026-03
9680,2026-07-04,Organic,India,Creator,2026-07
9681,2026-04-21,Organic,India,Creator,2026-04
9682,2026-07-24,X,United States,Creator,2026-07
9683,2026-05-23,Paid Social,United States,Creator,2026-05
9684,2026-01-27,Organic,United States,Creator,2026-01
9685,2026-07-15,X,United States,Creator,2026-07
9686,2026-07-27,Organic,Nigeria,Creator,2026-07
9687,2026-07-11,YouTube,India,Creator,2026-07
9688,2026-08-10,Organic,United Kingdom,Viewer,2026-08
9689,2026-08-24,Instagram,United States,Creator,2026-08
9690,2026-06-07,YouTube,Canada,Viewer,2026-06
9691,2026-06-13,X,Nigeria,Creator,2026-06
9692,2026-07-14,Organic,Nigeria,Creator,2026-07
9693,2026-08-02,Organic,United Kingdom,Creator,2026-08
9694,2026-04-23,YouTube,United States,Creator,2026-04
9695,2026-03-27,Referral,United States,Creator,2026-03
9696,2026-04-24,Paid Social,Nigeria,Creator,2026-04
9697,2026-05-04,Referral,United States,Viewer,2026-05
9698,2026-02-18,Paid Social,United States,Creator,2026-02
9699,2026-03-17,TikTok,India,Viewer,2026-03
9700,2026-02-24,TikTok,United States,Viewer,2026-02
9701,2026-08-01,Organic,United Kingdom,Viewer,2026-08
9702,2026-02-25,Instagram,India,Creator,2026-02
9703,2026-07-15,YouTube,India,Creator,2026-07
9704,2026-04-05,Referral,Other,Creator,2026-04
9705,2026-02-13,Organic,India,Viewer,2026-02
9706,2026-06-08,Instagram,United States,Creator,2026-06
9707,2026-07-05,YouTube,Germany,Creator,2026-07
9708,2026-03-28,X,India,Creator,2026-03
9709,2026-06-30,Organic,Other,Creator,2026-06
9710,2026-03-25,Referral,India,Creator,2026-03
9711,2026-07-26,Organic,India,Creator,2026-07
9712,2026-05-31,Paid Social,India,Viewer,2026-05
9713,2026-06-05,Paid Social,Nigeria,Creator,2026-06
9714,2026-01-16,TikTok,Other,Creator,2026-01
9715,2026-06-14,TikTok,Germany,Creator,2026-06
9716,2026-05-29,Referral,United Kingdom,Viewer,2026-05
9717,2026-07-26,Instagram,India,Creator,2026-07
9718,2026-05-25,Organic,Other,Creator,2026-05
9719,2026-02-06,Paid Social,Canada,Viewer,2026-02
9720,2026-03-18,Instagram,India,Creator,2026-03
9721,2026-05-27,Organic,Germany,Creator,2026-05
9722,2026-06-07,X,Other,Viewer,2026-06
9723,2026-02-14,Organic,United Kingdom,Creator,2026-02
9724,2026-05-26,Organic,India,Creator,2026-05
9725,2026-07-25,Instagram,Other,Creator,2026-07
9726,2026-03-03,TikTok,India,Viewer,2026-03
9727,2026-06-13,X,United Kingdom,Creator,2026-06
9728,2026-04-10,Paid Social,India,Viewer,2026-04
9729,2026-07-31,Referral,Other,Creator,2026-07
9730,2026-02-21,Organic,United States,Creator,2026-02
9731,2026-01-19,Organic,Nigeria,Creator,2026-01
9732,2026-04-19,X,India,Creator,2026-04
9733,2026-02-13,X,Nigeria,Creator,2026-02
9734,2026-01-07,Referral,Other,Creator,2026-01
9735,2026-06-21,X,Other,Creator,2026-06
9736,2026-04-27,Organic,India,Viewer,2026-04
9737,2026-03-09,Instagram,United States,Creator,2026-03
9738,2026-02-03,Referral,India,Creator,2026-02
9739,2026-07-13,Paid Social,Nigeria,Viewer,2026-07
9740,2026-03-10,Organic,Germany,Creator,2026-03
9741,2026-02-24,Instagram,Canada,Creator,2026-02
9742,2026-01-10,Organic,United States,Creator,2026-01
9743,2026-08-12,Instagram,United States,Creator,2026-08
9744,2026-02-11,Organic,United Kingdom,Viewer,2026-02
9745,2026-02-10,Paid Social,India,Creator,2026-02
9746,2026-07-24,YouTube,India,Creator,2026-07
9747,2026-08-19,Referral,India,Creator,2026-08
9748,2026-07-16,Paid Social,India,Creator,2026-07
9749,2026-05-02,Organic,United States,Creator,2026-05
9750,2026-05-18,YouTube,Other,Creator,2026-05
9751,2026-01-10,Paid Social,India,Creator,2026-01
9752,2026-04-12,X,Germany,Creator,2026-04
9753,2026-08-07,YouTube,Nigeria,Viewer,2026-08
9754,2026-07-07,TikTok,United Kingdom,Viewer,2026-07
9755,2026-05-08,YouTube,India,Creator,2026-05
9756,2026-06-28,TikTok,India,Creator,2026-06
9757,2026-05-29,Instagram,India,Creator,2026-05
9758,2026-05-16,Organic,United Kingdom,Creator,2026-05
9759,2026-07-12,Organic,Canada,Creator,2026-07
9760,2026-04-02,Organic,Other,Viewer,2026-04
9761,2026-04-23,Organic,United States,Viewer,2026-04
9762,2026-08-19,Instagram,United States,Creator,2026-08
9763,2026-03-19,Organic,United States,Creator,2026-03
9764,2026-03-26,Organic,India,Viewer,2026-03
9765,2026-01-30,Referral,United States,Creator,2026-01
9766,2026-08-01,Referral,Germany,Creator,2026-08
9767,2026-02-18,Referral,United States,Creator,2026-02
9768,2026-01-09,Paid Social,Other,Creator,2026-01
9769,2026-05-25,Organic,United States,Viewer,2026-05
9770,2026-03-10,Organic,United States,Creator,2026-03
9771,2026-02-27,TikTok,Nigeria,Viewer,2026-02
9772,2026-07-04,Paid Social,India,Creator,2026-07
9773,2026-03-03,Referral,Other,Viewer,2026-03
9774,2026-08-11,TikTok,Germany,Creator,2026-08
9775,2026-02-21,Organic,United Kingdom,Viewer,2026-02
9776,2026-07-08,X,Other,Viewer,2026-07
9777,2026-02-09,Organic,India,Creator,2026-02
9778,2026-06-15,Instagram,United States,Creator,2026-06
9779,2026-06-20,Paid Social,Germany,Viewer,2026-06
9780,2026-03-04,X,United States,Creator,2026-03
9781,2026-05-27,Paid Social,India,Viewer,2026-05
9782,2026-08-16,TikTok,India,Viewer,2026-08
9783,2026-02-19,YouTube,United States,Creator,2026-02
9784,2026-06-10,Paid Social,United Kingdom,Viewer,2026-06
9785,2026-05-21,X,India,Creator,2026-05
9786,2026-03-19,X,United States,Creator,2026-03
9787,2026-04-07,YouTube,India,Creator,2026-04
9788,2026-07-09,Paid Social,United States,Viewer,2026-07
9789,2026-08-09,Organic,Other,Creator,2026-08
9790,2026-02-12,TikTok,Nigeria,Viewer,2026-02
9791,2026-06-26,TikTok,United States,Creator,2026-06
9792,2026-02-05,Paid Social,India,Viewer,2026-02
9793,2026-05-02,Paid Social,India,Creator,2026-05
9794,2026-04-18,Organic,India,Creator,2026-04
9795,2026-01-10,Organic,Canada,Creator,2026-01
9796,2026-04-05,Paid Social,India,Creator,2026-04
9797,2026-01-06,TikTok,United States,Creator,2026-01
9798,2026-02-26,Organic,Canada,Viewer,2026-02
9799,2026-05-09,Organic,United Kingdom,Viewer,2026-05
9800,2026-03-12,Organic,Nigeria,Creator,2026-03
9801,2026-07-05,YouTube,Nigeria,Creator,2026-07
9802,2026-08-07,TikTok,India,Creator,2026-08
9803,2026-01-21,Instagram,India,Viewer,2026-01
9804,2026-04-02,Paid Social,Nigeria,Creator,2026-04
9805,2026-05-07,Organic,United States,Creator,2026-05
9806,2026-03-21,Organic,India,Creator,2026-03
9807,2026-02-25,Referral,Canada,Creator,2026-02
9808,2026-08-03,Referral,United Kingdom,Creator,2026-08
9809,2026-04-26,Organic,United States,Creator,2026-04
9810,2026-05-28,TikTok,India,Viewer,2026-05
9811,2026-08-18,TikTok,Nigeria,Viewer,2026-08
9812,2026-07-01,YouTube,United States,Viewer,2026-07
9813,2026-01-25,Organic,India,Creator,2026-01
9814,2026-06-05,Instagram,Canada,Viewer,2026-06
9815,2026-01-05,Organic,United States,Viewer,2026-01
9816,2026-04-30,Referral,India,Creator,2026-04
9817,2026-01-21,TikTok,Nigeria,Viewer,2026-01
9818,2026-01-18,Instagram,Germany,Viewer,2026-01
9819,2026-06-24,Organic,Germany,Viewer,2026-06
9820,2026-07-17,Organic,Germany,Viewer,2026-07
9821,2026-02-26,YouTube,United States,Viewer,2026-02
9822,2026-04-03,Referral,Canada,Viewer,2026-04
9823,2026-01-19,YouTube,Germany,Creator,2026-01
9824,2026-05-08,Referral,United States,Viewer,2026-05
9825,2026-04-07,Organic,United States,Viewer,2026-04
9826,2026-07-12,YouTube,United Kingdom,Creator,2026-07
9827,2026-05-11,Organic,Other,Creator,2026-05
9828,2026-06-19,Organic,Other,Creator,2026-06
9829,2026-01-21,Referral,United States,Viewer,2026-01
9830,2026-08-15,Paid Social,Other,Creator,2026-08
9831,2026-08-21,YouTube,Nigeria,Creator,2026-08
9832,2026-02-09,Referral,United States,Creator,2026-02
9833,2026-03-08,Paid Social,Other,Viewer,2026-03
9834,2026-06-02,Organic,Other,Viewer,2026-06
9835,2026-05-07,Paid Social,United Kingdom,Creator,2026-05
9836,2026-08-18,X,Other,Creator,2026-08
9837,2026-02-24,Referral,United Kingdom,Viewer,2026-02
9838,2026-07-31,YouTube,United States,Creator,2026-07
9839,2026-06-29,X,Other,Creator,2026-06
9840,2026-06-21,YouTube,Other,Viewer,2026-06
9841,2026-04-19,TikTok,United States,Creator,2026-04
9842,2026-04-08,Paid Social,United States,Creator,2026-04
9843,2026-08-01,Organic,United States,Viewer,2026-08
9844,2026-07-03,TikTok,Germany,Creator,2026-07
9845,2026-07-02,Organic,Canada,Creator,2026-07
9846,2026-04-22,Organic,Other,Creator,2026-04
9847,2026-08-03,Organic,United States,Viewer,2026-08
9848,2026-07-17,Organic,Canada,Creator,2026-07
9849,2026-04-25,Instagram,Germany,Creator,2026-04
9850,2026-04-27,Instagram,India,Creator,2026-04
9851,2026-07-24,Organic,United Kingdom,Creator,2026-07
9852,2026-03-28,Organic,Nigeria,Viewer,2026-03
9853,2026-07-20,Paid Social,Canada,Viewer,2026-07
9854,2026-03-22,Organic,United Kingdom,Viewer,2026-03
9855,2026-03-07,TikTok,Germany,Creator,2026-03
9856,2026-01-19,Organic,United States,Creator,2026-01
9857,2026-07-30,Organic,India,Viewer,2026-07
9858,2026-05-15,YouTube,Germany,Creator,2026-05
9859,2026-04-28,TikTok,United States,Creator,2026-04
9860,2026-07-10,Instagram,United States,Creator,2026-07
9861,2026-02-11,Organic,United States,Viewer,2026-02
9862,2026-02-11,YouTube,India,Viewer,2026-02
9863,2026-02-28,Referral,Canada,Creator,2026-02
9864,2026-01-20,Organic,United Kingdom,Viewer,2026-01
9865,2026-03-14,Organic,Nigeria,Viewer,2026-03
9866,2026-01-17,Organic,United Kingdom,Creator,2026-01
9867,2026-01-27,YouTube,United States,Creator,2026-01
9868,2026-06-24,Organic,United States,Creator,2026-06
9869,2026-01-02,Instagram,Other,Viewer,2026-01
9870,2026-03-04,Organic,United States,Creator,2026-03
9871,2026-03-03,Organic,India,Creator,2026-03
9872,2026-04-10,Organic,Canada,Viewer,2026-04
9873,2026-01-19,TikTok,United States,Creator,2026-01
9874,2026-01-17,Organic,India,Creator,2026-01
9875,2026-03-10,TikTok,India,Viewer,2026-03
9876,2026-06-16,X,Other,Creator,2026-06
9877,2026-07-29,TikTok,United States,Creator,2026-07
9878,2026-04-27,YouTube,India,Creator,2026-04
9879,2026-07-18,Referral,Canada,Viewer,2026-07
9880,2026-03-22,YouTube,Other,Creator,2026-03
9881,2026-02-08,Paid Social,Nigeria,Creator,2026-02
9882,2026-02-05,Organic,India,Creator,2026-02
9883,2026-06-17,Organic,United States,Creator,2026-06
9884,2026-06-22,X,India,Creator,2026-06
9885,2026-05-12,X,United Kingdom,Creator,2026-05
9886,2026-08-18,Instagram,Nigeria,Creator,2026-08
9887,2026-06-02,Organic,United States,Creator,2026-06
9888,2026-07-16,X,United Kingdom,Viewer,2026-07
9889,2026-06-07,Paid Social,Nigeria,Viewer,2026-06
9890,2026-07-23,TikTok,Other,Creator,2026-07
9891,2026-07-15,Paid Social,Nigeria,Creator,2026-07
9892,2026-08-04,TikTok,Nigeria,Creator,2026-08
9893,2026-01-29,Organic,Germany,Viewer,2026-01
9894,2026-07-20,TikTok,India,Viewer,2026-07
9895,2026-07-15,Instagram,India,Viewer,2026-07
9896,2026-02-20,X,Canada,Creator,2026-02
9897,2026-06-01,Instagram,United States,Viewer,2026-06
9898,2026-01-14,Instagram,United States,Creator,2026-01
9899,2026-03-10,Organic,Other,Creator,2026-03
9900,2026-05-26,Organic,United Kingdom,Creator,2026-05
9901,2026-06-19,TikTok,Germany,Creator,2026-06
9902,2026-02-26,Paid Social,Germany,Viewer,2026-02
9903,2026-07-30,TikTok,India,Viewer,2026-07
9904,2026-01-12,Paid Social,United Kingdom,Creator,2026-01
9905,2026-07-29,TikTok,Other,Viewer,2026-07
9906,2026-01-17,Organic,Nigeria,Viewer,2026-01
9907,2026-01-30,Organic,Canada,Creator,2026-01
9908,2026-03-29,Organic,Nigeria,Viewer,2026-03
9909,2026-07-22,Paid Social,India,Creator,2026-07
9910,2026-04-09,YouTube,India,Creator,2026-04
9911,2026-01-23,Paid Social,United States,Viewer,2026-01
9912,2026-07-28,Referral,Nigeria,Viewer,2026-07
9913,2026-05-09,X,Nigeria,Viewer,2026-05
9914,2026-03-20,YouTube,Other,Creator,2026-03
9915,2026-02-01,X,India,Creator,2026-02
9916,2026-01-09,YouTube,United States,Creator,2026-01
9917,2026-01-15,Organic,Nigeria,Creator,2026-01
9918,2026-06-05,TikTok,Other,Creator,2026-06
9919,2026-06-01,X,Nigeria,Creator,2026-06
9920,2026-07-07,Organic,Canada,Creator,2026-07
9921,2026-06-12,Instagram,Canada,Viewer,2026-06
9922,2026-08-02,Referral,Nigeria,Creator,2026-08
9923,2026-01-27,Instagram,India,Creator,2026-01
9924,2026-07-30,X,India,Creator,2026-07
9925,2026-04-19,Organic,India,Viewer,2026-04
9926,2026-03-17,Referral,India,Creator,2026-03
9927,2026-05-28,TikTok,United States,Creator,2026-05
9928,2026-03-06,Paid Social,United Kingdom,Creator,2026-03
9929,2026-08-01,Paid Social,India,Creator,2026-08
9930,2026-06-26,Paid Social,India,Creator,2026-06
9931,2026-04-19,Organic,United Kingdom,Creator,2026-04
9932,2026-05-09,TikTok,India,Creator,2026-05
9933,2026-01-10,Paid Social,India,Viewer,2026-01
9934,2026-02-16,Referral,Other,Creator,2026-02
9935,2026-05-03,Paid Social,India,Creator,2026-05
9936,2026-02-28,X,United States,Creator,2026-02
9937,2026-04-06,Instagram,India,Creator,2026-04
9938,2026-07-09,Organic,Germany,Viewer,2026-07
9939,2026-04-13,Referral,Nigeria,Creator,2026-04
9940,2026-05-04,Referral,India,Creator,2026-05
9941,2026-03-27,Organic,United Kingdom,Creator,2026-03
9942,2026-05-26,Organic,India,Creator,2026-05
9943,2026-04-22,X,Nigeria,Viewer,2026-04
9944,2026-06-23,YouTube,United Kingdom,Viewer,2026-06
9945,2026-06-09,Organic,India,Creator,2026-06
9946,2026-01-27,Organic,Nigeria,Viewer,2026-01
9947,2026-08-08,Organic,United States,Creator,2026-08
9948,2026-01-18,Organic,Other,Creator,2026-01
9949,2026-06-16,Paid Social,Other,Creator,2026-06
9950,2026-06-26,YouTube,United Kingdom,Creator,2026-06
9951,2026-08-09,Referral,Germany,Creator,2026-08
9952,2026-03-23,Referral,United Kingdom,Creator,2026-03
9953,2026-06-21,TikTok,Other,Viewer,2026-06
9954,2026-03-13,Referral,United States,Creator,2026-03
9955,2026-02-23,Paid Social,United Kingdom,Creator,2026-02
9956,2026-08-11,YouTube,Germany,Viewer,2026-08
9957,2026-06-11,TikTok,Other,Viewer,2026-06
9958,2026-03-12,YouTube,India,Creator,2026-03
9959,2026-06-13,Paid Social,India,Creator,2026-06
9960,2026-05-26,Organic,Other,Creator,2026-05
9961,2026-02-07,Organic,Nigeria,Creator,2026-02
9962,2026-07-06,Paid Social,Other,Creator,2026-07
9963,2026-05-17,Paid Social,Canada,Creator,2026-05
9964,2026-07-20,Instagram,Germany,Creator,2026-07
9965,2026-07-19,TikTok,United States,Viewer,2026-07
9966,2026-06-28,TikTok,India,Creator,2026-06
9967,2026-02-04,Instagram,Nigeria,Creator,2026-02
9968,2026-03-23,Paid Social,Other,Creator,2026-03
9969,2026-05-13,Organic,Canada,Creator,2026-05
9970,2026-05-22,TikTok,United States,Viewer,2026-05
9971,2026-08-08,Paid Social,Canada,Creator,2026-08
9972,2026-06-07,TikTok,United Kingdom,Creator,2026-06
9973,2026-01-04,Referral,Other,Viewer,2026-01
9974,2026-06-16,TikTok,India,Viewer,2026-06
9975,2026-07-31,Referral,India,Viewer,2026-07
9976,2026-07-11,Paid Social,United States,Creator,2026-07
9977,2026-06-02,TikTok,United States,Creator,2026-06
9978,2026-06-05,Referral,Other,Creator,2026-06
9979,2026-07-23,Paid Social,India,Creator,2026-07
9980,2026-07-13,Paid Social,Other,Creator,2026-07
9981,2026-08-23,Instagram,Other,Creator,2026-08
9982,2026-07-25,Instagram,India,Viewer,2026-07
9983,2026-05-30,TikTok,Other,Viewer,2026-05
9984,2026-06-08,TikTok,United States,Viewer,2026-06
9985,2026-01-23,Instagram,Canada,Creator,2026-01
9986,2026-02-17,Organic,India,Creator,2026-02
9987,2026-05-28,YouTube,Other,Viewer,2026-05
9988,2026-05-05,Instagram,United Kingdom,Viewer,2026-05
9989,2026-06-15,Paid Social,Other,Creator,2026-06
9990,2026-02-24,Referral,United Kingdom,Viewer,2026-02
9991,2026-03-09,TikTok,Nigeria,Viewer,2026-03
9992,2026-07-26,Instagram,India,Creator,2026-07
9993,2026-03-29,Referral,India,Creator,2026-03
9994,2026-08-05,Organic,United States,Creator,2026-08
9995,2026-01-01,Organic,Other,Viewer,2026-01
9996,2026-05-15,Referral,India,Creator,2026-05
9997,2026-07-04,Organic,Other,Creator,2026-07
9998,2026-04-05,Paid Social,Other,Viewer,2026-04
9999,2026-05-20,Paid Social,United States,Viewer,2026-05
10000,2026-04-16,Instagram,India,Creator,2026-04
10001,2026-05-13,Referral,Other,Viewer,2026-05
10002,2026-04-18,TikTok,India,Creator,2026-04
10003,2026-06-27,Referral,United States,Viewer,2026-06
10004,2026-02-11,Referral,India,Viewer,2026-02
10005,2026-04-12,Organic,Other,Viewer,2026-04
10006,2026-05-04,X,United Kingdom,Creator,2026-05
10007,2026-05-20,YouTube,United States,Creator,2026-05
10008,2026-04-13,Organic,India,Viewer,2026-04
10009,2026-05-26,Paid Social,United States,Viewer,2026-05
10010,2026-07-13,TikTok,India,Creator,2026-07
10011,2026-03-15,Instagram,Other,Viewer,2026-03
10012,2026-07-26,Organic,Nigeria,Creator,2026-07
10013,2026-08-10,X,Canada,Creator,2026-08
10014,2026-04-18,Referral,India,Creator,2026-04
10015,2026-05-02,X,Nigeria,Viewer,2026-05
10016,2026-01-17,Referral,India,Viewer,2026-01
10017,2026-07-15,Referral,Germany,Creator,2026-07
10018,2026-03-12,Organic,Canada,Creator,2026-03
10019,2026-03-03,Instagram,India,Creator,2026-03
10020,2026-02-10,Organic,India,Creator,2026-02
10021,2026-08-11,Organic,Germany,Creator,2026-08
10022,2026-08-19,Organic,India,Viewer,2026-08
10023,2026-04-29,Paid Social,Nigeria,Viewer,2026-04
10024,2026-06-11,Paid Social,Nigeria,Creator,2026-06
10025,2026-07-17,Organic,India,Creator,2026-07
10026,2026-08-18,TikTok,Nigeria,Viewer,2026-08
10027,2026-02-14,Organic,Nigeria,Creator,2026-02
10028,2026-02-27,Referral,Nigeria,Viewer,2026-02
10029,2026-06-28,Instagram,United States,Viewer,2026-06
10030,2026-05-06,X,Germany,Creator,2026-05
10031,2026-06-11,Instagram,India,Viewer,2026-06
10032,2026-02-13,YouTube,United States,Creator,2026-02
10033,2026-01-15,TikTok,India,Creator,2026-01
10034,2026-03-19,Organic,Germany,Creator,2026-03
10035,2026-03-11,Organic,India,Viewer,2026-03
10036,2026-06-27,Instagram,Canada,Creator,2026-06
10037,2026-04-11,Paid Social,United Kingdom,Viewer,2026-04
10038,2026-06-09,TikTok,Other,Viewer,2026-06
10039,2026-07-14,Organic,Nigeria,Viewer,2026-07
10040,2026-01-03,Paid Social,Nigeria,Creator,2026-01
10041,2026-08-02,Organic,Germany,Creator,2026-08
10042,2026-03-27,Organic,Nigeria,Viewer,2026-03
10043,2026-03-15,Referral,Germany,Viewer,2026-03
10044,2026-02-20,YouTube,India,Viewer,2026-02
10045,2026-03-08,TikTok,Nigeria,Creator,2026-03
10046,2026-03-17,Referral,Germany,Creator,2026-03
10047,2026-04-03,Referral,Germany,Viewer,2026-04
10048,2026-06-25,Organic,Germany,Viewer,2026-06
10049,2026-05-25,YouTube,United Kingdom,Creator,2026-05
10050,2026-01-07,YouTube,Other,Creator,2026-01
10051,2026-01-13,Paid Social,India,Creator,2026-01
10052,2026-04-30,Paid Social,India,Viewer,2026-04
10053,2026-03-07,TikTok,India,Viewer,2026-03
10054,2026-01-04,X,Other,Creator,2026-01
10055,2026-05-18,Organic,United States,Viewer,2026-05
10056,2026-08-19,Organic,Canada,Viewer,2026-08
10057,2026-03-29,Instagram,India,Creator,2026-03
10058,2026-01-17,YouTube,United States,Creator,2026-01
10059,2026-02-21,X,United Kingdom,Creator,2026-02
10060,2026-05-14,TikTok,Nigeria,Viewer,2026-05
10061,2026-07-30,Referral,India,Viewer,2026-07
10062,2026-03-10,Referral,United States,Creator,2026-03
10063,2026-08-12,Referral,India,Creator,2026-08
10064,2026-07-21,Organic,Nigeria,Creator,2026-07
10065,2026-05-17,Referral,India,Viewer,2026-05
10066,2026-08-07,Paid Social,United Kingdom,Viewer,2026-08
10067,2026-07-24,Organic,India,Creator,2026-07
10068,2026-07-30,TikTok,Nigeria,Viewer,2026-07
10069,2026-01-21,Paid Social,India,Viewer,2026-01
10070,2026-01-24,X,United States,Creator,2026-01
10071,2026-08-18,Instagram,United States,Creator,2026-08
10072,2026-01-04,Organic,Canada,Creator,2026-01
10073,2026-06-01,X,United Kingdom,Creator,2026-06
10074,2026-07-06,Instagram,Other,Creator,2026-07
10075,2026-08-15,Organic,Other,Viewer,2026-08
10076,2026-01-03,Instagram,Canada,Creator,2026-01
10077,2026-03-09,Organic,Canada,Creator,2026-03
10078,2026-04-11,Referral,United Kingdom,Creator,2026-04
10079,2026-06-17,Paid Social,United Kingdom,Viewer,2026-06
10080,2026-06-25,Instagram,United Kingdom,Viewer,2026-06
10081,2026-02-23,YouTube,United States,Creator,2026-02
10082,2026-02-04,Instagram,United States,Creator,2026-02
10083,2026-08-11,Organic,Nigeria,Creator,2026-08
10084,2026-02-25,Paid Social,Canada,Creator,2026-02
10085,2026-04-18,Organic,United States,Creator,2026-04
10086,2026-08-05,Organic,India,Creator,2026-08
10087,2026-02-09,Instagram,United States,Creator,2026-02
10088,2026-07-24,YouTube,Other,Creator,2026-07
10089,2026-03-09,TikTok,India,Viewer,2026-03
10090,2026-02-15,Organic,United Kingdom,Creator,2026-02
10091,2026-03-19,Referral,Other,Creator,2026-03
10092,2026-05-21,TikTok,United States,Creator,2026-05
10093,2026-06-04,Organic,Other,Viewer,2026-06
10094,2026-01-06,TikTok,Other,Creator,2026-01
10095,2026-01-17,Organic,United States,Viewer,2026-01
10096,2026-06-13,Instagram,India,Creator,2026-06
10097,2026-08-20,YouTube,India,Viewer,2026-08
10098,2026-04-09,Referral,United States,Creator,2026-04
10099,2026-03-22,Organic,Other,Creator,2026-03
10100,2026-08-21,Organic,India,Viewer,2026-08
10101,2026-01-02,Organic,Other,Creator,2026-01
10102,2026-03-18,Organic,India,Creator,2026-03
10103,2026-06-29,Organic,Other,Creator,2026-06
10104,2026-03-07,TikTok,United States,Viewer,2026-03
10105,2026-02-21,Organic,United Kingdom,Creator,2026-02
10106,2026-04-02,X,India,Creator,2026-04
10107,2026-06-20,TikTok,United States,Creator,2026-06
10108,2026-08-06,Organic,India,Viewer,2026-08
10109,2026-01-22,TikTok,India,Viewer,2026-01
10110,2026-04-21,Organic,India,Creator,2026-04
10111,2026-04-17,YouTube,Nigeria,Creator,2026-04
10112,2026-07-02,TikTok,United States,Creator,2026-07
10113,2026-03-08,Organic,Canada,Viewer,2026-03
10114,2026-08-15,TikTok,United Kingdom,Creator,2026-08
10115,2026-07-07,Organic,Canada,Creator,2026-07
10116,2026-07-05,Referral,Other,Creator,2026-07
10117,2026-05-20,Paid Social,Germany,Creator,2026-05
10118,2026-08-04,Organic,United States,Creator,2026-08
10119,2026-03-10,YouTube,United States,Creator,2026-03
10120,2026-03-25,Organic,Nigeria,Creator,2026-03
10121,2026-04-13,Organic,Nigeria,Viewer,2026-04
10122,2026-02-08,Organic,United States,Creator,2026-02
10123,2026-01-13,Paid Social,Nigeria,Creator,2026-01
10124,2026-02-10,TikTok,India,Creator,2026-02
10125,2026-02-26,Paid Social,India,Creator,2026-02
10126,2026-06-30,Instagram,Canada,Creator,2026-06
10127,2026-01-12,Organic,India,Viewer,2026-01
10128,2026-01-13,Referral,India,Creator,2026-01
10129,2026-04-30,Paid Social,United States,Creator,2026-04
10130,2026-07-21,Referral,United States,Viewer,2026-07
10131,2026-04-07,Referral,United States,Creator,2026-04
10132,2026-02-26,TikTok,United States,Viewer,2026-02
10133,2026-02-09,Organic,India,Viewer,2026-02
10134,2026-04-28,Organic,India,Viewer,2026-04
10135,2026-03-21,Instagram,India,Creator,2026-03
10136,2026-05-08,Paid Social,United States,Viewer,2026-05
10137,2026-06-22,YouTube,United States,Creator,2026-06
10138,2026-02-04,Referral,Canada,Viewer,2026-02
10139,2026-01-03,Organic,Nigeria,Creator,2026-01
10140,2026-04-30,YouTube,Nigeria,Viewer,2026-04
10141,2026-01-05,Referral,Nigeria,Creator,2026-01
10142,2026-08-06,Instagram,United States,Creator,2026-08
10143,2026-01-11,TikTok,Other,Viewer,2026-01
10144,2026-05-06,YouTube,India,Creator,2026-05
10145,2026-03-12,X,India,Creator,2026-03
10146,2026-04-27,Paid Social,United States,Creator,2026-04
10147,2026-07-03,TikTok,Other,Creator,2026-07
10148,2026-05-18,Organic,Other,Creator,2026-05
10149,2026-04-16,Instagram,Germany,Creator,2026-04
10150,2026-04-26,Organic,United States,Creator,2026-04
10151,2026-06-11,X,Other,Creator,2026-06
10152,2026-03-08,Organic,India,Creator,2026-03
10153,2026-07-19,Paid Social,United Kingdom,Viewer,2026-07
10154,2026-01-31,Referral,Other,Viewer,2026-01
10155,2026-03-16,Organic,Canada,Viewer,2026-03
10156,2026-03-12,Organic,India,Viewer,2026-03
10157,2026-03-07,Instagram,United Kingdom,Viewer,2026-03
10158,2026-03-11,Referral,United States,Creator,2026-03
10159,2026-02-10,Organic,India,Viewer,2026-02
10160,2026-07-10,Organic,United Kingdom,Viewer,2026-07
10161,2026-06-09,Instagram,India,Creator,2026-06
10162,2026-01-20,YouTube,India,Creator,2026-01
10163,2026-07-04,Organic,Nigeria,Creator,2026-07
10164,2026-08-14,Referral,United Kingdom,Viewer,2026-08
10165,2026-06-27,Paid Social,India,Viewer,2026-06
10166,2026-07-27,Organic,India,Viewer,2026-07
10167,2026-06-02,Instagram,Other,Creator,2026-06
10168,2026-05-20,Organic,India,Creator,2026-05
10169,2026-07-18,Organic,Nigeria,Creator,2026-07
10170,2026-02-08,Organic,Other,Creator,2026-02
10171,2026-05-25,TikTok,Nigeria,Creator,2026-05
10172,2026-02-14,Referral,India,Viewer,2026-02
10173,2026-05-19,X,United States,Viewer,2026-05
10174,2026-03-11,Organic,United Kingdom,Viewer,2026-03
10175,2026-05-05,Organic,Canada,Viewer,2026-05
10176,2026-05-31,X,United Kingdom,Creator,2026-05
10177,2026-04-01,Organic,India,Creator,2026-04
10178,2026-03-11,TikTok,India,Creator,2026-03
10179,2026-06-15,Instagram,United States,Creator,2026-06
10180,2026-05-10,Paid Social,United Kingdom,Creator,2026-05
10181,2026-08-02,Organic,Nigeria,Creator,2026-08
10182,2026-03-25,YouTube,India,Creator,2026-03
10183,2026-03-30,Organic,Canada,Creator,2026-03
10184,2026-03-20,X,United Kingdom,Creator,2026-03
10185,2026-04-23,X,Other,Creator,2026-04
10186,2026-04-03,Referral,United States,Creator,2026-04
10187,2026-03-13,Instagram,Nigeria,Creator,2026-03
10188,2026-06-14,TikTok,United States,Creator,2026-06
10189,2026-02-18,Organic,Canada,Viewer,2026-02
10190,2026-02-21,Organic,Canada,Creator,2026-02
10191,2026-02-02,Instagram,Canada,Creator,2026-02
10192,2026-01-22,Paid Social,United States,Viewer,2026-01
10193,2026-04-24,Instagram,United Kingdom,Creator,2026-04
10194,2026-05-13,Referral,United States,Creator,2026-05
10195,2026-08-19,TikTok,Germany,Viewer,2026-08
10196,2026-01-18,Instagram,India,Creator,2026-01
10197,2026-06-15,TikTok,India,Creator,2026-06
10198,2026-04-28,Organic,India,Creator,2026-04
10199,2026-04-27,TikTok,India,Creator,2026-04
10200,2026-02-06,Referral,India,Creator,2026-02
10201,2026-08-10,TikTok,India,Creator,2026-08
10202,2026-08-11,YouTube,United States,Viewer,2026-08
10203,2026-03-05,Referral,India,Creator,2026-03
10204,2026-05-18,TikTok,Germany,Creator,2026-05
10205,2026-03-20,Referral,India,Creator,2026-03
10206,2026-06-19,TikTok,Other,Creator,2026-06
10207,2026-05-03,Organic,Other,Creator,2026-05
10208,2026-06-25,Organic,India,Creator,2026-06
10209,2026-02-13,Organic,India,Viewer,2026-02
10210,2026-03-23,Referral,India,Creator,2026-03
10211,2026-03-28,Paid Social,Nigeria,Creator,2026-03
10212,2026-08-13,Organic,United Kingdom,Creator,2026-08
10213,2026-01-16,Organic,United States,Viewer,2026-01
10214,2026-02-23,TikTok,United States,Creator,2026-02
10215,2026-04-12,YouTube,Nigeria,Viewer,2026-04
10216,2026-06-12,TikTok,United States,Creator,2026-06
10217,2026-04-08,Instagram,Other,Viewer,2026-04
10218,2026-06-05,Referral,United States,Creator,2026-06
10219,2026-01-02,TikTok,India,Creator,2026-01
10220,2026-04-04,Paid Social,India,Creator,2026-04
10221,2026-05-21,TikTok,United Kingdom,Creator,2026-05
10222,2026-06-18,Paid Social,United States,Creator,2026-06
10223,2026-07-27,Organic,India,Creator,2026-07
10224,2026-02-28,Organic,India,Creator,2026-02
10225,2026-03-10,Referral,United States,Creator,2026-03
10226,2026-04-29,YouTube,United Kingdom,Creator,2026-04
10227,2026-04-02,Referral,India,Viewer,2026-04
10228,2026-06-30,TikTok,Canada,Creator,2026-06
10229,2026-08-19,Paid Social,United States,Viewer,2026-08
10230,2026-02-14,Organic,Nigeria,Creator,2026-02
10231,2026-05-28,Organic,United Kingdom,Viewer,2026-05
10232,2026-01-24,TikTok,Nigeria,Creator,2026-01
10233,2026-07-08,Referral,United Kingdom,Creator,2026-07
10234,2026-04-01,YouTube,United States,Creator,2026-04
10235,2026-04-04,Instagram,Other,Creator,2026-04
10236,2026-02-27,Organic,United States,Viewer,2026-02
10237,2026-06-04,Organic,United States,Creator,2026-06
10238,2026-06-03,TikTok,United States,Creator,2026-06
10239,2026-05-08,Instagram,India,Creator,2026-05
10240,2026-01-07,YouTube,United Kingdom,Creator,2026-01
10241,2026-06-19,YouTube,India,Creator,2026-06
10242,2026-02-16,Paid Social,Other,Creator,2026-02
10243,2026-02-22,Organic,India,Creator,2026-02
10244,2026-07-06,TikTok,Nigeria,Creator,2026-07
10245,2026-02-07,Instagram,Canada,Creator,2026-02
10246,2026-07-16,YouTube,Other,Viewer,2026-07
10247,2026-08-03,Instagram,India,Creator,2026-08
10248,2026-08-08,Paid Social,Other,Viewer,2026-08
10249,2026-08-14,X,Other,Creator,2026-08
10250,2026-02-22,Organic,Other,Creator,2026-02
10251,2026-05-23,Organic,Germany,Creator,2026-05
10252,2026-08-12,Referral,Other,Creator,2026-08
10253,2026-06-03,YouTube,Nigeria,Creator,2026-06
10254,2026-02-17,Organic,Germany,Viewer,2026-02
10255,2026-04-05,Organic,Nigeria,Viewer,2026-04
10256,2026-05-27,X,Nigeria,Creator,2026-05
10257,2026-05-17,YouTube,Nigeria,Viewer,2026-05
10258,2026-03-05,Organic,Other,Creator,2026-03
10259,2026-04-03,Instagram,India,Creator,2026-04
10260,2026-07-01,TikTok,Germany,Viewer,2026-07
10261,2026-05-05,Paid Social,India,Creator,2026-05
10262,2026-06-28,Organic,United States,Viewer,2026-06
10263,2026-02-08,Referral,India,Viewer,2026-02
10264,2026-01-04,Instagram,United States,Viewer,2026-01
10265,2026-05-06,Organic,Other,Creator,2026-05
10266,2026-01-03,Instagram,United States,Creator,2026-01
10267,2026-03-05,Organic,United Kingdom,Viewer,2026-03
10268,2026-01-29,YouTube,India,Viewer,2026-01
10269,2026-04-26,X,Other,Viewer,2026-04
10270,2026-01-11,Organic,Germany,Viewer,2026-01
10271,2026-04-07,Organic,United States,Viewer,2026-04
10272,2026-04-12,Referral,United States,Creator,2026-04
10273,2026-07-05,Organic,United States,Viewer,2026-07
10274,2026-07-22,Instagram,United States,Creator,2026-07
10275,2026-06-04,TikTok,India,Viewer,2026-06
10276,2026-08-13,Paid Social,Other,Creator,2026-08
10277,2026-01-21,Instagram,Germany,Viewer,2026-01
10278,2026-02-08,YouTube,India,Viewer,2026-02
10279,2026-08-11,Organic,Other,Creator,2026-08
10280,2026-04-12,Organic,India,Viewer,2026-04
10281,2026-02-15,Organic,United States,Viewer,2026-02
10282,2026-03-07,TikTok,Nigeria,Creator,2026-03
10283,2026-04-01,YouTube,India,Viewer,2026-04
10284,2026-06-13,X,India,Creator,2026-06
10285,2026-07-22,TikTok,India,Creator,2026-07
10286,2026-04-21,YouTube,Canada,Viewer,2026-04
10287,2026-03-23,Organic,Other,Viewer,2026-03
10288,2026-05-03,Organic,United Kingdom,Creator,2026-05
10289,2026-07-12,Referral,Nigeria,Viewer,2026-07
10290,2026-07-10,X,Nigeria,Creator,2026-07
10291,2026-04-09,YouTube,United States,Creator,2026-04
10292,2026-02-04,TikTok,Germany,Creator,2026-02
10293,2026-06-08,TikTok,Nigeria,Creator,2026-06
10294,2026-06-05,Organic,India,Viewer,2026-06
10295,2026-04-13,Referral,India,Viewer,2026-04
10296,2026-05-09,X,Other,Viewer,2026-05
10297,2026-01-25,Organic,India,Creator,2026-01
10298,2026-02-12,Referral,Other,Creator,2026-02
10299,2026-08-18,Instagram,India,Creator,2026-08
10300,2026-03-25,Referral,United Kingdom,Viewer,2026-03
10301,2026-07-14,Organic,United States,Creator,2026-07
10302,2026-07-10,Organic,Germany,Creator,2026-07
10303,2026-02-20,Organic,Nigeria,Viewer,2026-02
10304,2026-05-10,Organic,India,Creator,2026-05
10305,2026-07-29,Referral,India,Creator,2026-07
10306,2026-05-06,YouTube,United States,Creator,2026-05
10307,2026-08-24,X,Other,Creator,2026-08
10308,2026-07-11,Paid Social,Canada,Creator,2026-07
10309,2026-07-21,Organic,Germany,Viewer,2026-07
10310,2026-03-10,Paid Social,India,Viewer,2026-03
10311,2026-01-09,Paid Social,Nigeria,Creator,2026-01
10312,2026-01-02,Instagram,Other,Creator,2026-01
10313,2026-06-11,Organic,Canada,Creator,2026-06
10314,2026-07-07,YouTube,India,Creator,2026-07
10315,2026-08-18,TikTok,United Kingdom,Creator,2026-08
10316,2026-07-08,Referral,Canada,Creator,2026-07
10317,2026-06-08,Organic,Nigeria,Viewer,2026-06
10318,2026-01-10,Instagram,India,Creator,2026-01
10319,2026-04-24,Instagram,India,Viewer,2026-04
10320,2026-03-17,Organic,Other,Viewer,2026-03
10321,2026-06-13,TikTok,India,Creator,2026-06
10322,2026-03-26,Organic,United States,Creator,2026-03
10323,2026-02-18,Instagram,Canada,Viewer,2026-02
10324,2026-03-11,Referral,United Kingdom,Creator,2026-03
10325,2026-06-26,Organic,Other,Viewer,2026-06
10326,2026-05-11,Referral,India,Creator,2026-05
10327,2026-07-21,Organic,United Kingdom,Creator,2026-07
10328,2026-05-13,YouTube,India,Creator,2026-05
10329,2026-08-06,Paid Social,India,Creator,2026-08
10330,2026-07-08,TikTok,India,Creator,2026-07
10331,2026-08-01,Paid Social,United Kingdom,Viewer,2026-08
10332,2026-03-31,Instagram,United Kingdom,Creator,2026-03
10333,2026-08-18,TikTok,United States,Creator,2026-08
10334,2026-08-24,Paid Social,India,Creator,2026-08
10335,2026-01-26,Organic,United Kingdom,Viewer,2026-01
10336,2026-03-13,Organic,India,Viewer,2026-03
10337,2026-01-05,X,India,Viewer,2026-01
10338,2026-01-15,Referral,Nigeria,Creator,2026-01
10339,2026-05-03,Referral,United States,Creator,2026-05
10340,2026-05-24,Organic,United States,Viewer,2026-05
10341,2026-01-01,Paid Social,United Kingdom,Viewer,2026-01
10342,2026-05-24,YouTube,India,Creator,2026-05
10343,2026-06-14,Paid Social,Other,Viewer,2026-06
10344,2026-01-03,TikTok,Nigeria,Creator,2026-01
10345,2026-06-29,YouTube,India,Creator,2026-06
10346,2026-02-16,Referral,United Kingdom,Viewer,2026-02
10347,2026-04-05,TikTok,United States,Viewer,2026-04
10348,2026-01-13,Paid Social,United Kingdom,Viewer,2026-01
10349,2026-04-30,Organic,Canada,Viewer,2026-04
10350,2026-07-27,TikTok,Other,Creator,2026-07
10351,2026-02-24,Paid Social,Other,Creator,2026-02
10352,2026-08-23,Paid Social,Nigeria,Creator,2026-08
10353,2026-05-29,TikTok,Nigeria,Creator,2026-05
10354,2026-03-07,Organic,India,Creator,2026-03
10355,2026-07-01,Referral,Other,Creator,2026-07
10356,2026-06-04,Paid Social,India,Viewer,2026-06
10357,2026-06-15,X,United Kingdom,Creator,2026-06
10358,2026-03-31,YouTube,India,Creator,2026-03
10359,2026-07-05,Referral,United States,Viewer,2026-07
10360,2026-03-03,Organic,India,Viewer,2026-03
10361,2026-04-12,Paid Social,India,Creator,2026-04
10362,2026-06-23,TikTok,India,Viewer,2026-06
10363,2026-08-05,X,United States,Creator,2026-08
10364,2026-05-19,Instagram,United States,Creator,2026-05
10365,2026-07-19,Instagram,United States,Creator,2026-07
10366,2026-01-08,YouTube,United States,Creator,2026-01
10367,2026-04-07,Paid Social,Nigeria,Viewer,2026-04
10368,2026-04-27,YouTube,Germany,Creator,2026-04
10369,2026-07-18,Referral,United Kingdom,Viewer,2026-07
10370,2026-03-05,Organic,India,Creator,2026-03
10371,2026-08-18,Referral,India,Creator,2026-08
10372,2026-01-21,TikTok,United States,Creator,2026-01
10373,2026-07-19,Organic,Other,Viewer,2026-07
10374,2026-04-25,Organic,India,Creator,2026-04
10375,2026-07-10,YouTube,United Kingdom,Creator,2026-07
10376,2026-03-26,Paid Social,India,Creator,2026-03
10377,2026-07-11,YouTube,United States,Creator,2026-07
10378,2026-01-20,Organic,Canada,Creator,2026-01
10379,2026-01-08,Organic,United States,Creator,2026-01
10380,2026-02-27,Instagram,United States,Creator,2026-02
10381,2026-02-15,Organic,Other,Viewer,2026-02
10382,2026-01-31,TikTok,India,Creator,2026-01
10383,2026-04-03,YouTube,Nigeria,Creator,2026-04
10384,2026-01-09,Paid Social,United States,Creator,2026-01
10385,2026-01-15,TikTok,Other,Creator,2026-01
10386,2026-04-04,Organic,Canada,Creator,2026-04
10387,2026-06-03,Referral,India,Creator,2026-06
10388,2026-05-18,Referral,Other,Creator,2026-05
10389,2026-01-29,Referral,India,Creator,2026-01
10390,2026-03-21,Organic,India,Viewer,2026-03
10391,2026-02-05,TikTok,Nigeria,Creator,2026-02
10392,2026-03-25,Paid Social,Canada,Creator,2026-03
10393,2026-04-19,Organic,United Kingdom,Creator,2026-04
10394,2026-04-28,YouTube,Nigeria,Viewer,2026-04
10395,2026-02-06,Organic,Nigeria,Creator,2026-02
10396,2026-03-27,Instagram,Other,Creator,2026-03
10397,2026-03-12,Referral,Germany,Viewer,2026-03
10398,2026-05-31,Instagram,United Kingdom,Creator,2026-05
10399,2026-06-18,Referral,India,Viewer,2026-06
10400,2026-08-20,TikTok,Germany,Viewer,2026-08
10401,2026-04-03,Paid Social,Canada,Viewer,2026-04
10402,2026-03-21,Instagram,Other,Creator,2026-03
10403,2026-04-12,Organic,India,Creator,2026-04
10404,2026-06-05,TikTok,United Kingdom,Creator,2026-06
10405,2026-06-25,Referral,Other,Creator,2026-06
10406,2026-06-15,Referral,United States,Creator,2026-06
10407,2026-06-08,Instagram,Canada,Creator,2026-06
10408,2026-01-14,X,Other,Creator,2026-01
10409,2026-04-27,Referral,Nigeria,Creator,2026-04
10410,2026-08-13,Referral,United Kingdom,Creator,2026-08
10411,2026-03-14,YouTube,India,Viewer,2026-03
10412,2026-04-01,Referral,Nigeria,Viewer,2026-04
10413,2026-08-04,X,India,Creator,2026-08
10414,2026-07-24,Organic,India,Creator,2026-07
10415,2026-03-31,Organic,United Kingdom,Viewer,2026-03
10416,2026-01-29,Paid Social,India,Creator,2026-01
10417,2026-06-28,Organic,Other,Creator,2026-06
10418,2026-02-18,TikTok,Nigeria,Creator,2026-02
10419,2026-06-20,Paid Social,United Kingdom,Creator,2026-06
10420,2026-08-08,Organic,India,Creator,2026-08
10421,2026-08-08,Referral,India,Viewer,2026-08
10422,2026-03-13,Referral,India,Creator,2026-03
10423,2026-08-03,Paid Social,India,Viewer,2026-08
10424,2026-08-09,TikTok,Other,Creator,2026-08
10425,2026-05-13,TikTok,Canada,Viewer,2026-05
10426,2026-02-11,Paid Social,Germany,Creator,2026-02
10427,2026-05-15,Organic,Canada,Creator,2026-05
10428,2026-02-11,Instagram,United Kingdom,Creator,2026-02
10429,2026-06-13,YouTube,Nigeria,Viewer,2026-06
10430,2026-04-15,Organic,India,Viewer,2026-04
10431,2026-01-27,Paid Social,United Kingdom,Creator,2026-01
10432,2026-02-27,YouTube,India,Creator,2026-02
10433,2026-02-15,Organic,Nigeria,Viewer,2026-02
10434,2026-03-07,Organic,India,Viewer,2026-03
10435,2026-01-25,Organic,Nigeria,Creator,2026-01
10436,2026-03-14,Organic,United States,Creator,2026-03
10437,2026-04-27,Referral,India,Creator,2026-04
10438,2026-06-04,Organic,Nigeria,Creator,2026-06
10439,2026-05-09,TikTok,India,Creator,2026-05
10440,2026-03-28,Paid Social,India,Creator,2026-03
10441,2026-03-15,X,United States,Creator,2026-03
10442,2026-06-19,Organic,United States,Creator,2026-06
10443,2026-06-29,Paid Social,Other,Viewer,2026-06
10444,2026-06-02,Organic,Nigeria,Viewer,2026-06
10445,2026-07-01,Paid Social,Germany,Creator,2026-07
10446,2026-05-05,YouTube,India,Creator,2026-05
10447,2026-03-08,Referral,United States,Creator,2026-03
10448,2026-01-06,Referral,Nigeria,Viewer,2026-01
10449,2026-05-05,Instagram,India,Creator,2026-05
10450,2026-02-27,Referral,India,Creator,2026-02
10451,2026-03-11,Referral,United Kingdom,Creator,2026-03
10452,2026-02-22,TikTok,United Kingdom,Creator,2026-02
10453,2026-03-07,TikTok,India,Creator,2026-03
10454,2026-02-27,Paid Social,India,Creator,2026-02
10455,2026-03-23,Instagram,Canada,Creator,2026-03
10456,2026-03-28,Referral,India,Creator,2026-03
10457,2026-01-02,X,Other,Creator,2026-01
10458,2026-07-23,X,Other,Creator,2026-07
10459,2026-05-30,Organic,Other,Creator,2026-05
10460,2026-02-06,Organic,India,Creator,2026-02
10461,2026-05-28,Instagram,India,Creator,2026-05
10462,2026-04-13,X,Other,Creator,2026-04
10463,2026-01-24,YouTube,United States,Viewer,2026-01
10464,2026-04-22,YouTube,United States,Creator,2026-04
10465,2026-07-31,YouTube,India,Creator,2026-07
10466,2026-03-06,Referral,India,Viewer,2026-03
10467,2026-07-12,TikTok,Canada,Creator,2026-07
10468,2026-07-28,YouTube,Other,Viewer,2026-07
10469,2026-05-09,Organic,Canada,Creator,2026-05
10470,2026-04-27,Instagram,United Kingdom,Creator,2026-04
10471,2026-04-26,Organic,United States,Creator,2026-04
10472,2026-08-10,TikTok,Nigeria,Viewer,2026-08
10473,2026-04-15,TikTok,India,Creator,2026-04
10474,2026-01-03,Organic,India,Creator,2026-01
10475,2026-02-15,Instagram,India,Viewer,2026-02
10476,2026-02-24,Paid Social,United Kingdom,Viewer,2026-02
10477,2026-03-16,TikTok,India,Viewer,2026-03
10478,2026-08-04,Referral,Other,Viewer,2026-08
10479,2026-08-02,Instagram,Other,Creator,2026-08
10480,2026-07-11,TikTok,India,Creator,2026-07
10481,2026-08-24,Organic,United States,Creator,2026-08
10482,2026-02-14,Organic,Canada,Creator,2026-02
10483,2026-06-03,Referral,Other,Creator,2026-06
10484,2026-03-18,Organic,Other,Creator,2026-03
10485,2026-07-12,Organic,India,Creator,2026-07
10486,2026-01-24,TikTok,India,Creator,2026-01
10487,2026-07-21,X,United States,Viewer,2026-07
10488,2026-02-04,YouTube,United States,Viewer,2026-02
10489,2026-01-24,TikTok,United States,Creator,2026-01
10490,2026-01-28,Instagram,Canada,Creator,2026-01
10491,2026-08-16,Instagram,India,Viewer,2026-08
10492,2026-07-27,Organic,Germany,Creator,2026-07
10493,2026-08-20,TikTok,India,Creator,2026-08
10494,2026-01-16,X,United States,Viewer,2026-01
10495,2026-02-28,X,United States,Creator,2026-02
10496,2026-07-28,Referral,United States,Viewer,2026-07
10497,2026-07-01,YouTube,Canada,Creator,2026-07
10498,2026-07-26,Organic,United States,Viewer,2026-07
10499,2026-05-24,Organic,Other,Creator,2026-05
10500,2026-01-15,Instagram,Other,Creator,2026-01
10501,2026-08-14,Referral,Germany,Creator,2026-08
10502,2026-01-11,Organic,Nigeria,Creator,2026-01
10503,2026-07-12,Paid Social,Nigeria,Creator,2026-07
10504,2026-03-20,Instagram,India,Creator,2026-03
10505,2026-08-06,TikTok,Nigeria,Creator,2026-08
10506,2026-04-25,YouTube,Other,Viewer,2026-04
10507,2026-03-09,Organic,India,Creator,2026-03
10508,2026-02-12,Instagram,Canada,Creator,2026-02
10509,2026-03-10,Instagram,Other,Viewer,2026-03
10510,2026-08-15,Organic,Other,Creator,2026-08
10511,2026-05-21,Referral,United States,Creator,2026-05
10512,2026-05-18,Referral,United States,Creator,2026-05
10513,2026-03-16,Organic,India,Creator,2026-03
10514,2026-07-29,TikTok,Canada,Creator,2026-07
10515,2026-08-14,Organic,India,Creator,2026-08
10516,2026-04-13,Referral,India,Viewer,2026-04
10517,2026-02-10,TikTok,United States,Viewer,2026-02
10518,2026-08-22,Instagram,United States,Viewer,2026-08
10519,2026-06-27,TikTok,United States,Viewer,2026-06
10520,2026-08-03,TikTok,Nigeria,Creator,2026-08
10521,2026-07-18,Referral,Other,Creator,2026-07
10522,2026-02-28,Referral,India,Viewer,2026-02
10523,2026-02-08,Instagram,Canada,Creator,2026-02
10524,2026-01-03,YouTube,United Kingdom,Viewer,2026-01
10525,2026-07-23,Instagram,India,Viewer,2026-07
10526,2026-01-07,Organic,Germany,Creator,2026-01
10527,2026-02-18,Organic,India,Creator,2026-02
10528,2026-01-26,TikTok,Canada,Creator,2026-01
10529,2026-06-10,Referral,United Kingdom,Creator,2026-06
10530,2026-04-11,Paid Social,United Kingdom,Creator,2026-04
10531,2026-06-25,Organic,India,Viewer,2026-06
10532,2026-03-20,TikTok,Nigeria,Creator,2026-03
10533,2026-01-02,Organic,Canada,Creator,2026-01
10534,2026-08-21,Referral,United Kingdom,Viewer,2026-08
10535,2026-05-07,Referral,Germany,Creator,2026-05
10536,2026-07-18,Organic,United Kingdom,Viewer,2026-07
10537,2026-06-09,YouTube,India,Viewer,2026-06
10538,2026-05-12,Referral,India,Creator,2026-05
10539,2026-01-20,Organic,United Kingdom,Creator,2026-01
10540,2026-04-27,Instagram,Canada,Creator,2026-04
10541,2026-06-13,X,India,Viewer,2026-06
10542,2026-02-01,Organic,India,Viewer,2026-02
10543,2026-01-28,TikTok,India,Creator,2026-01
10544,2026-03-18,Organic,Nigeria,Creator,2026-03
10545,2026-01-01,Instagram,Nigeria,Viewer,2026-01
10546,2026-07-07,Referral,Nigeria,Creator,2026-07
10547,2026-02-25,Instagram,United States,Creator,2026-02
10548,2026-02-04,Organic,United States,Creator,2026-02
10549,2026-04-22,Organic,Canada,Creator,2026-04
10550,2026-01-30,X,India,Creator,2026-01
10551,2026-02-23,TikTok,India,Creator,2026-02
10552,2026-02-05,X,United Kingdom,Viewer,2026-02
10553,2026-07-02,Organic,Other,Creator,2026-07
10554,2026-08-05,Referral,United States,Creator,2026-08
10555,2026-03-21,Referral,Other,Creator,2026-03
10556,2026-02-27,Paid Social,India,Creator,2026-02
10557,2026-03-24,TikTok,India,Creator,2026-03
10558,2026-03-06,YouTube,United States,Creator,2026-03
10559,2026-03-10,Organic,Canada,Viewer,2026-03
10560,2026-05-08,Referral,United States,Viewer,2026-05
10561,2026-02-20,Organic,Nigeria,Viewer,2026-02
10562,2026-01-22,Referral,India,Creator,2026-01
10563,2026-08-04,Instagram,United States,Viewer,2026-08
10564,2026-04-17,Referral,India,Creator,2026-04
10565,2026-04-19,Referral,Nigeria,Creator,2026-04
10566,2026-04-26,TikTok,Nigeria,Viewer,2026-04
10567,2026-04-11,Paid Social,Canada,Creator,2026-04
10568,2026-06-30,TikTok,Nigeria,Creator,2026-06
10569,2026-04-10,Paid Social,United Kingdom,Viewer,2026-04
10570,2026-06-13,Referral,Nigeria,Creator,2026-06
10571,2026-03-09,Paid Social,Other,Creator,2026-03
10572,2026-02-05,Organic,Canada,Viewer,2026-02
10573,2026-06-29,Organic,Canada,Creator,2026-06
10574,2026-06-30,Referral,United Kingdom,Creator,2026-06
10575,2026-07-29,Paid Social,Nigeria,Creator,2026-07
10576,2026-06-27,Organic,United States,Creator,2026-06
10577,2026-07-27,Organic,Canada,Viewer,2026-07
10578,2026-06-18,Organic,India,Creator,2026-06
10579,2026-05-26,Referral,India,Creator,2026-05
10580,2026-01-22,Referral,United Kingdom,Creator,2026-01
10581,2026-03-07,TikTok,India,Creator,2026-03
10582,2026-01-21,Organic,Other,Creator,2026-01
10583,2026-04-10,X,Canada,Creator,2026-04
10584,2026-05-08,Organic,United Kingdom,Creator,2026-05
10585,2026-02-13,Referral,United States,Creator,2026-02
10586,2026-04-13,Instagram,United Kingdom,Viewer,2026-04
10587,2026-02-16,YouTube,United States,Viewer,2026-02
10588,2026-02-08,Referral,United States,Creator,2026-02
10589,2026-01-29,Instagram,Other,Creator,2026-01
10590,2026-02-23,TikTok,India,Viewer,2026-02
10591,2026-03-31,Referral,Canada,Creator,2026-03
10592,2026-03-26,Organic,Germany,Creator,2026-03
10593,2026-01-17,Paid Social,Other,Creator,2026-01
10594,2026-03-21,Organic,Nigeria,Viewer,2026-03
10595,2026-07-07,Referral,Nigeria,Creator,2026-07
10596,2026-06-08,Organic,Other,Creator,2026-06
10597,2026-03-14,Organic,Germany,Viewer,2026-03
10598,2026-08-11,TikTok,Canada,Viewer,2026-08
10599,2026-07-25,Paid Social,Canada,Creator,2026-07
10600,2026-02-18,Paid Social,Nigeria,Creator,2026-02
10601,2026-04-11,Organic,India,Viewer,2026-04
10602,2026-01-02,Organic,India,Creator,2026-01
10603,2026-06-25,TikTok,United Kingdom,Viewer,2026-06
10604,2026-05-22,TikTok,United States,Creator,2026-05
10605,2026-02-28,Referral,United Kingdom,Viewer,2026-02
10606,2026-04-07,Instagram,Nigeria,Creator,2026-04
10607,2026-04-09,Referral,United States,Creator,2026-04
10608,2026-07-05,Referral,India,Creator,2026-07
10609,2026-04-13,X,United Kingdom,Creator,2026-04
10610,2026-07-05,Referral,Other,Creator,2026-07
10611,2026-06-28,Organic,Canada,Viewer,2026-06
10612,2026-07-31,Organic,India,Viewer,2026-07
10613,2026-01-02,Referral,Nigeria,Creator,2026-01
10614,2026-02-10,Organic,Germany,Creator,2026-02
10615,2026-07-30,Organic,Nigeria,Viewer,2026-07
10616,2026-05-03,Paid Social,United States,Viewer,2026-05
10617,2026-08-17,X,United States,Creator,2026-08
10618,2026-03-23,Instagram,United States,Creator,2026-03
10619,2026-05-24,YouTube,India,Creator,2026-05
10620,2026-05-12,TikTok,India,Creator,2026-05
10621,2026-05-20,Paid Social,Nigeria,Creator,2026-05
10622,2026-01-29,Organic,Nigeria,Creator,2026-01
10623,2026-05-15,YouTube,Canada,Creator,2026-05
10624,2026-01-14,Referral,United States,Creator,2026-01
10625,2026-01-12,Instagram,United States,Viewer,2026-01
10626,2026-04-09,Referral,United Kingdom,Viewer,2026-04
10627,2026-05-13,Paid Social,Other,Viewer,2026-05
10628,2026-03-22,Referral,United States,Creator,2026-03
10629,2026-04-16,TikTok,United States,Creator,2026-04
10630,2026-02-01,X,United States,Viewer,2026-02
10631,2026-03-15,Paid Social,Canada,Creator,2026-03
10632,2026-06-20,Instagram,Other,Viewer,2026-06
10633,2026-03-22,YouTube,Nigeria,Creator,2026-03
10634,2026-03-10,Instagram,Germany,Viewer,2026-03
10635,2026-02-14,Organic,United States,Creator,2026-02
10636,2026-04-16,Organic,India,Creator,2026-04
10637,2026-05-17,Paid Social,Other,Creator,2026-05
10638,2026-06-26,X,United States,Viewer,2026-06
10639,2026-06-10,Organic,India,Creator,2026-06
10640,2026-08-16,Referral,Other,Creator,2026-08
10641,2026-04-10,Instagram,United States,Viewer,2026-04
10642,2026-05-26,Referral,India,Creator,2026-05
10643,2026-01-09,Organic,United States,Viewer,2026-01
10644,2026-03-03,Paid Social,Nigeria,Viewer,2026-03
10645,2026-07-04,X,India,Creator,2026-07
10646,2026-01-29,Referral,United States,Creator,2026-01
10647,2026-05-05,Organic,United Kingdom,Creator,2026-05
10648,2026-04-24,TikTok,Other,Creator,2026-04
10649,2026-07-25,Organic,United States,Viewer,2026-07
10650,2026-06-02,Paid Social,Nigeria,Creator,2026-06
10651,2026-05-23,Organic,United Kingdom,Creator,2026-05
10652,2026-05-14,YouTube,India,Creator,2026-05
10653,2026-04-30,Organic,United States,Creator,2026-04
10654,2026-06-19,Organic,United Kingdom,Creator,2026-06
10655,2026-06-06,TikTok,Canada,Viewer,2026-06
10656,2026-03-20,Referral,United States,Viewer,2026-03
10657,2026-04-03,Referral,India,Viewer,2026-04
10658,2026-01-04,Paid Social,India,Creator,2026-01
10659,2026-03-23,Paid Social,Nigeria,Creator,2026-03
10660,2026-07-04,Organic,Nigeria,Creator,2026-07
10661,2026-06-26,Referral,Nigeria,Viewer,2026-06
10662,2026-06-21,Instagram,Canada,Creator,2026-06
10663,2026-08-19,Referral,Other,Creator,2026-08
10664,2026-07-27,Organic,Other,Viewer,2026-07
10665,2026-03-16,Referral,United Kingdom,Viewer,2026-03
10666,2026-01-14,Organic,Nigeria,Creator,2026-01
10667,2026-05-11,TikTok,India,Creator,2026-05
10668,2026-04-24,Organic,United States,Creator,2026-04
10669,2026-03-03,Organic,Nigeria,Viewer,2026-03
10670,2026-04-16,Instagram,Other,Creator,2026-04
10671,2026-03-05,Referral,India,Creator,2026-03
10672,2026-04-12,Referral,Canada,Creator,2026-04
10673,2026-06-22,Organic,Other,Creator,2026-06
10674,2026-04-16,Organic,Germany,Viewer,2026-04
10675,2026-07-29,TikTok,Canada,Creator,2026-07
10676,2026-07-05,Paid Social,India,Creator,2026-07
10677,2026-01-20,Organic,India,Viewer,2026-01
10678,2026-02-27,Instagram,India,Creator,2026-02
10679,2026-04-22,Organic,Canada,Creator,2026-04
10680,2026-08-05,Instagram,India,Creator,2026-08
10681,2026-02-26,Organic,United States,Viewer,2026-02
10682,2026-08-18,Organic,Nigeria,Viewer,2026-08
10683,2026-07-24,Organic,Nigeria,Creator,2026-07
10684,2026-07-15,Organic,Nigeria,Creator,2026-07
10685,2026-04-29,Organic,Other,Creator,2026-04
10686,2026-07-25,YouTube,India,Creator,2026-07
10687,2026-04-07,Organic,Nigeria,Creator,2026-04
10688,2026-04-02,Organic,Nigeria,Creator,2026-04
10689,2026-02-21,Organic,United States,Creator,2026-02
10690,2026-02-06,Referral,Nigeria,Viewer,2026-02
10691,2026-01-08,X,United Kingdom,Creator,2026-01
10692,2026-02-13,Referral,United Kingdom,Creator,2026-02
10693,2026-04-08,TikTok,India,Creator,2026-04
10694,2026-08-24,Organic,Germany,Creator,2026-08
10695,2026-05-13,Organic,Other,Creator,2026-05
10696,2026-04-28,Instagram,India,Viewer,2026-04
10697,2026-03-10,X,United States,Creator,2026-03
10698,2026-06-08,Paid Social,Nigeria,Creator,2026-06
10699,2026-02-14,Paid Social,India,Creator,2026-02
10700,2026-05-17,TikTok,Nigeria,Creator,2026-05
10701,2026-08-22,TikTok,India,Creator,2026-08
10702,2026-02-01,Organic,Other,Viewer,2026-02
10703,2026-02-02,Organic,United States,Creator,2026-02
10704,2026-05-06,Paid Social,Other,Creator,2026-05
10705,2026-03-08,Organic,India,Creator,2026-03
10706,2026-01-30,Paid Social,India,Viewer,2026-01
10707,2026-04-24,Instagram,United States,Creator,2026-04
10708,2026-07-23,Instagram,Other,Creator,2026-07
10709,2026-01-29,Organic,Nigeria,Creator,2026-01
10710,2026-05-11,YouTube,Canada,Creator,2026-05
10711,2026-08-06,Instagram,United States,Creator,2026-08
10712,2026-07-04,TikTok,India,Creator,2026-07
10713,2026-01-30,Organic,United Kingdom,Creator,2026-01
10714,2026-05-17,Organic,United Kingdom,Creator,2026-05
10715,2026-06-03,Instagram,India,Creator,2026-06
10716,2026-05-10,TikTok,India,Viewer,2026-05
10717,2026-03-03,YouTube,United States,Viewer,2026-03
10718,2026-01-03,YouTube,United States,Viewer,2026-01
10719,2026-06-23,TikTok,Canada,Creator,2026-06
10720,2026-03-09,YouTube,United States,Viewer,2026-03
10721,2026-01-25,Organic,United Kingdom,Viewer,2026-01
10722,2026-06-28,YouTube,United Kingdom,Creator,2026-06
10723,2026-05-21,Organic,United Kingdom,Creator,2026-05
10724,2026-08-19,Organic,Nigeria,Creator,2026-08
10725,2026-02-13,Organic,Germany,Viewer,2026-02
10726,2026-06-12,Referral,United Kingdom,Creator,2026-06
10727,2026-02-24,Organic,Germany,Creator,2026-02
10728,2026-08-03,Organic,United Kingdom,Viewer,2026-08
10729,2026-05-17,TikTok,India,Viewer,2026-05
10730,2026-05-10,Organic,United States,Creator,2026-05
10731,2026-07-08,Referral,United States,Creator,2026-07
10732,2026-02-10,X,India,Creator,2026-02
10733,2026-06-21,Paid Social,United Kingdom,Viewer,2026-06
10734,2026-03-05,Organic,Nigeria,Creator,2026-03
10735,2026-01-31,Organic,Nigeria,Creator,2026-01
10736,2026-08-24,Referral,United States,Creator,2026-08
10737,2026-02-16,YouTube,Nigeria,Creator,2026-02
10738,2026-05-10,Organic,India,Viewer,2026-05
10739,2026-04-06,X,India,Creator,2026-04
10740,2026-07-29,Referral,United Kingdom,Creator,2026-07
10741,2026-03-18,Organic,India,Creator,2026-03
10742,2026-04-20,YouTube,India,Creator,2026-04
10743,2026-03-10,Organic,United States,Viewer,2026-03
10744,2026-02-27,Paid Social,India,Creator,2026-02
10745,2026-04-16,Instagram,India,Creator,2026-04
10746,2026-02-13,Organic,United States,Viewer,2026-02
10747,2026-03-15,TikTok,India,Creator,2026-03
10748,2026-02-25,Paid Social,India,Creator,2026-02
10749,2026-06-20,Referral,Canada,Creator,2026-06
10750,2026-05-07,TikTok,United States,Viewer,2026-05
10751,2026-08-05,X,Nigeria,Creator,2026-08
10752,2026-06-11,X,United States,Creator,2026-06
10753,2026-08-17,Organic,Other,Creator,2026-08
10754,2026-01-30,Organic,Canada,Viewer,2026-01
10755,2026-03-12,X,United States,Viewer,2026-03
10756,2026-07-17,TikTok,India,Creator,2026-07
10757,2026-04-28,Organic,India,Viewer,2026-04
10758,2026-02-24,Referral,Canada,Creator,2026-02
10759,2026-03-08,Instagram,United States,Creator,2026-03
10760,2026-05-21,TikTok,India,Creator,2026-05
10761,2026-01-03,Organic,Other,Creator,2026-01
10762,2026-01-26,X,United States,Creator,2026-01
10763,2026-02-26,YouTube,Nigeria,Viewer,2026-02
10764,2026-05-06,YouTube,Germany,Creator,2026-05
10765,2026-06-01,Organic,Germany,Viewer,2026-06
10766,2026-02-22,X,United Kingdom,Creator,2026-02
10767,2026-07-17,Paid Social,Other,Viewer,2026-07
10768,2026-02-12,TikTok,Other,Creator,2026-02
10769,2026-07-07,Organic,Other,Creator,2026-07
10770,2026-07-05,Referral,United States,Creator,2026-07
10771,2026-02-18,Organic,United States,Creator,2026-02
10772,2026-02-11,Organic,India,Viewer,2026-02
10773,2026-07-23,Organic,Germany,Creator,2026-07
10774,2026-08-16,Organic,India,Creator,2026-08
10775,2026-07-13,TikTok,United States,Creator,2026-07
10776,2026-01-11,Organic,India,Viewer,2026-01
10777,2026-04-13,Referral,Nigeria,Creator,2026-04
10778,2026-04-08,Instagram,United Kingdom,Creator,2026-04
10779,2026-08-06,X,India,Viewer,2026-08
10780,2026-05-26,TikTok,Canada,Viewer,2026-05
10781,2026-03-26,YouTube,United States,Viewer,2026-03
10782,2026-04-10,Instagram,United States,Creator,2026-04
10783,2026-04-14,Referral,Other,Creator,2026-04
10784,2026-06-29,Referral,Nigeria,Viewer,2026-06
10785,2026-02-15,YouTube,India,Viewer,2026-02
10786,2026-02-13,Instagram,Other,Viewer,2026-02
10787,2026-01-22,Referral,United States,Creator,2026-01
10788,2026-06-30,Instagram,United Kingdom,Creator,2026-06
10789,2026-07-06,Organic,Canada,Viewer,2026-07
10790,2026-08-10,Organic,United States,Viewer,2026-08
10791,2026-04-24,Paid Social,Nigeria,Creator,2026-04
10792,2026-08-23,Organic,India,Creator,2026-08
10793,2026-05-05,Referral,United States,Creator,2026-05
10794,2026-05-04,Organic,United States,Viewer,2026-05
10795,2026-01-30,Instagram,Nigeria,Creator,2026-01
10796,2026-01-08,YouTube,United Kingdom,Viewer,2026-01
10797,2026-04-08,Organic,United Kingdom,Creator,2026-04
10798,2026-02-26,Referral,Canada,Creator,2026-02
10799,2026-04-21,YouTube,India,Creator,2026-04
10800,2026-03-14,Instagram,India,Viewer,2026-03
10801,2026-04-25,X,India,Creator,2026-04
10802,2026-01-20,Organic,Other,Creator,2026-01
10803,2026-08-20,Instagram,Germany,Creator,2026-08
10804,2026-01-25,Organic,Other,Creator,2026-01
10805,2026-01-19,TikTok,India,Creator,2026-01
10806,2026-01-05,Paid Social,Nigeria,Creator,2026-01
10807,2026-03-16,X,Nigeria,Creator,2026-03
10808,2026-07-26,Referral,Nigeria,Creator,2026-07
10809,2026-05-08,X,United Kingdom,Creator,2026-05
10810,2026-03-13,Organic,United States,Viewer,2026-03
10811,2026-07-30,X,United Kingdom,Creator,2026-07
10812,2026-08-03,Referral,Canada,Creator,2026-08
10813,2026-06-04,Organic,United States,Viewer,2026-06
10814,2026-02-09,Referral,Other,Creator,2026-02
10815,2026-08-12,X,Nigeria,Creator,2026-08
10816,2026-01-26,Organic,Canada,Creator,2026-01
10817,2026-01-27,Instagram,Canada,Viewer,2026-01
10818,2026-07-09,TikTok,Nigeria,Creator,2026-07
10819,2026-03-24,TikTok,United States,Creator,2026-03
10820,2026-05-08,Referral,United Kingdom,Viewer,2026-05
10821,2026-06-27,Paid Social,India,Creator,2026-06
10822,2026-06-19,Referral,Other,Creator,2026-06
10823,2026-06-06,Referral,India,Creator,2026-06
10824,2026-06-16,Paid Social,India,Viewer,2026-06
10825,2026-07-07,Paid Social,Other,Creator,2026-07
10826,2026-06-18,Organic,India,Creator,2026-06
10827,2026-02-02,Instagram,India,Viewer,2026-02
10828,2026-07-30,Organic,Germany,Creator,2026-07
10829,2026-08-17,Instagram,India,Creator,2026-08
10830,2026-07-30,Paid Social,India,Creator,2026-07
10831,2026-04-07,Organic,India,Viewer,2026-04
10832,2026-04-21,YouTube,Other,Creator,2026-04
10833,2026-01-16,YouTube,United States,Viewer,2026-01
10834,2026-01-23,Organic,United Kingdom,Creator,2026-01
10835,2026-05-15,Organic,United States,Creator,2026-05
10836,2026-01-26,Instagram,India,Creator,2026-01
10837,2026-04-06,Organic,India,Creator,2026-04
10838,2026-01-12,X,Other,Creator,2026-01
10839,2026-03-13,Instagram,Nigeria,Creator,2026-03
10840,2026-05-13,Instagram,India,Creator,2026-05
10841,2026-04-16,Organic,India,Creator,2026-04
10842,2026-08-08,Instagram,United States,Creator,2026-08
10843,2026-04-27,Organic,Nigeria,Viewer,2026-04
10844,2026-07-16,Paid Social,India,Creator,2026-07
10845,2026-06-26,TikTok,India,Viewer,2026-06
10846,2026-01-26,Referral,Canada,Creator,2026-01
10847,2026-05-13,YouTube,United States,Viewer,2026-05
10848,2026-01-22,Referral,India,Creator,2026-01
10849,2026-07-26,TikTok,India,Creator,2026-07
10850,2026-01-13,Organic,United States,Creator,2026-01
10851,2026-06-05,TikTok,India,Creator,2026-06
10852,2026-06-10,Organic,India,Creator,2026-06
10853,2026-04-17,Paid Social,Canada,Creator,2026-04
10854,2026-01-23,TikTok,Nigeria,Creator,2026-01
10855,2026-04-07,Paid Social,Nigeria,Creator,2026-04
10856,2026-08-23,Referral,Nigeria,Creator,2026-08
10857,2026-01-18,Organic,Canada,Creator,2026-01
10858,2026-04-27,YouTube,India,Viewer,2026-04
10859,2026-01-30,Organic,India,Creator,2026-01
10860,2026-01-26,Organic,India,Viewer,2026-01
10861,2026-05-24,Organic,Other,Viewer,2026-05
10862,2026-07-24,Paid Social,Nigeria,Creator,2026-07
10863,2026-02-08,Instagram,India,Creator,2026-02
10864,2026-06-10,YouTube,India,Viewer,2026-06
10865,2026-06-03,TikTok,Canada,Creator,2026-06
10866,2026-06-25,Instagram,India,Viewer,2026-06
10867,2026-07-12,TikTok,Canada,Creator,2026-07
10868,2026-06-15,TikTok,Other,Creator,2026-06
10869,2026-05-10,Organic,India,Creator,2026-05
10870,2026-04-23,TikTok,India,Creator,2026-04
10871,2026-05-14,YouTube,India,Creator,2026-05
10872,2026-02-15,Organic,India,Creator,2026-02
10873,2026-02-19,Paid Social,United Kingdom,Creator,2026-02
10874,2026-06-15,Organic,India,Creator,2026-06
10875,2026-04-16,Instagram,United States,Creator,2026-04
10876,2026-08-04,Organic,Nigeria,Creator,2026-08
10877,2026-05-26,Organic,Other,Viewer,2026-05
10878,2026-06-04,Paid Social,United States,Viewer,2026-06
10879,2026-06-18,Referral,India,Viewer,2026-06
10880,2026-03-13,YouTube,United States,Creator,2026-03
10881,2026-08-08,Referral,United Kingdom,Creator,2026-08
10882,2026-03-15,Referral,India,Viewer,2026-03
10883,2026-01-17,YouTube,India,Creator,2026-01
10884,2026-07-09,Referral,Other,Creator,2026-07
10885,2026-06-06,TikTok,India,Creator,2026-06
10886,2026-07-05,X,India,Viewer,2026-07
10887,2026-03-11,Referral,Germany,Creator,2026-03
10888,2026-07-25,Organic,India,Creator,2026-07
10889,2026-05-30,Referral,India,Viewer,2026-05
10890,2026-01-06,Organic,India,Creator,2026-01
10891,2026-01-26,Referral,United Kingdom,Viewer,2026-01
10892,2026-06-16,TikTok,Other,Creator,2026-06
10893,2026-05-20,TikTok,Nigeria,Viewer,2026-05
10894,2026-04-09,Organic,India,Creator,2026-04
10895,2026-05-22,Paid Social,India,Creator,2026-05
10896,2026-01-22,Organic,Nigeria,Creator,2026-01
10897,2026-02-20,YouTube,United Kingdom,Creator,2026-02
10898,2026-05-31,YouTube,United Kingdom,Creator,2026-05
10899,2026-06-25,TikTok,Nigeria,Creator,2026-06
10900,2026-07-18,Paid Social,Other,Creator,2026-07
10901,2026-04-14,Organic,India,Viewer,2026-04
10902,2026-06-27,X,India,Creator,2026-06
10903,2026-03-30,Instagram,Germany,Viewer,2026-03
10904,2026-05-21,Organic,United States,Creator,2026-05
10905,2026-08-01,Organic,United States,Viewer,2026-08
10906,2026-08-21,Referral,Nigeria,Creator,2026-08
10907,2026-05-18,Paid Social,United States,Creator,2026-05
10908,2026-07-02,Organic,United States,Viewer,2026-07
10909,2026-01-09,Organic,Other,Viewer,2026-01
10910,2026-03-20,Paid Social,India,Creator,2026-03
10911,2026-02-21,Organic,United States,Creator,2026-02
10912,2026-05-10,Instagram,India,Viewer,2026-05
10913,2026-06-02,Instagram,Germany,Creator,2026-06
10914,2026-01-13,Organic,India,Creator,2026-01
10915,2026-08-14,YouTube,Canada,Viewer,2026-08
10916,2026-02-20,Paid Social,India,Viewer,2026-02
10917,2026-07-05,Instagram,United States,Creator,2026-07
10918,2026-02-03,Referral,Canada,Creator,2026-02
10919,2026-02-04,YouTube,India,Creator,2026-02
10920,2026-08-18,Instagram,United States,Creator,2026-08
10921,2026-05-11,Organic,United Kingdom,Creator,2026-05
10922,2026-08-22,Referral,India,Creator,2026-08
10923,2026-04-30,TikTok,Other,Viewer,2026-04
10924,2026-07-06,Organic,India,Viewer,2026-07
10925,2026-03-11,Paid Social,Canada,Creator,2026-03
10926,2026-06-25,Referral,Germany,Viewer,2026-06
10927,2026-07-11,Paid Social,United States,Creator,2026-07
10928,2026-05-27,Organic,India,Viewer,2026-05
10929,2026-03-08,Referral,India,Creator,2026-03
10930,2026-07-29,X,Other,Creator,2026-07
10931,2026-04-13,Paid Social,Canada,Creator,2026-04
10932,2026-03-14,Paid Social,United States,Creator,2026-03
10933,2026-04-26,Paid Social,India,Viewer,2026-04
10934,2026-07-23,Paid Social,India,Creator,2026-07
10935,2026-05-13,Organic,United Kingdom,Creator,2026-05
10936,2026-03-08,Referral,Other,Creator,2026-03
10937,2026-05-19,Organic,India,Viewer,2026-05
10938,2026-05-01,YouTube,Canada,Creator,2026-05
10939,2026-04-04,Paid Social,India,Creator,2026-04
10940,2026-07-15,Organic,Canada,Creator,2026-07
10941,2026-07-16,X,United States,Creator,2026-07
10942,2026-05-09,Referral,United Kingdom,Viewer,2026-05
10943,2026-04-01,Organic,Other,Creator,2026-04
10944,2026-04-02,Organic,United Kingdom,Viewer,2026-04
10945,2026-03-04,Organic,Other,Creator,2026-03
10946,2026-01-29,Organic,India,Creator,2026-01
10947,2026-07-29,YouTube,Other,Viewer,2026-07
10948,2026-01-12,Instagram,Other,Viewer,2026-01
10949,2026-03-18,Organic,India,Creator,2026-03
10950,2026-02-10,Paid Social,United States,Viewer,2026-02
10951,2026-05-10,YouTube,Other,Viewer,2026-05
10952,2026-02-06,Instagram,India,Creator,2026-02
10953,2026-06-22,Organic,United States,Creator,2026-06
10954,2026-07-27,YouTube,Canada,Creator,2026-07
10955,2026-06-25,TikTok,India,Viewer,2026-06
10956,2026-01-24,YouTube,Canada,Creator,2026-01
10957,2026-04-09,YouTube,United States,Creator,2026-04
10958,2026-05-30,Organic,India,Creator,2026-05
10959,2026-04-10,Paid Social,Nigeria,Creator,2026-04
10960,2026-05-19,Instagram,Nigeria,Creator,2026-05
10961,2026-02-27,TikTok,Other,Viewer,2026-02
10962,2026-06-23,Paid Social,United Kingdom,Creator,2026-06
10963,2026-01-29,Instagram,United States,Viewer,2026-01
10964,2026-06-12,YouTube,United Kingdom,Viewer,2026-06
10965,2026-05-23,YouTube,Canada,Creator,2026-05
10966,2026-03-01,Organic,Other,Viewer,2026-03
10967,2026-04-05,Paid Social,United Kingdom,Creator,2026-04
10968,2026-02-11,Instagram,Nigeria,Viewer,2026-02
10969,2026-08-21,TikTok,United States,Viewer,2026-08
10970,2026-02-12,Paid Social,Other,Viewer,2026-02
10971,2026-07-27,Instagram,Canada,Creator,2026-07
10972,2026-03-15,YouTube,India,Viewer,2026-03
10973,2026-06-26,Referral,United Kingdom,Creator,2026-06
10974,2026-07-11,Organic,Nigeria,Creator,2026-07
10975,2026-06-09,Organic,India,Viewer,2026-06
10976,2026-03-05,Organic,Nigeria,Viewer,2026-03
10977,2026-01-02,Paid Social,India,Creator,2026-01
10978,2026-06-01,Organic,United Kingdom,Creator,2026-06
10979,2026-08-03,TikTok,India,Creator,2026-08
10980,2026-03-07,TikTok,India,Creator,2026-03
10981,2026-06-15,TikTok,India,Viewer,2026-06
10982,2026-01-31,YouTube,Nigeria,Creator,2026-01
10983,2026-04-25,Paid Social,India,Creator,2026-04
10984,2026-08-20,TikTok,Germany,Creator,2026-08
10985,2026-01-26,TikTok,India,Creator,2026-01
10986,2026-01-29,Referral,Germany,Creator,2026-01
10987,2026-07-14,Instagram,Nigeria,Creator,2026-07
10988,2026-03-19,Paid Social,Other,Creator,2026-03
10989,2026-01-25,Instagram,India,Creator,2026-01
10990,2026-02-17,TikTok,India,Creator,2026-02
10991,2026-03-06,Paid Social,United Kingdom,Creator,2026-03
10992,2026-06-30,TikTok,United Kingdom,Creator,2026-06
10993,2026-03-08,Organic,United States,Viewer,2026-03
10994,2026-03-31,Organic,India,Creator,2026-03
10995,2026-05-26,Paid Social,United States,Creator,2026-05
10996,2026-05-17,Referral,India,Creator,2026-05
10997,2026-02-07,TikTok,United States,Viewer,2026-02
10998,2026-03-28,Referral,Nigeria,Creator,2026-03
10999,2026-05-29,Instagram,United Kingdom,Viewer,2026-05
11000,2026-03-06,TikTok,Other,Creator,2026-03
11001,2026-05-29,Referral,India,Viewer,2026-05
11002,2026-01-27,Referral,United Kingdom,Viewer,2026-01
11003,2026-04-16,Instagram,India,Creator,2026-04
11004,2026-05-03,Organic,India,Viewer,2026-05
11005,2026-07-17,Organic,United Kingdom,Creator,2026-07
11006,2026-02-13,Referral,Canada,Creator,2026-02
11007,2026-04-10,Referral,Other,Creator,2026-04
11008,2026-01-28,YouTube,Canada,Viewer,2026-01
11009,2026-06-22,Referral,India,Creator,2026-06
11010,2026-01-17,YouTube,India,Creator,2026-01
11011,2026-05-07,Paid Social,Canada,Creator,2026-05
11012,2026-05-03,Organic,Nigeria,Creator,2026-05
11013,2026-06-17,TikTok,United States,Creator,2026-06
11014,2026-05-11,Instagram,United States,Creator,2026-05
11015,2026-03-17,TikTok,Other,Creator,2026-03
11016,2026-08-19,YouTube,Canada,Creator,2026-08
11017,2026-07-23,Paid Social,United States,Viewer,2026-07
11018,2026-07-13,TikTok,Other,Viewer,2026-07
11019,2026-02-15,Paid Social,Canada,Creator,2026-02
11020,2026-08-02,Instagram,India,Viewer,2026-08
11021,2026-08-03,Instagram,India,Creator,2026-08
11022,2026-06-07,X,Nigeria,Creator,2026-06
11023,2026-03-10,Organic,United States,Creator,2026-03
11024,2026-05-17,TikTok,Germany,Viewer,2026-05
11025,2026-03-26,X,Other,Creator,2026-03
11026,2026-01-11,Paid Social,India,Creator,2026-01
11027,2026-03-10,YouTube,Canada,Viewer,2026-03
11028,2026-04-09,TikTok,Nigeria,Viewer,2026-04
11029,2026-04-01,Organic,United States,Creator,2026-04
11030,2026-07-13,Paid Social,Canada,Viewer,2026-07
11031,2026-08-04,Instagram,Nigeria,Creator,2026-08
11032,2026-06-08,Paid Social,United Kingdom,Creator,2026-06
11033,2026-06-10,Instagram,India,Creator,2026-06
11034,2026-06-16,X,Nigeria,Creator,2026-06
11035,2026-04-04,YouTube,United States,Creator,2026-04
11036,2026-06-23,TikTok,Nigeria,Creator,2026-06
11037,2026-06-14,YouTube,India,Creator,2026-06
11038,2026-04-25,Instagram,United Kingdom,Creator,2026-04
11039,2026-08-08,YouTube,India,Creator,2026-08
11040,2026-07-07,Referral,India,Creator,2026-07
11041,2026-01-31,Organic,India,Viewer,2026-01
11042,2026-01-11,X,Germany,Creator,2026-01
11043,2026-03-28,Organic,India,Viewer,2026-03
11044,2026-05-01,Organic,Canada,Creator,2026-05
11045,2026-05-10,YouTube,India,Creator,2026-05
11046,2026-08-20,Organic,Nigeria,Creator,2026-08
11047,2026-04-15,X,Canada,Viewer,2026-04
11048,2026-01-27,Organic,India,Creator,2026-01
11049,2026-08-15,TikTok,India,Viewer,2026-08
11050,2026-01-02,Organic,United States,Creator,2026-01
11051,2026-04-13,Organic,United Kingdom,Viewer,2026-04
11052,2026-04-11,Referral,India,Viewer,2026-04
11053,2026-01-21,YouTube,Nigeria,Viewer,2026-01
11054,2026-02-27,Paid Social,India,Creator,2026-02
11055,2026-05-13,Organic,United States,Creator,2026-05
11056,2026-06-29,Referral,United Kingdom,Creator,2026-06
11057,2026-06-22,YouTube,India,Viewer,2026-06
11058,2026-03-26,Organic,Germany,Creator,2026-03
11059,2026-04-03,YouTube,Other,Creator,2026-04
11060,2026-01-20,YouTube,India,Viewer,2026-01
11061,2026-03-02,Instagram,Canada,Creator,2026-03
11062,2026-02-07,YouTube,United States,Creator,2026-02
11063,2026-05-28,Instagram,United Kingdom,Creator,2026-05
11064,2026-01-25,TikTok,United States,Viewer,2026-01
11065,2026-05-10,Instagram,Other,Creator,2026-05
11066,2026-05-01,Paid Social,United States,Viewer,2026-05
11067,2026-06-09,TikTok,Germany,Viewer,2026-06
11068,2026-01-26,TikTok,Canada,Creator,2026-01
11069,2026-07-17,X,India,Creator,2026-07
11070,2026-06-18,Referral,India,Creator,2026-06
11071,2026-03-08,Referral,Canada,Viewer,2026-03
11072,2026-08-13,Organic,United States,Creator,2026-08
11073,2026-01-01,YouTube,Other,Creator,2026-01
11074,2026-02-20,Instagram,Other,Creator,2026-02
11075,2026-01-05,Instagram,United Kingdom,Creator,2026-01
11076,2026-01-13,X,Nigeria,Creator,2026-01
11077,2026-05-27,Referral,India,Creator,2026-05
11078,2026-05-20,Referral,Other,Creator,2026-05
11079,2026-02-17,YouTube,India,Creator,2026-02
11080,2026-06-02,X,United States,Viewer,2026-06
11081,2026-02-26,TikTok,United States,Creator,2026-02
11082,2026-04-25,Organic,Other,Viewer,2026-04
11083,2026-02-04,Paid Social,India,Creator,2026-02
11084,2026-03-17,Instagram,Other,Creator,2026-03
11085,2026-04-04,X,United States,Creator,2026-04
11086,2026-01-05,Referral,India,Viewer,2026-01
11087,2026-08-14,Organic,Canada,Creator,2026-08
11088,2026-01-22,Referral,India,Viewer,2026-01
11089,2026-04-13,Referral,India,Viewer,2026-04
11090,2026-07-24,Referral,Canada,Creator,2026-07
11091,2026-07-04,Organic,India,Creator,2026-07
11092,2026-06-24,Instagram,United States,Creator,2026-06
11093,2026-07-01,Organic,United States,Viewer,2026-07
11094,2026-05-11,X,Nigeria,Creator,2026-05
11095,2026-05-04,YouTube,Canada,Creator,2026-05
11096,2026-02-22,Organic,India,Viewer,2026-02
11097,2026-07-31,YouTube,India,Creator,2026-07
11098,2026-06-08,Instagram,India,Creator,2026-06
11099,2026-03-10,Referral,United States,Creator,2026-03
11100,2026-08-04,Instagram,Nigeria,Viewer,2026-08
11101,2026-04-14,TikTok,India,Creator,2026-04
11102,2026-06-10,TikTok,Canada,Creator,2026-06
11103,2026-07-19,Paid Social,Other,Creator,2026-07
11104,2026-08-04,Instagram,Germany,Viewer,2026-08
11105,2026-06-27,TikTok,India,Creator,2026-06
11106,2026-07-31,Organic,Nigeria,Creator,2026-07
11107,2026-01-16,TikTok,Germany,Viewer,2026-01
11108,2026-04-26,Referral,United States,Creator,2026-04
11109,2026-03-17,Referral,Other,Viewer,2026-03
11110,2026-07-24,Organic,Other,Creator,2026-07
11111,2026-04-19,TikTok,India,Creator,2026-04
11112,2026-08-22,Organic,Nigeria,Creator,2026-08
11113,2026-02-08,Paid Social,India,Viewer,2026-02
11114,2026-03-30,X,United States,Creator,2026-03
11115,2026-06-23,Referral,Germany,Creator,2026-06
11116,2026-08-12,YouTube,Other,Viewer,2026-08
11117,2026-08-04,Referral,Other,Viewer,2026-08
11118,2026-04-22,Paid Social,India,Creator,2026-04
11119,2026-02-16,Organic,Other,Creator,2026-02
11120,2026-06-21,Paid Social,Germany,Creator,2026-06
11121,2026-05-17,Referral,Other,Viewer,2026-05
11122,2026-08-20,TikTok,Other,Creator,2026-08
11123,2026-08-03,Referral,Nigeria,Viewer,2026-08
11124,2026-05-08,Referral,India,Creator,2026-05
11125,2026-06-27,Referral,India,Creator,2026-06
11126,2026-03-18,Organic,India,Creator,2026-03
11127,2026-07-07,YouTube,United Kingdom,Creator,2026-07
11128,2026-08-12,Organic,United States,Creator,2026-08
11129,2026-01-15,Referral,Nigeria,Viewer,2026-01
11130,2026-02-05,Paid Social,India,Creator,2026-02
11131,2026-03-04,YouTube,Other,Viewer,2026-03
11132,2026-03-10,Instagram,India,Viewer,2026-03
11133,2026-08-02,YouTube,United States,Creator,2026-08
11134,2026-07-27,TikTok,United States,Creator,2026-07
11135,2026-06-18,X,India,Viewer,2026-06
11136,2026-03-15,YouTube,United Kingdom,Creator,2026-03
11137,2026-01-24,Organic,Nigeria,Creator,2026-01
11138,2026-07-29,Organic,Nigeria,Viewer,2026-07
11139,2026-02-18,YouTube,Germany,Creator,2026-02
11140,2026-05-26,Instagram,India,Viewer,2026-05
11141,2026-01-07,Paid Social,Other,Creator,2026-01
11142,2026-01-04,TikTok,Other,Creator,2026-01
11143,2026-03-31,Organic,Germany,Viewer,2026-03
11144,2026-07-16,YouTube,United States,Creator,2026-07
11145,2026-03-01,YouTube,India,Viewer,2026-03
11146,2026-02-24,X,United States,Creator,2026-02
11147,2026-01-16,YouTube,India,Viewer,2026-01
11148,2026-08-15,Instagram,India,Viewer,2026-08
11149,2026-08-06,YouTube,India,Creator,2026-08
11150,2026-07-29,Organic,United States,Viewer,2026-07
11151,2026-01-29,TikTok,India,Creator,2026-01
11152,2026-05-31,Organic,Other,Viewer,2026-05
11153,2026-01-14,Organic,United Kingdom,Creator,2026-01
11154,2026-03-20,Organic,India,Viewer,2026-03
11155,2026-06-26,Organic,Germany,Creator,2026-06
11156,2026-02-02,Paid Social,Other,Creator,2026-02
11157,2026-06-02,TikTok,India,Creator,2026-06
11158,2026-01-21,Organic,India,Creator,2026-01
11159,2026-05-25,Referral,United States,Creator,2026-05
11160,2026-01-23,TikTok,Germany,Creator,2026-01
11161,2026-02-26,TikTok,India,Creator,2026-02
11162,2026-08-23,Instagram,Canada,Creator,2026-08
11163,2026-07-28,TikTok,United Kingdom,Viewer,2026-07
11164,2026-07-05,TikTok,United Kingdom,Creator,2026-07
11165,2026-05-22,TikTok,United States,Creator,2026-05
11166,2026-04-03,Paid Social,United States,Viewer,2026-04
11167,2026-01-20,Organic,India,Creator,2026-01
11168,2026-06-07,Organic,United States,Creator,2026-06
11169,2026-01-19,X,United Kingdom,Viewer,2026-01
11170,2026-06-30,TikTok,Other,Creator,2026-06
11171,2026-04-13,TikTok,Germany,Creator,2026-04
11172,2026-07-03,Referral,India,Creator,2026-07
11173,2026-03-18,Paid Social,India,Creator,2026-03
11174,2026-07-29,Referral,Germany,Creator,2026-07
11175,2026-05-31,Organic,Other,Creator,2026-05
11176,2026-07-09,Paid Social,India,Viewer,2026-07
11177,2026-02-02,TikTok,United Kingdom,Viewer,2026-02
11178,2026-08-19,Organic,United States,Creator,2026-08
11179,2026-08-20,Instagram,United States,Creator,2026-08
11180,2026-01-18,YouTube,United Kingdom,Creator,2026-01
11181,2026-03-14,Organic,Germany,Creator,2026-03
11182,2026-06-10,YouTube,India,Viewer,2026-06
11183,2026-06-09,Referral,United Kingdom,Creator,2026-06
11184,2026-07-08,Organic,United Kingdom,Viewer,2026-07
11185,2026-07-01,YouTube,Nigeria,Creator,2026-07
11186,2026-01-17,TikTok,United Kingdom,Viewer,2026-01
11187,2026-01-19,TikTok,India,Viewer,2026-01
11188,2026-08-07,TikTok,India,Creator,2026-08
11189,2026-03-11,X,Nigeria,Creator,2026-03
11190,2026-08-15,TikTok,Nigeria,Creator,2026-08
11191,2026-04-30,Referral,India,Creator,2026-04
11192,2026-04-11,Paid Social,Nigeria,Creator,2026-04
11193,2026-02-03,Paid Social,Canada,Creator,2026-02
11194,2026-03-25,Organic,Nigeria,Viewer,2026-03
11195,2026-06-02,Organic,Nigeria,Creator,2026-06
11196,2026-07-15,Instagram,United Kingdom,Creator,2026-07
11197,2026-03-15,YouTube,India,Viewer,2026-03
11198,2026-07-21,Paid Social,United States,Creator,2026-07
11199,2026-03-29,Referral,India,Viewer,2026-03
11200,2026-03-26,X,Nigeria,Creator,2026-03
11201,2026-01-11,Organic,Nigeria,Creator,2026-01
11202,2026-04-01,Referral,India,Creator,2026-04
11203,2026-05-24,Organic,India,Creator,2026-05
11204,2026-08-06,Organic,India,Creator,2026-08
11205,2026-07-08,Referral,Nigeria,Creator,2026-07
11206,2026-08-10,X,India,Creator,2026-08
11207,2026-05-07,Organic,India,Creator,2026-05
11208,2026-04-23,TikTok,United Kingdom,Creator,2026-04
11209,2026-03-21,Organic,India,Creator,2026-03
11210,2026-01-07,YouTube,United States,Creator,2026-01
11211,2026-01-16,TikTok,Other,Viewer,2026-01
11212,2026-08-15,Referral,Germany,Creator,2026-08
11213,2026-01-16,TikTok,India,Viewer,2026-01
11214,2026-06-17,Instagram,Nigeria,Creator,2026-06
11215,2026-01-12,Organic,United Kingdom,Creator,2026-01
11216,2026-02-04,Organic,Other,Creator,2026-02
11217,2026-01-21,YouTube,Nigeria,Creator,2026-01
11218,2026-06-27,Referral,Nigeria,Creator,2026-06
11219,2026-06-20,Organic,Other,Creator,2026-06
11220,2026-08-16,Instagram,India,Creator,2026-08
11221,2026-01-17,Referral,United Kingdom,Creator,2026-01
11222,2026-02-01,TikTok,United States,Creator,2026-02
11223,2026-02-10,Organic,Other,Viewer,2026-02
11224,2026-05-14,Instagram,Other,Creator,2026-05
11225,2026-08-04,X,India,Creator,2026-08
11226,2026-01-27,Organic,United States,Creator,2026-01
11227,2026-05-28,TikTok,India,Creator,2026-05
11228,2026-06-02,X,India,Creator,2026-06
11229,2026-03-07,Paid Social,Nigeria,Viewer,2026-03
11230,2026-05-17,TikTok,Nigeria,Creator,2026-05
11231,2026-04-02,Organic,Nigeria,Creator,2026-04
11232,2026-06-30,Instagram,United Kingdom,Creator,2026-06
11233,2026-03-02,TikTok,India,Creator,2026-03
11234,2026-06-15,Organic,United Kingdom,Creator,2026-06
11235,2026-01-03,X,Other,Creator,2026-01
11236,2026-07-31,Paid Social,United States,Creator,2026-07
11237,2026-07-17,Referral,India,Creator,2026-07
11238,2026-04-13,Organic,India,Viewer,2026-04
11239,2026-08-13,Referral,United States,Creator,2026-08
11240,2026-02-24,Organic,Canada,Creator,2026-02
11241,2026-01-01,TikTok,India,Creator,2026-01
11242,2026-04-11,Paid Social,Germany,Creator,2026-04
11243,2026-07-17,Paid Social,Germany,Viewer,2026-07
11244,2026-02-14,Organic,United States,Creator,2026-02
11245,2026-08-14,Organic,United States,Creator,2026-08
11246,2026-06-24,TikTok,Nigeria,Creator,2026-06
11247,2026-07-26,X,Germany,Creator,2026-07
11248,2026-01-26,Referral,India,Creator,2026-01
11249,2026-05-01,Organic,Other,Creator,2026-05
11250,2026-05-22,TikTok,United Kingdom,Creator,2026-05
11251,2026-07-01,Organic,United States,Creator,2026-07
11252,2026-07-18,Organic,Nigeria,Creator,2026-07
11253,2026-02-15,Referral,United States,Viewer,2026-02
11254,2026-05-02,Referral,United States,Creator,2026-05
11255,2026-01-31,Organic,Nigeria,Viewer,2026-01
11256,2026-08-04,Organic,India,Creator,2026-08
11257,2026-02-28,Organic,India,Viewer,2026-02
11258,2026-08-11,Instagram,India,Viewer,2026-08
11259,2026-01-29,Organic,United States,Creator,2026-01
11260,2026-04-16,Instagram,United States,Viewer,2026-04
11261,2026-08-12,TikTok,Canada,Viewer,2026-08
11262,2026-01-17,Organic,India,Creator,2026-01
11263,2026-05-22,Referral,India,Viewer,2026-05
11264,2026-08-20,Organic,India,Creator,2026-08
11265,2026-06-13,Referral,India,Creator,2026-06
11266,2026-07-05,X,India,Viewer,2026-07
11267,2026-01-24,Referral,Germany,Viewer,2026-01
11268,2026-04-19,Organic,United Kingdom,Creator,2026-04
11269,2026-07-10,Referral,Other,Creator,2026-07
11270,2026-04-01,Organic,India,Creator,2026-04
11271,2026-01-25,Paid Social,Germany,Creator,2026-01
11272,2026-07-06,YouTube,United Kingdom,Creator,2026-07
11273,2026-02-01,TikTok,United Kingdom,Creator,2026-02
11274,2026-04-26,TikTok,United States,Viewer,2026-04
11275,2026-03-23,Referral,United States,Creator,2026-03
11276,2026-04-20,Paid Social,Germany,Creator,2026-04
11277,2026-05-26,Paid Social,United Kingdom,Creator,2026-05
11278,2026-02-06,Referral,United Kingdom,Viewer,2026-02
11279,2026-01-26,Referral,India,Creator,2026-01
11280,2026-05-17,X,India,Creator,2026-05
11281,2026-08-15,Organic,Other,Creator,2026-08
11282,2026-03-05,Organic,United States,Viewer,2026-03
11283,2026-03-13,YouTube,Canada,Creator,2026-03
11284,2026-05-28,TikTok,United States,Viewer,2026-05
11285,2026-07-01,X,Canada,Creator,2026-07
11286,2026-04-16,Organic,India,Creator,2026-04
11287,2026-03-27,YouTube,India,Viewer,2026-03
11288,2026-07-30,Organic,United States,Creator,2026-07
11289,2026-06-07,Instagram,Nigeria,Creator,2026-06
11290,2026-02-22,Instagram,United States,Creator,2026-02
11291,2026-04-02,Organic,United Kingdom,Viewer,2026-04
11292,2026-04-09,Referral,Nigeria,Creator,2026-04
11293,2026-08-23,Instagram,Other,Viewer,2026-08
11294,2026-07-10,Referral,India,Viewer,2026-07
11295,2026-01-11,Organic,India,Creator,2026-01
11296,2026-01-31,Organic,Other,Creator,2026-01
11297,2026-06-26,Organic,United Kingdom,Creator,2026-06
11298,2026-08-19,Organic,United Kingdom,Creator,2026-08
11299,2026-04-10,Organic,India,Creator,2026-04
11300,2026-08-10,Organic,Other,Creator,2026-08
11301,2026-03-28,Paid Social,Canada,Creator,2026-03
11302,2026-05-27,Paid Social,Canada,Viewer,2026-05
11303,2026-05-20,Paid Social,Other,Creator,2026-05
11304,2026-01-15,Paid Social,Nigeria,Creator,2026-01
11305,2026-06-08,Instagram,United States,Viewer,2026-06
11306,2026-06-20,Instagram,Nigeria,Viewer,2026-06
11307,2026-04-11,Organic,Canada,Creator,2026-04
11308,2026-06-14,Organic,Canada,Viewer,2026-06
11309,2026-07-26,Referral,United Kingdom,Viewer,2026-07
11310,2026-01-29,Referral,India,Viewer,2026-01
11311,2026-04-24,Referral,Germany,Creator,2026-04
11312,2026-04-17,Referral,United Kingdom,Creator,2026-04
11313,2026-06-03,Organic,India,Creator,2026-06
11314,2026-04-18,Instagram,Nigeria,Viewer,2026-04
11315,2026-05-10,Instagram,Other,Viewer,2026-05
11316,2026-03-25,Paid Social,United States,Viewer,2026-03
11317,2026-01-15,Paid Social,India,Creator,2026-01
11318,2026-05-12,X,India,Creator,2026-05
11319,2026-08-02,Organic,India,Creator,2026-08
11320,2026-02-19,Organic,India,Viewer,2026-02
11321,2026-06-15,TikTok,Germany,Viewer,2026-06
11322,2026-01-23,Referral,India,Creator,2026-01
11323,2026-02-28,Organic,Other,Creator,2026-02
11324,2026-03-31,Organic,India,Viewer,2026-03
11325,2026-04-25,TikTok,Other,Creator,2026-04
11326,2026-03-16,Paid Social,India,Viewer,2026-03
11327,2026-06-05,Instagram,United Kingdom,Creator,2026-06
11328,2026-07-13,YouTube,India,Creator,2026-07
11329,2026-05-03,TikTok,United States,Viewer,2026-05
11330,2026-05-16,Organic,India,Creator,2026-05
11331,2026-06-06,Organic,Nigeria,Creator,2026-06
11332,2026-05-19,Referral,United States,Creator,2026-05
11333,2026-08-17,Paid Social,Germany,Creator,2026-08
11334,2026-01-18,Instagram,India,Creator,2026-01
11335,2026-07-02,TikTok,India,Creator,2026-07
11336,2026-02-19,Referral,India,Viewer,2026-02
11337,2026-05-22,YouTube,Nigeria,Creator,2026-05
11338,2026-04-28,Organic,India,Viewer,2026-04
11339,2026-07-21,TikTok,India,Viewer,2026-07
11340,2026-08-15,YouTube,United Kingdom,Creator,2026-08
11341,2026-05-17,X,India,Creator,2026-05
11342,2026-08-15,Paid Social,Canada,Creator,2026-08
11343,2026-05-19,Referral,India,Viewer,2026-05
11344,2026-07-10,Organic,Nigeria,Viewer,2026-07
11345,2026-04-18,YouTube,Other,Creator,2026-04
11346,2026-07-23,TikTok,India,Viewer,2026-07
11347,2026-03-08,YouTube,India,Creator,2026-03
11348,2026-06-30,X,Other,Creator,2026-06
11349,2026-06-16,Instagram,United Kingdom,Creator,2026-06
11350,2026-03-19,Referral,Nigeria,Creator,2026-03
11351,2026-07-03,YouTube,Nigeria,Creator,2026-07
11352,2026-06-05,Paid Social,United States,Creator,2026-06
11353,2026-03-16,TikTok,Germany,Viewer,2026-03
11354,2026-02-08,TikTok,Canada,Creator,2026-02
11355,2026-01-25,X,United Kingdom,Creator,2026-01
11356,2026-01-21,Paid Social,Other,Viewer,2026-01
11357,2026-05-18,TikTok,Nigeria,Creator,2026-05
11358,2026-06-20,Organic,Nigeria,Creator,2026-06
11359,2026-01-15,Instagram,Other,Creator,2026-01
11360,2026-07-30,Instagram,India,Creator,2026-07
11361,2026-02-17,Referral,India,Viewer,2026-02
11362,2026-03-27,YouTube,India,Creator,2026-03
11363,2026-05-29,Paid Social,Other,Viewer,2026-05
11364,2026-07-07,Referral,United Kingdom,Creator,2026-07
11365,2026-04-26,TikTok,United States,Creator,2026-04
11366,2026-08-24,YouTube,India,Viewer,2026-08
11367,2026-08-12,YouTube,India,Creator,2026-08
11368,2026-02-19,Paid Social,India,Creator,2026-02
11369,2026-05-31,Organic,Other,Viewer,2026-05
11370,2026-05-21,Organic,Canada,Creator,2026-05
11371,2026-03-10,Organic,Other,Creator,2026-03
11372,2026-01-04,X,United States,Viewer,2026-01
11373,2026-08-08,Organic,United Kingdom,Creator,2026-08
11374,2026-03-19,YouTube,Nigeria,Creator,2026-03
11375,2026-07-19,Referral,Other,Creator,2026-07
11376,2026-01-09,Instagram,Other,Creator,2026-01
11377,2026-05-01,X,Other,Creator,2026-05
11378,2026-04-25,Paid Social,Nigeria,Viewer,2026-04
11379,2026-06-12,X,India,Creator,2026-06
11380,2026-04-11,Organic,United Kingdom,Viewer,2026-04
11381,2026-05-29,TikTok,India,Viewer,2026-05
11382,2026-07-05,Instagram,India,Creator,2026-07
11383,2026-05-26,Organic,India,Creator,2026-05
11384,2026-04-07,X,United States,Creator,2026-04
11385,2026-07-19,Paid Social,Nigeria,Viewer,2026-07
11386,2026-03-22,YouTube,United States,Creator,2026-03
11387,2026-02-12,TikTok,United States,Creator,2026-02
11388,2026-04-05,TikTok,India,Viewer,2026-04
11389,2026-08-14,Paid Social,United Kingdom,Viewer,2026-08
11390,2026-01-06,Referral,United Kingdom,Viewer,2026-01
11391,2026-08-02,Instagram,India,Creator,2026-08
11392,2026-07-25,TikTok,Canada,Creator,2026-07
11393,2026-03-08,YouTube,United Kingdom,Creator,2026-03
11394,2026-05-20,TikTok,Nigeria,Creator,2026-05
11395,2026-04-10,Organic,Nigeria,Creator,2026-04
11396,2026-01-12,TikTok,Nigeria,Viewer,2026-01
11397,2026-03-07,Instagram,India,Creator,2026-03
11398,2026-01-02,Organic,Canada,Creator,2026-01
11399,2026-05-23,Organic,Nigeria,Creator,2026-05
11400,2026-05-31,Organic,India,Creator,2026-05
11401,2026-06-06,YouTube,United Kingdom,Creator,2026-06
11402,2026-03-22,X,United Kingdom,Viewer,2026-03
11403,2026-08-12,Organic,India,Creator,2026-08
11404,2026-05-15,Paid Social,Canada,Creator,2026-05
11405,2026-08-10,TikTok,United States,Creator,2026-08
11406,2026-06-05,Organic,India,Creator,2026-06
11407,2026-05-22,Organic,United Kingdom,Viewer,2026-05
11408,2026-06-21,YouTube,Nigeria,Creator,2026-06
11409,2026-06-07,Organic,India,Viewer,2026-06
11410,2026-07-28,Organic,Other,Creator,2026-07
11411,2026-06-09,X,Germany,Creator,2026-06
11412,2026-03-11,Instagram,Germany,Creator,2026-03
11413,2026-04-25,Referral,United States,Creator,2026-04
11414,2026-03-29,Referral,Germany,Creator,2026-03
11415,2026-01-06,Paid Social,Germany,Creator,2026-01
11416,2026-01-27,Organic,Other,Creator,2026-01
11417,2026-03-23,Organic,Other,Creator,2026-03
11418,2026-03-29,Paid Social,United States,Creator,2026-03
11419,2026-08-17,YouTube,India,Viewer,2026-08
11420,2026-04-30,YouTube,United States,Creator,2026-04
11421,2026-01-24,Organic,Nigeria,Creator,2026-01
11422,2026-04-12,Organic,Germany,Creator,2026-04
11423,2026-02-03,Organic,Canada,Creator,2026-02
11424,2026-06-17,TikTok,Canada,Creator,2026-06
11425,2026-02-16,Organic,United States,Creator,2026-02
11426,2026-07-26,Instagram,India,Viewer,2026-07
11427,2026-07-22,X,India,Viewer,2026-07
11428,2026-08-02,Organic,United Kingdom,Creator,2026-08
11429,2026-01-24,Organic,Canada,Creator,2026-01
11430,2026-03-06,TikTok,Other,Creator,2026-03
11431,2026-01-18,Organic,United States,Creator,2026-01
11432,2026-02-13,Organic,Other,Creator,2026-02
11433,2026-03-17,Organic,India,Creator,2026-03
11434,2026-02-26,TikTok,Nigeria,Viewer,2026-02
11435,2026-04-17,YouTube,India,Viewer,2026-04
11436,2026-06-05,Organic,India,Viewer,2026-06
11437,2026-08-20,Referral,Other,Viewer,2026-08
11438,2026-05-04,Referral,Germany,Viewer,2026-05
11439,2026-07-18,YouTube,India,Creator,2026-07
11440,2026-05-31,Organic,India,Viewer,2026-05
11441,2026-08-01,Instagram,India,Creator,2026-08
11442,2026-06-11,YouTube,India,Creator,2026-06
11443,2026-05-19,Paid Social,United Kingdom,Creator,2026-05
11444,2026-08-02,Paid Social,Nigeria,Creator,2026-08
11445,2026-08-22,TikTok,United States,Creator,2026-08
11446,2026-06-12,X,India,Creator,2026-06
11447,2026-04-26,Paid Social,India,Creator,2026-04
11448,2026-04-03,Referral,United States,Creator,2026-04
11449,2026-02-11,Instagram,Canada,Creator,2026-02
11450,2026-01-28,Organic,Other,Creator,2026-01
11451,2026-05-03,Organic,India,Creator,2026-05
11452,2026-07-29,Instagram,United States,Creator,2026-07
11453,2026-07-25,YouTube,United States,Viewer,2026-07
11454,2026-07-29,Paid Social,India,Viewer,2026-07
11455,2026-08-08,Referral,India,Creator,2026-08
11456,2026-01-24,Organic,Other,Creator,2026-01
11457,2026-05-16,YouTube,Germany,Viewer,2026-05
11458,2026-04-16,TikTok,India,Viewer,2026-04
11459,2026-04-28,YouTube,United States,Creator,2026-04
11460,2026-02-22,YouTube,United States,Creator,2026-02
11461,2026-07-19,Organic,India,Creator,2026-07
11462,2026-05-12,Organic,United Kingdom,Creator,2026-05
11463,2026-08-07,Organic,Nigeria,Creator,2026-08
11464,2026-04-10,Organic,United States,Creator,2026-04
11465,2026-01-05,Referral,Germany,Creator,2026-01
11466,2026-08-13,Organic,United Kingdom,Creator,2026-08
11467,2026-02-18,Organic,India,Viewer,2026-02
11468,2026-04-08,Organic,United States,Viewer,2026-04
11469,2026-01-30,Paid Social,India,Viewer,2026-01
11470,2026-03-13,TikTok,Nigeria,Creator,2026-03
11471,2026-04-13,Organic,Nigeria,Creator,2026-04
11472,2026-03-04,YouTube,Other,Viewer,2026-03
11473,2026-06-24,TikTok,Germany,Creator,2026-06
11474,2026-01-26,TikTok,Germany,Creator,2026-01
11475,2026-07-04,Referral,Nigeria,Creator,2026-07
11476,2026-02-06,Organic,United Kingdom,Viewer,2026-02
11477,2026-08-14,Paid Social,Canada,Creator,2026-08
11478,2026-01-07,X,India,Viewer,2026-01
11479,2026-05-07,Instagram,United States,Creator,2026-05
11480,2026-06-17,Organic,India,Creator,2026-06
11481,2026-04-02,Referral,Nigeria,Viewer,2026-04
11482,2026-06-16,X,Germany,Viewer,2026-06
11483,2026-07-09,Organic,India,Creator,2026-07
11484,2026-04-13,Organic,Canada,Viewer,2026-04
11485,2026-08-08,Instagram,United States,Creator,2026-08
11486,2026-07-25,Referral,Other,Creator,2026-07
11487,2026-02-22,Paid Social,United Kingdom,Creator,2026-02
11488,2026-08-18,YouTube,Other,Creator,2026-08
11489,2026-05-12,Instagram,India,Creator,2026-05
11490,2026-08-22,Organic,Other,Creator,2026-08
11491,2026-07-29,YouTube,United States,Creator,2026-07
11492,2026-04-18,Paid Social,United Kingdom,Viewer,2026-04
11493,2026-04-22,Instagram,India,Creator,2026-04
11494,2026-06-02,Organic,Canada,Viewer,2026-06
11495,2026-01-07,Organic,Other,Viewer,2026-01
11496,2026-08-18,Organic,Canada,Creator,2026-08
11497,2026-06-05,X,United Kingdom,Viewer,2026-06
11498,2026-07-16,Paid Social,United States,Creator,2026-07
11499,2026-03-08,TikTok,United States,Viewer,2026-03
11500,2026-04-18,TikTok,United States,Viewer,2026-04
11501,2026-08-11,Instagram,United States,Creator,2026-08
11502,2026-04-21,Paid Social,Germany,Creator,2026-04
11503,2026-08-22,TikTok,Other,Viewer,2026-08
11504,2026-05-28,Organic,Other,Viewer,2026-05
11505,2026-03-24,Organic,United States,Creator,2026-03
11506,2026-05-04,Instagram,Nigeria,Creator,2026-05
11507,2026-05-19,Referral,Nigeria,Creator,2026-05
11508,2026-04-14,TikTok,United Kingdom,Creator,2026-04
11509,2026-03-08,Instagram,India,Creator,2026-03
11510,2026-08-03,X,Germany,Viewer,2026-08
11511,2026-01-07,Instagram,India,Creator,2026-01
11512,2026-05-31,Organic,United States,Viewer,2026-05
11513,2026-07-08,Paid Social,Germany,Creator,2026-07
11514,2026-07-18,X,Other,Viewer,2026-07
11515,2026-04-20,YouTube,Canada,Creator,2026-04
11516,2026-02-03,YouTube,India,Creator,2026-02
11517,2026-04-16,Paid Social,United States,Creator,2026-04
11518,2026-05-27,Instagram,India,Creator,2026-05
11519,2026-02-27,TikTok,Other,Viewer,2026-02
11520,2026-01-09,TikTok,India,Viewer,2026-01
11521,2026-02-17,TikTok,Other,Creator,2026-02
11522,2026-04-25,Organic,Other,Creator,2026-04
11523,2026-07-29,Paid Social,Germany,Creator,2026-07
11524,2026-02-10,Referral,India,Viewer,2026-02
11525,2026-02-17,TikTok,India,Viewer,2026-02
11526,2026-06-22,TikTok,Canada,Creator,2026-06
11527,2026-08-22,Organic,Germany,Viewer,2026-08
11528,2026-01-25,Referral,Other,Creator,2026-01
11529,2026-04-26,TikTok,India,Viewer,2026-04
11530,2026-03-19,X,Canada,Creator,2026-03
11531,2026-04-18,Paid Social,Nigeria,Creator,2026-04
11532,2026-01-25,TikTok,United States,Creator,2026-01
11533,2026-05-27,Referral,United Kingdom,Creator,2026-05
11534,2026-02-08,Instagram,Nigeria,Creator,2026-02
11535,2026-04-29,YouTube,United States,Viewer,2026-04
11536,2026-03-20,Instagram,India,Creator,2026-03
11537,2026-03-21,TikTok,Nigeria,Creator,2026-03
11538,2026-01-27,Paid Social,United States,Viewer,2026-01
11539,2026-04-14,X,United States,Viewer,2026-04
11540,2026-03-15,TikTok,India,Creator,2026-03
11541,2026-07-10,Organic,Other,Creator,2026-07
11542,2026-03-09,Organic,Other,Creator,2026-03
11543,2026-05-27,YouTube,Germany,Creator,2026-05
11544,2026-01-28,TikTok,India,Creator,2026-01
11545,2026-08-01,Referral,India,Viewer,2026-08
11546,2026-05-03,TikTok,Germany,Creator,2026-05
11547,2026-07-25,TikTok,India,Creator,2026-07
11548,2026-06-10,Referral,Nigeria,Viewer,2026-06
11549,2026-05-18,Instagram,India,Viewer,2026-05
11550,2026-03-24,Paid Social,United States,Creator,2026-03
11551,2026-01-30,X,Germany,Creator,2026-01
11552,2026-01-22,Organic,Other,Creator,2026-01
11553,2026-01-03,X,Other,Creator,2026-01
11554,2026-04-11,Organic,Other,Viewer,2026-04
11555,2026-04-15,TikTok,United Kingdom,Viewer,2026-04
11556,2026-07-29,Organic,United States,Creator,2026-07
11557,2026-07-22,YouTube,India,Creator,2026-07
11558,2026-06-25,Organic,United Kingdom,Viewer,2026-06
11559,2026-01-02,TikTok,India,Viewer,2026-01
11560,2026-07-23,TikTok,Germany,Viewer,2026-07
11561,2026-02-23,Organic,Nigeria,Viewer,2026-02
11562,2026-01-06,Organic,Canada,Creator,2026-01
11563,2026-04-17,TikTok,United Kingdom,Creator,2026-04
11564,2026-06-17,Organic,United States,Creator,2026-06
11565,2026-08-24,Organic,Canada,Creator,2026-08
11566,2026-08-09,Organic,Germany,Creator,2026-08
11567,2026-05-03,Referral,Canada,Creator,2026-05
11568,2026-08-10,YouTube,Canada,Creator,2026-08
11569,2026-01-02,Instagram,United States,Viewer,2026-01
11570,2026-07-20,Paid Social,Other,Creator,2026-07
11571,2026-04-21,Organic,United States,Viewer,2026-04
11572,2026-01-02,TikTok,Other,Creator,2026-01
11573,2026-04-03,Referral,Germany,Viewer,2026-04
11574,2026-08-13,X,India,Creator,2026-08
11575,2026-07-21,Paid Social,Other,Creator,2026-07
11576,2026-08-14,Paid Social,Other,Creator,2026-08
11577,2026-08-24,Organic,United Kingdom,Creator,2026-08
11578,2026-07-02,Paid Social,Canada,Creator,2026-07
11579,2026-07-19,Paid Social,Other,Viewer,2026-07
11580,2026-04-11,TikTok,India,Creator,2026-04
11581,2026-07-07,Paid Social,Other,Viewer,2026-07
11582,2026-04-07,Organic,United Kingdom,Viewer,2026-04
11583,2026-04-21,YouTube,Germany,Viewer,2026-04
11584,2026-01-06,Organic,Nigeria,Viewer,2026-01
11585,2026-08-24,Organic,Nigeria,Creator,2026-08
11586,2026-05-07,X,Other,Creator,2026-05
11587,2026-04-14,TikTok,Nigeria,Creator,2026-04
11588,2026-05-27,YouTube,United States,Creator,2026-05
11589,2026-08-12,Instagram,United Kingdom,Creator,2026-08
11590,2026-06-04,TikTok,Nigeria,Viewer,2026-06
11591,2026-01-01,Organic,United States,Creator,2026-01
11592,2026-08-23,X,India,Creator,2026-08
11593,2026-02-02,Referral,United States,Creator,2026-02
11594,2026-02-09,X,United States,Creator,2026-02
11595,2026-02-01,X,United States,Creator,2026-02
11596,2026-07-16,Instagram,Nigeria,Creator,2026-07
11597,2026-01-17,TikTok,United Kingdom,Creator,2026-01
11598,2026-05-06,Instagram,India,Viewer,2026-05
11599,2026-01-08,Paid Social,India,Creator,2026-01
11600,2026-02-26,Referral,Canada,Creator,2026-02
11601,2026-02-11,Instagram,Nigeria,Viewer,2026-02
11602,2026-04-08,Instagram,United States,Creator,2026-04
11603,2026-05-17,Instagram,India,Viewer,2026-05
11604,2026-04-30,YouTube,United States,Viewer,2026-04
11605,2026-03-28,Instagram,Germany,Creator,2026-03
11606,2026-06-12,YouTube,Nigeria,Creator,2026-06
11607,2026-07-18,TikTok,India,Creator,2026-07
11608,2026-07-26,TikTok,United States,Creator,2026-07
11609,2026-06-30,Referral,Other,Creator,2026-06
11610,2026-02-23,TikTok,Nigeria,Creator,2026-02
11611,2026-03-25,Paid Social,United States,Viewer,2026-03
11612,2026-01-25,Organic,Other,Creator,2026-01
11613,2026-03-08,Organic,United States,Creator,2026-03
11614,2026-07-09,Instagram,Canada,Creator,2026-07
11615,2026-07-02,Referral,India,Creator,2026-07
11616,2026-06-23,Referral,India,Creator,2026-06
11617,2026-06-01,Organic,Nigeria,Creator,2026-06
11618,2026-08-14,Organic,India,Viewer,2026-08
11619,2026-02-15,X,India,Creator,2026-02
11620,2026-01-22,TikTok,Other,Creator,2026-01
11621,2026-05-19,TikTok,India,Creator,2026-05
11622,2026-06-25,Instagram,United Kingdom,Creator,2026-06
11623,2026-01-08,X,United States,Creator,2026-01
11624,2026-02-08,Organic,Other,Creator,2026-02
11625,2026-08-23,Organic,Other,Viewer,2026-08
11626,2026-06-12,TikTok,United States,Creator,2026-06
11627,2026-02-18,Organic,Nigeria,Viewer,2026-02
11628,2026-02-15,Instagram,Canada,Viewer,2026-02
11629,2026-02-07,Referral,India,Creator,2026-02
11630,2026-05-16,Organic,United Kingdom,Viewer,2026-05
11631,2026-02-23,Organic,Other,Viewer,2026-02
11632,2026-06-14,Organic,India,Viewer,2026-06
11633,2026-08-07,Referral,Germany,Creator,2026-08
11634,2026-04-02,Organic,India,Viewer,2026-04
11635,2026-02-09,Paid Social,Nigeria,Viewer,2026-02
11636,2026-02-03,TikTok,United States,Creator,2026-02
11637,2026-04-06,TikTok,United States,Creator,2026-04
11638,2026-03-20,Organic,United States,Creator,2026-03
11639,2026-08-24,X,India,Creator,2026-08
11640,2026-05-07,X,Canada,Creator,2026-05
11641,2026-01-17,Instagram,India,Creator,2026-01
11642,2026-06-10,TikTok,United States,Creator,2026-06
11643,2026-06-24,TikTok,India,Creator,2026-06
11644,2026-04-20,TikTok,India,Creator,2026-04
11645,2026-02-21,TikTok,United Kingdom,Viewer,2026-02
11646,2026-04-28,TikTok,India,Viewer,2026-04
11647,2026-07-27,YouTube,Canada,Creator,2026-07
11648,2026-08-09,TikTok,Nigeria,Creator,2026-08
11649,2026-01-09,TikTok,Germany,Viewer,2026-01
11650,2026-02-02,Instagram,India,Creator,2026-02
11651,2026-07-07,Organic,United Kingdom,Creator,2026-07
11652,2026-04-23,Instagram,United States,Viewer,2026-04
11653,2026-08-09,Organic,India,Creator,2026-08
11654,2026-07-24,Organic,Canada,Creator,2026-07
11655,2026-05-29,Paid Social,Canada,Creator,2026-05
11656,2026-07-05,TikTok,India,Viewer,2026-07
11657,2026-03-26,TikTok,Other,Creator,2026-03
11658,2026-07-16,Referral,Canada,Creator,2026-07
11659,2026-01-10,Organic,United States,Creator,2026-01
11660,2026-01-06,Referral,India,Creator,2026-01
11661,2026-04-25,Organic,United States,Viewer,2026-04
11662,2026-05-01,X,United States,Viewer,2026-05
11663,2026-05-21,YouTube,India,Viewer,2026-05
11664,2026-03-06,Paid Social,United States,Creator,2026-03
11665,2026-01-20,X,India,Creator,2026-01
11666,2026-02-26,Instagram,United States,Viewer,2026-02
11667,2026-02-15,X,India,Creator,2026-02
11668,2026-05-16,Organic,India,Viewer,2026-05
11669,2026-01-10,YouTube,India,Creator,2026-01
11670,2026-07-20,Organic,Nigeria,Creator,2026-07
11671,2026-04-23,X,United States,Creator,2026-04
11672,2026-08-21,YouTube,Canada,Viewer,2026-08
11673,2026-07-14,Paid Social,Other,Creator,2026-07
11674,2026-05-19,Instagram,India,Creator,2026-05
11675,2026-01-12,Referral,India,Creator,2026-01
11676,2026-05-18,Organic,United Kingdom,Viewer,2026-05
11677,2026-06-02,Organic,India,Viewer,2026-06
11678,2026-06-26,Instagram,India,Creator,2026-06
11679,2026-06-26,X,India,Creator,2026-06
11680,2026-08-05,YouTube,United States,Creator,2026-08
11681,2026-01-11,Referral,United States,Creator,2026-01
11682,2026-07-09,TikTok,Other,Creator,2026-07
11683,2026-04-28,X,United States,Creator,2026-04
11684,2026-06-13,Organic,United Kingdom,Creator,2026-06
11685,2026-02-08,Organic,Nigeria,Creator,2026-02
11686,2026-02-22,Organic,India,Creator,2026-02
11687,2026-08-06,Referral,India,Viewer,2026-08
11688,2026-07-25,Instagram,Germany,Creator,2026-07
11689,2026-08-19,Organic,India,Creator,2026-08
11690,2026-02-25,X,India,Creator,2026-02
11691,2026-04-14,TikTok,India,Creator,2026-04
11692,2026-05-09,Referral,India,Creator,2026-05
11693,2026-02-25,Instagram,India,Creator,2026-02
11694,2026-04-28,Organic,United Kingdom,Creator,2026-04
11695,2026-05-12,Paid Social,India,Creator,2026-05
11696,2026-01-30,Organic,United States,Creator,2026-01
11697,2026-01-12,YouTube,Germany,Creator,2026-01
11698,2026-02-04,Instagram,Canada,Creator,2026-02
11699,2026-03-18,Organic,Nigeria,Creator,2026-03
11700,2026-06-29,YouTube,United Kingdom,Creator,2026-06
11701,2026-06-08,Organic,India,Viewer,2026-06
11702,2026-04-12,Referral,Canada,Viewer,2026-04
11703,2026-08-23,Organic,Nigeria,Creator,2026-08
11704,2026-03-28,TikTok,Nigeria,Viewer,2026-03
11705,2026-07-15,YouTube,United Kingdom,Creator,2026-07
11706,2026-02-21,Organic,Nigeria,Creator,2026-02
11707,2026-03-21,Instagram,Nigeria,Viewer,2026-03
11708,2026-05-15,Paid Social,Nigeria,Creator,2026-05
11709,2026-01-22,YouTube,Nigeria,Creator,2026-01
11710,2026-08-09,TikTok,Canada,Viewer,2026-08
11711,2026-03-16,YouTube,United States,Viewer,2026-03
11712,2026-07-03,Paid Social,India,Viewer,2026-07
11713,2026-08-13,Organic,United Kingdom,Creator,2026-08
11714,2026-02-27,Instagram,Other,Viewer,2026-02
11715,2026-04-03,Organic,India,Creator,2026-04
11716,2026-07-11,Referral,Germany,Viewer,2026-07
11717,2026-04-13,YouTube,United States,Creator,2026-04
11718,2026-05-20,Referral,United Kingdom,Creator,2026-05
11719,2026-01-07,Paid Social,Other,Creator,2026-01
11720,2026-05-08,Organic,Canada,Creator,2026-05
11721,2026-02-24,Organic,Other,Creator,2026-02
11722,2026-08-19,TikTok,India,Creator,2026-08
11723,2026-04-16,TikTok,India,Viewer,2026-04
11724,2026-03-03,X,United States,Viewer,2026-03
11725,2026-03-31,Referral,Germany,Creator,2026-03
11726,2026-08-20,TikTok,Germany,Creator,2026-08
11727,2026-07-20,Instagram,India,Creator,2026-07
11728,2026-08-21,Referral,India,Viewer,2026-08
11729,2026-04-08,Organic,Germany,Viewer,2026-04
11730,2026-03-18,Organic,Nigeria,Creator,2026-03
11731,2026-07-02,X,United Kingdom,Viewer,2026-07
11732,2026-04-29,Instagram,Germany,Creator,2026-04
11733,2026-02-05,Paid Social,India,Creator,2026-02
11734,2026-03-30,TikTok,India,Creator,2026-03
11735,2026-06-01,Referral,Germany,Creator,2026-06
11736,2026-06-21,X,India,Creator,2026-06
11737,2026-05-25,Organic,India,Creator,2026-05
11738,2026-05-10,Organic,India,Creator,2026-05
11739,2026-05-21,Organic,United States,Creator,2026-05
11740,2026-06-08,Organic,India,Creator,2026-06
11741,2026-04-03,TikTok,Canada,Viewer,2026-04
11742,2026-04-24,X,Other,Viewer,2026-04
11743,2026-01-28,X,India,Viewer,2026-01
11744,2026-07-07,X,Canada,Creator,2026-07
11745,2026-06-04,Organic,India,Creator,2026-06
11746,2026-05-23,X,India,Viewer,2026-05
11747,2026-08-11,TikTok,Nigeria,Viewer,2026-08
11748,2026-08-20,Paid Social,Other,Viewer,2026-08
11749,2026-07-26,Paid Social,Other,Creator,2026-07
11750,2026-02-02,Referral,India,Creator,2026-02
11751,2026-01-20,YouTube,India,Creator,2026-01
11752,2026-06-19,Organic,Other,Creator,2026-06
11753,2026-05-20,Organic,India,Viewer,2026-05
11754,2026-04-11,Referral,Canada,Creator,2026-04
11755,2026-07-20,TikTok,India,Creator,2026-07
11756,2026-01-23,Instagram,United Kingdom,Creator,2026-01
11757,2026-07-19,Referral,Nigeria,Creator,2026-07
11758,2026-08-12,X,United States,Creator,2026-08
11759,2026-04-22,Organic,Germany,Viewer,2026-04
11760,2026-01-14,Organic,India,Creator,2026-01
11761,2026-04-01,Organic,United States,Creator,2026-04
11762,2026-06-02,YouTube,United States,Creator,2026-06
11763,2026-03-18,Instagram,India,Creator,2026-03
11764,2026-03-26,Paid Social,India,Creator,2026-03
11765,2026-04-19,YouTube,India,Creator,2026-04
11766,2026-01-31,Organic,India,Creator,2026-01
11767,2026-08-17,Organic,Other,Viewer,2026-08
11768,2026-05-02,Instagram,United States,Creator,2026-05
11769,2026-04-17,Paid Social,Nigeria,Creator,2026-04
11770,2026-02-23,Organic,United Kingdom,Viewer,2026-02
11771,2026-05-13,Referral,United Kingdom,Viewer,2026-05
11772,2026-05-21,TikTok,Nigeria,Viewer,2026-05
11773,2026-06-05,Organic,United States,Creator,2026-06
11774,2026-02-12,Paid Social,United States,Viewer,2026-02
11775,2026-03-30,Organic,India,Creator,2026-03
11776,2026-04-25,YouTube,Other,Creator,2026-04
11777,2026-04-09,Organic,Canada,Viewer,2026-04
11778,2026-02-16,Referral,United Kingdom,Creator,2026-02
11779,2026-08-19,Referral,United States,Viewer,2026-08
11780,2026-03-12,Paid Social,Nigeria,Creator,2026-03
11781,2026-06-15,Organic,Nigeria,Creator,2026-06
11782,2026-08-12,Organic,India,Creator,2026-08
11783,2026-03-08,Instagram,United States,Viewer,2026-03
11784,2026-03-03,Organic,Other,Creator,2026-03
11785,2026-04-19,X,United Kingdom,Creator,2026-04
11786,2026-06-16,Instagram,India,Creator,2026-06
11787,2026-02-06,Organic,United States,Viewer,2026-02
11788,2026-04-29,Referral,United States,Viewer,2026-04
11789,2026-03-27,Referral,United Kingdom,Creator,2026-03
11790,2026-05-06,Paid Social,United Kingdom,Creator,2026-05
11791,2026-05-16,TikTok,United States,Creator,2026-05
11792,2026-07-28,TikTok,Other,Viewer,2026-07
11793,2026-02-21,Organic,Other,Viewer,2026-02
11794,2026-04-01,Organic,Other,Viewer,2026-04
11795,2026-02-02,TikTok,United States,Creator,2026-02
11796,2026-03-22,Paid Social,United States,Viewer,2026-03
11797,2026-02-11,Organic,United States,Creator,2026-02
11798,2026-07-23,Organic,United States,Creator,2026-07
11799,2026-04-22,Organic,Other,Viewer,2026-04
11800,2026-05-06,Organic,India,Creator,2026-05
11801,2026-06-04,Organic,Germany,Creator,2026-06
11802,2026-05-16,Instagram,Nigeria,Creator,2026-05
11803,2026-05-31,Instagram,India,Creator,2026-05
11804,2026-04-16,Organic,Nigeria,Creator,2026-04
11805,2026-05-05,Organic,India,Creator,2026-05
11806,2026-04-23,X,India,Creator,2026-04
11807,2026-03-05,TikTok,Germany,Viewer,2026-03
11808,2026-05-03,Organic,United Kingdom,Creator,2026-05
11809,2026-08-09,Paid Social,India,Viewer,2026-08
11810,2026-04-24,TikTok,Other,Creator,2026-04
11811,2026-01-20,X,India,Creator,2026-01
11812,2026-01-16,Paid Social,United States,Creator,2026-01
11813,2026-05-25,TikTok,India,Creator,2026-05
11814,2026-07-27,Referral,India,Creator,2026-07
11815,2026-01-19,Paid Social,India,Viewer,2026-01
11816,2026-04-30,Organic,Germany,Creator,2026-04
11817,2026-05-16,Paid Social,Other,Creator,2026-05
11818,2026-06-15,Organic,Other,Creator,2026-06
11819,2026-02-07,Organic,United Kingdom,Creator,2026-02
11820,2026-06-30,Referral,Canada,Creator,2026-06
11821,2026-04-03,Paid Social,Nigeria,Creator,2026-04
11822,2026-04-15,YouTube,United States,Creator,2026-04
11823,2026-04-10,Organic,United Kingdom,Viewer,2026-04
11824,2026-03-31,Instagram,Other,Creator,2026-03
11825,2026-06-08,X,India,Creator,2026-06
11826,2026-02-13,TikTok,United States,Creator,2026-02
11827,2026-07-07,Paid Social,United States,Creator,2026-07
11828,2026-03-17,TikTok,United States,Viewer,2026-03
11829,2026-05-25,Organic,United Kingdom,Viewer,2026-05
11830,2026-03-20,Organic,Nigeria,Creator,2026-03
11831,2026-03-14,TikTok,India,Creator,2026-03
11832,2026-06-16,YouTube,United States,Viewer,2026-06
11833,2026-06-19,Organic,United Kingdom,Creator,2026-06
11834,2026-06-25,Referral,Nigeria,Creator,2026-06
11835,2026-05-20,Organic,Other,Viewer,2026-05
11836,2026-04-06,Instagram,United States,Creator,2026-04
11837,2026-03-30,YouTube,India,Viewer,2026-03
11838,2026-04-13,Organic,United States,Viewer,2026-04
11839,2026-05-26,X,India,Creator,2026-05
11840,2026-07-26,Referral,India,Creator,2026-07
11841,2026-08-12,X,United States,Creator,2026-08
11842,2026-01-06,Instagram,United Kingdom,Viewer,2026-01
11843,2026-05-02,Referral,United States,Viewer,2026-05
11844,2026-08-24,Paid Social,Other,Creator,2026-08
11845,2026-06-20,Organic,United States,Viewer,2026-06
11846,2026-04-26,YouTube,India,Creator,2026-04
11847,2026-06-12,Organic,India,Creator,2026-06
11848,2026-08-14,Organic,Other,Creator,2026-08
11849,2026-08-18,TikTok,United States,Creator,2026-08
11850,2026-07-01,Paid Social,United States,Creator,2026-07
11851,2026-03-03,X,India,Creator,2026-03
11852,2026-07-16,Organic,Canada,Creator,2026-07
11853,2026-07-29,Organic,United Kingdom,Creator,2026-07
11854,2026-05-24,Paid Social,United States,Creator,2026-05
11855,2026-05-16,TikTok,United Kingdom,Creator,2026-05
11856,2026-03-30,TikTok,United States,Creator,2026-03
11857,2026-04-06,Referral,India,Creator,2026-04
11858,2026-05-06,X,Canada,Viewer,2026-05
11859,2026-03-31,Organic,Other,Creator,2026-03
11860,2026-03-27,TikTok,United Kingdom,Creator,2026-03
11861,2026-06-08,Paid Social,India,Creator,2026-06
11862,2026-08-23,Paid Social,India,Creator,2026-08
11863,2026-05-18,Organic,Other,Creator,2026-05
11864,2026-07-03,Organic,United States,Creator,2026-07
11865,2026-05-01,Organic,Canada,Creator,2026-05
11866,2026-03-17,Instagram,United Kingdom,Creator,2026-03
11867,2026-04-02,Referral,Nigeria,Creator,2026-04
11868,2026-03-11,TikTok,India,Creator,2026-03
11869,2026-05-28,Referral,India,Creator,2026-05
11870,2026-05-13,YouTube,Nigeria,Creator,2026-05
11871,2026-01-23,YouTube,Other,Creator,2026-01
11872,2026-05-17,Paid Social,India,Viewer,2026-05
11873,2026-02-27,TikTok,Nigeria,Creator,2026-02
11874,2026-07-06,TikTok,United Kingdom,Viewer,2026-07
11875,2026-08-09,YouTube,Nigeria,Creator,2026-08
11876,2026-07-27,Referral,Nigeria,Creator,2026-07
11877,2026-07-01,Organic,United Kingdom,Creator,2026-07
11878,2026-02-15,Referral,Germany,Creator,2026-02
11879,2026-01-22,Organic,United States,Viewer,2026-01
11880,2026-07-11,Organic,Other,Creator,2026-07
11881,2026-01-08,Organic,Nigeria,Viewer,2026-01
11882,2026-05-03,Paid Social,United Kingdom,Creator,2026-05
11883,2026-01-20,Instagram,India,Creator,2026-01
11884,2026-06-28,Organic,Nigeria,Viewer,2026-06
11885,2026-03-19,Paid Social,India,Viewer,2026-03
11886,2026-02-08,Referral,United States,Creator,2026-02
11887,2026-02-06,Referral,India,Creator,2026-02
11888,2026-06-27,Organic,Other,Creator,2026-06
11889,2026-06-11,Organic,United Kingdom,Viewer,2026-06
11890,2026-03-16,Instagram,Canada,Creator,2026-03
11891,2026-04-28,Referral,United States,Viewer,2026-04
11892,2026-04-14,YouTube,Germany,Creator,2026-04
11893,2026-06-10,YouTube,Other,Creator,2026-06
11894,2026-01-31,Referral,United States,Viewer,2026-01
11895,2026-05-03,Organic,United States,Viewer,2026-05
11896,2026-02-23,YouTube,Nigeria,Creator,2026-02
11897,2026-06-21,TikTok,India,Creator,2026-06
11898,2026-02-03,Organic,Other,Creator,2026-02
11899,2026-07-18,Organic,United States,Creator,2026-07
11900,2026-05-02,Referral,United States,Creator,2026-05
11901,2026-04-23,Paid Social,Canada,Viewer,2026-04
11902,2026-03-03,TikTok,United States,Creator,2026-03
11903,2026-01-23,Organic,India,Creator,2026-01
11904,2026-02-15,Organic,India,Creator,2026-02
11905,2026-02-25,Paid Social,Nigeria,Creator,2026-02
11906,2026-05-15,YouTube,India,Creator,2026-05
11907,2026-04-28,Paid Social,United Kingdom,Creator,2026-04
11908,2026-08-05,Referral,United States,Creator,2026-08
11909,2026-07-08,TikTok,Nigeria,Creator,2026-07
11910,2026-05-11,Organic,India,Creator,2026-05
11911,2026-06-15,Instagram,India,Viewer,2026-06
11912,2026-07-31,Organic,United Kingdom,Viewer,2026-07
11913,2026-06-11,Organic,India,Viewer,2026-06
11914,2026-04-23,Organic,Canada,Creator,2026-04
11915,2026-02-13,YouTube,India,Creator,2026-02
11916,2026-05-08,Instagram,United Kingdom,Viewer,2026-05
11917,2026-04-18,TikTok,United Kingdom,Creator,2026-04
11918,2026-06-07,X,Nigeria,Viewer,2026-06
11919,2026-01-17,Organic,Other,Creator,2026-01
11920,2026-02-28,Referral,United States,Creator,2026-02
11921,2026-05-18,YouTube,Other,Viewer,2026-05
11922,2026-04-09,Organic,India,Creator,2026-04
11923,2026-03-25,X,United States,Viewer,2026-03
11924,2026-05-26,Instagram,India,Creator,2026-05
11925,2026-02-14,Organic,United Kingdom,Creator,2026-02
11926,2026-04-18,Organic,United Kingdom,Creator,2026-04
11927,2026-08-07,Paid Social,United States,Viewer,2026-08
11928,2026-07-06,Organic,Canada,Creator,2026-07
11929,2026-03-03,Instagram,Other,Viewer,2026-03
11930,2026-02-28,Referral,Canada,Creator,2026-02
11931,2026-06-26,TikTok,India,Creator,2026-06
11932,2026-08-16,Organic,United States,Creator,2026-08
11933,2026-07-10,Paid Social,United States,Creator,2026-07
11934,2026-08-03,TikTok,India,Creator,2026-08
11935,2026-06-09,YouTube,United States,Viewer,2026-06
11936,2026-05-18,Referral,India,Creator,2026-05
11937,2026-01-11,Referral,Other,Creator,2026-01
11938,2026-04-12,Paid Social,Canada,Creator,2026-04
11939,2026-03-11,Referral,Other,Viewer,2026-03
11940,2026-05-03,YouTube,Other,Creator,2026-05
11941,2026-08-21,Paid Social,United Kingdom,Viewer,2026-08
11942,2026-07-09,Paid Social,India,Creator,2026-07
11943,2026-06-24,Paid Social,Canada,Viewer,2026-06
11944,2026-02-03,Referral,India,Viewer,2026-02
11945,2026-08-16,Organic,India,Viewer,2026-08
11946,2026-04-11,YouTube,India,Creator,2026-04
11947,2026-05-25,Organic,India,Creator,2026-05
11948,2026-08-20,TikTok,Canada,Viewer,2026-08
11949,2026-04-14,Organic,Other,Viewer,2026-04
11950,2026-07-01,Paid Social,India,Creator,2026-07
11951,2026-07-23,TikTok,India,Creator,2026-07
11952,2026-08-01,YouTube,India,Creator,2026-08
11953,2026-02-09,X,United Kingdom,Creator,2026-02
11954,2026-01-19,Organic,United States,Creator,2026-01
11955,2026-03-08,X,Other,Creator,2026-03
11956,2026-03-23,YouTube,India,Viewer,2026-03
11957,2026-06-30,Paid Social,Other,Creator,2026-06
11958,2026-03-05,Organic,India,Creator,2026-03
11959,2026-03-24,TikTok,United States,Creator,2026-03
11960,2026-02-16,YouTube,India,Creator,2026-02
11961,2026-01-06,Organic,Nigeria,Creator,2026-01
11962,2026-01-16,Organic,India,Creator,2026-01
11963,2026-07-19,Organic,Other,Creator,2026-07
11964,2026-05-26,YouTube,India,Creator,2026-05
11965,2026-06-29,TikTok,Nigeria,Viewer,2026-06
11966,2026-06-25,X,India,Creator,2026-06
11967,2026-06-20,Paid Social,United States,Viewer,2026-06
11968,2026-02-08,Referral,India,Creator,2026-02
11969,2026-06-26,TikTok,Other,Viewer,2026-06
11970,2026-04-23,Instagram,India,Creator,2026-04
11971,2026-05-20,Organic,United States,Creator,2026-05
11972,2026-05-18,Organic,United States,Viewer,2026-05
11973,2026-03-12,TikTok,United Kingdom,Creator,2026-03
11974,2026-04-20,TikTok,India,Creator,2026-04
11975,2026-02-24,X,Germany,Creator,2026-02
11976,2026-05-09,Paid Social,United States,Creator,2026-05
11977,2026-02-18,Paid Social,United States,Creator,2026-02
11978,2026-06-13,Organic,India,Creator,2026-06
11979,2026-01-21,X,Nigeria,Viewer,2026-01
11980,2026-02-06,Organic,United States,Creator,2026-02
11981,2026-04-26,YouTube,India,Creator,2026-04
11982,2026-01-24,Organic,India,Creator,2026-01
11983,2026-02-24,Paid Social,Canada,Creator,2026-02
11984,2026-01-25,Referral,India,Creator,2026-01
11985,2026-05-15,Organic,India,Creator,2026-05
11986,2026-05-07,Referral,Nigeria,Viewer,2026-05
11987,2026-08-22,YouTube,India,Creator,2026-08
11988,2026-07-28,Instagram,United States,Creator,2026-07
11989,2026-04-03,X,Nigeria,Creator,2026-04
11990,2026-04-04,YouTube,India,Creator,2026-04
11991,2026-03-12,Paid Social,United States,Creator,2026-03
11992,2026-08-13,Referral,India,Creator,2026-08
11993,2026-07-18,X,United States,Viewer,2026-07
11994,2026-05-02,Referral,Other,Viewer,2026-05
11995,2026-01-24,Paid Social,United States,Creator,2026-01
11996,2026-01-11,TikTok,United Kingdom,Viewer,2026-01
11997,2026-03-14,Organic,United Kingdom,Viewer,2026-03
11998,2026-01-12,Referral,Canada,Creator,2026-01
11999,2026-02-04,Paid Social,United Kingdom,Creator,2026-02
12000,2026-07-10,Organic,India,Creator,2026-07
12001,2026-07-15,Instagram,United States,Creator,2026-07
12002,2026-08-16,Organic,Other,Viewer,2026-08
12003,2026-08-08,Referral,Nigeria,Creator,2026-08
12004,2026-07-04,Paid Social,India,Creator,2026-07
12005,2026-05-21,Instagram,India,Creator,2026-05
12006,2026-01-23,TikTok,United States,Viewer,2026-01
12007,2026-03-24,Paid Social,Other,Creator,2026-03
12008,2026-08-22,Organic,Nigeria,Creator,2026-08
12009,2026-08-17,Paid Social,United Kingdom,Creator,2026-08
12010,2026-06-16,TikTok,United States,Creator,2026-06
12011,2026-03-29,X,India,Creator,2026-03
12012,2026-03-21,Instagram,India,Creator,2026-03
12013,2026-04-07,X,United States,Creator,2026-04
12014,2026-05-20,Paid Social,India,Viewer,2026-05
12015,2026-02-03,Paid Social,India,Creator,2026-02
12016,2026-07-18,Referral,India,Creator,2026-07
12017,2026-03-16,Organic,Canada,Creator,2026-03
12018,2026-06-08,TikTok,India,Creator,2026-06
12019,2026-08-09,Instagram,United States,Creator,2026-08
12020,2026-05-08,Paid Social,Germany,Creator,2026-05
12021,2026-07-09,Instagram,India,Creator,2026-07
12022,2026-05-21,Paid Social,United States,Creator,2026-05
12023,2026-01-31,Paid Social,Other,Creator,2026-01
12024,2026-05-10,X,United Kingdom,Creator,2026-05
12025,2026-04-13,Referral,Canada,Viewer,2026-04
12026,2026-01-15,Paid Social,United States,Viewer,2026-01
12027,2026-02-26,Referral,Other,Creator,2026-02
12028,2026-03-16,YouTube,India,Creator,2026-03
12029,2026-02-03,Referral,Other,Viewer,2026-02
12030,2026-04-13,Organic,Other,Creator,2026-04
12031,2026-07-15,YouTube,Nigeria,Viewer,2026-07
12032,2026-03-16,Organic,Nigeria,Creator,2026-03
12033,2026-01-29,Organic,Canada,Creator,2026-01
12034,2026-07-13,Paid Social,United States,Viewer,2026-07
12035,2026-01-16,YouTube,Nigeria,Creator,2026-01
12036,2026-06-16,Organic,Other,Creator,2026-06
12037,2026-03-18,TikTok,India,Creator,2026-03
12038,2026-02-06,Paid Social,Other,Creator,2026-02
12039,2026-03-22,Referral,Canada,Viewer,2026-03
12040,2026-05-29,Organic,Canada,Viewer,2026-05
12041,2026-06-21,Paid Social,India,Viewer,2026-06
12042,2026-05-04,TikTok,India,Creator,2026-05
12043,2026-01-19,YouTube,Other,Viewer,2026-01
12044,2026-07-18,YouTube,India,Viewer,2026-07
12045,2026-04-12,Paid Social,United Kingdom,Viewer,2026-04
12046,2026-05-16,Paid Social,Canada,Viewer,2026-05
12047,2026-03-18,TikTok,India,Creator,2026-03
12048,2026-08-17,YouTube,United Kingdom,Creator,2026-08
12049,2026-07-13,TikTok,India,Creator,2026-07
12050,2026-02-10,Instagram,Nigeria,Viewer,2026-02
12051,2026-07-22,X,United States,Creator,2026-07
12052,2026-08-04,TikTok,United Kingdom,Creator,2026-08
12053,2026-07-17,Instagram,Other,Creator,2026-07
12054,2026-03-02,Organic,India,Creator,2026-03
12055,2026-01-26,X,United States,Creator,2026-01
12056,2026-03-12,Referral,United States,Creator,2026-03
12057,2026-04-13,TikTok,United States,Creator,2026-04
12058,2026-07-30,Paid Social,Nigeria,Viewer,2026-07
12059,2026-03-11,Organic,Other,Viewer,2026-03
12060,2026-04-17,X,Other,Creator,2026-04
12061,2026-06-06,X,India,Creator,2026-06
12062,2026-04-17,Organic,Canada,Viewer,2026-04
12063,2026-04-13,Organic,United Kingdom,Viewer,2026-04
12064,2026-07-13,Paid Social,Other,Creator,2026-07
12065,2026-01-19,Instagram,India,Creator,2026-01
12066,2026-03-09,Instagram,Germany,Creator,2026-03
12067,2026-07-05,TikTok,Other,Creator,2026-07
12068,2026-03-11,Paid Social,Other,Viewer,2026-03
12069,2026-04-23,TikTok,Nigeria,Creator,2026-04
12070,2026-02-26,Referral,United States,Creator,2026-02
12071,2026-06-14,TikTok,United Kingdom,Creator,2026-06
12072,2026-03-02,Instagram,United States,Creator,2026-03
12073,2026-04-02,Organic,United States,Creator,2026-04
12074,2026-01-30,Referral,United States,Creator,2026-01
12075,2026-07-18,Referral,United States,Creator,2026-07
12076,2026-07-20,Instagram,United States,Creator,2026-07
12077,2026-06-02,Organic,India,Viewer,2026-06
12078,2026-08-13,Instagram,United States,Creator,2026-08
12079,2026-05-07,Organic,United States,Creator,2026-05
12080,2026-07-12,TikTok,India,Creator,2026-07
12081,2026-04-25,Referral,Germany,Creator,2026-04
12082,2026-01-06,Referral,Nigeria,Creator,2026-01
12083,2026-01-18,Organic,Canada,Creator,2026-01
12084,2026-01-10,Paid Social,India,Viewer,2026-01
12085,2026-04-02,Paid Social,Germany,Creator,2026-04
12086,2026-05-19,Instagram,Other,Viewer,2026-05
12087,2026-08-13,Instagram,United States,Creator,2026-08
12088,2026-07-12,Paid Social,United States,Creator,2026-07
12089,2026-03-18,YouTube,United Kingdom,Creator,2026-03
12090,2026-04-11,Instagram,United Kingdom,Viewer,2026-04
12091,2026-03-25,Referral,India,Creator,2026-03
12092,2026-07-12,Organic,Other,Viewer,2026-07
12093,2026-02-21,Referral,United States,Creator,2026-02
12094,2026-07-14,Instagram,Canada,Viewer,2026-07
12095,2026-07-29,X,United States,Creator,2026-07
12096,2026-08-21,Organic,India,Viewer,2026-08
12097,2026-07-25,TikTok,India,Creator,2026-07
12098,2026-01-31,TikTok,India,Creator,2026-01
12099,2026-08-07,TikTok,Other,Creator,2026-08
12100,2026-05-25,Referral,United Kingdom,Creator,2026-05
12101,2026-07-02,TikTok,Germany,Creator,2026-07
12102,2026-04-20,Organic,Other,Viewer,2026-04
12103,2026-04-03,X,India,Creator,2026-04
12104,2026-06-13,X,India,Creator,2026-06
12105,2026-08-17,Organic,Other,Creator,2026-08
12106,2026-06-03,Organic,Nigeria,Creator,2026-06
12107,2026-02-22,Paid Social,United Kingdom,Creator,2026-02
12108,2026-05-25,Organic,United States,Creator,2026-05
12109,2026-03-27,Paid Social,Germany,Viewer,2026-03
12110,2026-06-02,TikTok,Nigeria,Creator,2026-06
12111,2026-01-02,YouTube,Germany,Viewer,2026-01
12112,2026-03-27,Organic,Other,Creator,2026-03
12113,2026-05-13,Referral,United Kingdom,Creator,2026-05
12114,2026-01-04,Organic,Nigeria,Viewer,2026-01
12115,2026-06-13,TikTok,United States,Creator,2026-06
12116,2026-01-06,Organic,India,Viewer,2026-01
12117,2026-05-29,Referral,United Kingdom,Creator,2026-05
12118,2026-07-24,Referral,India,Creator,2026-07
12119,2026-04-28,TikTok,Other,Viewer,2026-04
12120,2026-08-17,TikTok,United Kingdom,Creator,2026-08
12121,2026-03-30,Referral,Other,Viewer,2026-03
12122,2026-06-03,Referral,India,Creator,2026-06
12123,2026-07-02,X,Other,Viewer,2026-07
12124,2026-06-16,Paid Social,United Kingdom,Creator,2026-06
12125,2026-07-31,TikTok,Germany,Creator,2026-07
12126,2026-06-10,Organic,India,Creator,2026-06
12127,2026-01-14,Organic,Nigeria,Creator,2026-01
12128,2026-02-25,YouTube,Nigeria,Creator,2026-02
12129,2026-08-16,TikTok,United States,Creator,2026-08
12130,2026-03-22,Organic,India,Viewer,2026-03
12131,2026-05-29,TikTok,Other,Viewer,2026-05
12132,2026-02-15,Instagram,India,Creator,2026-02
12133,2026-05-24,Organic,India,Creator,2026-05
12134,2026-01-16,Organic,United States,Creator,2026-01
12135,2026-04-30,Paid Social,Other,Viewer,2026-04
12136,2026-03-25,TikTok,Nigeria,Viewer,2026-03
12137,2026-06-06,Organic,United States,Viewer,2026-06
12138,2026-08-08,YouTube,United States,Creator,2026-08
12139,2026-01-08,Referral,Germany,Creator,2026-01
12140,2026-03-29,YouTube,India,Creator,2026-03
12141,2026-05-11,Organic,India,Viewer,2026-05
12142,2026-08-05,Referral,India,Creator,2026-08
12143,2026-01-19,Instagram,United States,Creator,2026-01
12144,2026-04-07,TikTok,Nigeria,Creator,2026-04
12145,2026-03-07,X,United Kingdom,Creator,2026-03
12146,2026-03-20,YouTube,Canada,Creator,2026-03
12147,2026-03-27,X,India,Creator,2026-03
12148,2026-05-04,Paid Social,India,Viewer,2026-05
12149,2026-07-21,X,India,Creator,2026-07
12150,2026-07-29,Referral,India,Viewer,2026-07
12151,2026-05-30,X,India,Creator,2026-05
12152,2026-02-15,TikTok,United Kingdom,Viewer,2026-02
12153,2026-04-23,Instagram,United States,Viewer,2026-04
12154,2026-04-01,Organic,Canada,Creator,2026-04
12155,2026-05-21,Organic,Nigeria,Viewer,2026-05
12156,2026-02-02,Referral,India,Creator,2026-02
12157,2026-05-13,YouTube,United States,Creator,2026-05
12158,2026-08-06,Organic,Nigeria,Viewer,2026-08
12159,2026-03-18,Instagram,Other,Viewer,2026-03
12160,2026-06-04,Organic,Germany,Creator,2026-06
12161,2026-05-01,Referral,United States,Viewer,2026-05
12162,2026-05-08,Organic,United Kingdom,Creator,2026-05
12163,2026-03-19,YouTube,United States,Creator,2026-03
12164,2026-06-01,X,United Kingdom,Creator,2026-06
12165,2026-03-08,Instagram,Other,Creator,2026-03
12166,2026-04-25,Organic,United Kingdom,Creator,2026-04
12167,2026-03-04,TikTok,United States,Viewer,2026-03
12168,2026-04-23,Referral,United Kingdom,Creator,2026-04
12169,2026-04-04,Referral,Other,Creator,2026-04
12170,2026-08-15,Referral,India,Creator,2026-08
12171,2026-02-17,Referral,Nigeria,Creator,2026-02
12172,2026-07-10,Organic,United States,Creator,2026-07
12173,2026-07-25,Organic,India,Creator,2026-07
12174,2026-01-12,Referral,United States,Creator,2026-01
12175,2026-06-05,Referral,United States,Viewer,2026-06
12176,2026-06-21,YouTube,India,Creator,2026-06
12177,2026-08-09,X,United States,Creator,2026-08
12178,2026-06-20,TikTok,United Kingdom,Creator,2026-06
12179,2026-05-25,Organic,India,Creator,2026-05
12180,2026-02-09,YouTube,Other,Creator,2026-02
12181,2026-06-26,Paid Social,United States,Creator,2026-06
12182,2026-03-26,Instagram,United Kingdom,Viewer,2026-03
12183,2026-02-26,TikTok,United States,Viewer,2026-02
12184,2026-03-28,Organic,United States,Creator,2026-03
12185,2026-03-25,Organic,Nigeria,Viewer,2026-03
12186,2026-07-11,Instagram,United Kingdom,Creator,2026-07
12187,2026-07-22,Paid Social,Canada,Creator,2026-07
12188,2026-07-04,Referral,Canada,Viewer,2026-07
12189,2026-05-01,Paid Social,Nigeria,Viewer,2026-05
12190,2026-08-14,X,India,Viewer,2026-08
12191,2026-07-21,Instagram,Nigeria,Creator,2026-07
12192,2026-03-15,Paid Social,United States,Creator,2026-03
12193,2026-04-17,Instagram,India,Viewer,2026-04
12194,2026-05-04,Paid Social,India,Creator,2026-05
12195,2026-07-17,Referral,United States,Viewer,2026-07
12196,2026-04-10,TikTok,India,Creator,2026-04
12197,2026-08-04,Instagram,Nigeria,Creator,2026-08
12198,2026-07-23,TikTok,Canada,Creator,2026-07
12199,2026-02-12,Organic,United States,Creator,2026-02
12200,2026-04-29,TikTok,Other,Creator,2026-04
12201,2026-01-23,Paid Social,India,Creator,2026-01
12202,2026-06-04,Referral,India,Creator,2026-06
12203,2026-07-05,Organic,United Kingdom,Creator,2026-07
12204,2026-02-06,TikTok,Other,Creator,2026-02
12205,2026-05-14,X,United Kingdom,Creator,2026-05
12206,2026-03-06,TikTok,United Kingdom,Creator,2026-03
12207,2026-05-14,Instagram,Germany,Viewer,2026-05
12208,2026-06-27,YouTube,United Kingdom,Creator,2026-06
12209,2026-01-22,Instagram,Canada,Viewer,2026-01
12210,2026-04-15,Organic,Other,Creator,2026-04
12211,2026-03-29,Instagram,India,Creator,2026-03
12212,2026-06-02,TikTok,Other,Viewer,2026-06
12213,2026-05-05,TikTok,India,Creator,2026-05
12214,2026-03-20,TikTok,Other,Creator,2026-03
12215,2026-03-31,Instagram,India,Creator,2026-03
12216,2026-07-19,Paid Social,United States,Creator,2026-07
12217,2026-02-20,Referral,Other,Viewer,2026-02
12218,2026-08-04,YouTube,India,Viewer,2026-08
12219,2026-06-25,Instagram,Canada,Viewer,2026-06
12220,2026-04-12,Organic,United States,Creator,2026-04
12221,2026-07-17,TikTok,India,Viewer,2026-07
12222,2026-08-15,Referral,Other,Creator,2026-08
12223,2026-04-16,TikTok,India,Creator,2026-04
12224,2026-07-12,X,Canada,Creator,2026-07
12225,2026-03-01,Organic,United States,Creator,2026-03
12226,2026-02-15,Paid Social,Germany,Viewer,2026-02
12227,2026-02-05,Paid Social,Canada,Creator,2026-02
12228,2026-07-05,Organic,United Kingdom,Creator,2026-07
12229,2026-07-23,YouTube,Other,Viewer,2026-07
12230,2026-06-15,Organic,India,Viewer,2026-06
12231,2026-01-11,X,Canada,Creator,2026-01
12232,2026-01-12,Organic,United Kingdom,Creator,2026-01
12233,2026-06-19,Organic,United States,Creator,2026-06
12234,2026-02-08,Organic,Nigeria,Creator,2026-02
12235,2026-07-18,Paid Social,United Kingdom,Creator,2026-07
12236,2026-05-19,Referral,Canada,Creator,2026-05
12237,2026-02-05,Organic,India,Creator,2026-02
12238,2026-02-21,X,India,Creator,2026-02
12239,2026-01-31,Organic,India,Creator,2026-01
12240,2026-02-02,Organic,United States,Creator,2026-02
12241,2026-05-21,Referral,India,Viewer,2026-05
12242,2026-05-26,Organic,Nigeria,Viewer,2026-05
12243,2026-06-18,X,United States,Creator,2026-06
12244,2026-02-27,TikTok,Other,Creator,2026-02
12245,2026-07-03,Organic,United Kingdom,Creator,2026-07
12246,2026-06-01,Instagram,India,Viewer,2026-06
12247,2026-07-20,Paid Social,India,Creator,2026-07
12248,2026-05-08,Referral,United Kingdom,Creator,2026-05
12249,2026-01-31,Organic,Germany,Creator,2026-01
12250,2026-02-24,Referral,United Kingdom,Creator,2026-02
12251,2026-08-21,Paid Social,United Kingdom,Creator,2026-08
12252,2026-01-10,Organic,India,Viewer,2026-01
12253,2026-07-07,TikTok,Nigeria,Creator,2026-07
12254,2026-05-10,Organic,Canada,Viewer,2026-05
12255,2026-08-18,TikTok,India,Creator,2026-08
12256,2026-01-15,YouTube,United States,Creator,2026-01
12257,2026-01-03,Organic,India,Viewer,2026-01
12258,2026-02-12,Organic,Nigeria,Creator,2026-02
12259,2026-06-08,TikTok,Nigeria,Creator,2026-06
12260,2026-07-17,Instagram,Nigeria,Creator,2026-07
12261,2026-03-08,X,United States,Viewer,2026-03
12262,2026-02-25,YouTube,Nigeria,Creator,2026-02
12263,2026-03-04,Organic,Other,Viewer,2026-03
12264,2026-07-22,Instagram,United Kingdom,Creator,2026-07
12265,2026-01-15,Organic,Canada,Viewer,2026-01
12266,2026-04-19,Paid Social,India,Viewer,2026-04
12267,2026-04-26,TikTok,Nigeria,Creator,2026-04
12268,2026-04-02,Organic,India,Viewer,2026-04
12269,2026-05-18,Organic,India,Creator,2026-05
12270,2026-06-15,Organic,United States,Creator,2026-06
12271,2026-02-16,Organic,United States,Viewer,2026-02
12272,2026-02-26,YouTube,Nigeria,Viewer,2026-02
12273,2026-02-19,Referral,Other,Creator,2026-02
12274,2026-03-12,TikTok,Canada,Creator,2026-03
12275,2026-05-23,X,United States,Viewer,2026-05
12276,2026-05-26,Referral,Canada,Creator,2026-05
12277,2026-03-23,TikTok,Nigeria,Viewer,2026-03
12278,2026-04-26,Organic,Canada,Viewer,2026-04
12279,2026-04-15,Organic,United States,Creator,2026-04
12280,2026-03-29,Paid Social,India,Viewer,2026-03
12281,2026-01-02,Referral,United Kingdom,Viewer,2026-01
12282,2026-04-14,Organic,Nigeria,Creator,2026-04
12283,2026-03-25,Organic,Other,Creator,2026-03
12284,2026-08-14,Referral,India,Viewer,2026-08
12285,2026-02-12,Instagram,United Kingdom,Creator,2026-02
12286,2026-06-03,Referral,United States,Creator,2026-06
12287,2026-03-12,Organic,United States,Creator,2026-03
12288,2026-06-15,Paid Social,Canada,Creator,2026-06
12289,2026-04-04,Referral,Germany,Creator,2026-04
12290,2026-02-11,Organic,United Kingdom,Creator,2026-02
12291,2026-05-13,X,India,Creator,2026-05
12292,2026-05-19,Organic,United States,Creator,2026-05
12293,2026-03-06,TikTok,India,Creator,2026-03
12294,2026-02-03,YouTube,United States,Viewer,2026-02
12295,2026-04-30,TikTok,United Kingdom,Viewer,2026-04
12296,2026-01-01,YouTube,Nigeria,Creator,2026-01
12297,2026-07-30,Organic,United Kingdom,Creator,2026-07
12298,2026-05-10,YouTube,Nigeria,Creator,2026-05
12299,2026-08-01,TikTok,Nigeria,Creator,2026-08
12300,2026-05-28,Referral,Nigeria,Creator,2026-05
12301,2026-03-02,Organic,United States,Viewer,2026-03
12302,2026-08-03,TikTok,United States,Creator,2026-08
12303,2026-05-29,Instagram,India,Creator,2026-05
12304,2026-03-29,TikTok,Germany,Viewer,2026-03
12305,2026-03-09,Instagram,Other,Creator,2026-03
12306,2026-05-07,Instagram,Canada,Creator,2026-05
12307,2026-05-20,Paid Social,Nigeria,Viewer,2026-05
12308,2026-01-22,Organic,Nigeria,Creator,2026-01
12309,2026-05-28,Referral,United States,Creator,2026-05
12310,2026-03-23,X,India,Creator,2026-03
12311,2026-05-09,TikTok,United States,Creator,2026-05
12312,2026-01-30,YouTube,Other,Creator,2026-01
12313,2026-05-06,Referral,India,Viewer,2026-05
12314,2026-04-07,Instagram,Nigeria,Creator,2026-04
12315,2026-01-24,Referral,Other,Creator,2026-01
12316,2026-01-14,Organic,United States,Creator,2026-01
12317,2026-02-05,YouTube,United Kingdom,Creator,2026-02
12318,2026-07-16,TikTok,Germany,Viewer,2026-07
12319,2026-07-22,TikTok,Nigeria,Creator,2026-07
12320,2026-01-24,X,Canada,Creator,2026-01
12321,2026-07-07,Instagram,United States,Creator,2026-07
12322,2026-04-05,TikTok,Canada,Creator,2026-04
12323,2026-02-24,TikTok,India,Viewer,2026-02
12324,2026-07-24,X,India,Creator,2026-07
12325,2026-07-27,Instagram,United Kingdom,Creator,2026-07
12326,2026-01-24,TikTok,United States,Creator,2026-01
12327,2026-07-24,Organic,Germany,Creator,2026-07
12328,2026-06-01,Referral,United States,Creator,2026-06
12329,2026-07-01,Referral,Canada,Creator,2026-07
12330,2026-01-26,Organic,India,Viewer,2026-01
12331,2026-07-13,Organic,Other,Creator,2026-07
12332,2026-03-21,Organic,United States,Viewer,2026-03
12333,2026-06-15,Paid Social,India,Creator,2026-06
12334,2026-03-06,Referral,Canada,Viewer,2026-03
12335,2026-03-16,Organic,Other,Viewer,2026-03
12336,2026-06-28,Referral,Other,Creator,2026-06
12337,2026-06-12,Organic,India,Creator,2026-06
12338,2026-02-12,Organic,United Kingdom,Viewer,2026-02
12339,2026-01-29,Paid Social,Nigeria,Creator,2026-01
12340,2026-06-14,Referral,Canada,Creator,2026-06
12341,2026-03-22,Referral,Nigeria,Creator,2026-03
12342,2026-07-05,Instagram,United States,Creator,2026-07
12343,2026-02-23,TikTok,Other,Viewer,2026-02
12344,2026-02-08,Paid Social,Other,Viewer,2026-02
12345,2026-02-11,YouTube,Canada,Viewer,2026-02
12346,2026-06-05,TikTok,United Kingdom,Creator,2026-06
12347,2026-01-29,Instagram,United Kingdom,Creator,2026-01
12348,2026-06-20,Paid Social,India,Creator,2026-06
12349,2026-05-11,Paid Social,Canada,Viewer,2026-05
12350,2026-05-18,YouTube,United Kingdom,Creator,2026-05
12351,2026-07-06,Referral,United States,Viewer,2026-07
12352,2026-08-22,Organic,Germany,Viewer,2026-08
12353,2026-05-22,X,Germany,Creator,2026-05
12354,2026-07-23,YouTube,Other,Creator,2026-07
12355,2026-06-24,Organic,United States,Creator,2026-06
12356,2026-02-11,Referral,Nigeria,Creator,2026-02
12357,2026-04-04,Paid Social,Other,Viewer,2026-04
12358,2026-06-09,Organic,United States,Creator,2026-06
12359,2026-02-01,Referral,Canada,Viewer,2026-02
12360,2026-06-19,YouTube,Other,Creator,2026-06
12361,2026-06-09,X,United Kingdom,Creator,2026-06
12362,2026-01-26,Referral,Other,Viewer,2026-01
12363,2026-04-25,TikTok,Nigeria,Creator,2026-04
12364,2026-05-09,Referral,India,Creator,2026-05
12365,2026-02-25,TikTok,India,Viewer,2026-02
12366,2026-05-02,Referral,Canada,Viewer,2026-05
12367,2026-04-16,Instagram,India,Creator,2026-04
12368,2026-05-10,Organic,United Kingdom,Creator,2026-05
12369,2026-03-22,TikTok,India,Creator,2026-03
12370,2026-06-07,Organic,Other,Creator,2026-06
12371,2026-04-30,Organic,India,Creator,2026-04
12372,2026-08-19,Organic,Nigeria,Creator,2026-08
12373,2026-07-18,Referral,United Kingdom,Creator,2026-07
12374,2026-02-21,Paid Social,Germany,Creator,2026-02
12375,2026-04-01,Paid Social,United States,Viewer,2026-04
12376,2026-05-17,Referral,Other,Viewer,2026-05
12377,2026-01-22,Referral,Nigeria,Creator,2026-01
12378,2026-02-03,Organic,India,Creator,2026-02
12379,2026-04-20,Referral,Nigeria,Creator,2026-04
12380,2026-02-18,Referral,United Kingdom,Creator,2026-02
12381,2026-05-09,Organic,Nigeria,Viewer,2026-05
12382,2026-03-14,YouTube,Canada,Creator,2026-03
12383,2026-03-25,Instagram,United States,Creator,2026-03
12384,2026-02-22,Paid Social,India,Creator,2026-02
12385,2026-07-30,YouTube,India,Creator,2026-07
12386,2026-04-10,Paid Social,Other,Creator,2026-04
12387,2026-05-04,Organic,Canada,Viewer,2026-05
12388,2026-06-17,Organic,India,Creator,2026-06
12389,2026-02-14,Paid Social,India,Creator,2026-02
12390,2026-07-15,Organic,United States,Creator,2026-07
12391,2026-05-17,TikTok,Germany,Creator,2026-05
12392,2026-04-15,YouTube,India,Creator,2026-04
12393,2026-05-30,Paid Social,Nigeria,Creator,2026-05
12394,2026-05-26,Organic,India,Creator,2026-05
12395,2026-07-23,Organic,Canada,Creator,2026-07
12396,2026-04-16,Instagram,India,Creator,2026-04
12397,2026-02-12,Instagram,India,Creator,2026-02
12398,2026-06-16,TikTok,United Kingdom,Creator,2026-06
12399,2026-07-20,Referral,Nigeria,Creator,2026-07
12400,2026-05-14,Referral,Canada,Viewer,2026-05
12401,2026-07-30,Referral,India,Viewer,2026-07
12402,2026-02-17,Organic,Nigeria,Creator,2026-02
12403,2026-05-06,YouTube,India,Creator,2026-05
12404,2026-01-07,Paid Social,United Kingdom,Creator,2026-01
12405,2026-07-27,X,India,Viewer,2026-07
12406,2026-07-16,Organic,India,Viewer,2026-07
12407,2026-01-16,Paid Social,United States,Creator,2026-01
12408,2026-05-09,Instagram,United States,Viewer,2026-05
12409,2026-04-25,Referral,Nigeria,Creator,2026-04
12410,2026-02-06,Organic,Nigeria,Viewer,2026-02
12411,2026-08-19,YouTube,United States,Creator,2026-08
12412,2026-07-30,Paid Social,India,Creator,2026-07
12413,2026-06-14,Instagram,United States,Creator,2026-06
12414,2026-05-05,TikTok,India,Creator,2026-05
12415,2026-03-22,Organic,India,Viewer,2026-03
12416,2026-07-11,TikTok,India,Creator,2026-07
12417,2026-08-06,TikTok,India,Creator,2026-08
12418,2026-08-02,YouTube,Germany,Creator,2026-08
12419,2026-03-03,Organic,United Kingdom,Creator,2026-03
12420,2026-03-13,Organic,Nigeria,Viewer,2026-03
12421,2026-07-08,TikTok,Canada,Viewer,2026-07
12422,2026-05-05,Instagram,Other,Creator,2026-05
12423,2026-06-10,X,United States,Viewer,2026-06
12424,2026-03-07,YouTube,United States,Creator,2026-03
12425,2026-01-30,Paid Social,Other,Viewer,2026-01
12426,2026-01-20,TikTok,Canada,Creator,2026-01
12427,2026-07-07,Instagram,Canada,Viewer,2026-07
12428,2026-03-23,TikTok,Nigeria,Creator,2026-03
12429,2026-04-17,Organic,Nigeria,Viewer,2026-04
12430,2026-07-21,X,Nigeria,Creator,2026-07
12431,2026-06-01,Referral,United Kingdom,Creator,2026-06
12432,2026-05-12,Organic,United States,Viewer,2026-05
12433,2026-02-06,Organic,Canada,Creator,2026-02
12434,2026-05-12,YouTube,Other,Viewer,2026-05
12435,2026-03-18,YouTube,Nigeria,Creator,2026-03
12436,2026-03-30,TikTok,United States,Viewer,2026-03
12437,2026-07-24,YouTube,United Kingdom,Creator,2026-07
12438,2026-05-26,Paid Social,India,Creator,2026-05
12439,2026-03-29,Organic,Other,Creator,2026-03
12440,2026-07-13,Organic,United Kingdom,Viewer,2026-07
12441,2026-06-25,Organic,India,Viewer,2026-06
12442,2026-02-02,YouTube,Nigeria,Viewer,2026-02
12443,2026-02-27,TikTok,Canada,Viewer,2026-02
12444,2026-07-30,Paid Social,India,Viewer,2026-07
12445,2026-07-20,YouTube,India,Viewer,2026-07
12446,2026-01-28,TikTok,Nigeria,Viewer,2026-01
12447,2026-02-04,Organic,Germany,Viewer,2026-02
12448,2026-08-19,X,India,Viewer,2026-08
12449,2026-05-05,TikTok,United Kingdom,Creator,2026-05
12450,2026-05-18,Paid Social,United States,Creator,2026-05
12451,2026-03-06,Instagram,India,Creator,2026-03
12452,2026-02-11,TikTok,United States,Creator,2026-02
12453,2026-03-26,X,United States,Creator,2026-03
12454,2026-05-17,Organic,Other,Viewer,2026-05
12455,2026-07-07,X,Other,Creator,2026-07
12456,2026-04-21,Organic,India,Creator,2026-04
12457,2026-01-15,X,United States,Creator,2026-01
12458,2026-08-15,Instagram,Other,Creator,2026-08
12459,2026-07-04,Instagram,United States,Creator,2026-07
12460,2026-03-10,YouTube,United States,Creator,2026-03
12461,2026-04-15,Organic,India,Creator,2026-04
12462,2026-05-30,Instagram,Canada,Creator,2026-05
12463,2026-03-05,Instagram,United States,Creator,2026-03
12464,2026-02-10,Instagram,United Kingdom,Creator,2026-02
12465,2026-08-03,Paid Social,Nigeria,Creator,2026-08
12466,2026-03-12,Organic,India,Creator,2026-03
12467,2026-02-25,YouTube,India,Creator,2026-02
12468,2026-05-31,TikTok,Other,Creator,2026-05
12469,2026-08-24,Instagram,Other,Creator,2026-08
12470,2026-01-25,Referral,United Kingdom,Viewer,2026-01
12471,2026-08-07,Organic,India,Viewer,2026-08
12472,2026-04-15,Referral,United States,Viewer,2026-04
12473,2026-05-14,Organic,Nigeria,Viewer,2026-05
12474,2026-04-29,Instagram,United States,Creator,2026-04
12475,2026-06-11,Referral,Other,Creator,2026-06
12476,2026-07-10,Organic,India,Creator,2026-07
12477,2026-01-09,Referral,United Kingdom,Viewer,2026-01
12478,2026-03-01,Organic,United States,Creator,2026-03
12479,2026-05-05,Referral,Nigeria,Creator,2026-05
12480,2026-02-18,Instagram,United Kingdom,Creator,2026-02
12481,2026-08-13,YouTube,United States,Creator,2026-08
12482,2026-02-20,Paid Social,India,Creator,2026-02
12483,2026-07-07,TikTok,Nigeria,Viewer,2026-07
12484,2026-03-11,Organic,Other,Viewer,2026-03
12485,2026-02-06,Referral,Nigeria,Creator,2026-02
12486,2026-01-31,Organic,India,Creator,2026-01
12487,2026-08-14,YouTube,Germany,Creator,2026-08
12488,2026-06-18,Paid Social,India,Creator,2026-06
12489,2026-03-03,YouTube,United States,Viewer,2026-03
12490,2026-04-03,Organic,United States,Creator,2026-04
12491,2026-07-05,Organic,United States,Creator,2026-07
12492,2026-01-14,Organic,United States,Creator,2026-01
12493,2026-06-13,TikTok,Canada,Creator,2026-06
12494,2026-06-13,Organic,India,Viewer,2026-06
12495,2026-03-20,Referral,United States,Viewer,2026-03
12496,2026-01-08,TikTok,India,Creator,2026-01
12497,2026-06-03,Paid Social,Nigeria,Viewer,2026-06
12498,2026-02-05,Referral,India,Creator,2026-02
12499,2026-02-17,Paid Social,United States,Viewer,2026-02
12500,2026-03-26,TikTok,United States,Viewer,2026-03
12501,2026-01-28,X,India,Viewer,2026-01
12502,2026-07-15,TikTok,United States,Viewer,2026-07
12503,2026-07-09,Organic,Nigeria,Viewer,2026-07
12504,2026-07-27,X,United States,Creator,2026-07
12505,2026-08-02,Referral,United States,Creator,2026-08
12506,2026-07-23,Organic,United States,Viewer,2026-07
12507,2026-07-27,Organic,United Kingdom,Creator,2026-07
12508,2026-02-20,Organic,United Kingdom,Creator,2026-02
12509,2026-04-14,Referral,Nigeria,Viewer,2026-04
12510,2026-08-18,Paid Social,Other,Creator,2026-08
12511,2026-06-19,Organic,Other,Creator,2026-06
12512,2026-04-11,TikTok,India,Creator,2026-04
12513,2026-01-29,Paid Social,India,Creator,2026-01
12514,2026-05-07,TikTok,Other,Creator,2026-05
12515,2026-03-23,YouTube,India,Creator,2026-03
12516,2026-01-10,Organic,Nigeria,Creator,2026-01
12517,2026-04-16,Instagram,Other,Viewer,2026-04
12518,2026-06-16,Instagram,United Kingdom,Viewer,2026-06
12519,2026-07-29,Referral,India,Viewer,2026-07
12520,2026-01-01,TikTok,Canada,Creator,2026-01
12521,2026-02-08,Organic,United States,Creator,2026-02
12522,2026-01-21,TikTok,Other,Viewer,2026-01
12523,2026-03-06,X,United States,Creator,2026-03
12524,2026-01-15,Referral,United States,Viewer,2026-01
12525,2026-05-12,Referral,Canada,Viewer,2026-05
12526,2026-07-07,Organic,India,Viewer,2026-07
12527,2026-03-02,Referral,India,Viewer,2026-03
12528,2026-05-28,Organic,India,Creator,2026-05
12529,2026-05-18,TikTok,Nigeria,Creator,2026-05
12530,2026-03-28,Referral,Other,Creator,2026-03
12531,2026-04-15,Organic,United States,Viewer,2026-04
12532,2026-02-03,Organic,India,Creator,2026-02
12533,2026-05-04,TikTok,United Kingdom,Viewer,2026-05
12534,2026-04-20,YouTube,India,Creator,2026-04
12535,2026-06-25,Instagram,Nigeria,Viewer,2026-06
12536,2026-02-02,TikTok,United States,Creator,2026-02
12537,2026-04-08,Referral,United States,Creator,2026-04
12538,2026-08-19,Referral,India,Viewer,2026-08
12539,2026-03-02,Referral,India,Creator,2026-03
12540,2026-01-10,Instagram,Canada,Creator,2026-01
12541,2026-07-01,Organic,India,Viewer,2026-07
12542,2026-03-25,Organic,Germany,Creator,2026-03
12543,2026-03-06,Referral,Canada,Creator,2026-03
12544,2026-03-18,Referral,India,Viewer,2026-03
12545,2026-01-01,Paid Social,Other,Viewer,2026-01
12546,2026-05-13,Organic,India,Creator,2026-05
12547,2026-03-21,Organic,Canada,Viewer,2026-03
12548,2026-01-15,Organic,United States,Creator,2026-01
12549,2026-01-28,Organic,India,Creator,2026-01
12550,2026-08-11,Instagram,Other,Creator,2026-08
12551,2026-01-23,Paid Social,Other,Creator,2026-01
12552,2026-04-19,X,Nigeria,Creator,2026-04
12553,2026-04-17,Instagram,United States,Viewer,2026-04
12554,2026-05-25,YouTube,Other,Creator,2026-05
12555,2026-04-23,Organic,Nigeria,Viewer,2026-04
12556,2026-04-08,Referral,India,Creator,2026-04
12557,2026-05-21,YouTube,United States,Creator,2026-05
12558,2026-05-22,Organic,Germany,Creator,2026-05
12559,2026-05-19,YouTube,Germany,Creator,2026-05
12560,2026-01-28,X,Other,Viewer,2026-01
12561,2026-02-11,Organic,United States,Viewer,2026-02
12562,2026-08-12,Organic,United Kingdom,Viewer,2026-08
12563,2026-04-09,TikTok,India,Creator,2026-04
12564,2026-03-02,Organic,Canada,Creator,2026-03
12565,2026-05-03,Organic,Nigeria,Creator,2026-05
12566,2026-03-05,X,India,Creator,2026-03
12567,2026-01-31,Instagram,United Kingdom,Viewer,2026-01
12568,2026-03-22,YouTube,India,Creator,2026-03
12569,2026-07-20,Paid Social,United States,Creator,2026-07
12570,2026-01-10,YouTube,United States,Creator,2026-01
12571,2026-01-08,X,Canada,Creator,2026-01
12572,2026-05-29,Referral,United States,Viewer,2026-05
12573,2026-07-24,YouTube,India,Viewer,2026-07
12574,2026-02-28,Organic,India,Creator,2026-02
12575,2026-06-27,TikTok,United Kingdom,Viewer,2026-06
12576,2026-07-16,Referral,India,Creator,2026-07
12577,2026-07-17,Referral,Canada,Creator,2026-07
12578,2026-01-30,Paid Social,Other,Viewer,2026-01
12579,2026-08-11,X,Nigeria,Creator,2026-08
12580,2026-05-25,Paid Social,United Kingdom,Creator,2026-05
12581,2026-07-22,Organic,United States,Creator,2026-07
12582,2026-01-20,X,United States,Creator,2026-01
12583,2026-02-17,Paid Social,India,Creator,2026-02
12584,2026-07-20,TikTok,Nigeria,Viewer,2026-07
12585,2026-05-10,Organic,Other,Viewer,2026-05
12586,2026-02-06,TikTok,Other,Viewer,2026-02
12587,2026-05-09,Referral,Other,Creator,2026-05
12588,2026-05-12,Organic,Other,Creator,2026-05
12589,2026-04-10,X,India,Creator,2026-04
12590,2026-02-23,Organic,India,Viewer,2026-02
12591,2026-05-02,Instagram,United States,Viewer,2026-05
12592,2026-01-25,Paid Social,United Kingdom,Creator,2026-01
12593,2026-05-11,Organic,United States,Viewer,2026-05
12594,2026-01-09,Organic,Other,Creator,2026-01
12595,2026-08-02,TikTok,United Kingdom,Creator,2026-08
12596,2026-08-03,X,United Kingdom,Creator,2026-08
12597,2026-07-23,TikTok,India,Viewer,2026-07
12598,2026-07-21,Instagram,India,Creator,2026-07
12599,2026-02-03,Paid Social,United States,Viewer,2026-02
12600,2026-02-12,TikTok,Other,Creator,2026-02
12601,2026-03-15,TikTok,United States,Creator,2026-03
12602,2026-04-04,Instagram,United Kingdom,Creator,2026-04
12603,2026-01-22,Instagram,Other,Creator,2026-01
12604,2026-03-11,Organic,India,Creator,2026-03
12605,2026-05-10,X,India,Creator,2026-05
12606,2026-04-04,Paid Social,Nigeria,Creator,2026-04
12607,2026-07-13,TikTok,Nigeria,Creator,2026-07
12608,2026-02-01,YouTube,Other,Creator,2026-02
12609,2026-04-16,Organic,India,Creator,2026-04
12610,2026-05-24,X,United States,Creator,2026-05
12611,2026-07-23,Instagram,United States,Viewer,2026-07
12612,2026-01-01,Instagram,Nigeria,Viewer,2026-01
12613,2026-03-13,Instagram,India,Creator,2026-03
12614,2026-06-25,Organic,United Kingdom,Viewer,2026-06
12615,2026-02-19,Referral,Nigeria,Viewer,2026-02
12616,2026-05-21,X,United Kingdom,Creator,2026-05
12617,2026-01-15,Organic,United States,Creator,2026-01
12618,2026-02-22,Paid Social,United States,Viewer,2026-02
12619,2026-06-21,Organic,Other,Creator,2026-06
12620,2026-01-08,YouTube,India,Creator,2026-01
12621,2026-03-15,TikTok,India,Creator,2026-03
12622,2026-02-15,Instagram,Nigeria,Creator,2026-02
12623,2026-03-10,TikTok,United Kingdom,Creator,2026-03
12624,2026-04-24,TikTok,United States,Viewer,2026-04
12625,2026-05-27,Organic,Nigeria,Creator,2026-05
12626,2026-06-15,YouTube,India,Creator,2026-06
12627,2026-05-03,YouTube,India,Creator,2026-05
12628,2026-05-19,YouTube,India,Viewer,2026-05
12629,2026-04-27,Referral,Other,Viewer,2026-04
12630,2026-02-12,Paid Social,Germany,Creator,2026-02
12631,2026-01-20,X,India,Viewer,2026-01
12632,2026-05-28,YouTube,India,Creator,2026-05
12633,2026-01-21,Organic,India,Viewer,2026-01
12634,2026-03-23,Referral,United States,Creator,2026-03
12635,2026-02-26,Referral,Germany,Viewer,2026-02
12636,2026-06-27,Organic,United States,Viewer,2026-06
12637,2026-03-15,Instagram,India,Viewer,2026-03
12638,2026-04-08,Paid Social,United States,Creator,2026-04
12639,2026-06-03,Organic,India,Viewer,2026-06
12640,2026-06-07,TikTok,United States,Creator,2026-06
12641,2026-07-20,TikTok,United Kingdom,Creator,2026-07
12642,2026-04-20,TikTok,United States,Viewer,2026-04
12643,2026-04-25,Organic,India,Viewer,2026-04
12644,2026-06-08,Organic,United States,Creator,2026-06
12645,2026-02-11,TikTok,Canada,Creator,2026-02
12646,2026-03-09,Referral,India,Viewer,2026-03
12647,2026-07-08,TikTok,India,Viewer,2026-07
12648,2026-07-08,Instagram,United States,Creator,2026-07
12649,2026-03-11,TikTok,United States,Viewer,2026-03
12650,2026-03-19,Organic,India,Viewer,2026-03
12651,2026-07-15,Paid Social,India,Creator,2026-07
12652,2026-03-31,Referral,India,Creator,2026-03
12653,2026-04-21,Instagram,United States,Viewer,2026-04
12654,2026-04-22,Instagram,India,Creator,2026-04
12655,2026-04-13,YouTube,United Kingdom,Creator,2026-04
12656,2026-05-25,TikTok,Nigeria,Creator,2026-05
12657,2026-01-19,Organic,United States,Viewer,2026-01
12658,2026-06-28,TikTok,Nigeria,Viewer,2026-06
12659,2026-03-11,Paid Social,United Kingdom,Viewer,2026-03
12660,2026-03-04,Organic,Other,Creator,2026-03
12661,2026-08-09,Instagram,Canada,Viewer,2026-08
12662,2026-03-16,Organic,Nigeria,Creator,2026-03
12663,2026-07-27,Organic,Canada,Creator,2026-07
12664,2026-06-07,X,United States,Viewer,2026-06
12665,2026-06-02,TikTok,United States,Creator,2026-06
12666,2026-04-14,Paid Social,India,Creator,2026-04
12667,2026-03-16,TikTok,United States,Creator,2026-03
12668,2026-05-08,Organic,India,Viewer,2026-05
12669,2026-07-18,Instagram,India,Creator,2026-07
12670,2026-06-03,Referral,India,Viewer,2026-06
12671,2026-02-25,Organic,Other,Creator,2026-02
12672,2026-01-22,Instagram,India,Creator,2026-01
12673,2026-03-30,Referral,Nigeria,Creator,2026-03
12674,2026-01-19,Organic,Other,Creator,2026-01
12675,2026-06-08,Paid Social,United Kingdom,Viewer,2026-06
12676,2026-01-26,Organic,Nigeria,Creator,2026-01
12677,2026-06-19,Organic,Canada,Creator,2026-06
12678,2026-06-18,X,United States,Viewer,2026-06
12679,2026-08-16,Organic,India,Creator,2026-08
12680,2026-01-23,YouTube,Germany,Creator,2026-01
12681,2026-02-16,Instagram,India,Creator,2026-02
12682,2026-01-13,Organic,Germany,Creator,2026-01
12683,2026-08-05,Paid Social,India,Creator,2026-08
12684,2026-03-07,YouTube,United Kingdom,Creator,2026-03
12685,2026-07-13,Instagram,United States,Creator,2026-07
12686,2026-05-24,TikTok,Other,Creator,2026-05
12687,2026-03-14,Organic,United States,Viewer,2026-03
12688,2026-06-05,YouTube,Other,Creator,2026-06
12689,2026-03-18,Referral,United States,Viewer,2026-03
12690,2026-06-12,Organic,United Kingdom,Creator,2026-06
12691,2026-06-18,Instagram,United Kingdom,Creator,2026-06
12692,2026-07-24,Instagram,India,Viewer,2026-07
12693,2026-01-31,TikTok,Canada,Viewer,2026-01
12694,2026-03-26,Referral,India,Viewer,2026-03
12695,2026-06-09,Organic,United States,Creator,2026-06
12696,2026-07-01,Organic,Canada,Creator,2026-07
12697,2026-08-14,Organic,Other,Creator,2026-08
12698,2026-07-19,TikTok,Nigeria,Viewer,2026-07
12699,2026-02-28,TikTok,Nigeria,Creator,2026-02
12700,2026-02-10,Referral,Nigeria,Viewer,2026-02
12701,2026-04-22,Referral,Germany,Creator,2026-04
12702,2026-07-13,Organic,Other,Viewer,2026-07
12703,2026-08-18,Referral,United Kingdom,Creator,2026-08
12704,2026-04-06,YouTube,United States,Creator,2026-04
12705,2026-07-01,TikTok,India,Creator,2026-07
12706,2026-06-17,Organic,India,Creator,2026-06
12707,2026-05-02,Organic,Germany,Viewer,2026-05
12708,2026-06-05,Organic,Other,Creator,2026-06
12709,2026-06-14,Referral,United Kingdom,Creator,2026-06
12710,2026-04-15,Instagram,Other,Creator,2026-04
12711,2026-07-12,Paid Social,United States,Creator,2026-07
12712,2026-08-21,Referral,United Kingdom,Viewer,2026-08
12713,2026-03-15,TikTok,Nigeria,Creator,2026-03
12714,2026-07-02,Referral,Nigeria,Creator,2026-07
12715,2026-05-12,Organic,United Kingdom,Creator,2026-05
12716,2026-04-09,Organic,United States,Creator,2026-04
12717,2026-05-06,X,United Kingdom,Viewer,2026-05
12718,2026-05-18,TikTok,United Kingdom,Creator,2026-05
12719,2026-06-24,TikTok,Germany,Creator,2026-06
12720,2026-03-16,YouTube,Canada,Viewer,2026-03
12721,2026-01-14,Referral,United States,Creator,2026-01
12722,2026-02-07,TikTok,United States,Creator,2026-02
12723,2026-05-20,TikTok,India,Viewer,2026-05
12724,2026-02-14,Instagram,India,Creator,2026-02
12725,2026-05-25,YouTube,Nigeria,Creator,2026-05
12726,2026-07-27,Organic,India,Creator,2026-07
12727,2026-06-12,Paid Social,Nigeria,Creator,2026-06
12728,2026-07-13,YouTube,United States,Viewer,2026-07
12729,2026-03-16,X,India,Creator,2026-03
12730,2026-06-18,Paid Social,United States,Creator,2026-06
12731,2026-07-14,Paid Social,United States,Viewer,2026-07
12732,2026-01-29,Organic,India,Creator,2026-01
12733,2026-01-18,Organic,United States,Creator,2026-01
12734,2026-01-20,Referral,United States,Creator,2026-01
12735,2026-01-14,Paid Social,United States,Creator,2026-01
12736,2026-06-11,YouTube,United States,Viewer,2026-06
12737,2026-06-26,TikTok,United States,Viewer,2026-06
12738,2026-02-23,YouTube,India,Creator,2026-02
12739,2026-01-31,Organic,India,Creator,2026-01
12740,2026-02-27,Paid Social,Canada,Viewer,2026-02
12741,2026-04-14,Instagram,United States,Viewer,2026-04
12742,2026-06-19,Paid Social,United Kingdom,Viewer,2026-06
12743,2026-07-05,Instagram,United States,Viewer,2026-07
12744,2026-05-08,Paid Social,Other,Creator,2026-05
12745,2026-07-29,TikTok,United States,Creator,2026-07
12746,2026-06-07,Referral,United Kingdom,Creator,2026-06
12747,2026-01-25,Paid Social,India,Viewer,2026-01
12748,2026-07-10,YouTube,Nigeria,Creator,2026-07
12749,2026-01-19,YouTube,Nigeria,Creator,2026-01
12750,2026-07-19,Organic,India,Viewer,2026-07
12751,2026-08-08,Instagram,India,Creator,2026-08
12752,2026-05-16,Paid Social,Other,Creator,2026-05
12753,2026-08-11,Organic,Other,Creator,2026-08
12754,2026-01-03,Referral,United Kingdom,Creator,2026-01
12755,2026-07-14,YouTube,Other,Viewer,2026-07
12756,2026-08-24,Organic,India,Creator,2026-08
12757,2026-03-27,TikTok,Canada,Creator,2026-03
12758,2026-07-28,TikTok,United States,Creator,2026-07
12759,2026-08-16,Organic,Nigeria,Viewer,2026-08
12760,2026-05-25,Paid Social,Canada,Creator,2026-05
12761,2026-05-22,Referral,India,Viewer,2026-05
12762,2026-01-09,TikTok,United Kingdom,Viewer,2026-01
12763,2026-07-09,TikTok,United States,Creator,2026-07
12764,2026-04-04,YouTube,United States,Creator,2026-04
12765,2026-05-29,TikTok,Other,Creator,2026-05
12766,2026-07-23,Organic,Germany,Viewer,2026-07
12767,2026-06-14,Instagram,India,Creator,2026-06
12768,2026-08-12,Referral,United Kingdom,Creator,2026-08
12769,2026-05-19,Organic,United States,Viewer,2026-05
12770,2026-01-20,TikTok,India,Viewer,2026-01
12771,2026-02-04,Paid Social,Germany,Creator,2026-02
12772,2026-02-22,Organic,India,Creator,2026-02
12773,2026-06-24,Paid Social,India,Viewer,2026-06
12774,2026-04-20,TikTok,India,Viewer,2026-04
12775,2026-07-22,Organic,United States,Creator,2026-07
12776,2026-06-29,Organic,India,Creator,2026-06
12777,2026-05-16,Organic,United Kingdom,Viewer,2026-05
12778,2026-01-04,Organic,United States,Viewer,2026-01
12779,2026-06-04,Organic,United States,Creator,2026-06
12780,2026-06-21,TikTok,India,Creator,2026-06
12781,2026-06-17,Organic,United States,Creator,2026-06
12782,2026-04-12,YouTube,United States,Viewer,2026-04
12783,2026-02-16,Referral,United States,Creator,2026-02
12784,2026-04-04,Paid Social,India,Viewer,2026-04
12785,2026-06-21,Instagram,India,Creator,2026-06
12786,2026-02-17,Paid Social,India,Creator,2026-02
12787,2026-04-01,Organic,United Kingdom,Creator,2026-04
12788,2026-08-01,Organic,India,Creator,2026-08
12789,2026-06-29,TikTok,United States,Creator,2026-06
12790,2026-03-25,Referral,Nigeria,Viewer,2026-03
12791,2026-03-09,Paid Social,Other,Creator,2026-03
12792,2026-05-19,X,Germany,Viewer,2026-05
12793,2026-07-24,TikTok,Other,Viewer,2026-07
12794,2026-05-05,YouTube,Germany,Creator,2026-05
12795,2026-03-14,Organic,Nigeria,Creator,2026-03
12796,2026-01-04,Instagram,Other,Viewer,2026-01
12797,2026-03-17,Instagram,Nigeria,Creator,2026-03
12798,2026-03-14,Organic,United States,Creator,2026-03
12799,2026-03-18,Organic,United States,Creator,2026-03
12800,2026-02-17,Referral,Nigeria,Creator,2026-02
12801,2026-06-03,Instagram,Germany,Viewer,2026-06
12802,2026-04-12,TikTok,India,Creator,2026-04
12803,2026-04-16,Instagram,India,Creator,2026-04
12804,2026-03-18,Paid Social,Canada,Creator,2026-03
12805,2026-02-08,TikTok,United Kingdom,Creator,2026-02
12806,2026-08-08,Organic,Germany,Creator,2026-08
12807,2026-02-27,Instagram,Other,Viewer,2026-02
12808,2026-01-19,YouTube,India,Creator,2026-01
12809,2026-03-29,Organic,India,Viewer,2026-03
12810,2026-07-30,TikTok,United States,Creator,2026-07
12811,2026-04-23,TikTok,Other,Creator,2026-04
12812,2026-03-18,Instagram,India,Viewer,2026-03
12813,2026-03-18,TikTok,India,Creator,2026-03
12814,2026-07-05,YouTube,India,Creator,2026-07
12815,2026-01-28,Paid Social,United States,Viewer,2026-01
12816,2026-03-07,Paid Social,United States,Creator,2026-03
12817,2026-01-10,YouTube,Germany,Creator,2026-01
12818,2026-05-06,Instagram,United Kingdom,Viewer,2026-05
12819,2026-08-02,Referral,Germany,Viewer,2026-08
12820,2026-07-24,Referral,United States,Creator,2026-07
12821,2026-02-27,Referral,Nigeria,Creator,2026-02
12822,2026-07-20,Organic,Nigeria,Viewer,2026-07
12823,2026-08-13,Organic,United States,Viewer,2026-08
12824,2026-05-22,Paid Social,United States,Creator,2026-05
12825,2026-05-05,Paid Social,United Kingdom,Creator,2026-05
12826,2026-04-22,X,Nigeria,Creator,2026-04
12827,2026-03-25,Paid Social,India,Creator,2026-03
12828,2026-05-23,Referral,India,Viewer,2026-05
12829,2026-04-06,Instagram,India,Creator,2026-04
12830,2026-02-02,TikTok,India,Creator,2026-02
12831,2026-05-25,X,United States,Creator,2026-05
12832,2026-06-01,Instagram,United States,Creator,2026-06
12833,2026-06-07,Paid Social,India,Viewer,2026-06
12834,2026-07-09,Instagram,Nigeria,Creator,2026-07
12835,2026-05-21,Referral,Other,Creator,2026-05
12836,2026-07-09,Referral,India,Viewer,2026-07
12837,2026-02-16,Organic,India,Viewer,2026-02
12838,2026-04-22,Organic,United States,Creator,2026-04
12839,2026-05-24,YouTube,United Kingdom,Creator,2026-05
12840,2026-07-13,Organic,United Kingdom,Creator,2026-07
12841,2026-07-28,YouTube,Nigeria,Viewer,2026-07
12842,2026-08-12,Organic,Canada,Creator,2026-08
12843,2026-02-12,TikTok,Germany,Creator,2026-02
12844,2026-01-08,Organic,Other,Creator,2026-01
12845,2026-01-03,TikTok,United States,Viewer,2026-01
12846,2026-05-05,Organic,Other,Viewer,2026-05
12847,2026-01-12,Paid Social,Canada,Viewer,2026-01
12848,2026-03-25,TikTok,United Kingdom,Viewer,2026-03
12849,2026-01-16,Paid Social,United Kingdom,Creator,2026-01
12850,2026-03-19,Paid Social,Other,Viewer,2026-03
12851,2026-07-27,Paid Social,Other,Viewer,2026-07
12852,2026-02-28,Instagram,India,Creator,2026-02
12853,2026-06-26,Referral,Nigeria,Creator,2026-06
12854,2026-03-04,Organic,Other,Viewer,2026-03
12855,2026-07-09,Organic,United States,Viewer,2026-07
12856,2026-08-23,Referral,India,Creator,2026-08
12857,2026-02-18,Organic,India,Creator,2026-02
12858,2026-02-20,Paid Social,Nigeria,Creator,2026-02
12859,2026-02-02,YouTube,United Kingdom,Viewer,2026-02
12860,2026-01-30,TikTok,India,Creator,2026-01
12861,2026-07-06,Organic,United Kingdom,Viewer,2026-07
12862,2026-03-17,YouTube,Other,Creator,2026-03
12863,2026-01-15,X,India,Creator,2026-01
12864,2026-03-23,YouTube,India,Creator,2026-03
12865,2026-04-02,TikTok,Germany,Viewer,2026-04
12866,2026-01-23,Organic,Other,Creator,2026-01
12867,2026-07-25,TikTok,India,Creator,2026-07
12868,2026-04-04,TikTok,Canada,Creator,2026-04
12869,2026-08-13,Organic,Nigeria,Viewer,2026-08
12870,2026-02-14,Organic,India,Viewer,2026-02
12871,2026-03-03,TikTok,Germany,Creator,2026-03
12872,2026-07-26,YouTube,United States,Creator,2026-07
12873,2026-07-18,X,United Kingdom,Viewer,2026-07
12874,2026-01-15,Organic,United States,Creator,2026-01
12875,2026-08-22,X,Germany,Viewer,2026-08
12876,2026-02-15,YouTube,India,Creator,2026-02
12877,2026-03-05,Instagram,United States,Viewer,2026-03
12878,2026-08-18,Instagram,United States,Creator,2026-08
12879,2026-06-23,TikTok,India,Viewer,2026-06
12880,2026-07-03,Organic,Other,Creator,2026-07
12881,2026-06-21,TikTok,India,Creator,2026-06
12882,2026-03-16,TikTok,Nigeria,Viewer,2026-03
12883,2026-06-06,X,Germany,Viewer,2026-06
12884,2026-08-11,Referral,Nigeria,Viewer,2026-08
12885,2026-07-09,TikTok,United States,Creator,2026-07
12886,2026-08-05,YouTube,Canada,Creator,2026-08
12887,2026-02-21,Referral,Nigeria,Creator,2026-02
12888,2026-07-01,Organic,India,Creator,2026-07
12889,2026-03-29,Paid Social,United States,Creator,2026-03
12890,2026-02-26,Organic,Nigeria,Creator,2026-02
12891,2026-03-24,Paid Social,United Kingdom,Creator,2026-03
12892,2026-03-07,Organic,Nigeria,Creator,2026-03
12893,2026-05-30,TikTok,India,Creator,2026-05
12894,2026-01-20,X,Nigeria,Creator,2026-01
12895,2026-02-02,Paid Social,United States,Creator,2026-02
12896,2026-03-13,Organic,India,Viewer,2026-03
12897,2026-01-25,Referral,Other,Creator,2026-01
12898,2026-02-15,YouTube,United States,Creator,2026-02
12899,2026-03-14,Organic,United States,Creator,2026-03
12900,2026-04-08,Instagram,Other,Creator,2026-04
12901,2026-02-26,Instagram,India,Creator,2026-02
12902,2026-03-28,TikTok,Nigeria,Creator,2026-03
12903,2026-05-13,Referral,Canada,Creator,2026-05
12904,2026-02-24,Paid Social,India,Viewer,2026-02
12905,2026-03-02,YouTube,Germany,Viewer,2026-03
12906,2026-03-30,Paid Social,Canada,Creator,2026-03
12907,2026-01-08,Organic,Nigeria,Creator,2026-01
12908,2026-01-16,Organic,India,Creator,2026-01
12909,2026-06-25,Paid Social,Other,Creator,2026-06
12910,2026-04-26,Paid Social,United Kingdom,Creator,2026-04
12911,2026-03-02,Organic,Nigeria,Creator,2026-03
12912,2026-01-15,TikTok,Other,Creator,2026-01
12913,2026-07-12,Referral,United States,Creator,2026-07
12914,2026-05-30,Organic,Nigeria,Viewer,2026-05
12915,2026-05-11,Organic,Germany,Creator,2026-05
12916,2026-04-12,YouTube,United States,Creator,2026-04
12917,2026-02-23,Paid Social,Canada,Creator,2026-02
12918,2026-01-14,Referral,India,Creator,2026-01
12919,2026-02-05,Referral,United Kingdom,Creator,2026-02
12920,2026-07-29,TikTok,Nigeria,Creator,2026-07
12921,2026-04-15,YouTube,India,Creator,2026-04
12922,2026-03-23,Organic,India,Creator,2026-03
12923,2026-03-08,Paid Social,United States,Viewer,2026-03
12924,2026-01-10,Instagram,United Kingdom,Viewer,2026-01
12925,2026-02-18,YouTube,United Kingdom,Viewer,2026-02
12926,2026-08-19,Referral,Germany,Viewer,2026-08
12927,2026-04-21,Organic,United States,Viewer,2026-04
12928,2026-03-06,Paid Social,Germany,Creator,2026-03
12929,2026-08-07,TikTok,India,Creator,2026-08
12930,2026-02-26,TikTok,United States,Creator,2026-02
12931,2026-01-27,Organic,India,Creator,2026-01
12932,2026-07-22,Referral,Other,Creator,2026-07
12933,2026-04-23,Referral,United States,Creator,2026-04
12934,2026-05-13,Organic,United States,Creator,2026-05
12935,2026-03-12,Organic,Nigeria,Viewer,2026-03
12936,2026-03-24,Paid Social,Nigeria,Viewer,2026-03
12937,2026-02-26,Organic,Germany,Creator,2026-02
12938,2026-04-30,X,Nigeria,Creator,2026-04
12939,2026-04-03,X,United States,Viewer,2026-04
12940,2026-01-15,Referral,Other,Creator,2026-01
12941,2026-08-15,X,Other,Creator,2026-08
12942,2026-04-21,Instagram,India,Viewer,2026-04
12943,2026-04-11,Paid Social,United Kingdom,Creator,2026-04
12944,2026-04-29,Organic,United States,Viewer,2026-04
12945,2026-03-17,Organic,United Kingdom,Creator,2026-03
12946,2026-06-07,Organic,United Kingdom,Creator,2026-06
12947,2026-01-20,Paid Social,United States,Creator,2026-01
12948,2026-06-14,YouTube,Other,Creator,2026-06
12949,2026-05-11,Organic,United States,Creator,2026-05
12950,2026-03-14,YouTube,United Kingdom,Creator,2026-03
12951,2026-05-02,TikTok,Germany,Creator,2026-05
12952,2026-02-10,Paid Social,India,Viewer,2026-02
12953,2026-06-16,Organic,United States,Viewer,2026-06
12954,2026-06-03,YouTube,India,Creator,2026-06
12955,2026-05-10,X,Canada,Viewer,2026-05
12956,2026-01-23,Organic,Germany,Viewer,2026-01
12957,2026-01-23,Paid Social,India,Viewer,2026-01
12958,2026-08-01,Organic,India,Creator,2026-08
12959,2026-05-24,YouTube,United States,Creator,2026-05
12960,2026-01-09,Referral,United Kingdom,Creator,2026-01
12961,2026-01-13,YouTube,United Kingdom,Creator,2026-01
12962,2026-06-05,Organic,United States,Viewer,2026-06
12963,2026-06-04,Paid Social,United States,Creator,2026-06
12964,2026-02-20,Organic,United States,Creator,2026-02
12965,2026-03-05,X,India,Creator,2026-03
12966,2026-02-21,Referral,India,Creator,2026-02
12967,2026-07-28,Paid Social,India,Creator,2026-07
12968,2026-02-07,X,United Kingdom,Creator,2026-02
12969,2026-04-10,Organic,India,Creator,2026-04
12970,2026-07-12,Referral,United States,Creator,2026-07
12971,2026-05-26,Organic,United Kingdom,Viewer,2026-05
12972,2026-07-10,Organic,Germany,Viewer,2026-07
12973,2026-02-20,Paid Social,Nigeria,Creator,2026-02
12974,2026-05-17,X,India,Creator,2026-05
12975,2026-05-21,Organic,Other,Creator,2026-05
12976,2026-06-17,X,India,Viewer,2026-06
12977,2026-02-24,Organic,United States,Viewer,2026-02
12978,2026-04-19,Organic,Other,Creator,2026-04
12979,2026-07-26,Organic,United Kingdom,Viewer,2026-07
12980,2026-06-20,Referral,United Kingdom,Viewer,2026-06
12981,2026-02-13,Referral,United States,Creator,2026-02
12982,2026-04-20,X,India,Creator,2026-04
12983,2026-07-15,Organic,United States,Creator,2026-07
12984,2026-06-10,Referral,United States,Creator,2026-06
12985,2026-06-01,TikTok,India,Creator,2026-06
12986,2026-06-13,Instagram,India,Creator,2026-06
12987,2026-05-08,Paid Social,United States,Viewer,2026-05
12988,2026-04-15,Instagram,United Kingdom,Viewer,2026-04
12989,2026-01-10,X,Other,Creator,2026-01
12990,2026-04-10,Paid Social,United Kingdom,Creator,2026-04
12991,2026-05-28,Instagram,Canada,Viewer,2026-05
12992,2026-08-21,X,United States,Viewer,2026-08
12993,2026-04-19,X,India,Creator,2026-04
12994,2026-04-18,Organic,United States,Creator,2026-04
12995,2026-07-22,Referral,United States,Viewer,2026-07
12996,2026-05-20,YouTube,United Kingdom,Creator,2026-05
12997,2026-07-09,Organic,Other,Creator,2026-07
12998,2026-05-26,Organic,Germany,Viewer,2026-05
12999,2026-04-04,Paid Social,India,Viewer,2026-04
13000,2026-08-24,X,Germany,Creator,2026-08
13001,2026-08-17,Organic,United States,Viewer,2026-08
13002,2026-03-04,TikTok,India,Creator,2026-03
13003,2026-03-25,X,United States,Creator,2026-03
13004,2026-01-25,Organic,Nigeria,Creator,2026-01
13005,2026-01-12,Organic,Canada,Viewer,2026-01
13006,2026-05-29,Referral,United States,Creator,2026-05
13007,2026-01-25,YouTube,India,Creator,2026-01
13008,2026-01-11,TikTok,India,Creator,2026-01
13009,2026-03-05,Organic,India,Creator,2026-03
13010,2026-07-20,Instagram,Other,Creator,2026-07
13011,2026-05-06,Organic,Other,Viewer,2026-05
13012,2026-02-19,TikTok,Other,Creator,2026-02
13013,2026-07-09,Organic,United States,Creator,2026-07
13014,2026-03-30,Organic,India,Creator,2026-03
13015,2026-04-09,TikTok,Other,Creator,2026-04
13016,2026-04-26,Paid Social,Other,Viewer,2026-04
13017,2026-04-06,Organic,India,Viewer,2026-04
13018,2026-06-26,TikTok,Canada,Creator,2026-06
13019,2026-01-14,TikTok,United States,Viewer,2026-01
13020,2026-01-01,Instagram,Other,Creator,2026-01
13021,2026-07-28,Referral,India,Viewer,2026-07
13022,2026-01-25,TikTok,Other,Viewer,2026-01
13023,2026-07-06,Referral,India,Creator,2026-07
13024,2026-03-13,Organic,Nigeria,Creator,2026-03
13025,2026-03-10,Paid Social,United States,Viewer,2026-03
13026,2026-05-13,Organic,United States,Creator,2026-05
13027,2026-04-15,Organic,United States,Creator,2026-04
13028,2026-08-15,Organic,United Kingdom,Creator,2026-08
13029,2026-05-27,Organic,India,Creator,2026-05
13030,2026-01-23,Instagram,United Kingdom,Viewer,2026-01
13031,2026-01-09,Instagram,India,Creator,2026-01
13032,2026-04-28,YouTube,India,Viewer,2026-04
13033,2026-04-04,Organic,United Kingdom,Creator,2026-04
13034,2026-06-27,Instagram,India,Creator,2026-06
13035,2026-05-24,TikTok,Other,Viewer,2026-05
13036,2026-02-02,YouTube,Canada,Creator,2026-02
13037,2026-05-10,Organic,United Kingdom,Creator,2026-05
13038,2026-01-14,Organic,India,Creator,2026-01
13039,2026-01-01,TikTok,India,Creator,2026-01
13040,2026-03-31,Referral,Other,Viewer,2026-03
13041,2026-07-05,YouTube,India,Creator,2026-07
13042,2026-03-30,Organic,Germany,Viewer,2026-03
13043,2026-05-24,Organic,India,Viewer,2026-05
13044,2026-07-26,Organic,United States,Creator,2026-07
13045,2026-03-31,TikTok,United Kingdom,Creator,2026-03
13046,2026-06-24,X,Other,Creator,2026-06
13047,2026-06-21,Organic,India,Viewer,2026-06
13048,2026-07-27,TikTok,India,Viewer,2026-07
13049,2026-01-14,X,Canada,Creator,2026-01
13050,2026-08-09,TikTok,India,Creator,2026-08
13051,2026-06-01,Organic,India,Creator,2026-06
13052,2026-04-21,Instagram,India,Creator,2026-04
13053,2026-07-02,TikTok,Nigeria,Creator,2026-07
13054,2026-05-23,Referral,Canada,Viewer,2026-05
13055,2026-03-24,Referral,Other,Creator,2026-03
13056,2026-03-13,Organic,India,Creator,2026-03
13057,2026-06-11,Organic,India,Viewer,2026-06
13058,2026-05-10,TikTok,United States,Viewer,2026-05
13059,2026-01-27,TikTok,India,Creator,2026-01
13060,2026-03-15,Paid Social,United States,Viewer,2026-03
13061,2026-04-09,TikTok,United Kingdom,Creator,2026-04
13062,2026-08-03,Referral,India,Viewer,2026-08
13063,2026-03-13,Instagram,United Kingdom,Viewer,2026-03
13064,2026-08-08,Paid Social,Other,Viewer,2026-08
13065,2026-01-23,YouTube,Other,Creator,2026-01
13066,2026-03-09,YouTube,United States,Creator,2026-03
13067,2026-05-22,Instagram,United States,Creator,2026-05
13068,2026-07-10,Referral,United States,Creator,2026-07
13069,2026-04-27,Organic,Germany,Creator,2026-04
13070,2026-04-16,Paid Social,Other,Creator,2026-04
13071,2026-04-03,YouTube,Germany,Creator,2026-04
13072,2026-03-06,Instagram,Nigeria,Viewer,2026-03
13073,2026-03-09,Paid Social,India,Viewer,2026-03
13074,2026-05-08,Referral,Other,Creator,2026-05
13075,2026-03-04,Referral,Other,Viewer,2026-03
13076,2026-08-12,Organic,Germany,Creator,2026-08
13077,2026-08-13,Paid Social,United States,Creator,2026-08
13078,2026-04-23,Referral,United States,Creator,2026-04
13079,2026-03-31,X,India,Creator,2026-03
13080,2026-03-22,Paid Social,Other,Creator,2026-03
13081,2026-04-13,Organic,Other,Creator,2026-04
13082,2026-08-03,Organic,India,Creator,2026-08
13083,2026-07-11,X,United Kingdom,Viewer,2026-07
13084,2026-06-09,Organic,India,Creator,2026-06
13085,2026-04-26,YouTube,United States,Creator,2026-04
13086,2026-07-26,Organic,United States,Creator,2026-07
13087,2026-01-13,Organic,United States,Viewer,2026-01
13088,2026-07-13,TikTok,United States,Creator,2026-07
13089,2026-05-04,Instagram,United States,Creator,2026-05
13090,2026-05-27,Organic,Canada,Creator,2026-05
13091,2026-06-01,Organic,United States,Creator,2026-06
13092,2026-03-29,TikTok,Germany,Creator,2026-03
13093,2026-01-11,Referral,Nigeria,Creator,2026-01
13094,2026-07-06,Referral,Canada,Creator,2026-07
13095,2026-08-02,Organic,Other,Creator,2026-08
13096,2026-01-15,Instagram,India,Creator,2026-01
13097,2026-01-10,Organic,United States,Viewer,2026-01
13098,2026-02-10,TikTok,India,Creator,2026-02
13099,2026-06-04,Paid Social,United States,Creator,2026-06
13100,2026-07-07,TikTok,India,Creator,2026-07
13101,2026-03-14,TikTok,Nigeria,Creator,2026-03
13102,2026-02-21,Organic,Canada,Creator,2026-02
13103,2026-05-08,Paid Social,Nigeria,Viewer,2026-05
13104,2026-01-28,Instagram,United States,Viewer,2026-01
13105,2026-03-06,X,India,Creator,2026-03
13106,2026-01-17,Instagram,India,Creator,2026-01
13107,2026-04-05,Organic,United Kingdom,Creator,2026-04
13108,2026-06-21,Referral,India,Creator,2026-06
13109,2026-05-18,Organic,Other,Creator,2026-05
13110,2026-03-04,YouTube,Nigeria,Viewer,2026-03
13111,2026-08-17,X,United States,Viewer,2026-08
13112,2026-08-09,Organic,India,Viewer,2026-08
13113,2026-07-29,Organic,United States,Viewer,2026-07
13114,2026-06-24,YouTube,Other,Creator,2026-06
13115,2026-02-07,TikTok,Other,Creator,2026-02
13116,2026-08-19,Organic,India,Creator,2026-08
13117,2026-03-11,Organic,Canada,Viewer,2026-03
13118,2026-04-14,Referral,India,Creator,2026-04
13119,2026-07-23,Paid Social,United States,Creator,2026-07
13120,2026-02-22,Referral,Nigeria,Creator,2026-02
13121,2026-07-25,Instagram,Other,Creator,2026-07
13122,2026-06-21,Instagram,India,Creator,2026-06
13123,2026-04-29,Organic,India,Viewer,2026-04
13124,2026-03-15,Organic,Nigeria,Creator,2026-03
13125,2026-02-23,Referral,Germany,Creator,2026-02
13126,2026-01-20,Referral,United Kingdom,Viewer,2026-01
13127,2026-03-20,Referral,United States,Creator,2026-03
13128,2026-01-31,Instagram,Other,Viewer,2026-01
13129,2026-05-15,Referral,Other,Creator,2026-05
13130,2026-02-27,Paid Social,Canada,Viewer,2026-02
13131,2026-04-15,TikTok,Germany,Viewer,2026-04
13132,2026-01-10,Organic,Canada,Viewer,2026-01
13133,2026-01-10,Instagram,India,Creator,2026-01
13134,2026-02-08,Organic,India,Creator,2026-02
13135,2026-06-05,Paid Social,Nigeria,Creator,2026-06
13136,2026-06-07,TikTok,Other,Viewer,2026-06
13137,2026-02-06,X,Other,Creator,2026-02
13138,2026-04-29,X,India,Creator,2026-04
13139,2026-03-08,Instagram,India,Viewer,2026-03
13140,2026-02-12,Organic,Other,Creator,2026-02
13141,2026-07-26,Paid Social,United Kingdom,Viewer,2026-07
13142,2026-08-01,Organic,United States,Creator,2026-08
13143,2026-02-21,Referral,Nigeria,Creator,2026-02
13144,2026-04-11,Referral,India,Creator,2026-04
13145,2026-02-25,Organic,Other,Viewer,2026-02
13146,2026-03-17,Paid Social,Germany,Creator,2026-03
13147,2026-03-09,Instagram,Other,Creator,2026-03
13148,2026-05-17,X,India,Viewer,2026-05
13149,2026-08-19,YouTube,Germany,Creator,2026-08
13150,2026-04-16,Instagram,Nigeria,Creator,2026-04
13151,2026-05-05,Organic,United States,Creator,2026-05
13152,2026-04-02,Referral,United States,Viewer,2026-04
13153,2026-01-23,X,Other,Creator,2026-01
13154,2026-07-10,Organic,United Kingdom,Creator,2026-07
13155,2026-04-19,YouTube,United States,Viewer,2026-04
13156,2026-03-02,YouTube,Other,Creator,2026-03
13157,2026-06-17,Instagram,United States,Creator,2026-06
13158,2026-02-13,Organic,Germany,Viewer,2026-02
13159,2026-08-02,TikTok,Canada,Creator,2026-08
13160,2026-06-01,Organic,Canada,Creator,2026-06
13161,2026-06-28,Instagram,United Kingdom,Creator,2026-06
13162,2026-07-05,Paid Social,India,Viewer,2026-07
13163,2026-08-06,Organic,Other,Creator,2026-08
13164,2026-08-10,Organic,India,Viewer,2026-08
13165,2026-06-10,Referral,Nigeria,Creator,2026-06
13166,2026-01-16,Organic,India,Creator,2026-01
13167,2026-01-22,Organic,India,Creator,2026-01
13168,2026-02-26,X,Nigeria,Creator,2026-02
13169,2026-03-03,Referral,Germany,Creator,2026-03
13170,2026-04-17,Referral,United States,Creator,2026-04
13171,2026-07-29,Referral,India,Viewer,2026-07
13172,2026-03-12,TikTok,United Kingdom,Creator,2026-03
13173,2026-03-31,Paid Social,Canada,Creator,2026-03
13174,2026-03-13,Organic,United States,Creator,2026-03
13175,2026-03-11,TikTok,United Kingdom,Creator,2026-03
13176,2026-01-30,TikTok,India,Creator,2026-01
13177,2026-04-13,Organic,United States,Creator,2026-04
13178,2026-05-31,TikTok,United States,Creator,2026-05
13179,2026-02-01,X,Canada,Creator,2026-02
13180,2026-03-27,Instagram,United States,Viewer,2026-03
13181,2026-08-22,TikTok,United States,Creator,2026-08
13182,2026-08-23,Referral,United Kingdom,Creator,2026-08
13183,2026-02-26,YouTube,United Kingdom,Viewer,2026-02
13184,2026-04-19,TikTok,Nigeria,Creator,2026-04
13185,2026-01-09,TikTok,United States,Creator,2026-01
13186,2026-01-31,TikTok,United Kingdom,Creator,2026-01
13187,2026-03-12,Organic,Germany,Creator,2026-03
13188,2026-05-17,Referral,India,Viewer,2026-05
13189,2026-01-13,Organic,United States,Creator,2026-01
13190,2026-07-05,Organic,United Kingdom,Creator,2026-07
13191,2026-05-11,Organic,Canada,Creator,2026-05
13192,2026-02-04,Referral,Canada,Viewer,2026-02
13193,2026-08-13,Organic,United Kingdom,Creator,2026-08
13194,2026-01-21,YouTube,United States,Viewer,2026-01
13195,2026-03-05,Organic,United Kingdom,Viewer,2026-03
13196,2026-04-05,Referral,India,Creator,2026-04
13197,2026-06-29,Paid Social,India,Creator,2026-06
13198,2026-02-03,Instagram,Other,Creator,2026-02
13199,2026-08-12,Referral,Other,Creator,2026-08
13200,2026-05-01,YouTube,Canada,Creator,2026-05
13201,2026-06-12,Referral,United States,Creator,2026-06
13202,2026-01-15,Referral,United Kingdom,Creator,2026-01
13203,2026-04-30,Organic,United Kingdom,Creator,2026-04
13204,2026-04-06,Instagram,Nigeria,Viewer,2026-04
13205,2026-01-06,Paid Social,Canada,Creator,2026-01
13206,2026-04-19,TikTok,India,Creator,2026-04
13207,2026-08-01,Paid Social,India,Creator,2026-08
13208,2026-04-07,X,Canada,Creator,2026-04
13209,2026-02-01,Instagram,Other,Creator,2026-02
13210,2026-06-29,YouTube,Other,Viewer,2026-06
13211,2026-03-24,Referral,United Kingdom,Creator,2026-03
13212,2026-08-13,TikTok,India,Creator,2026-08
13213,2026-06-05,Organic,United States,Creator,2026-06
13214,2026-08-11,YouTube,India,Viewer,2026-08
13215,2026-08-01,Paid Social,United Kingdom,Viewer,2026-08
13216,2026-04-28,X,United States,Viewer,2026-04
13217,2026-08-14,Organic,Nigeria,Viewer,2026-08
13218,2026-07-11,Organic,Other,Creator,2026-07
13219,2026-03-20,Paid Social,United States,Viewer,2026-03
13220,2026-03-19,Organic,United States,Creator,2026-03
13221,2026-05-27,Instagram,India,Creator,2026-05
13222,2026-04-17,Organic,India,Creator,2026-04
13223,2026-05-06,TikTok,Nigeria,Creator,2026-05
13224,2026-01-15,TikTok,Canada,Viewer,2026-01
13225,2026-05-14,Organic,Nigeria,Creator,2026-05
13226,2026-03-14,Referral,Other,Viewer,2026-03
13227,2026-04-11,TikTok,United States,Viewer,2026-04
13228,2026-07-31,TikTok,Nigeria,Viewer,2026-07
13229,2026-04-08,Instagram,United Kingdom,Creator,2026-04
13230,2026-06-15,Paid Social,United States,Creator,2026-06
13231,2026-01-26,YouTube,United States,Viewer,2026-01
13232,2026-07-29,Organic,Nigeria,Creator,2026-07
13233,2026-04-02,Organic,India,Viewer,2026-04
13234,2026-05-05,X,Other,Viewer,2026-05
13235,2026-06-28,Paid Social,India,Creator,2026-06
13236,2026-03-14,TikTok,India,Creator,2026-03
13237,2026-08-12,Organic,India,Creator,2026-08
13238,2026-05-03,Referral,Nigeria,Viewer,2026-05
13239,2026-02-22,X,United States,Creator,2026-02
13240,2026-07-03,X,United States,Creator,2026-07
13241,2026-07-06,Organic,India,Creator,2026-07
13242,2026-07-17,Organic,India,Creator,2026-07
13243,2026-03-19,TikTok,India,Creator,2026-03
13244,2026-04-02,Organic,India,Creator,2026-04
13245,2026-07-05,Paid Social,United Kingdom,Creator,2026-07
13246,2026-03-29,Organic,Nigeria,Creator,2026-03
13247,2026-01-13,X,United States,Creator,2026-01
13248,2026-02-12,Instagram,India,Viewer,2026-02
13249,2026-03-17,TikTok,Other,Viewer,2026-03
13250,2026-02-20,Paid Social,Canada,Viewer,2026-02
13251,2026-01-19,YouTube,Germany,Creator,2026-01
13252,2026-05-29,Paid Social,India,Creator,2026-05
13253,2026-08-07,Organic,India,Creator,2026-08
13254,2026-05-02,Organic,United Kingdom,Viewer,2026-05
13255,2026-07-30,Organic,India,Creator,2026-07
13256,2026-01-24,Organic,United States,Creator,2026-01
13257,2026-01-26,TikTok,India,Viewer,2026-01
13258,2026-06-22,Referral,India,Creator,2026-06
13259,2026-06-05,TikTok,India,Creator,2026-06
13260,2026-04-30,Paid Social,Nigeria,Creator,2026-04
13261,2026-03-23,Instagram,Canada,Creator,2026-03
13262,2026-08-24,YouTube,India,Viewer,2026-08
13263,2026-04-10,Organic,India,Viewer,2026-04
13264,2026-08-22,Organic,United Kingdom,Viewer,2026-08
13265,2026-06-06,Referral,United States,Creator,2026-06
13266,2026-01-17,Organic,United Kingdom,Creator,2026-01
13267,2026-03-09,Referral,Canada,Creator,2026-03
13268,2026-02-13,X,India,Viewer,2026-02
13269,2026-03-02,Referral,United States,Creator,2026-03
13270,2026-05-03,YouTube,Canada,Viewer,2026-05
13271,2026-04-03,TikTok,United States,Creator,2026-04
13272,2026-07-15,X,India,Creator,2026-07
13273,2026-03-15,Organic,United States,Viewer,2026-03
13274,2026-06-02,Instagram,Other,Viewer,2026-06
13275,2026-08-11,Organic,Other,Viewer,2026-08
13276,2026-03-08,TikTok,Nigeria,Creator,2026-03
13277,2026-04-21,Organic,United States,Creator,2026-04
13278,2026-01-02,Paid Social,United States,Viewer,2026-01
13279,2026-03-30,Instagram,India,Creator,2026-03
13280,2026-06-26,Paid Social,India,Viewer,2026-06
13281,2026-07-17,Organic,Nigeria,Creator,2026-07
13282,2026-01-26,YouTube,Canada,Creator,2026-01
13283,2026-07-19,TikTok,India,Viewer,2026-07
13284,2026-04-09,Instagram,Other,Creator,2026-04
13285,2026-01-27,Referral,India,Creator,2026-01
13286,2026-03-30,Paid Social,Nigeria,Creator,2026-03
13287,2026-05-26,Organic,Canada,Creator,2026-05
13288,2026-07-01,Paid Social,India,Creator,2026-07
13289,2026-01-01,YouTube,United States,Viewer,2026-01
13290,2026-07-08,Paid Social,India,Creator,2026-07
13291,2026-04-13,X,Other,Creator,2026-04
13292,2026-05-11,Paid Social,Nigeria,Creator,2026-05
13293,2026-07-15,Paid Social,India,Viewer,2026-07
13294,2026-02-10,Organic,Germany,Creator,2026-02
13295,2026-06-14,TikTok,Nigeria,Creator,2026-06
13296,2026-02-20,Organic,India,Viewer,2026-02
13297,2026-01-15,X,United States,Viewer,2026-01
13298,2026-01-08,Referral,United States,Creator,2026-01
13299,2026-02-07,Referral,India,Creator,2026-02
13300,2026-04-24,YouTube,United States,Viewer,2026-04
13301,2026-03-24,TikTok,United States,Creator,2026-03
13302,2026-02-25,Organic,United Kingdom,Creator,2026-02
13303,2026-06-24,Organic,India,Viewer,2026-06
13304,2026-08-06,Referral,India,Creator,2026-08
13305,2026-04-13,Organic,Other,Viewer,2026-04
13306,2026-05-18,Organic,United States,Creator,2026-05
13307,2026-04-12,TikTok,India,Creator,2026-04
13308,2026-03-19,Organic,Canada,Creator,2026-03
13309,2026-06-26,Organic,Germany,Creator,2026-06
13310,2026-06-18,Organic,India,Viewer,2026-06
13311,2026-03-24,Paid Social,United Kingdom,Viewer,2026-03
13312,2026-01-30,Organic,United Kingdom,Creator,2026-01
13313,2026-01-05,Referral,Canada,Creator,2026-01
13314,2026-04-29,Organic,Canada,Creator,2026-04
13315,2026-08-11,Referral,United Kingdom,Viewer,2026-08
13316,2026-07-18,X,Other,Viewer,2026-07
13317,2026-07-30,Referral,Other,Viewer,2026-07
13318,2026-01-31,Referral,India,Viewer,2026-01
13319,2026-06-29,X,Other,Creator,2026-06
13320,2026-08-19,Paid Social,United States,Creator,2026-08
13321,2026-08-04,X,Canada,Creator,2026-08
13322,2026-08-14,YouTube,Germany,Creator,2026-08
13323,2026-01-23,TikTok,United States,Creator,2026-01
13324,2026-02-17,Paid Social,India,Creator,2026-02
13325,2026-04-19,Referral,Other,Creator,2026-04
13326,2026-02-09,Organic,India,Creator,2026-02
13327,2026-01-06,X,United States,Creator,2026-01
13328,2026-02-07,Paid Social,Nigeria,Viewer,2026-02
13329,2026-06-18,Referral,India,Viewer,2026-06
13330,2026-04-10,Paid Social,Germany,Creator,2026-04
13331,2026-01-27,Organic,India,Creator,2026-01
13332,2026-07-22,TikTok,Other,Creator,2026-07
13333,2026-03-10,Instagram,Other,Viewer,2026-03
13334,2026-02-26,Organic,United Kingdom,Creator,2026-02
13335,2026-01-17,TikTok,United Kingdom,Creator,2026-01
13336,2026-03-12,Instagram,Nigeria,Creator,2026-03
13337,2026-08-07,Organic,United States,Viewer,2026-08
13338,2026-02-16,Organic,United States,Creator,2026-02
13339,2026-03-20,Organic,Other,Creator,2026-03
13340,2026-04-20,YouTube,Nigeria,Creator,2026-04
13341,2026-01-13,TikTok,Germany,Creator,2026-01
13342,2026-05-19,Organic,Nigeria,Creator,2026-05
13343,2026-05-04,Instagram,United States,Viewer,2026-05
13344,2026-04-19,Organic,India,Viewer,2026-04
13345,2026-03-31,Paid Social,United States,Creator,2026-03
13346,2026-03-27,TikTok,Other,Viewer,2026-03
13347,2026-04-02,Paid Social,United Kingdom,Creator,2026-04
13348,2026-01-24,Instagram,Canada,Creator,2026-01
13349,2026-08-09,Referral,Canada,Viewer,2026-08
13350,2026-03-14,Organic,India,Creator,2026-03
13351,2026-08-22,Organic,India,Creator,2026-08
13352,2026-01-04,Referral,United States,Creator,2026-01
13353,2026-04-23,Organic,United States,Creator,2026-04
13354,2026-02-15,Referral,India,Viewer,2026-02
13355,2026-01-18,TikTok,India,Viewer,2026-01
13356,2026-02-12,Referral,Germany,Creator,2026-02
13357,2026-07-27,Paid Social,Nigeria,Creator,2026-07
13358,2026-06-10,Paid Social,United States,Viewer,2026-06
13359,2026-04-03,TikTok,Nigeria,Creator,2026-04
13360,2026-04-13,TikTok,India,Creator,2026-04
13361,2026-05-04,Paid Social,Nigeria,Viewer,2026-05
13362,2026-01-10,Referral,India,Viewer,2026-01
13363,2026-03-14,Organic,Other,Creator,2026-03
13364,2026-07-06,X,India,Creator,2026-07
13365,2026-01-31,Organic,Germany,Creator,2026-01
13366,2026-06-05,Paid Social,United Kingdom,Viewer,2026-06
13367,2026-03-01,Organic,Nigeria,Viewer,2026-03
13368,2026-05-11,X,Other,Viewer,2026-05
13369,2026-04-28,YouTube,India,Creator,2026-04
13370,2026-07-02,Paid Social,India,Viewer,2026-07
13371,2026-01-14,Referral,United States,Creator,2026-01
13372,2026-07-05,Organic,Germany,Viewer,2026-07
13373,2026-08-05,X,India,Creator,2026-08
13374,2026-05-23,Paid Social,India,Viewer,2026-05
13375,2026-01-02,Referral,United States,Creator,2026-01
13376,2026-01-24,YouTube,United Kingdom,Viewer,2026-01
13377,2026-07-25,Referral,United States,Creator,2026-07
13378,2026-03-05,TikTok,United States,Creator,2026-03
13379,2026-07-18,YouTube,United States,Creator,2026-07
13380,2026-04-10,Organic,India,Creator,2026-04
13381,2026-04-24,TikTok,Canada,Creator,2026-04
13382,2026-01-24,Paid Social,United States,Creator,2026-01
13383,2026-06-04,Organic,Germany,Creator,2026-06
13384,2026-06-14,TikTok,United Kingdom,Creator,2026-06
13385,2026-08-18,Organic,India,Creator,2026-08
13386,2026-08-10,Organic,Nigeria,Creator,2026-08
13387,2026-04-01,Referral,Other,Creator,2026-04
13388,2026-06-16,YouTube,United States,Viewer,2026-06
13389,2026-07-10,Organic,Nigeria,Creator,2026-07
13390,2026-07-26,Instagram,United Kingdom,Creator,2026-07
13391,2026-01-26,Instagram,India,Creator,2026-01
13392,2026-03-06,Organic,United Kingdom,Viewer,2026-03
13393,2026-04-30,Referral,United Kingdom,Creator,2026-04
13394,2026-01-04,TikTok,United States,Viewer,2026-01
13395,2026-06-06,Referral,United States,Creator,2026-06
13396,2026-01-01,Organic,Other,Viewer,2026-01
13397,2026-08-23,TikTok,India,Viewer,2026-08
13398,2026-02-19,Organic,United States,Creator,2026-02
13399,2026-04-20,Organic,Canada,Creator,2026-04
13400,2026-08-02,Paid Social,India,Viewer,2026-08
13401,2026-05-19,Organic,Other,Viewer,2026-05
13402,2026-03-15,Organic,Nigeria,Creator,2026-03
13403,2026-07-06,Paid Social,Nigeria,Viewer,2026-07
13404,2026-03-03,YouTube,United States,Viewer,2026-03
13405,2026-03-22,Organic,Other,Creator,2026-03
13406,2026-06-13,Paid Social,Other,Creator,2026-06
13407,2026-02-25,Organic,United States,Creator,2026-02
13408,2026-04-21,Referral,Nigeria,Creator,2026-04
13409,2026-08-06,Organic,United States,Creator,2026-08
13410,2026-01-21,X,United States,Viewer,2026-01
13411,2026-05-21,Instagram,India,Viewer,2026-05
13412,2026-01-09,Organic,Canada,Creator,2026-01
13413,2026-05-19,YouTube,Other,Creator,2026-05
13414,2026-07-22,X,Canada,Viewer,2026-07
13415,2026-03-11,Referral,Nigeria,Viewer,2026-03
13416,2026-05-09,Referral,Germany,Creator,2026-05
13417,2026-04-28,Instagram,Germany,Creator,2026-04
13418,2026-07-17,Instagram,Nigeria,Viewer,2026-07
13419,2026-07-24,X,Other,Creator,2026-07
13420,2026-08-02,YouTube,India,Creator,2026-08
13421,2026-02-25,TikTok,India,Viewer,2026-02
13422,2026-01-31,Instagram,India,Creator,2026-01
13423,2026-08-02,X,India,Viewer,2026-08
13424,2026-02-06,Paid Social,United States,Viewer,2026-02
13425,2026-06-24,X,Other,Creator,2026-06
13426,2026-04-01,Organic,United Kingdom,Creator,2026-04
13427,2026-04-24,X,United Kingdom,Creator,2026-04
13428,2026-07-25,Referral,United States,Creator,2026-07
13429,2026-05-08,Referral,Nigeria,Creator,2026-05
13430,2026-06-24,Referral,United States,Viewer,2026-06
13431,2026-05-02,Paid Social,Nigeria,Viewer,2026-05
13432,2026-03-10,TikTok,Canada,Creator,2026-03
13433,2026-07-05,Instagram,Nigeria,Viewer,2026-07
13434,2026-02-05,Referral,United States,Viewer,2026-02
13435,2026-02-01,Organic,Germany,Viewer,2026-02
13436,2026-08-14,TikTok,United States,Viewer,2026-08
13437,2026-03-05,Referral,Nigeria,Creator,2026-03
13438,2026-07-18,Referral,Other,Creator,2026-07
13439,2026-06-19,Paid Social,Other,Creator,2026-06
13440,2026-02-17,Paid Social,India,Viewer,2026-02
13441,2026-07-21,Organic,Nigeria,Creator,2026-07
13442,2026-03-22,Paid Social,United States,Viewer,2026-03
13443,2026-06-07,Organic,United States,Viewer,2026-06
13444,2026-05-29,YouTube,Nigeria,Creator,2026-05
13445,2026-03-01,Organic,United States,Viewer,2026-03
13446,2026-05-21,TikTok,Canada,Viewer,2026-05
13447,2026-01-01,Paid Social,India,Creator,2026-01
13448,2026-03-06,Organic,Other,Creator,2026-03
13449,2026-02-02,YouTube,Nigeria,Creator,2026-02
13450,2026-02-07,Organic,United Kingdom,Viewer,2026-02
13451,2026-01-25,Organic,United Kingdom,Viewer,2026-01
13452,2026-06-03,TikTok,Other,Creator,2026-06
13453,2026-07-24,X,Other,Creator,2026-07
13454,2026-02-28,Organic,United Kingdom,Creator,2026-02
13455,2026-08-08,TikTok,United Kingdom,Creator,2026-08
13456,2026-06-10,YouTube,United Kingdom,Creator,2026-06
13457,2026-04-11,Organic,United States,Creator,2026-04
13458,2026-05-07,Instagram,India,Creator,2026-05
13459,2026-02-10,Paid Social,United States,Creator,2026-02
13460,2026-06-07,TikTok,United Kingdom,Viewer,2026-06
13461,2026-02-26,Instagram,India,Creator,2026-02
13462,2026-06-26,Referral,Nigeria,Viewer,2026-06
13463,2026-02-17,Referral,United States,Creator,2026-02
13464,2026-03-13,Referral,Nigeria,Creator,2026-03
13465,2026-06-26,Paid Social,Other,Viewer,2026-06
13466,2026-06-24,Organic,India,Viewer,2026-06
13467,2026-02-25,Paid Social,Canada,Creator,2026-02
13468,2026-03-06,Paid Social,United Kingdom,Creator,2026-03
13469,2026-01-12,Referral,India,Creator,2026-01
13470,2026-03-10,Instagram,Canada,Creator,2026-03
13471,2026-08-04,Referral,Nigeria,Viewer,2026-08
13472,2026-05-14,Organic,Nigeria,Creator,2026-05
13473,2026-03-30,Referral,Nigeria,Creator,2026-03
13474,2026-07-12,Organic,Other,Creator,2026-07
13475,2026-01-25,Referral,Other,Viewer,2026-01
13476,2026-01-01,X,Other,Creator,2026-01
13477,2026-06-09,Organic,Other,Creator,2026-06
13478,2026-08-22,Paid Social,India,Creator,2026-08
13479,2026-08-22,X,United States,Creator,2026-08
13480,2026-05-11,YouTube,Other,Creator,2026-05
13481,2026-02-18,TikTok,Canada,Viewer,2026-02
13482,2026-05-27,Referral,United States,Creator,2026-05
13483,2026-03-01,Instagram,Canada,Viewer,2026-03
13484,2026-08-23,TikTok,India,Viewer,2026-08
13485,2026-06-06,Instagram,Nigeria,Creator,2026-06
13486,2026-06-27,YouTube,Nigeria,Creator,2026-06
13487,2026-01-02,YouTube,Nigeria,Viewer,2026-01
13488,2026-03-14,TikTok,Canada,Creator,2026-03
13489,2026-07-03,TikTok,Other,Viewer,2026-07
13490,2026-05-25,X,India,Creator,2026-05
13491,2026-07-07,Paid Social,Canada,Creator,2026-07
13492,2026-04-20,Referral,United Kingdom,Creator,2026-04
13493,2026-06-13,TikTok,United Kingdom,Viewer,2026-06
13494,2026-03-02,TikTok,United States,Viewer,2026-03
13495,2026-01-17,Instagram,Other,Viewer,2026-01
13496,2026-02-18,Referral,United States,Viewer,2026-02
13497,2026-03-17,Organic,India,Viewer,2026-03
13498,2026-07-07,YouTube,United Kingdom,Creator,2026-07
13499,2026-05-28,TikTok,India,Viewer,2026-05
13500,2026-06-27,Organic,United States,Viewer,2026-06
13501,2026-05-11,Organic,India,Creator,2026-05
13502,2026-02-12,Paid Social,Nigeria,Creator,2026-02
13503,2026-02-26,Paid Social,United States,Viewer,2026-02
13504,2026-02-19,Organic,India,Creator,2026-02
13505,2026-07-15,Instagram,Canada,Creator,2026-07
13506,2026-07-28,Organic,United States,Creator,2026-07
13507,2026-06-27,Referral,United States,Creator,2026-06
13508,2026-02-06,YouTube,Other,Creator,2026-02
13509,2026-02-15,TikTok,Nigeria,Creator,2026-02
13510,2026-06-19,Organic,United Kingdom,Creator,2026-06
13511,2026-01-15,Referral,United States,Creator,2026-01
13512,2026-06-10,YouTube,Nigeria,Creator,2026-06
13513,2026-03-21,Organic,Canada,Viewer,2026-03
13514,2026-05-19,X,United States,Viewer,2026-05
13515,2026-05-28,Referral,United Kingdom,Creator,2026-05
13516,2026-08-18,X,Nigeria,Viewer,2026-08
13517,2026-01-24,TikTok,United States,Viewer,2026-01
13518,2026-05-05,X,United Kingdom,Viewer,2026-05
13519,2026-07-11,X,United States,Creator,2026-07
13520,2026-04-28,YouTube,United Kingdom,Viewer,2026-04
13521,2026-03-21,Paid Social,Nigeria,Viewer,2026-03
13522,2026-04-04,Organic,India,Creator,2026-04
13523,2026-08-14,X,United Kingdom,Creator,2026-08
13524,2026-03-06,Organic,Other,Viewer,2026-03
13525,2026-03-29,Organic,United States,Viewer,2026-03
13526,2026-03-29,YouTube,Germany,Creator,2026-03
13527,2026-07-20,Paid Social,United States,Viewer,2026-07
13528,2026-08-02,Organic,Germany,Creator,2026-08
13529,2026-07-23,Paid Social,India,Creator,2026-07
13530,2026-05-25,TikTok,India,Creator,2026-05
13531,2026-05-06,TikTok,India,Creator,2026-05
13532,2026-03-30,Organic,Other,Creator,2026-03
13533,2026-08-08,X,Nigeria,Creator,2026-08
13534,2026-03-02,X,Nigeria,Creator,2026-03
13535,2026-01-15,Instagram,Germany,Creator,2026-01
13536,2026-04-04,Instagram,India,Creator,2026-04
13537,2026-02-20,X,United States,Creator,2026-02
13538,2026-01-27,X,United Kingdom,Viewer,2026-01
13539,2026-08-02,TikTok,United States,Viewer,2026-08
13540,2026-03-15,Paid Social,India,Viewer,2026-03
13541,2026-03-02,YouTube,United Kingdom,Creator,2026-03
13542,2026-07-05,Organic,United States,Viewer,2026-07
13543,2026-01-31,TikTok,India,Creator,2026-01
13544,2026-08-07,Referral,India,Creator,2026-08
13545,2026-01-12,Organic,India,Creator,2026-01
13546,2026-02-15,Referral,Nigeria,Viewer,2026-02
13547,2026-06-08,TikTok,India,Creator,2026-06
13548,2026-02-01,X,United States,Creator,2026-02
13549,2026-06-09,TikTok,Canada,Viewer,2026-06
13550,2026-08-21,Paid Social,Germany,Creator,2026-08
13551,2026-08-15,Paid Social,Canada,Creator,2026-08
13552,2026-06-30,Paid Social,United Kingdom,Viewer,2026-06
13553,2026-03-02,Organic,Nigeria,Viewer,2026-03
13554,2026-02-15,Referral,Nigeria,Viewer,2026-02
13555,2026-03-26,Instagram,Other,Creator,2026-03
13556,2026-07-21,YouTube,Other,Creator,2026-07
13557,2026-03-21,Organic,United Kingdom,Creator,2026-03
13558,2026-05-15,YouTube,United States,Creator,2026-05
13559,2026-01-04,Paid Social,Canada,Creator,2026-01
13560,2026-08-07,Organic,India,Creator,2026-08
13561,2026-02-21,Organic,Other,Creator,2026-02
13562,2026-08-05,Organic,Nigeria,Creator,2026-08
13563,2026-06-08,Organic,Nigeria,Viewer,2026-06
13564,2026-07-22,Instagram,United States,Viewer,2026-07
13565,2026-04-22,Referral,India,Creator,2026-04
13566,2026-07-31,Organic,India,Viewer,2026-07
13567,2026-02-05,X,India,Viewer,2026-02
13568,2026-07-01,Instagram,Nigeria,Creator,2026-07
13569,2026-02-23,TikTok,India,Creator,2026-02
13570,2026-04-29,Instagram,Other,Creator,2026-04
13571,2026-05-07,Organic,United States,Creator,2026-05
13572,2026-01-17,YouTube,United States,Viewer,2026-01
13573,2026-03-16,Organic,Nigeria,Creator,2026-03
13574,2026-06-07,Referral,India,Creator,2026-06
13575,2026-08-15,Organic,Germany,Creator,2026-08
13576,2026-04-15,Paid Social,United States,Creator,2026-04
13577,2026-08-18,Referral,India,Viewer,2026-08
13578,2026-05-30,TikTok,India,Creator,2026-05
13579,2026-04-27,TikTok,United States,Viewer,2026-04
13580,2026-02-12,Organic,Nigeria,Creator,2026-02
13581,2026-04-22,Referral,United States,Viewer,2026-04
13582,2026-04-25,TikTok,Nigeria,Viewer,2026-04
13583,2026-01-27,Referral,United Kingdom,Viewer,2026-01
13584,2026-02-06,Organic,Canada,Creator,2026-02
13585,2026-02-15,Organic,United States,Viewer,2026-02
13586,2026-04-23,TikTok,United Kingdom,Creator,2026-04
13587,2026-02-04,Organic,India,Creator,2026-02
13588,2026-05-12,X,Nigeria,Creator,2026-05
13589,2026-03-21,Organic,India,Viewer,2026-03
13590,2026-03-21,Referral,India,Creator,2026-03
13591,2026-08-01,Referral,Nigeria,Viewer,2026-08
13592,2026-06-03,Organic,Canada,Creator,2026-06
13593,2026-05-01,Instagram,India,Creator,2026-05
13594,2026-08-16,Instagram,India,Creator,2026-08
13595,2026-05-27,YouTube,Other,Creator,2026-05
13596,2026-05-02,TikTok,United States,Creator,2026-05
13597,2026-03-22,Organic,United States,Creator,2026-03
13598,2026-06-22,Organic,India,Creator,2026-06
13599,2026-06-03,Instagram,United Kingdom,Viewer,2026-06
13600,2026-05-30,Paid Social,Nigeria,Creator,2026-05
13601,2026-04-29,Paid Social,India,Creator,2026-04
13602,2026-02-27,Organic,United Kingdom,Creator,2026-02
13603,2026-03-04,YouTube,Nigeria,Creator,2026-03
13604,2026-06-05,Paid Social,Nigeria,Viewer,2026-06
13605,2026-07-12,Organic,Other,Viewer,2026-07
13606,2026-06-21,YouTube,India,Creator,2026-06
13607,2026-04-10,Instagram,Other,Creator,2026-04
13608,2026-06-20,YouTube,Germany,Creator,2026-06
13609,2026-06-14,X,United States,Creator,2026-06
13610,2026-03-07,Paid Social,Other,Creator,2026-03
13611,2026-05-25,TikTok,United Kingdom,Creator,2026-05
13612,2026-06-17,Referral,Other,Creator,2026-06
13613,2026-06-15,Organic,Nigeria,Viewer,2026-06
13614,2026-03-26,Instagram,India,Viewer,2026-03
13615,2026-07-08,Paid Social,Nigeria,Creator,2026-07
13616,2026-05-17,Referral,India,Creator,2026-05
13617,2026-07-24,TikTok,India,Viewer,2026-07
13618,2026-07-22,X,United Kingdom,Creator,2026-07
13619,2026-07-08,Organic,Other,Viewer,2026-07
13620,2026-07-27,Organic,Nigeria,Creator,2026-07
13621,2026-05-24,YouTube,Canada,Creator,2026-05
13622,2026-05-03,X,India,Creator,2026-05
13623,2026-01-02,Instagram,United Kingdom,Viewer,2026-01
13624,2026-04-16,YouTube,Canada,Viewer,2026-04
13625,2026-04-18,TikTok,India,Creator,2026-04
13626,2026-03-13,Organic,India,Creator,2026-03
13627,2026-06-20,Instagram,Canada,Creator,2026-06
13628,2026-05-06,Paid Social,United States,Creator,2026-05
13629,2026-06-19,Referral,United States,Viewer,2026-06
13630,2026-07-24,TikTok,Other,Creator,2026-07
13631,2026-02-26,Organic,Other,Viewer,2026-02
13632,2026-03-22,YouTube,Canada,Viewer,2026-03
13633,2026-08-19,Referral,Canada,Creator,2026-08
13634,2026-08-04,TikTok,India,Viewer,2026-08
13635,2026-07-14,Instagram,India,Creator,2026-07
13636,2026-06-07,Paid Social,Other,Creator,2026-06
13637,2026-05-21,X,United Kingdom,Creator,2026-05
13638,2026-01-19,TikTok,United Kingdom,Viewer,2026-01
13639,2026-01-07,X,United States,Creator,2026-01
13640,2026-05-17,Organic,Other,Viewer,2026-05
13641,2026-07-30,Organic,India,Viewer,2026-07
13642,2026-02-23,Paid Social,India,Creator,2026-02
13643,2026-04-14,Organic,India,Creator,2026-04
13644,2026-03-27,TikTok,United Kingdom,Viewer,2026-03
13645,2026-03-23,Instagram,United Kingdom,Viewer,2026-03
13646,2026-03-02,Paid Social,Nigeria,Creator,2026-03
13647,2026-03-28,Referral,India,Creator,2026-03
13648,2026-01-02,Organic,Other,Viewer,2026-01
13649,2026-06-27,YouTube,Other,Creator,2026-06
13650,2026-07-22,Instagram,India,Creator,2026-07
13651,2026-01-31,Instagram,Germany,Creator,2026-01
13652,2026-02-02,YouTube,Other,Viewer,2026-02
13653,2026-07-25,Organic,United States,Creator,2026-07
13654,2026-03-21,Paid Social,India,Creator,2026-03
13655,2026-01-11,YouTube,Other,Creator,2026-01
13656,2026-06-10,TikTok,India,Viewer,2026-06
13657,2026-05-08,X,India,Creator,2026-05
13658,2026-05-15,Organic,Canada,Viewer,2026-05
13659,2026-05-08,YouTube,United Kingdom,Creator,2026-05
13660,2026-01-31,Organic,United Kingdom,Viewer,2026-01
13661,2026-06-25,TikTok,United Kingdom,Viewer,2026-06
13662,2026-05-06,Referral,United Kingdom,Viewer,2026-05
13663,2026-02-16,Referral,United States,Creator,2026-02
13664,2026-07-25,Organic,United States,Viewer,2026-07
13665,2026-08-08,Instagram,United States,Creator,2026-08
13666,2026-06-30,Instagram,Germany,Creator,2026-06
13667,2026-04-17,TikTok,Other,Creator,2026-04
13668,2026-07-27,Organic,United States,Creator,2026-07
13669,2026-01-19,YouTube,India,Creator,2026-01
13670,2026-03-22,Organic,Other,Viewer,2026-03
13671,2026-05-03,Paid Social,India,Viewer,2026-05
13672,2026-08-06,Instagram,India,Creator,2026-08
13673,2026-05-14,Referral,Other,Creator,2026-05
13674,2026-04-17,TikTok,Nigeria,Creator,2026-04
13675,2026-02-18,Referral,United States,Viewer,2026-02
13676,2026-03-14,Organic,Other,Creator,2026-03
13677,2026-02-19,Referral,Other,Creator,2026-02
13678,2026-03-22,TikTok,United States,Creator,2026-03
13679,2026-04-05,Instagram,Other,Creator,2026-04
13680,2026-01-12,Organic,United Kingdom,Creator,2026-01
13681,2026-01-23,Organic,India,Creator,2026-01
13682,2026-02-23,YouTube,Other,Viewer,2026-02
13683,2026-04-28,X,India,Viewer,2026-04
13684,2026-07-16,X,United States,Viewer,2026-07
13685,2026-08-23,Organic,United States,Creator,2026-08
13686,2026-08-16,Organic,United Kingdom,Creator,2026-08
13687,2026-02-28,Referral,India,Creator,2026-02
13688,2026-06-13,Referral,Other,Creator,2026-06
13689,2026-01-03,TikTok,United Kingdom,Creator,2026-01
13690,2026-02-27,YouTube,India,Creator,2026-02
13691,2026-08-04,Referral,United Kingdom,Viewer,2026-08
13692,2026-07-02,Paid Social,Nigeria,Creator,2026-07
13693,2026-02-26,Organic,United States,Creator,2026-02
13694,2026-05-25,Referral,India,Creator,2026-05
13695,2026-06-16,TikTok,Nigeria,Creator,2026-06
13696,2026-03-31,YouTube,India,Viewer,2026-03
13697,2026-07-15,TikTok,Germany,Creator,2026-07
13698,2026-02-24,X,India,Creator,2026-02
13699,2026-02-14,YouTube,United States,Creator,2026-02
13700,2026-07-23,TikTok,United States,Creator,2026-07
13701,2026-01-01,Instagram,Nigeria,Creator,2026-01
13702,2026-01-21,YouTube,India,Creator,2026-01
13703,2026-07-30,Instagram,India,Creator,2026-07
13704,2026-01-21,Organic,India,Viewer,2026-01
13705,2026-02-21,Organic,Nigeria,Creator,2026-02
13706,2026-03-23,YouTube,India,Creator,2026-03
13707,2026-06-20,Referral,India,Creator,2026-06
13708,2026-06-29,Referral,India,Viewer,2026-06
13709,2026-03-08,TikTok,Germany,Viewer,2026-03
13710,2026-04-23,Instagram,Other,Creator,2026-04
13711,2026-02-13,Organic,United Kingdom,Viewer,2026-02
13712,2026-06-09,Paid Social,United States,Viewer,2026-06
13713,2026-01-10,Organic,India,Viewer,2026-01
13714,2026-03-05,TikTok,United States,Viewer,2026-03
13715,2026-08-20,YouTube,United States,Creator,2026-08
13716,2026-07-26,Referral,United States,Viewer,2026-07
13717,2026-03-10,Organic,United States,Viewer,2026-03
13718,2026-03-09,TikTok,Nigeria,Creator,2026-03
13719,2026-01-28,X,India,Viewer,2026-01
13720,2026-06-30,X,India,Creator,2026-06
13721,2026-04-26,Organic,India,Viewer,2026-04
13722,2026-02-20,YouTube,India,Creator,2026-02
13723,2026-06-30,Instagram,India,Creator,2026-06
13724,2026-01-04,Referral,India,Viewer,2026-01
13725,2026-03-20,Organic,India,Creator,2026-03
13726,2026-01-17,Organic,India,Creator,2026-01
13727,2026-04-18,Referral,India,Creator,2026-04
13728,2026-07-14,YouTube,United States,Viewer,2026-07
13729,2026-03-15,Referral,United States,Creator,2026-03
13730,2026-06-24,Referral,Canada,Viewer,2026-06
13731,2026-08-22,Organic,Other,Viewer,2026-08
13732,2026-07-03,Organic,Other,Creator,2026-07
13733,2026-01-23,Organic,United States,Creator,2026-01
13734,2026-01-18,Paid Social,United States,Creator,2026-01
13735,2026-05-09,Instagram,India,Creator,2026-05
13736,2026-02-04,Organic,Other,Creator,2026-02
13737,2026-03-05,TikTok,Canada,Creator,2026-03
13738,2026-07-05,Referral,Germany,Viewer,2026-07
13739,2026-08-11,Referral,India,Viewer,2026-08
13740,2026-02-28,Paid Social,United States,Creator,2026-02
13741,2026-08-24,TikTok,India,Viewer,2026-08
13742,2026-01-01,YouTube,Other,Creator,2026-01
13743,2026-05-11,Organic,United States,Viewer,2026-05
13744,2026-03-08,Organic,Nigeria,Creator,2026-03
13745,2026-02-06,Organic,India,Creator,2026-02
13746,2026-07-30,Organic,Germany,Creator,2026-07
13747,2026-01-29,X,India,Creator,2026-01
13748,2026-03-30,Paid Social,Germany,Creator,2026-03
13749,2026-06-10,Organic,United States,Creator,2026-06
13750,2026-04-10,Paid Social,Nigeria,Creator,2026-04
13751,2026-07-08,TikTok,India,Creator,2026-07
13752,2026-08-09,TikTok,Other,Creator,2026-08
13753,2026-05-02,TikTok,Canada,Creator,2026-05
13754,2026-03-31,TikTok,United States,Viewer,2026-03
13755,2026-05-12,Organic,Nigeria,Creator,2026-05
13756,2026-01-14,YouTube,India,Creator,2026-01
13757,2026-08-07,Referral,India,Creator,2026-08
13758,2026-06-10,Referral,Nigeria,Creator,2026-06
13759,2026-05-30,TikTok,United Kingdom,Creator,2026-05
13760,2026-06-25,Referral,Nigeria,Creator,2026-06
13761,2026-05-11,YouTube,Nigeria,Creator,2026-05
13762,2026-08-03,Paid Social,Canada,Creator,2026-08
13763,2026-03-26,TikTok,Other,Viewer,2026-03
13764,2026-08-21,Paid Social,United States,Creator,2026-08
13765,2026-05-31,Referral,Nigeria,Creator,2026-05
13766,2026-07-15,Referral,Other,Creator,2026-07
13767,2026-01-21,Organic,United States,Creator,2026-01
13768,2026-08-17,Instagram,United States,Creator,2026-08
13769,2026-06-20,Instagram,Canada,Creator,2026-06
13770,2026-08-11,Organic,Other,Creator,2026-08
13771,2026-08-01,TikTok,Canada,Creator,2026-08
13772,2026-01-26,Paid Social,India,Viewer,2026-01
13773,2026-02-10,TikTok,United States,Viewer,2026-02
13774,2026-05-02,Organic,India,Creator,2026-05
13775,2026-08-15,Instagram,United States,Creator,2026-08
13776,2026-02-07,Organic,United States,Viewer,2026-02
13777,2026-03-29,Instagram,India,Viewer,2026-03
13778,2026-01-11,X,Nigeria,Creator,2026-01
13779,2026-08-21,TikTok,United Kingdom,Creator,2026-08
13780,2026-01-29,Referral,Other,Viewer,2026-01
13781,2026-03-01,Organic,India,Viewer,2026-03
13782,2026-07-14,Referral,United States,Creator,2026-07
13783,2026-07-12,Paid Social,United States,Creator,2026-07
13784,2026-03-02,Organic,India,Creator,2026-03
13785,2026-05-27,Referral,United States,Creator,2026-05
13786,2026-06-23,Instagram,Other,Viewer,2026-06
13787,2026-06-26,Instagram,India,Viewer,2026-06
13788,2026-01-22,Organic,United States,Creator,2026-01
13789,2026-03-19,Instagram,United States,Creator,2026-03
13790,2026-04-23,Paid Social,India,Creator,2026-04
13791,2026-07-04,Organic,India,Viewer,2026-07
13792,2026-05-03,Organic,Canada,Viewer,2026-05
13793,2026-05-22,Organic,Germany,Creator,2026-05
13794,2026-02-13,X,Canada,Viewer,2026-02
13795,2026-05-24,Paid Social,Nigeria,Creator,2026-05
13796,2026-04-07,X,Canada,Viewer,2026-04
13797,2026-03-18,Organic,India,Creator,2026-03
13798,2026-08-18,Instagram,Canada,Creator,2026-08
13799,2026-05-20,TikTok,United States,Creator,2026-05
13800,2026-02-24,Organic,Canada,Creator,2026-02
13801,2026-02-20,Instagram,India,Creator,2026-02
13802,2026-04-12,Organic,Germany,Viewer,2026-04
13803,2026-06-16,Referral,Nigeria,Creator,2026-06
13804,2026-06-10,Instagram,India,Creator,2026-06
13805,2026-06-10,Referral,Nigeria,Creator,2026-06
13806,2026-01-29,Paid Social,United States,Creator,2026-01
13807,2026-03-10,Paid Social,India,Creator,2026-03
13808,2026-07-17,Organic,United States,Creator,2026-07
13809,2026-06-08,Paid Social,United States,Viewer,2026-06
13810,2026-03-21,Referral,India,Viewer,2026-03
13811,2026-01-31,Referral,United States,Creator,2026-01
13812,2026-08-05,Organic,India,Creator,2026-08
13813,2026-04-22,Organic,United States,Viewer,2026-04
13814,2026-02-15,Paid Social,India,Creator,2026-02
13815,2026-04-07,Organic,India,Viewer,2026-04
13816,2026-07-24,Organic,Other,Viewer,2026-07
13817,2026-02-21,TikTok,Other,Creator,2026-02
13818,2026-05-18,Paid Social,Germany,Creator,2026-05
13819,2026-08-04,Instagram,India,Creator,2026-08
13820,2026-03-15,Paid Social,Canada,Creator,2026-03
13821,2026-02-10,TikTok,Nigeria,Creator,2026-02
13822,2026-08-11,Organic,India,Creator,2026-08
13823,2026-03-18,Instagram,Other,Viewer,2026-03
13824,2026-05-11,X,Other,Viewer,2026-05
13825,2026-07-06,TikTok,United Kingdom,Creator,2026-07
13826,2026-04-24,TikTok,India,Creator,2026-04
13827,2026-02-21,Organic,Nigeria,Creator,2026-02
13828,2026-06-11,Organic,India,Viewer,2026-06
13829,2026-06-26,YouTube,United States,Viewer,2026-06
13830,2026-06-05,TikTok,United Kingdom,Creator,2026-06
13831,2026-07-30,Organic,United States,Creator,2026-07
13832,2026-03-28,Organic,India,Viewer,2026-03
13833,2026-04-19,TikTok,India,Creator,2026-04
13834,2026-08-12,Paid Social,Nigeria,Creator,2026-08
13835,2026-05-21,TikTok,Other,Creator,2026-05
13836,2026-08-13,Organic,Nigeria,Creator,2026-08
13837,2026-08-14,TikTok,India,Creator,2026-08
13838,2026-08-13,YouTube,United States,Creator,2026-08
13839,2026-03-10,X,United Kingdom,Viewer,2026-03
13840,2026-04-30,Organic,Germany,Creator,2026-04
13841,2026-03-08,YouTube,United States,Creator,2026-03
13842,2026-03-02,YouTube,India,Creator,2026-03
13843,2026-07-07,Organic,India,Viewer,2026-07
13844,2026-03-12,Organic,Other,Viewer,2026-03
13845,2026-06-01,Instagram,India,Viewer,2026-06
13846,2026-07-10,YouTube,Canada,Creator,2026-07
13847,2026-08-02,Paid Social,India,Viewer,2026-08
13848,2026-07-08,TikTok,Canada,Creator,2026-07
13849,2026-05-31,Referral,India,Creator,2026-05
13850,2026-01-30,Organic,India,Creator,2026-01
13851,2026-07-07,Paid Social,United States,Creator,2026-07
13852,2026-05-26,YouTube,Nigeria,Creator,2026-05
13853,2026-04-06,X,United States,Creator,2026-04
13854,2026-02-25,Organic,Nigeria,Creator,2026-02
13855,2026-02-22,Organic,United States,Viewer,2026-02
13856,2026-01-07,YouTube,United Kingdom,Creator,2026-01
13857,2026-04-07,Organic,Nigeria,Creator,2026-04
13858,2026-07-16,Organic,United Kingdom,Viewer,2026-07
13859,2026-04-23,Organic,United States,Creator,2026-04
13860,2026-08-08,Organic,Other,Creator,2026-08
13861,2026-05-05,X,United States,Creator,2026-05
13862,2026-07-19,TikTok,United States,Creator,2026-07
13863,2026-07-26,Organic,Nigeria,Creator,2026-07
13864,2026-06-29,Instagram,Nigeria,Viewer,2026-06
13865,2026-05-12,Referral,Nigeria,Creator,2026-05
13866,2026-06-11,Paid Social,Canada,Viewer,2026-06
13867,2026-07-16,Instagram,Nigeria,Creator,2026-07
13868,2026-06-10,X,Other,Viewer,2026-06
13869,2026-05-01,Organic,United Kingdom,Creator,2026-05
13870,2026-07-16,Instagram,India,Creator,2026-07
13871,2026-02-07,Referral,Other,Creator,2026-02
13872,2026-08-14,Instagram,Germany,Creator,2026-08
13873,2026-05-02,TikTok,India,Creator,2026-05
13874,2026-01-26,X,India,Creator,2026-01
13875,2026-05-09,Paid Social,Nigeria,Creator,2026-05
13876,2026-01-04,Paid Social,India,Creator,2026-01
13877,2026-02-08,Referral,United States,Creator,2026-02
13878,2026-02-23,Organic,Other,Viewer,2026-02
13879,2026-08-06,Organic,India,Viewer,2026-08
13880,2026-06-10,Referral,India,Creator,2026-06
13881,2026-02-02,Organic,United Kingdom,Viewer,2026-02
13882,2026-07-19,X,India,Creator,2026-07
13883,2026-01-20,Instagram,Germany,Viewer,2026-01
13884,2026-01-16,Instagram,India,Creator,2026-01
13885,2026-05-29,Instagram,Nigeria,Creator,2026-05
13886,2026-06-22,Paid Social,India,Viewer,2026-06
13887,2026-05-07,Organic,United Kingdom,Viewer,2026-05
13888,2026-08-06,Referral,Nigeria,Viewer,2026-08
13889,2026-03-28,Referral,Other,Creator,2026-03
13890,2026-03-23,Paid Social,United States,Creator,2026-03
13891,2026-03-03,Instagram,Other,Creator,2026-03
13892,2026-01-31,Instagram,Nigeria,Viewer,2026-01
13893,2026-02-11,Paid Social,Other,Creator,2026-02
13894,2026-01-12,Instagram,United States,Viewer,2026-01
13895,2026-03-06,Instagram,Nigeria,Viewer,2026-03
13896,2026-08-22,TikTok,United States,Creator,2026-08
13897,2026-03-14,Organic,India,Viewer,2026-03
13898,2026-05-11,Instagram,Nigeria,Creator,2026-05
13899,2026-04-25,YouTube,Canada,Creator,2026-04
13900,2026-08-06,YouTube,Nigeria,Viewer,2026-08
13901,2026-05-17,Organic,India,Creator,2026-05
13902,2026-04-16,Referral,India,Creator,2026-04
13903,2026-06-28,Instagram,India,Creator,2026-06
13904,2026-01-16,Instagram,Other,Viewer,2026-01
13905,2026-08-04,Paid Social,United States,Creator,2026-08
13906,2026-03-19,TikTok,United States,Creator,2026-03
13907,2026-05-05,Referral,United States,Creator,2026-05
13908,2026-05-11,X,India,Viewer,2026-05
13909,2026-08-14,YouTube,India,Creator,2026-08
13910,2026-08-13,TikTok,Nigeria,Creator,2026-08
13911,2026-06-01,Organic,Canada,Creator,2026-06
13912,2026-07-20,Instagram,Other,Creator,2026-07
13913,2026-05-21,TikTok,Other,Creator,2026-05
13914,2026-05-10,Organic,Other,Creator,2026-05
13915,2026-07-18,Referral,India,Creator,2026-07
13916,2026-04-22,Instagram,India,Creator,2026-04
13917,2026-05-07,Referral,India,Viewer,2026-05
13918,2026-01-21,Instagram,United Kingdom,Viewer,2026-01
13919,2026-05-27,X,Nigeria,Creator,2026-05
13920,2026-03-30,Paid Social,United Kingdom,Creator,2026-03
13921,2026-02-16,Paid Social,United States,Viewer,2026-02
13922,2026-05-30,Organic,United States,Viewer,2026-05
13923,2026-07-22,Referral,Nigeria,Creator,2026-07
13924,2026-06-10,TikTok,India,Viewer,2026-06
13925,2026-06-09,Organic,Canada,Viewer,2026-06
13926,2026-07-11,X,Other,Creator,2026-07
13927,2026-03-26,Paid Social,United States,Creator,2026-03
13928,2026-06-16,Paid Social,Canada,Creator,2026-06
13929,2026-05-08,Organic,Nigeria,Creator,2026-05
13930,2026-07-31,Referral,India,Creator,2026-07
13931,2026-03-13,Referral,India,Creator,2026-03
13932,2026-02-11,TikTok,India,Creator,2026-02
13933,2026-08-17,YouTube,United Kingdom,Creator,2026-08
13934,2026-01-09,Instagram,India,Viewer,2026-01
13935,2026-01-25,Organic,Germany,Viewer,2026-01
13936,2026-08-05,Referral,Other,Creator,2026-08
13937,2026-08-13,Organic,India,Creator,2026-08
13938,2026-01-02,TikTok,India,Creator,2026-01
13939,2026-01-19,Organic,United Kingdom,Creator,2026-01
13940,2026-01-20,YouTube,Germany,Creator,2026-01
13941,2026-08-22,Instagram,United States,Viewer,2026-08
13942,2026-08-21,Instagram,Nigeria,Creator,2026-08
13943,2026-08-22,X,Other,Creator,2026-08
13944,2026-08-09,Organic,United States,Creator,2026-08
13945,2026-03-11,Paid Social,India,Creator,2026-03
13946,2026-01-17,Instagram,Other,Creator,2026-01
13947,2026-05-04,TikTok,India,Creator,2026-05
13948,2026-03-30,Organic,India,Creator,2026-03
13949,2026-08-18,Organic,United States,Viewer,2026-08
13950,2026-07-15,Paid Social,India,Creator,2026-07
13951,2026-04-04,Instagram,Other,Viewer,2026-04
13952,2026-03-25,YouTube,United States,Viewer,2026-03
13953,2026-05-11,Organic,Germany,Creator,2026-05
13954,2026-03-28,YouTube,India,Viewer,2026-03
13955,2026-02-20,Paid Social,India,Creator,2026-02
13956,2026-03-23,TikTok,United Kingdom,Creator,2026-03
13957,2026-06-03,X,Other,Viewer,2026-06
13958,2026-07-03,Paid Social,India,Creator,2026-07
13959,2026-08-16,YouTube,Nigeria,Creator,2026-08
13960,2026-07-11,Organic,India,Viewer,2026-07
13961,2026-01-08,TikTok,Germany,Creator,2026-01
13962,2026-07-28,Organic,Other,Viewer,2026-07
13963,2026-08-11,Referral,United Kingdom,Creator,2026-08
13964,2026-06-14,X,United Kingdom,Creator,2026-06
13965,2026-05-01,Paid Social,India,Creator,2026-05
13966,2026-08-13,Organic,India,Creator,2026-08
13967,2026-06-04,TikTok,India,Creator,2026-06
13968,2026-06-22,Organic,India,Creator,2026-06
13969,2026-01-04,TikTok,Canada,Creator,2026-01
13970,2026-03-27,Organic,United States,Viewer,2026-03
13971,2026-05-08,TikTok,India,Creator,2026-05
13972,2026-08-06,Referral,Germany,Creator,2026-08
13973,2026-08-12,Organic,Other,Creator,2026-08
13974,2026-08-04,Instagram,United States,Creator,2026-08
13975,2026-04-20,Paid Social,Nigeria,Viewer,2026-04
13976,2026-04-09,Paid Social,India,Viewer,2026-04
13977,2026-02-06,Organic,United States,Viewer,2026-02
13978,2026-08-12,Paid Social,United States,Viewer,2026-08
13979,2026-03-12,Organic,Other,Creator,2026-03
13980,2026-02-02,TikTok,United Kingdom,Creator,2026-02
13981,2026-01-31,Referral,Canada,Creator,2026-01
13982,2026-07-02,Referral,India,Viewer,2026-07
13983,2026-05-05,Referral,United States,Creator,2026-05
13984,2026-01-12,Referral,India,Creator,2026-01
13985,2026-01-11,Organic,Other,Creator,2026-01
13986,2026-03-29,X,India,Viewer,2026-03
13987,2026-03-13,TikTok,United States,Creator,2026-03
13988,2026-02-01,Instagram,India,Creator,2026-02
13989,2026-02-26,Organic,United Kingdom,Creator,2026-02
13990,2026-06-15,TikTok,Nigeria,Viewer,2026-06
13991,2026-07-07,Referral,Nigeria,Creator,2026-07
13992,2026-03-27,Paid Social,India,Viewer,2026-03
13993,2026-08-14,X,Nigeria,Viewer,2026-08
13994,2026-01-19,Instagram,Nigeria,Viewer,2026-01
13995,2026-04-26,YouTube,Other,Creator,2026-04
13996,2026-07-31,X,India,Creator,2026-07
13997,2026-07-03,Paid Social,Other,Viewer,2026-07
13998,2026-01-14,Organic,United States,Creator,2026-01
13999,2026-02-02,Instagram,India,Viewer,2026-02
14000,2026-01-10,Paid Social,United Kingdom,Viewer,2026-01
14001,2026-03-21,Paid Social,Nigeria,Viewer,2026-03
14002,2026-07-11,Instagram,India,Creator,2026-07
14003,2026-03-05,Organic,United Kingdom,Creator,2026-03
14004,2026-07-09,Referral,United States,Creator,2026-07
14005,2026-03-09,X,United Kingdom,Viewer,2026-03
14006,2026-08-07,Referral,United Kingdom,Creator,2026-08
14007,2026-04-02,Instagram,United States,Creator,2026-04
14008,2026-05-05,Organic,United States,Creator,2026-05
14009,2026-06-20,Organic,India,Viewer,2026-06
14010,2026-03-21,X,Nigeria,Creator,2026-03
14011,2026-02-28,Organic,India,Viewer,2026-02
14012,2026-06-29,Organic,India,Viewer,2026-06
14013,2026-04-07,Instagram,United States,Creator,2026-04
14014,2026-01-19,Instagram,India,Creator,2026-01
14015,2026-05-29,Organic,Nigeria,Creator,2026-05
14016,2026-01-22,Organic,Nigeria,Creator,2026-01
14017,2026-01-09,Paid Social,Canada,Creator,2026-01
14018,2026-01-09,Organic,India,Creator,2026-01
14019,2026-07-20,TikTok,United States,Creator,2026-07
14020,2026-01-27,TikTok,United Kingdom,Viewer,2026-01
14021,2026-01-17,Referral,Other,Creator,2026-01
14022,2026-06-21,TikTok,Other,Creator,2026-06
14023,2026-02-14,Organic,Nigeria,Creator,2026-02
14024,2026-01-08,Organic,United Kingdom,Creator,2026-01
14025,2026-07-27,YouTube,Nigeria,Viewer,2026-07
14026,2026-05-26,YouTube,United States,Creator,2026-05
14027,2026-05-05,TikTok,United Kingdom,Viewer,2026-05
14028,2026-05-03,Organic,United States,Creator,2026-05
14029,2026-02-02,TikTok,United States,Viewer,2026-02
14030,2026-01-01,X,United Kingdom,Viewer,2026-01
14031,2026-07-23,YouTube,Other,Creator,2026-07
14032,2026-01-06,Organic,United States,Creator,2026-01
14033,2026-02-10,X,United Kingdom,Creator,2026-02
14034,2026-07-02,Organic,United States,Viewer,2026-07
14035,2026-01-05,X,United States,Viewer,2026-01
14036,2026-07-06,YouTube,United Kingdom,Creator,2026-07
14037,2026-03-21,Paid Social,Other,Creator,2026-03
14038,2026-01-18,TikTok,United States,Viewer,2026-01
14039,2026-06-26,Instagram,Canada,Creator,2026-06
14040,2026-03-23,Organic,United States,Creator,2026-03
14041,2026-03-06,TikTok,Germany,Creator,2026-03
14042,2026-03-24,Organic,Canada,Viewer,2026-03
14043,2026-07-01,TikTok,Canada,Viewer,2026-07
14044,2026-07-08,Organic,Other,Creator,2026-07
14045,2026-05-16,Paid Social,India,Creator,2026-05
14046,2026-05-11,X,United States,Creator,2026-05
14047,2026-01-25,Organic,United Kingdom,Creator,2026-01
14048,2026-03-10,Organic,Nigeria,Creator,2026-03
14049,2026-07-02,TikTok,Canada,Creator,2026-07
14050,2026-06-17,TikTok,India,Viewer,2026-06
14051,2026-07-30,Organic,United Kingdom,Creator,2026-07
14052,2026-03-23,Instagram,Canada,Creator,2026-03
14053,2026-06-27,Paid Social,India,Creator,2026-06
14054,2026-04-27,X,Nigeria,Creator,2026-04
14055,2026-04-05,Instagram,India,Creator,2026-04
14056,2026-02-02,Referral,Germany,Creator,2026-02
14057,2026-04-21,Organic,India,Creator,2026-04
14058,2026-05-26,Organic,India,Creator,2026-05
14059,2026-05-05,Instagram,India,Creator,2026-05
14060,2026-07-04,YouTube,India,Creator,2026-07
14061,2026-08-19,Instagram,United Kingdom,Creator,2026-08
14062,2026-01-16,Organic,Other,Creator,2026-01
14063,2026-03-21,Paid Social,Nigeria,Creator,2026-03
14064,2026-02-07,TikTok,India,Creator,2026-02
14065,2026-06-18,Referral,United States,Creator,2026-06
14066,2026-05-15,Paid Social,United States,Creator,2026-05
14067,2026-03-19,TikTok,United States,Creator,2026-03
14068,2026-08-23,Referral,United States,Viewer,2026-08
14069,2026-06-30,YouTube,United Kingdom,Creator,2026-06
14070,2026-03-04,Paid Social,United States,Creator,2026-03
14071,2026-04-22,Organic,United Kingdom,Creator,2026-04
14072,2026-03-30,Paid Social,Nigeria,Creator,2026-03
14073,2026-06-09,Organic,India,Creator,2026-06
14074,2026-02-07,Referral,Other,Viewer,2026-02
14075,2026-05-30,Instagram,India,Viewer,2026-05
14076,2026-05-24,Organic,United States,Viewer,2026-05
14077,2026-02-21,Organic,Other,Creator,2026-02
14078,2026-01-29,TikTok,India,Creator,2026-01
14079,2026-05-24,TikTok,India,Creator,2026-05
14080,2026-03-17,Organic,Nigeria,Creator,2026-03
14081,2026-05-25,Organic,India,Creator,2026-05
14082,2026-08-17,TikTok,Nigeria,Viewer,2026-08
14083,2026-03-05,TikTok,Germany,Creator,2026-03
14084,2026-04-01,Instagram,Nigeria,Viewer,2026-04
14085,2026-03-30,Referral,United Kingdom,Creator,2026-03
14086,2026-01-13,X,United Kingdom,Creator,2026-01
14087,2026-03-13,Organic,Germany,Creator,2026-03
14088,2026-07-03,Instagram,United Kingdom,Creator,2026-07
14089,2026-01-05,Referral,Other,Creator,2026-01
14090,2026-01-12,Organic,United States,Creator,2026-01
14091,2026-06-18,TikTok,India,Creator,2026-06
14092,2026-01-03,Instagram,United States,Viewer,2026-01
14093,2026-08-15,Paid Social,Germany,Viewer,2026-08
14094,2026-02-02,Instagram,India,Viewer,2026-02
14095,2026-05-01,Referral,Canada,Viewer,2026-05
14096,2026-08-02,TikTok,Nigeria,Creator,2026-08
14097,2026-02-19,Referral,Other,Viewer,2026-02
14098,2026-07-03,TikTok,Canada,Creator,2026-07
14099,2026-08-24,Instagram,United Kingdom,Creator,2026-08
14100,2026-05-17,Instagram,Other,Creator,2026-05
14101,2026-08-21,Paid Social,Other,Creator,2026-08
14102,2026-07-29,Organic,United States,Viewer,2026-07
14103,2026-06-27,Organic,Other,Creator,2026-06
14104,2026-01-29,YouTube,India,Viewer,2026-01
14105,2026-02-08,X,Canada,Viewer,2026-02
14106,2026-04-01,Organic,United States,Creator,2026-04
14107,2026-04-10,TikTok,Nigeria,Creator,2026-04
14108,2026-06-22,TikTok,Germany,Creator,2026-06
14109,2026-01-17,Instagram,United Kingdom,Creator,2026-01
14110,2026-02-25,Referral,United States,Creator,2026-02
14111,2026-08-14,Organic,India,Viewer,2026-08
14112,2026-02-15,Paid Social,Other,Creator,2026-02
14113,2026-03-08,TikTok,United States,Creator,2026-03
14114,2026-07-16,Organic,India,Creator,2026-07
14115,2026-05-22,Instagram,Nigeria,Viewer,2026-05
14116,2026-03-08,YouTube,United States,Creator,2026-03
14117,2026-01-23,Organic,Nigeria,Viewer,2026-01
14118,2026-08-19,YouTube,India,Creator,2026-08
14119,2026-04-04,Referral,United States,Creator,2026-04
14120,2026-07-08,Organic,Other,Creator,2026-07
14121,2026-05-31,Organic,Other,Creator,2026-05
14122,2026-06-04,Organic,Other,Creator,2026-06
14123,2026-02-23,Referral,Canada,Viewer,2026-02
14124,2026-05-18,Organic,India,Viewer,2026-05
14125,2026-08-05,Referral,United States,Creator,2026-08
14126,2026-03-18,Instagram,Canada,Creator,2026-03
14127,2026-01-16,Referral,India,Viewer,2026-01
14128,2026-02-10,X,India,Viewer,2026-02
14129,2026-04-08,TikTok,United States,Creator,2026-04
14130,2026-07-02,Paid Social,United States,Creator,2026-07
14131,2026-05-08,YouTube,India,Creator,2026-05
14132,2026-08-17,Instagram,United States,Creator,2026-08
14133,2026-03-02,YouTube,Other,Creator,2026-03
14134,2026-03-27,X,India,Viewer,2026-03
14135,2026-07-28,TikTok,Nigeria,Creator,2026-07
14136,2026-08-03,TikTok,Nigeria,Creator,2026-08
14137,2026-04-28,TikTok,Other,Creator,2026-04
14138,2026-04-10,Paid Social,United Kingdom,Viewer,2026-04
14139,2026-02-18,X,India,Viewer,2026-02
14140,2026-07-20,Organic,India,Viewer,2026-07
14141,2026-06-29,Instagram,Nigeria,Viewer,2026-06
14142,2026-01-02,Organic,India,Viewer,2026-01
14143,2026-08-12,TikTok,United States,Viewer,2026-08
14144,2026-04-30,Instagram,United States,Creator,2026-04
14145,2026-06-27,Instagram,India,Creator,2026-06
14146,2026-05-03,Paid Social,United States,Viewer,2026-05
14147,2026-03-27,Paid Social,United States,Viewer,2026-03
14148,2026-06-20,Organic,India,Creator,2026-06
14149,2026-03-18,Instagram,Germany,Creator,2026-03
14150,2026-05-16,Referral,Other,Creator,2026-05
14151,2026-02-28,Organic,United States,Creator,2026-02
14152,2026-07-12,Referral,India,Creator,2026-07
14153,2026-07-28,Referral,Other,Creator,2026-07
14154,2026-01-12,YouTube,Canada,Creator,2026-01
14155,2026-01-04,TikTok,Other,Viewer,2026-01
14156,2026-04-27,Paid Social,United States,Viewer,2026-04
14157,2026-07-24,Paid Social,Nigeria,Creator,2026-07
14158,2026-04-05,YouTube,Other,Viewer,2026-04
14159,2026-05-05,TikTok,United States,Creator,2026-05
14160,2026-02-10,Referral,United Kingdom,Creator,2026-02
14161,2026-05-03,TikTok,United Kingdom,Viewer,2026-05
14162,2026-01-07,Organic,Germany,Viewer,2026-01
14163,2026-08-03,Instagram,Other,Creator,2026-08
14164,2026-08-04,Paid Social,United States,Viewer,2026-08
14165,2026-03-10,Referral,India,Viewer,2026-03
14166,2026-03-10,YouTube,India,Creator,2026-03
14167,2026-03-22,Instagram,Germany,Creator,2026-03
14168,2026-01-30,TikTok,United States,Viewer,2026-01
14169,2026-03-14,Referral,India,Viewer,2026-03
14170,2026-01-06,X,Other,Creator,2026-01
14171,2026-03-30,Referral,Nigeria,Creator,2026-03
14172,2026-05-27,Instagram,Germany,Viewer,2026-05
14173,2026-07-27,Referral,Nigeria,Creator,2026-07
14174,2026-08-01,Referral,United States,Creator,2026-08
14175,2026-03-07,TikTok,India,Creator,2026-03
14176,2026-01-10,Organic,United States,Creator,2026-01
14177,2026-05-24,Organic,India,Creator,2026-05
14178,2026-02-06,Paid Social,United Kingdom,Creator,2026-02
14179,2026-07-26,YouTube,United States,Creator,2026-07
14180,2026-03-18,Referral,India,Creator,2026-03
14181,2026-03-18,TikTok,Nigeria,Creator,2026-03
14182,2026-02-01,YouTube,Germany,Creator,2026-02
14183,2026-02-16,YouTube,Other,Creator,2026-02
14184,2026-04-20,Organic,Nigeria,Viewer,2026-04
14185,2026-07-19,Paid Social,India,Viewer,2026-07
14186,2026-06-20,TikTok,Germany,Viewer,2026-06
14187,2026-07-29,TikTok,United Kingdom,Creator,2026-07
14188,2026-04-30,TikTok,Other,Viewer,2026-04
14189,2026-06-13,Organic,Nigeria,Viewer,2026-06
14190,2026-06-03,X,United States,Viewer,2026-06
14191,2026-01-10,Organic,Other,Creator,2026-01
14192,2026-06-08,Referral,Nigeria,Viewer,2026-06
14193,2026-04-07,TikTok,India,Creator,2026-04
14194,2026-06-06,Instagram,United States,Viewer,2026-06
14195,2026-01-05,YouTube,India,Creator,2026-01
14196,2026-03-18,Referral,Canada,Viewer,2026-03
14197,2026-01-01,Organic,Nigeria,Creator,2026-01
14198,2026-08-03,Paid Social,India,Creator,2026-08
14199,2026-08-20,X,Germany,Creator,2026-08
14200,2026-05-11,Organic,Nigeria,Creator,2026-05
14201,2026-03-08,TikTok,India,Creator,2026-03
14202,2026-07-18,Instagram,India,Creator,2026-07
14203,2026-08-16,Referral,Germany,Creator,2026-08
14204,2026-06-12,TikTok,United States,Viewer,2026-06
14205,2026-01-15,TikTok,Germany,Creator,2026-01
14206,2026-08-20,Organic,India,Creator,2026-08
14207,2026-07-14,TikTok,India,Creator,2026-07
14208,2026-04-03,YouTube,Canada,Viewer,2026-04
14209,2026-01-30,YouTube,United Kingdom,Creator,2026-01
14210,2026-04-13,Organic,United States,Creator,2026-04
14211,2026-03-23,Organic,Other,Creator,2026-03
14212,2026-03-16,TikTok,India,Creator,2026-03
14213,2026-06-20,Referral,Germany,Viewer,2026-06
14214,2026-03-01,Referral,United Kingdom,Viewer,2026-03
14215,2026-08-18,Organic,India,Creator,2026-08
14216,2026-02-09,TikTok,Nigeria,Creator,2026-02
14217,2026-07-12,TikTok,Other,Creator,2026-07
14218,2026-06-06,Paid Social,United Kingdom,Viewer,2026-06
14219,2026-03-15,Instagram,Nigeria,Creator,2026-03
14220,2026-08-08,Organic,United States,Creator,2026-08
14221,2026-05-01,TikTok,Canada,Creator,2026-05
14222,2026-08-11,Instagram,Other,Creator,2026-08
14223,2026-05-27,YouTube,Canada,Creator,2026-05
14224,2026-01-03,Organic,Canada,Viewer,2026-01
14225,2026-02-05,TikTok,India,Creator,2026-02
14226,2026-02-12,YouTube,Germany,Creator,2026-02
14227,2026-05-23,TikTok,India,Viewer,2026-05
14228,2026-08-13,X,Canada,Creator,2026-08
14229,2026-06-18,TikTok,India,Creator,2026-06
14230,2026-08-23,Referral,Nigeria,Creator,2026-08
14231,2026-04-25,Organic,United Kingdom,Viewer,2026-04
14232,2026-04-19,Paid Social,Canada,Creator,2026-04
14233,2026-03-31,Organic,Other,Viewer,2026-03
14234,2026-07-27,Organic,United States,Viewer,2026-07
14235,2026-06-13,Referral,India,Creator,2026-06
14236,2026-08-13,Referral,Other,Viewer,2026-08
14237,2026-03-25,Organic,India,Viewer,2026-03
14238,2026-03-18,Paid Social,United Kingdom,Creator,2026-03
14239,2026-06-10,Organic,Other,Creator,2026-06
14240,2026-01-05,X,Other,Creator,2026-01
14241,2026-08-17,Organic,United States,Creator,2026-08
14242,2026-03-19,TikTok,United Kingdom,Creator,2026-03
14243,2026-04-01,Instagram,Nigeria,Creator,2026-04
14244,2026-03-28,X,United States,Creator,2026-03
14245,2026-01-14,Instagram,India,Creator,2026-01
14246,2026-04-14,Instagram,Germany,Viewer,2026-04
14247,2026-07-15,Paid Social,India,Viewer,2026-07
14248,2026-08-19,Organic,United Kingdom,Viewer,2026-08
14249,2026-03-24,Organic,Nigeria,Creator,2026-03
14250,2026-06-24,YouTube,United States,Creator,2026-06
14251,2026-02-23,Organic,India,Creator,2026-02
14252,2026-05-12,Instagram,Canada,Creator,2026-05
14253,2026-08-10,Instagram,United States,Creator,2026-08
14254,2026-07-30,TikTok,Canada,Viewer,2026-07
14255,2026-04-05,Paid Social,India,Creator,2026-04
14256,2026-08-11,TikTok,India,Viewer,2026-08
14257,2026-01-09,TikTok,India,Creator,2026-01
14258,2026-02-22,Organic,India,Viewer,2026-02
14259,2026-03-18,Organic,India,Viewer,2026-03
14260,2026-07-25,TikTok,United Kingdom,Creator,2026-07
14261,2026-03-01,YouTube,India,Viewer,2026-03
14262,2026-02-15,Referral,India,Creator,2026-02
14263,2026-02-23,Referral,India,Viewer,2026-02
14264,2026-03-15,Organic,United Kingdom,Viewer,2026-03
14265,2026-04-22,Organic,Nigeria,Creator,2026-04
14266,2026-04-05,Paid Social,United States,Creator,2026-04
14267,2026-06-14,Organic,United Kingdom,Creator,2026-06
14268,2026-01-23,Paid Social,Nigeria,Creator,2026-01
14269,2026-01-27,Referral,India,Creator,2026-01
14270,2026-03-11,Paid Social,Germany,Creator,2026-03
14271,2026-08-06,TikTok,United States,Creator,2026-08
14272,2026-07-13,Organic,United States,Creator,2026-07
14273,2026-04-19,X,Canada,Viewer,2026-04
14274,2026-07-08,Referral,India,Viewer,2026-07
14275,2026-03-18,Organic,India,Creator,2026-03
14276,2026-06-28,Referral,Other,Creator,2026-06
14277,2026-02-19,Organic,Nigeria,Viewer,2026-02
14278,2026-05-04,Instagram,United States,Creator,2026-05
14279,2026-01-19,Referral,Germany,Creator,2026-01
14280,2026-01-01,Organic,India,Creator,2026-01
14281,2026-02-09,Organic,India,Creator,2026-02
14282,2026-06-09,Organic,India,Creator,2026-06
14283,2026-01-22,Organic,Canada,Creator,2026-01
14284,2026-04-22,Organic,United States,Viewer,2026-04
14285,2026-08-09,Organic,Canada,Creator,2026-08
14286,2026-07-13,TikTok,India,Creator,2026-07
14287,2026-02-09,Referral,United Kingdom,Creator,2026-02
14288,2026-02-07,Paid Social,United States,Creator,2026-02
14289,2026-02-17,TikTok,India,Viewer,2026-02
14290,2026-07-02,Organic,Germany,Creator,2026-07
14291,2026-03-16,Organic,United States,Creator,2026-03
14292,2026-07-28,Referral,Nigeria,Viewer,2026-07
14293,2026-07-02,YouTube,India,Creator,2026-07
14294,2026-06-28,Paid Social,Canada,Creator,2026-06
14295,2026-04-17,Organic,United States,Creator,2026-04
14296,2026-07-07,Referral,United Kingdom,Viewer,2026-07
14297,2026-01-08,Instagram,Canada,Viewer,2026-01
14298,2026-03-27,Paid Social,India,Creator,2026-03
14299,2026-03-09,X,United States,Viewer,2026-03
14300,2026-03-16,Instagram,Canada,Creator,2026-03
14301,2026-07-19,YouTube,India,Viewer,2026-07
14302,2026-05-17,Referral,Germany,Viewer,2026-05
14303,2026-03-31,TikTok,United States,Viewer,2026-03
14304,2026-05-10,Organic,United States,Creator,2026-05
14305,2026-03-21,Instagram,India,Creator,2026-03
14306,2026-04-05,Organic,India,Creator,2026-04
14307,2026-03-11,TikTok,India,Creator,2026-03
14308,2026-08-01,Paid Social,India,Viewer,2026-08
14309,2026-03-31,X,India,Viewer,2026-03
14310,2026-02-28,YouTube,United States,Viewer,2026-02
14311,2026-05-27,YouTube,United States,Creator,2026-05
14312,2026-01-28,Referral,India,Creator,2026-01
14313,2026-03-13,Paid Social,India,Creator,2026-03
14314,2026-01-14,YouTube,United States,Viewer,2026-01
14315,2026-01-24,Instagram,Canada,Viewer,2026-01
14316,2026-04-22,TikTok,Nigeria,Creator,2026-04
14317,2026-02-13,TikTok,Other,Creator,2026-02
14318,2026-08-17,TikTok,India,Viewer,2026-08
14319,2026-02-25,TikTok,India,Creator,2026-02
14320,2026-08-06,YouTube,United States,Viewer,2026-08
14321,2026-08-11,X,India,Viewer,2026-08
14322,2026-04-30,Organic,Other,Creator,2026-04
14323,2026-06-28,Paid Social,United States,Viewer,2026-06
14324,2026-02-01,TikTok,Nigeria,Viewer,2026-02
14325,2026-06-27,X,India,Creator,2026-06
14326,2026-06-18,YouTube,Other,Creator,2026-06
14327,2026-07-13,X,United Kingdom,Viewer,2026-07
14328,2026-01-25,TikTok,United States,Viewer,2026-01
14329,2026-04-26,Referral,Other,Creator,2026-04
14330,2026-08-24,Organic,Other,Viewer,2026-08
14331,2026-07-08,X,India,Creator,2026-07
14332,2026-03-07,Organic,India,Creator,2026-03
14333,2026-02-11,X,India,Viewer,2026-02
14334,2026-07-12,Organic,Nigeria,Creator,2026-07
14335,2026-06-13,Referral,India,Creator,2026-06
14336,2026-03-17,Organic,Germany,Viewer,2026-03
14337,2026-05-17,Paid Social,United States,Creator,2026-05
14338,2026-06-13,Referral,Germany,Viewer,2026-06
14339,2026-08-21,TikTok,Nigeria,Creator,2026-08
14340,2026-08-08,TikTok,Canada,Creator,2026-08
14341,2026-02-07,YouTube,United States,Creator,2026-02
14342,2026-06-10,Organic,Other,Creator,2026-06
14343,2026-06-19,Organic,United Kingdom,Viewer,2026-06
14344,2026-03-02,Organic,Nigeria,Creator,2026-03
14345,2026-06-23,X,United States,Creator,2026-06
14346,2026-08-02,Organic,Other,Viewer,2026-08
14347,2026-03-30,Organic,United States,Creator,2026-03
14348,2026-07-08,YouTube,Germany,Viewer,2026-07
14349,2026-01-18,Organic,United States,Creator,2026-01
14350,2026-03-11,Organic,Canada,Creator,2026-03
14351,2026-03-23,Paid Social,Other,Creator,2026-03
14352,2026-04-26,YouTube,United States,Creator,2026-04
14353,2026-03-21,TikTok,Nigeria,Viewer,2026-03
14354,2026-01-15,Organic,United States,Viewer,2026-01
14355,2026-06-25,X,India,Viewer,2026-06
14356,2026-07-19,Organic,United Kingdom,Creator,2026-07
14357,2026-01-13,Paid Social,India,Creator,2026-01
14358,2026-04-29,YouTube,United States,Creator,2026-04
14359,2026-02-12,Paid Social,United States,Viewer,2026-02
14360,2026-07-07,Referral,India,Viewer,2026-07
14361,2026-02-26,Instagram,United Kingdom,Creator,2026-02
14362,2026-07-18,YouTube,India,Creator,2026-07
14363,2026-01-17,Referral,Canada,Viewer,2026-01
14364,2026-06-27,X,India,Creator,2026-06
14365,2026-02-01,Organic,United States,Creator,2026-02
14366,2026-05-30,Instagram,United States,Creator,2026-05
14367,2026-02-24,Organic,India,Creator,2026-02
14368,2026-07-04,YouTube,United States,Creator,2026-07
14369,2026-01-13,YouTube,India,Creator,2026-01
14370,2026-02-16,Paid Social,United States,Creator,2026-02
14371,2026-03-28,X,United States,Creator,2026-03
14372,2026-03-03,Referral,United States,Viewer,2026-03
14373,2026-07-01,Organic,United Kingdom,Creator,2026-07
14374,2026-01-29,TikTok,Canada,Viewer,2026-01
14375,2026-01-22,Paid Social,United States,Creator,2026-01
14376,2026-03-06,Referral,India,Creator,2026-03
14377,2026-01-29,YouTube,Nigeria,Viewer,2026-01
14378,2026-02-17,Organic,Canada,Viewer,2026-02
14379,2026-01-05,YouTube,United Kingdom,Creator,2026-01
14380,2026-06-12,Paid Social,India,Creator,2026-06
14381,2026-07-21,Organic,United States,Creator,2026-07
14382,2026-07-30,YouTube,Other,Viewer,2026-07
14383,2026-04-11,TikTok,United States,Viewer,2026-04
14384,2026-03-12,Organic,United States,Creator,2026-03
14385,2026-06-23,Referral,United States,Creator,2026-06
14386,2026-06-12,Organic,Nigeria,Viewer,2026-06
14387,2026-06-22,Organic,India,Creator,2026-06
14388,2026-05-21,Referral,India,Creator,2026-05
14389,2026-05-18,Referral,United Kingdom,Creator,2026-05
14390,2026-03-07,Organic,India,Creator,2026-03
14391,2026-07-17,Paid Social,Other,Creator,2026-07
14392,2026-03-13,Organic,United States,Creator,2026-03
14393,2026-08-16,Paid Social,Nigeria,Viewer,2026-08
14394,2026-01-25,Referral,United States,Creator,2026-01
14395,2026-06-21,TikTok,United States,Viewer,2026-06
14396,2026-03-01,Organic,Other,Viewer,2026-03
14397,2026-06-24,TikTok,India,Viewer,2026-06
14398,2026-02-09,Organic,Germany,Creator,2026-02
14399,2026-01-07,X,Nigeria,Creator,2026-01
14400,2026-06-23,TikTok,United Kingdom,Creator,2026-06
14401,2026-05-31,TikTok,India,Viewer,2026-05
14402,2026-07-30,Referral,Canada,Creator,2026-07
14403,2026-02-15,Organic,India,Creator,2026-02
14404,2026-03-27,X,Other,Creator,2026-03
14405,2026-05-21,Organic,Canada,Creator,2026-05
14406,2026-01-21,YouTube,Nigeria,Creator,2026-01
14407,2026-01-01,X,Other,Viewer,2026-01
14408,2026-05-03,Referral,India,Viewer,2026-05
14409,2026-05-27,Organic,Other,Creator,2026-05
14410,2026-05-05,Organic,United Kingdom,Creator,2026-05
14411,2026-07-07,Organic,India,Viewer,2026-07
14412,2026-02-02,Organic,Nigeria,Creator,2026-02
14413,2026-01-04,Organic,United Kingdom,Creator,2026-01
14414,2026-08-22,X,United Kingdom,Viewer,2026-08
14415,2026-01-03,X,United States,Viewer,2026-01
14416,2026-04-01,Referral,India,Creator,2026-04
14417,2026-02-21,TikTok,India,Creator,2026-02
14418,2026-08-21,Instagram,Other,Creator,2026-08
14419,2026-08-15,Paid Social,India,Creator,2026-08
14420,2026-01-28,Instagram,Other,Creator,2026-01
14421,2026-03-11,X,India,Creator,2026-03
14422,2026-07-17,Paid Social,United States,Creator,2026-07
14423,2026-07-02,Paid Social,India,Creator,2026-07
14424,2026-02-26,TikTok,Other,Creator,2026-02
14425,2026-04-18,YouTube,India,Creator,2026-04
14426,2026-08-03,Instagram,United States,Creator,2026-08
14427,2026-08-13,YouTube,Germany,Viewer,2026-08
14428,2026-05-24,Paid Social,Canada,Creator,2026-05
14429,2026-01-24,TikTok,Germany,Viewer,2026-01
14430,2026-07-16,Referral,Other,Creator,2026-07
14431,2026-06-18,YouTube,Other,Viewer,2026-06
14432,2026-08-22,TikTok,Canada,Creator,2026-08
14433,2026-03-18,Referral,Nigeria,Creator,2026-03
14434,2026-06-24,TikTok,Nigeria,Viewer,2026-06
14435,2026-03-17,Organic,India,Viewer,2026-03
14436,2026-03-10,Paid Social,Canada,Viewer,2026-03
14437,2026-04-11,TikTok,India,Creator,2026-04
14438,2026-06-08,Instagram,Germany,Creator,2026-06
14439,2026-04-02,Referral,Nigeria,Creator,2026-04
14440,2026-04-02,Paid Social,Other,Viewer,2026-04
14441,2026-01-30,Referral,India,Creator,2026-01
14442,2026-01-18,Instagram,Canada,Creator,2026-01
14443,2026-02-13,Instagram,Nigeria,Creator,2026-02
14444,2026-06-04,TikTok,Other,Creator,2026-06
14445,2026-04-09,Instagram,India,Creator,2026-04
14446,2026-06-03,Paid Social,India,Creator,2026-06
14447,2026-05-01,YouTube,Nigeria,Creator,2026-05
14448,2026-08-19,Organic,Nigeria,Creator,2026-08
14449,2026-04-25,Organic,United States,Creator,2026-04
14450,2026-03-01,Paid Social,Other,Viewer,2026-03
14451,2026-05-26,Referral,India,Creator,2026-05
14452,2026-08-13,Instagram,Nigeria,Creator,2026-08
14453,2026-08-05,X,India,Creator,2026-08
14454,2026-02-25,TikTok,India,Viewer,2026-02
14455,2026-01-31,Referral,Other,Creator,2026-01
14456,2026-04-11,X,Nigeria,Creator,2026-04
14457,2026-02-28,YouTube,Germany,Creator,2026-02
14458,2026-05-04,TikTok,Germany,Creator,2026-05
14459,2026-05-10,Instagram,Germany,Creator,2026-05
14460,2026-04-07,Organic,United States,Creator,2026-04
14461,2026-06-16,Paid Social,Other,Viewer,2026-06
14462,2026-07-08,Paid Social,United States,Creator,2026-07
14463,2026-08-23,Referral,United States,Creator,2026-08
14464,2026-04-17,Paid Social,India,Viewer,2026-04
14465,2026-07-10,YouTube,United States,Viewer,2026-07
14466,2026-08-12,Organic,Other,Creator,2026-08
14467,2026-01-18,Referral,Nigeria,Creator,2026-01
14468,2026-05-25,TikTok,Germany,Viewer,2026-05
14469,2026-08-14,Instagram,India,Creator,2026-08
14470,2026-06-16,Organic,Other,Viewer,2026-06
14471,2026-03-12,TikTok,India,Viewer,2026-03
14472,2026-04-16,YouTube,Other,Creator,2026-04
14473,2026-02-23,Organic,Other,Creator,2026-02
14474,2026-08-15,Organic,India,Viewer,2026-08
14475,2026-04-04,YouTube,United Kingdom,Viewer,2026-04
14476,2026-03-17,Referral,Canada,Creator,2026-03
14477,2026-02-04,X,United States,Creator,2026-02
14478,2026-01-11,Organic,India,Creator,2026-01
14479,2026-03-02,Instagram,Germany,Viewer,2026-03
14480,2026-02-13,Referral,United States,Creator,2026-02
14481,2026-05-01,YouTube,India,Creator,2026-05
14482,2026-03-09,Organic,India,Viewer,2026-03
14483,2026-01-25,Paid Social,United Kingdom,Creator,2026-01
14484,2026-06-25,Organic,India,Creator,2026-06
14485,2026-06-09,Organic,Canada,Creator,2026-06
14486,2026-03-25,Instagram,Canada,Creator,2026-03
14487,2026-04-24,TikTok,United States,Creator,2026-04
14488,2026-08-11,Paid Social,United States,Creator,2026-08
14489,2026-05-12,Organic,United Kingdom,Creator,2026-05
14490,2026-06-15,TikTok,Other,Creator,2026-06
14491,2026-07-10,TikTok,Nigeria,Viewer,2026-07
14492,2026-06-24,Instagram,Other,Viewer,2026-06
14493,2026-01-01,Organic,United States,Creator,2026-01
14494,2026-05-11,Organic,Nigeria,Creator,2026-05
14495,2026-08-17,Organic,India,Viewer,2026-08
14496,2026-03-27,X,Nigeria,Creator,2026-03
14497,2026-03-03,Referral,Nigeria,Viewer,2026-03
14498,2026-03-05,YouTube,Germany,Creator,2026-03
14499,2026-05-25,X,Other,Creator,2026-05
14500,2026-05-06,TikTok,Other,Creator,2026-05
14501,2026-07-25,Referral,India,Creator,2026-07
14502,2026-04-15,Instagram,United States,Creator,2026-04
14503,2026-03-03,TikTok,India,Creator,2026-03
14504,2026-02-04,X,India,Viewer,2026-02
14505,2026-01-13,YouTube,India,Viewer,2026-01
14506,2026-06-12,TikTok,Nigeria,Viewer,2026-06
14507,2026-02-12,Organic,Other,Creator,2026-02
14508,2026-05-10,Organic,Nigeria,Creator,2026-05
14509,2026-07-03,Referral,Other,Viewer,2026-07
14510,2026-04-21,Organic,Other,Creator,2026-04
14511,2026-07-24,X,United States,Creator,2026-07
14512,2026-05-08,Organic,Germany,Creator,2026-05
14513,2026-02-20,Organic,India,Creator,2026-02
14514,2026-07-01,Organic,Nigeria,Creator,2026-07
14515,2026-05-24,Organic,United States,Creator,2026-05
14516,2026-05-26,Organic,India,Creator,2026-05
14517,2026-05-15,YouTube,United States,Viewer,2026-05
14518,2026-02-14,Instagram,United States,Creator,2026-02
14519,2026-06-13,Referral,Germany,Viewer,2026-06
14520,2026-06-18,Organic,Other,Creator,2026-06
14521,2026-08-10,Paid Social,United Kingdom,Creator,2026-08
14522,2026-02-11,Paid Social,United Kingdom,Creator,2026-02
14523,2026-08-21,Organic,India,Creator,2026-08
14524,2026-05-15,Paid Social,Nigeria,Creator,2026-05
14525,2026-01-15,Organic,India,Creator,2026-01
14526,2026-03-01,YouTube,United States,Creator,2026-03
14527,2026-02-09,TikTok,India,Viewer,2026-02
14528,2026-07-30,Instagram,United Kingdom,Creator,2026-07
14529,2026-08-23,Instagram,Nigeria,Creator,2026-08
14530,2026-06-14,TikTok,India,Creator,2026-06
14531,2026-07-13,YouTube,India,Creator,2026-07
14532,2026-08-22,X,Canada,Creator,2026-08
14533,2026-04-22,Instagram,Canada,Viewer,2026-04
14534,2026-07-02,Paid Social,Nigeria,Viewer,2026-07
14535,2026-03-18,Paid Social,India,Viewer,2026-03
14536,2026-08-20,Paid Social,India,Creator,2026-08
14537,2026-04-15,Paid Social,India,Creator,2026-04
14538,2026-08-23,Organic,Canada,Viewer,2026-08
14539,2026-04-17,TikTok,United Kingdom,Creator,2026-04
14540,2026-05-02,Organic,United Kingdom,Viewer,2026-05
14541,2026-08-11,Paid Social,United States,Creator,2026-08
14542,2026-03-21,Organic,Canada,Creator,2026-03
14543,2026-08-22,TikTok,Nigeria,Creator,2026-08
14544,2026-05-05,Organic,India,Viewer,2026-05
14545,2026-07-03,Organic,India,Viewer,2026-07
14546,2026-06-21,Organic,Germany,Viewer,2026-06
14547,2026-07-04,YouTube,United Kingdom,Creator,2026-07
14548,2026-05-14,Organic,India,Creator,2026-05
14549,2026-08-08,X,Canada,Creator,2026-08
14550,2026-02-01,Referral,India,Creator,2026-02
14551,2026-04-18,Referral,United Kingdom,Creator,2026-04
14552,2026-07-21,Organic,Other,Creator,2026-07
14553,2026-04-24,Paid Social,India,Creator,2026-04
14554,2026-05-26,Referral,India,Viewer,2026-05
14555,2026-03-09,Organic,United States,Viewer,2026-03
14556,2026-05-07,Referral,United Kingdom,Viewer,2026-05
14557,2026-07-20,Referral,India,Creator,2026-07
14558,2026-05-15,Instagram,Nigeria,Creator,2026-05
14559,2026-04-24,Organic,India,Creator,2026-04
14560,2026-01-08,X,India,Creator,2026-01
14561,2026-03-05,Referral,United Kingdom,Viewer,2026-03
14562,2026-08-23,Organic,Canada,Viewer,2026-08
14563,2026-05-15,YouTube,Canada,Viewer,2026-05
14564,2026-02-10,TikTok,India,Creator,2026-02
14565,2026-02-09,X,Canada,Creator,2026-02
14566,2026-01-03,TikTok,United States,Creator,2026-01
14567,2026-05-25,TikTok,United States,Viewer,2026-05
14568,2026-07-13,Referral,United States,Creator,2026-07
14569,2026-07-26,Referral,Germany,Creator,2026-07
14570,2026-04-20,TikTok,United Kingdom,Creator,2026-04
14571,2026-08-09,Instagram,Nigeria,Creator,2026-08
14572,2026-04-24,YouTube,Germany,Viewer,2026-04
14573,2026-04-22,Referral,Germany,Creator,2026-04
14574,2026-06-29,YouTube,India,Creator,2026-06
14575,2026-05-30,Instagram,United States,Viewer,2026-05
14576,2026-01-04,Paid Social,India,Creator,2026-01
14577,2026-05-14,Referral,United States,Viewer,2026-05
14578,2026-06-15,Organic,Germany,Viewer,2026-06
14579,2026-01-26,X,Other,Creator,2026-01
14580,2026-05-19,TikTok,India,Creator,2026-05
14581,2026-08-06,Referral,India,Viewer,2026-08
14582,2026-01-17,Organic,United States,Creator,2026-01
14583,2026-08-04,TikTok,United States,Creator,2026-08
14584,2026-04-02,TikTok,United Kingdom,Viewer,2026-04
14585,2026-08-15,Organic,Nigeria,Creator,2026-08
14586,2026-01-31,TikTok,United States,Creator,2026-01
14587,2026-07-24,YouTube,India,Viewer,2026-07
14588,2026-06-12,TikTok,Germany,Viewer,2026-06
14589,2026-05-24,X,India,Creator,2026-05
14590,2026-07-26,X,India,Viewer,2026-07
14591,2026-04-17,X,Nigeria,Creator,2026-04
14592,2026-05-26,Instagram,United States,Creator,2026-05
14593,2026-04-21,Organic,United Kingdom,Creator,2026-04
14594,2026-04-11,Organic,India,Creator,2026-04
14595,2026-04-22,Referral,Other,Creator,2026-04
14596,2026-03-03,Instagram,India,Creator,2026-03
14597,2026-04-22,YouTube,United States,Creator,2026-04
14598,2026-08-21,X,Nigeria,Viewer,2026-08
14599,2026-06-04,Organic,Other,Creator,2026-06
14600,2026-06-12,Referral,Canada,Viewer,2026-06
14601,2026-04-26,Organic,India,Creator,2026-04
14602,2026-06-22,Paid Social,United States,Viewer,2026-06
14603,2026-02-04,Organic,Nigeria,Creator,2026-02
14604,2026-01-28,Instagram,United Kingdom,Creator,2026-01
14605,2026-04-13,Organic,Nigeria,Creator,2026-04
14606,2026-05-05,Paid Social,United States,Creator,2026-05
14607,2026-04-12,Paid Social,Canada,Viewer,2026-04
14608,2026-05-17,Organic,United States,Creator,2026-05
14609,2026-07-23,TikTok,Other,Creator,2026-07
14610,2026-05-23,Organic,Other,Creator,2026-05
14611,2026-01-21,Referral,United Kingdom,Creator,2026-01
14612,2026-02-21,TikTok,Other,Creator,2026-02
14613,2026-06-12,X,United States,Viewer,2026-06
14614,2026-08-22,Organic,Nigeria,Creator,2026-08
14615,2026-04-07,YouTube,India,Creator,2026-04
14616,2026-02-20,Instagram,Other,Creator,2026-02
14617,2026-03-24,YouTube,United States,Creator,2026-03
14618,2026-02-24,Referral,Nigeria,Creator,2026-02
14619,2026-08-03,Organic,Other,Viewer,2026-08
14620,2026-03-18,X,Canada,Creator,2026-03
14621,2026-05-07,YouTube,United States,Creator,2026-05
14622,2026-06-21,Instagram,India,Creator,2026-06
14623,2026-07-12,Organic,India,Viewer,2026-07
14624,2026-04-03,Referral,United States,Creator,2026-04
14625,2026-03-29,Paid Social,United States,Viewer,2026-03
14626,2026-03-21,Paid Social,India,Creator,2026-03
14627,2026-06-02,Referral,United States,Creator,2026-06
14628,2026-08-03,TikTok,India,Creator,2026-08
14629,2026-04-02,TikTok,India,Creator,2026-04
14630,2026-02-16,Organic,Canada,Creator,2026-02
14631,2026-07-27,TikTok,Nigeria,Creator,2026-07
14632,2026-08-23,Organic,United States,Creator,2026-08
14633,2026-07-03,Organic,India,Creator,2026-07
14634,2026-02-07,Paid Social,Other,Creator,2026-02
14635,2026-05-19,Paid Social,Other,Creator,2026-05
14636,2026-07-14,Paid Social,Nigeria,Creator,2026-07
14637,2026-01-15,Organic,Other,Creator,2026-01
14638,2026-01-01,Paid Social,United States,Viewer,2026-01
14639,2026-05-15,Organic,India,Creator,2026-05
14640,2026-01-01,Instagram,India,Creator,2026-01
14641,2026-02-18,YouTube,India,Viewer,2026-02
14642,2026-04-06,Instagram,United Kingdom,Creator,2026-04
14643,2026-07-20,Paid Social,United States,Viewer,2026-07
14644,2026-06-06,TikTok,United Kingdom,Creator,2026-06
14645,2026-01-26,Instagram,Nigeria,Creator,2026-01
14646,2026-03-28,Organic,United States,Creator,2026-03
14647,2026-06-22,Referral,India,Creator,2026-06
14648,2026-08-23,TikTok,India,Creator,2026-08
14649,2026-04-03,YouTube,Canada,Creator,2026-04
14650,2026-04-12,YouTube,Germany,Creator,2026-04
14651,2026-08-13,YouTube,Nigeria,Creator,2026-08
14652,2026-03-12,Instagram,India,Viewer,2026-03
14653,2026-05-20,Organic,India,Creator,2026-05
14654,2026-04-05,X,Other,Creator,2026-04
14655,2026-06-09,Paid Social,India,Creator,2026-06
14656,2026-04-28,Referral,India,Creator,2026-04
14657,2026-05-28,Organic,Nigeria,Creator,2026-05
14658,2026-04-29,Organic,India,Viewer,2026-04
14659,2026-02-20,Instagram,Other,Viewer,2026-02
14660,2026-03-22,Referral,Nigeria,Viewer,2026-03
14661,2026-02-05,TikTok,Other,Creator,2026-02
14662,2026-03-08,YouTube,Canada,Creator,2026-03
14663,2026-05-09,Paid Social,Canada,Creator,2026-05
14664,2026-04-24,Instagram,Germany,Creator,2026-04
14665,2026-06-04,Organic,United Kingdom,Viewer,2026-06
14666,2026-04-21,Paid Social,India,Creator,2026-04
14667,2026-06-17,Instagram,United States,Creator,2026-06
14668,2026-08-13,TikTok,India,Creator,2026-08
14669,2026-07-31,TikTok,United States,Creator,2026-07
14670,2026-05-22,TikTok,United States,Creator,2026-05
14671,2026-04-10,YouTube,India,Creator,2026-04
14672,2026-07-16,Instagram,India,Creator,2026-07
14673,2026-08-03,TikTok,India,Creator,2026-08
14674,2026-04-19,Referral,Germany,Creator,2026-04
14675,2026-04-30,Organic,Canada,Creator,2026-04
14676,2026-03-20,Organic,Canada,Creator,2026-03
14677,2026-05-14,YouTube,India,Creator,2026-05
14678,2026-06-10,Referral,India,Viewer,2026-06
14679,2026-07-02,Organic,India,Creator,2026-07
14680,2026-01-19,Organic,United States,Creator,2026-01
14681,2026-05-07,YouTube,United States,Creator,2026-05
14682,2026-07-24,X,Germany,Creator,2026-07
14683,2026-01-29,Instagram,United Kingdom,Creator,2026-01
14684,2026-07-08,Organic,India,Creator,2026-07
14685,2026-07-17,Organic,Other,Viewer,2026-07
14686,2026-07-26,Referral,Canada,Creator,2026-07
14687,2026-07-27,Instagram,Canada,Viewer,2026-07
14688,2026-01-24,Referral,India,Viewer,2026-01
14689,2026-05-31,X,Other,Creator,2026-05
14690,2026-01-10,X,United States,Creator,2026-01
14691,2026-07-01,Paid Social,United States,Creator,2026-07
14692,2026-04-15,Organic,United Kingdom,Creator,2026-04
14693,2026-06-18,Instagram,India,Viewer,2026-06
14694,2026-06-26,Organic,Other,Viewer,2026-06
14695,2026-05-25,TikTok,Germany,Viewer,2026-05
14696,2026-07-03,Organic,United States,Creator,2026-07
14697,2026-08-24,Organic,India,Creator,2026-08
14698,2026-06-22,Paid Social,Nigeria,Viewer,2026-06
14699,2026-06-07,X,India,Creator,2026-06
14700,2026-06-21,Paid Social,India,Creator,2026-06
14701,2026-07-21,Instagram,Nigeria,Viewer,2026-07
14702,2026-02-24,X,India,Creator,2026-02
14703,2026-05-27,Organic,Canada,Viewer,2026-05
14704,2026-06-06,Instagram,India,Creator,2026-06
14705,2026-01-02,X,Other,Viewer,2026-01
14706,2026-06-13,Organic,India,Creator,2026-06
14707,2026-05-27,Referral,Nigeria,Creator,2026-05
14708,2026-05-15,TikTok,Canada,Viewer,2026-05
14709,2026-06-03,Instagram,India,Viewer,2026-06
14710,2026-07-26,Instagram,United Kingdom,Creator,2026-07
14711,2026-04-21,Paid Social,Canada,Viewer,2026-04
14712,2026-02-07,Organic,United Kingdom,Viewer,2026-02
14713,2026-05-11,X,United States,Creator,2026-05
14714,2026-04-12,Instagram,Canada,Creator,2026-04
14715,2026-07-27,Organic,United Kingdom,Creator,2026-07
14716,2026-07-13,YouTube,Nigeria,Creator,2026-07
14717,2026-04-05,TikTok,Germany,Creator,2026-04
14718,2026-04-02,Organic,India,Creator,2026-04
14719,2026-03-12,Organic,India,Creator,2026-03
14720,2026-08-10,Referral,United States,Viewer,2026-08
14721,2026-06-20,Organic,India,Viewer,2026-06
14722,2026-07-09,Instagram,United States,Viewer,2026-07
14723,2026-07-18,Organic,United States,Creator,2026-07
14724,2026-08-16,Organic,Nigeria,Creator,2026-08
14725,2026-08-09,Organic,India,Creator,2026-08
14726,2026-01-24,Instagram,Other,Creator,2026-01
14727,2026-06-16,Organic,United States,Viewer,2026-06
14728,2026-03-09,Organic,Germany,Viewer,2026-03
14729,2026-05-08,Referral,United States,Creator,2026-05
14730,2026-04-03,Instagram,United Kingdom,Viewer,2026-04
14731,2026-02-13,Organic,India,Creator,2026-02
14732,2026-05-13,Instagram,Nigeria,Viewer,2026-05
14733,2026-02-24,Organic,Other,Creator,2026-02
14734,2026-08-09,X,United Kingdom,Viewer,2026-08
14735,2026-06-07,TikTok,Germany,Creator,2026-06
14736,2026-01-29,Organic,India,Creator,2026-01
14737,2026-06-03,Organic,Germany,Creator,2026-06
14738,2026-07-30,TikTok,United States,Viewer,2026-07
14739,2026-06-03,Referral,Nigeria,Creator,2026-06
14740,2026-02-06,Organic,India,Creator,2026-02
14741,2026-08-07,Organic,Nigeria,Creator,2026-08
14742,2026-08-10,Instagram,Nigeria,Creator,2026-08
14743,2026-04-25,X,United Kingdom,Viewer,2026-04
14744,2026-06-30,Organic,Other,Creator,2026-06
14745,2026-06-07,TikTok,United States,Creator,2026-06
14746,2026-01-03,Organic,Other,Creator,2026-01
14747,2026-05-02,Organic,Germany,Creator,2026-05
14748,2026-02-12,TikTok,United States,Viewer,2026-02
14749,2026-01-07,Organic,India,Viewer,2026-01
14750,2026-05-05,YouTube,India,Creator,2026-05
14751,2026-02-18,Paid Social,India,Creator,2026-02
14752,2026-05-01,YouTube,Other,Creator,2026-05
14753,2026-03-14,TikTok,United States,Creator,2026-03
14754,2026-02-10,YouTube,India,Creator,2026-02
14755,2026-04-16,X,India,Creator,2026-04
14756,2026-03-18,Referral,United States,Viewer,2026-03
14757,2026-07-26,X,India,Creator,2026-07
14758,2026-07-01,YouTube,India,Creator,2026-07
14759,2026-05-07,Organic,Other,Creator,2026-05
14760,2026-07-16,TikTok,India,Creator,2026-07
14761,2026-08-09,TikTok,India,Viewer,2026-08
14762,2026-08-15,Organic,Other,Creator,2026-08
14763,2026-04-01,TikTok,Nigeria,Creator,2026-04
14764,2026-06-04,Instagram,India,Creator,2026-06
14765,2026-01-08,X,India,Creator,2026-01
14766,2026-02-01,Paid Social,India,Creator,2026-02
14767,2026-07-31,Organic,Nigeria,Viewer,2026-07
14768,2026-03-05,Organic,India,Creator,2026-03
14769,2026-05-18,Referral,Nigeria,Viewer,2026-05
14770,2026-01-13,Paid Social,United Kingdom,Viewer,2026-01
14771,2026-07-10,Instagram,India,Creator,2026-07
14772,2026-04-03,Organic,Nigeria,Viewer,2026-04
14773,2026-06-12,Instagram,Other,Creator,2026-06
14774,2026-03-02,Organic,Germany,Creator,2026-03
14775,2026-07-01,Paid Social,Canada,Viewer,2026-07
14776,2026-01-08,YouTube,Nigeria,Viewer,2026-01
14777,2026-01-29,Organic,United States,Creator,2026-01
14778,2026-04-05,Paid Social,United States,Creator,2026-04
14779,2026-02-10,YouTube,Canada,Creator,2026-02
14780,2026-06-07,Paid Social,Nigeria,Creator,2026-06
14781,2026-08-02,Paid Social,Canada,Viewer,2026-08
14782,2026-05-29,Organic,Other,Viewer,2026-05
14783,2026-07-23,Organic,United Kingdom,Viewer,2026-07
14784,2026-01-11,Instagram,United Kingdom,Viewer,2026-01
14785,2026-01-02,Paid Social,United States,Creator,2026-01
14786,2026-06-27,Paid Social,India,Creator,2026-06
14787,2026-06-18,X,United States,Creator,2026-06
14788,2026-07-13,Organic,Nigeria,Creator,2026-07
14789,2026-08-14,Organic,India,Creator,2026-08
14790,2026-05-11,Referral,United States,Creator,2026-05
14791,2026-03-21,X,Other,Creator,2026-03
14792,2026-06-28,Instagram,Other,Viewer,2026-06
14793,2026-07-15,Instagram,Germany,Creator,2026-07
14794,2026-03-28,YouTube,India,Creator,2026-03
14795,2026-07-31,Referral,India,Creator,2026-07
14796,2026-06-02,TikTok,United States,Creator,2026-06
14797,2026-06-07,Organic,India,Viewer,2026-06
14798,2026-07-29,YouTube,United Kingdom,Creator,2026-07
14799,2026-04-16,Paid Social,India,Viewer,2026-04
14800,2026-05-19,TikTok,United States,Creator,2026-05
14801,2026-08-09,Organic,United States,Creator,2026-08
14802,2026-01-17,Organic,Nigeria,Creator,2026-01
14803,2026-06-03,Organic,Canada,Creator,2026-06
14804,2026-01-23,Organic,Other,Creator,2026-01
14805,2026-07-03,X,Other,Viewer,2026-07
14806,2026-06-29,TikTok,United States,Creator,2026-06
14807,2026-02-17,X,Germany,Creator,2026-02
14808,2026-01-20,Organic,Nigeria,Viewer,2026-01
14809,2026-01-02,Organic,United Kingdom,Viewer,2026-01
14810,2026-03-29,Instagram,Germany,Viewer,2026-03
14811,2026-01-31,Instagram,India,Creator,2026-01
14812,2026-06-04,Organic,Other,Creator,2026-06
14813,2026-05-10,Referral,Nigeria,Creator,2026-05
14814,2026-03-19,Organic,United States,Creator,2026-03
14815,2026-01-04,TikTok,United States,Creator,2026-01
14816,2026-05-21,X,Canada,Creator,2026-05
14817,2026-08-16,Referral,United Kingdom,Creator,2026-08
14818,2026-06-12,TikTok,Canada,Creator,2026-06
14819,2026-08-24,TikTok,India,Creator,2026-08
14820,2026-05-08,X,India,Creator,2026-05
14821,2026-07-19,TikTok,Canada,Creator,2026-07
14822,2026-07-13,YouTube,United States,Creator,2026-07
14823,2026-05-14,Organic,India,Creator,2026-05
14824,2026-01-31,Referral,India,Viewer,2026-01
14825,2026-05-18,Organic,India,Creator,2026-05
14826,2026-08-24,Paid Social,United States,Viewer,2026-08
14827,2026-01-21,TikTok,India,Creator,2026-01
14828,2026-08-22,Referral,Other,Creator,2026-08
14829,2026-07-21,TikTok,United Kingdom,Viewer,2026-07
14830,2026-01-23,Organic,Canada,Viewer,2026-01
14831,2026-05-11,Organic,United States,Creator,2026-05
14832,2026-06-09,Referral,United Kingdom,Creator,2026-06
14833,2026-05-28,TikTok,Nigeria,Creator,2026-05
14834,2026-07-21,TikTok,India,Creator,2026-07
14835,2026-01-29,Organic,India,Creator,2026-01
14836,2026-04-15,Paid Social,United Kingdom,Viewer,2026-04
14837,2026-02-21,Organic,India,Viewer,2026-02
14838,2026-04-25,Organic,India,Viewer,2026-04
14839,2026-06-23,Paid Social,United States,Creator,2026-06
14840,2026-06-11,Paid Social,Canada,Creator,2026-06
14841,2026-04-11,Organic,Canada,Creator,2026-04
14842,2026-03-25,Referral,Other,Viewer,2026-03
14843,2026-03-02,Organic,India,Creator,2026-03
14844,2026-05-05,Organic,Other,Creator,2026-05
14845,2026-07-19,Referral,Canada,Creator,2026-07
14846,2026-03-12,Referral,India,Viewer,2026-03
14847,2026-03-11,TikTok,Germany,Viewer,2026-03
14848,2026-05-19,Organic,Nigeria,Viewer,2026-05
14849,2026-04-18,Organic,India,Viewer,2026-04
14850,2026-07-29,Referral,India,Viewer,2026-07
14851,2026-08-22,Paid Social,United States,Creator,2026-08
14852,2026-08-09,Organic,Nigeria,Creator,2026-08
14853,2026-08-05,Referral,Other,Creator,2026-08
14854,2026-07-10,Organic,India,Creator,2026-07
14855,2026-01-21,YouTube,United States,Viewer,2026-01
14856,2026-05-11,Organic,India,Creator,2026-05
14857,2026-03-23,X,Nigeria,Creator,2026-03
14858,2026-03-29,Organic,Other,Viewer,2026-03
14859,2026-04-21,Paid Social,Nigeria,Creator,2026-04
14860,2026-08-18,TikTok,Nigeria,Creator,2026-08
14861,2026-01-10,TikTok,Canada,Viewer,2026-01
14862,2026-06-04,Referral,India,Creator,2026-06
14863,2026-01-12,Instagram,Other,Creator,2026-01
14864,2026-01-07,Organic,Nigeria,Creator,2026-01
14865,2026-05-25,Instagram,United Kingdom,Creator,2026-05
14866,2026-07-12,Referral,Germany,Creator,2026-07
14867,2026-07-11,Instagram,United Kingdom,Creator,2026-07
14868,2026-04-24,Organic,United Kingdom,Creator,2026-04
14869,2026-01-26,TikTok,Canada,Creator,2026-01
14870,2026-01-15,Paid Social,India,Creator,2026-01
14871,2026-02-02,Organic,United States,Creator,2026-02
14872,2026-03-03,TikTok,Other,Viewer,2026-03
14873,2026-08-17,YouTube,India,Creator,2026-08
14874,2026-02-16,Organic,Nigeria,Viewer,2026-02
14875,2026-04-05,TikTok,India,Viewer,2026-04
14876,2026-02-04,Paid Social,United States,Creator,2026-02
14877,2026-07-12,Organic,United Kingdom,Viewer,2026-07
14878,2026-07-19,Referral,United Kingdom,Creator,2026-07
14879,2026-03-17,Referral,United States,Creator,2026-03
14880,2026-05-03,Organic,Other,Creator,2026-05
14881,2026-03-24,Organic,Canada,Creator,2026-03
14882,2026-01-25,Paid Social,India,Creator,2026-01
14883,2026-02-26,Referral,United States,Creator,2026-02
14884,2026-02-01,Organic,Other,Creator,2026-02
14885,2026-03-04,Organic,India,Viewer,2026-03
14886,2026-01-12,X,Nigeria,Creator,2026-01
14887,2026-03-04,TikTok,India,Creator,2026-03
14888,2026-03-18,Instagram,India,Viewer,2026-03
14889,2026-04-02,Paid Social,Other,Creator,2026-04
14890,2026-01-01,TikTok,Germany,Creator,2026-01
14891,2026-06-28,Paid Social,India,Creator,2026-06
14892,2026-03-11,YouTube,Germany,Creator,2026-03
14893,2026-05-16,Organic,India,Creator,2026-05
14894,2026-07-15,Referral,United States,Viewer,2026-07
14895,2026-05-13,Instagram,Canada,Creator,2026-05
14896,2026-08-05,Organic,Nigeria,Viewer,2026-08
14897,2026-03-27,TikTok,Germany,Viewer,2026-03
14898,2026-08-08,X,United Kingdom,Creator,2026-08
14899,2026-02-08,X,United States,Creator,2026-02
14900,2026-01-23,Paid Social,Other,Viewer,2026-01
14901,2026-03-09,Referral,India,Creator,2026-03
14902,2026-06-29,Organic,Nigeria,Viewer,2026-06
14903,2026-01-04,Referral,United Kingdom,Creator,2026-01
14904,2026-05-06,Organic,Germany,Viewer,2026-05
14905,2026-06-24,Organic,Nigeria,Creator,2026-06
14906,2026-01-21,Organic,Other,Viewer,2026-01
14907,2026-08-17,X,United States,Creator,2026-08
14908,2026-07-03,Organic,United States,Creator,2026-07
14909,2026-04-15,TikTok,Other,Creator,2026-04
14910,2026-03-07,Organic,United Kingdom,Creator,2026-03
14911,2026-07-06,TikTok,United States,Creator,2026-07
14912,2026-01-07,Paid Social,Other,Creator,2026-01
14913,2026-02-18,Paid Social,United Kingdom,Viewer,2026-02
14914,2026-01-16,YouTube,United Kingdom,Creator,2026-01
14915,2026-05-25,X,Canada,Creator,2026-05
14916,2026-03-25,YouTube,Canada,Creator,2026-03
14917,2026-03-28,Referral,Nigeria,Viewer,2026-03
14918,2026-04-08,Referral,United States,Creator,2026-04
14919,2026-03-16,Organic,Other,Creator,2026-03
14920,2026-02-03,TikTok,Nigeria,Creator,2026-02
14921,2026-06-10,TikTok,India,Viewer,2026-06
14922,2026-01-26,TikTok,Nigeria,Creator,2026-01
14923,2026-03-07,TikTok,India,Creator,2026-03
14924,2026-05-05,Referral,Canada,Viewer,2026-05
14925,2026-03-04,Referral,India,Creator,2026-03
14926,2026-03-28,Organic,India,Viewer,2026-03
14927,2026-02-10,TikTok,Other,Creator,2026-02
14928,2026-08-02,X,Canada,Creator,2026-08
14929,2026-07-05,Organic,United States,Creator,2026-07
14930,2026-04-08,Organic,India,Viewer,2026-04
14931,2026-05-04,Referral,Germany,Creator,2026-05
14932,2026-03-20,Instagram,Other,Creator,2026-03
14933,2026-01-10,Referral,Nigeria,Creator,2026-01
14934,2026-01-15,Referral,Nigeria,Creator,2026-01
14935,2026-02-11,Paid Social,India,Creator,2026-02
14936,2026-04-03,Organic,Nigeria,Viewer,2026-04
14937,2026-07-04,Organic,United States,Creator,2026-07
14938,2026-08-03,TikTok,Germany,Creator,2026-08
14939,2026-01-17,Organic,United States,Creator,2026-01
14940,2026-07-07,Instagram,United Kingdom,Viewer,2026-07
14941,2026-01-09,Referral,India,Viewer,2026-01
14942,2026-04-24,Paid Social,India,Creator,2026-04
14943,2026-02-05,Paid Social,India,Viewer,2026-02
14944,2026-07-20,Instagram,United States,Viewer,2026-07
14945,2026-07-27,YouTube,India,Viewer,2026-07
14946,2026-02-05,Organic,Other,Creator,2026-02
14947,2026-02-17,TikTok,Canada,Viewer,2026-02
14948,2026-02-20,Referral,United Kingdom,Viewer,2026-02
14949,2026-04-07,Organic,Germany,Viewer,2026-04
14950,2026-04-29,Instagram,India,Creator,2026-04
14951,2026-04-05,Referral,Other,Creator,2026-04
14952,2026-03-11,Organic,Other,Viewer,2026-03
14953,2026-03-15,Paid Social,United States,Creator,2026-03
14954,2026-03-21,Organic,Other,Creator,2026-03
14955,2026-03-09,Paid Social,United States,Creator,2026-03
14956,2026-05-30,TikTok,India,Creator,2026-05
14957,2026-03-18,Organic,United States,Creator,2026-03
14958,2026-07-27,Organic,Other,Viewer,2026-07
14959,2026-04-26,YouTube,United Kingdom,Creator,2026-04
14960,2026-08-09,Referral,United Kingdom,Viewer,2026-08
14961,2026-01-06,YouTube,India,Creator,2026-01
14962,2026-06-03,Paid Social,India,Viewer,2026-06
14963,2026-03-16,Referral,Other,Creator,2026-03
14964,2026-03-29,Organic,United States,Creator,2026-03
14965,2026-08-09,YouTube,India,Viewer,2026-08
14966,2026-01-03,TikTok,United States,Viewer,2026-01
14967,2026-02-21,Instagram,India,Creator,2026-02
14968,2026-03-15,Organic,United Kingdom,Creator,2026-03
14969,2026-05-05,TikTok,Canada,Creator,2026-05
14970,2026-07-07,YouTube,Nigeria,Viewer,2026-07
14971,2026-07-10,Organic,India,Creator,2026-07
14972,2026-03-06,YouTube,India,Creator,2026-03
14973,2026-02-21,Paid Social,United States,Creator,2026-02
14974,2026-08-23,Organic,Germany,Creator,2026-08
14975,2026-08-06,Referral,United States,Creator,2026-08
14976,2026-03-17,YouTube,India,Creator,2026-03
14977,2026-05-22,Organic,India,Creator,2026-05
14978,2026-03-30,Referral,Nigeria,Creator,2026-03
14979,2026-03-13,Organic,United Kingdom,Viewer,2026-03
14980,2026-08-23,Organic,India,Creator,2026-08
14981,2026-03-09,Organic,Nigeria,Creator,2026-03
14982,2026-06-05,Instagram,United States,Creator,2026-06
14983,2026-07-18,Instagram,United Kingdom,Creator,2026-07
14984,2026-05-18,TikTok,Other,Viewer,2026-05
14985,2026-04-25,Organic,United States,Creator,2026-04
14986,2026-02-26,Referral,Other,Creator,2026-02
14987,2026-08-16,Referral,United Kingdom,Creator,2026-08
14988,2026-03-07,Instagram,India,Viewer,2026-03
14989,2026-03-31,Organic,Canada,Creator,2026-03
14990,2026-02-19,Organic,Nigeria,Creator,2026-02
14991,2026-01-14,Referral,Other,Viewer,2026-01
14992,2026-01-16,Organic,United States,Creator,2026-01
14993,2026-07-01,Organic,Nigeria,Creator,2026-07
14994,2026-06-20,Instagram,Other,Viewer,2026-06
14995,2026-02-11,Referral,India,Creator,2026-02
14996,2026-07-28,Instagram,United States,Creator,2026-07
14997,2026-04-20,Organic,Canada,Creator,2026-04
14998,2026-01-22,YouTube,United Kingdom,Viewer,2026-01
14999,2026-03-09,YouTube,Germany,Creator,2026-03
15000,2026-01-19,YouTube,Nigeria,Creator,2026-01
