creator_id,user_id,creator_join_date,creator_tier,creator_country
1,13366,2026-06-05,Established,United Kingdom
2,8182,2026-06-21,Growing,India
3,2606,2026-04-29,Growing,Germany
4,2852,2026-05-21,Emerging,Other
5,8072,2026-05-16,Emerging,Germany
6,14353,2026-03-21,Emerging,Nigeria
7,62,2026-05-12,Emerging,Other
8,6946,2026-01-21,Growing,India
9,12954,2026-06-03,Growing,India
10,13593,2026-05-01,Growing,India
11,4713,2026-04-12,Established,Canada
12,11389,2026-08-14,Emerging,United Kingdom
13,13783,2026-07-12,Established,United States
14,14299,2026-03-09,Growing,United States
15,1137,2026-08-03,Emerging,Other
16,12957,2026-01-23,Growing,India
17,2941,2026-02-05,Emerging,United Kingdom
18,14225,2026-02-05,Emerging,India
19,7029,2026-05-09,Emerging,India
20,12569,2026-07-20,Emerging,United States
21,3336,2026-02-07,Emerging,Nigeria
22,1177,2026-05-18,Emerging,United States
23,14603,2026-02-04,Established,Nigeria
24,4609,2026-04-19,Growing,Canada
25,2244,2026-08-24,Emerging,India
26,1276,2026-03-18,Emerging,Canada
27,3378,2026-05-04,Established,Nigeria
28,5969,2026-06-05,Emerging,United States
29,2658,2026-02-24,Emerging,United Kingdom
30,10806,2026-01-05,Growing,Nigeria
31,10374,2026-04-25,Emerging,India
32,5793,2026-01-08,Growing,India
33,11268,2026-04-19,Emerging,United Kingdom
34,6254,2026-08-05,Emerging,India
35,9795,2026-01-10,Growing,Canada
36,743,2026-01-28,Top Creator,Nigeria
37,57,2026-05-15,Established,United States
38,1830,2026-02-16,Emerging,Other
39,7235,2026-01-14,Emerging,United Kingdom
40,7198,2026-07-21,Emerging,United States
41,5740,2026-05-27,Growing,India
42,9690,2026-06-07,Emerging,Canada
43,6137,2026-07-30,Established,Other
44,11326,2026-03-16,Emerging,India
45,5052,2026-04-14,Emerging,India
46,6893,2026-01-10,Emerging,India
47,996,2026-07-01,Growing,Other
48,9186,2026-05-29,Emerging,United Kingdom
49,5705,2026-01-07,Emerging,United Kingdom
50,10719,2026-06-23,Growing,Canada
51,4540,2026-04-14,Emerging,Other
52,4587,2026-08-16,Emerging,India
53,3261,2026-04-23,Emerging,India
54,9171,2026-05-22,Established,Other
55,13204,2026-04-06,Established,Nigeria
56,13910,2026-08-13,Emerging,Nigeria
57,3842,2026-02-11,Emerging,Germany
58,3963,2026-01-30,Growing,India
59,255,2026-01-12,Growing,India
60,5749,2026-06-17,Emerging,India
61,4546,2026-03-26,Growing,United States
62,4930,2026-08-24,Growing,Other
63,8559,2026-07-10,Established,United States
64,6335,2026-01-20,Growing,Canada
65,5869,2026-05-09,Emerging,United States
66,13423,2026-08-02,Growing,India
67,8698,2026-06-14,Emerging,Other
68,3781,2026-03-26,Emerging,United States
69,13165,2026-06-10,Emerging,Nigeria
70,1867,2026-01-14,Growing,Nigeria
71,9551,2026-04-11,Emerging,India
72,12629,2026-04-27,Established,Other
73,10622,2026-01-29,Growing,Nigeria
74,14179,2026-07-26,Emerging,United States
75,4297,2026-06-24,Emerging,Canada
76,3936,2026-05-13,Emerging,United States
77,11459,2026-04-28,Growing,United States
78,2019,2026-01-20,Emerging,United Kingdom
79,5265,2026-03-09,Emerging,United States
80,11172,2026-07-03,Emerging,India
81,13498,2026-07-07,Growing,United Kingdom
82,4088,2026-06-15,Emerging,United Kingdom
83,10688,2026-04-02,Emerging,Nigeria
84,4979,2026-07-07,Established,United States
85,10697,2026-03-10,Established,United States
86,8995,2026-02-10,Emerging,Germany
87,10664,2026-07-27,Emerging,Other
88,6862,2026-04-07,Emerging,United States
89,9207,2026-07-02,Growing,Nigeria
90,11600,2026-02-26,Emerging,Canada
91,2577,2026-07-31,Emerging,Nigeria
92,4263,2026-07-11,Emerging,India
93,1011,2026-02-16,Growing,India
94,12926,2026-08-19,Growing,Germany
95,9674,2026-07-02,Growing,Germany
96,6835,2026-04-25,Emerging,United Kingdom
97,10437,2026-04-27,Established,India
98,7091,2026-05-08,Growing,United States
99,1304,2026-04-05,Growing,India
100,5400,2026-05-03,Emerging,Other
101,10232,2026-01-24,Emerging,Nigeria
102,5932,2026-05-31,Top Creator,India
103,4765,2026-07-09,Established,India
104,3412,2026-01-12,Emerging,United Kingdom
105,10166,2026-07-27,Emerging,India
106,9450,2026-01-23,Emerging,India
107,12669,2026-07-18,Emerging,India
108,10968,2026-02-11,Emerging,Nigeria
109,6034,2026-02-25,Emerging,India
110,9406,2026-07-18,Growing,United States
111,9989,2026-06-15,Emerging,Other
112,14236,2026-08-13,Top Creator,Other
113,9605,2026-08-03,Emerging,United States
114,4089,2026-06-30,Emerging,India
115,13998,2026-01-14,Established,United States
116,9938,2026-07-09,Growing,Germany
117,1999,2026-02-23,Emerging,Other
118,9274,2026-01-10,Emerging,India
119,14149,2026-03-18,Emerging,Germany
120,1376,2026-05-15,Growing,Other
121,11986,2026-05-07,Growing,Nigeria
122,12415,2026-03-22,Emerging,India
123,1558,2026-01-01,Emerging,India
124,5822,2026-04-24,Emerging,India
125,14632,2026-08-23,Emerging,United States
126,1355,2026-05-05,Emerging,Nigeria
127,8025,2026-04-29,Established,United States
128,11937,2026-01-11,Growing,Other
129,1138,2026-03-19,Emerging,United States
130,6059,2026-08-20,Growing,United States
131,5062,2026-02-01,Emerging,Other
132,10167,2026-06-02,Emerging,Other
133,4998,2026-08-10,Growing,Other
134,14611,2026-01-21,Emerging,United Kingdom
135,11488,2026-08-18,Emerging,Other
136,14049,2026-07-02,Emerging,Canada
137,12157,2026-05-13,Growing,United States
138,5027,2026-01-08,Growing,Nigeria
139,14550,2026-02-01,Growing,India
140,6812,2026-08-15,Emerging,United Kingdom
141,12215,2026-03-31,Growing,India
142,12036,2026-06-16,Growing,Other
143,9251,2026-06-30,Growing,United Kingdom
144,1416,2026-06-06,Growing,Germany
145,13565,2026-04-22,Established,India
146,9479,2026-03-23,Emerging,Germany
147,13772,2026-01-26,Emerging,India
148,12875,2026-08-22,Growing,Germany
149,6825,2026-01-17,Emerging,United Kingdom
150,6331,2026-03-15,Established,Nigeria
151,2386,2026-04-14,Emerging,India
152,2856,2026-01-21,Emerging,Other
153,11395,2026-04-10,Top Creator,Nigeria
154,1849,2026-01-12,Emerging,Nigeria
155,8737,2026-07-02,Emerging,India
156,11493,2026-04-22,Emerging,India
157,8872,2026-08-08,Growing,United Kingdom
158,3416,2026-05-29,Emerging,United States
159,566,2026-01-19,Emerging,Nigeria
160,8388,2026-01-05,Established,United States
161,2112,2026-03-30,Emerging,India
162,13462,2026-06-26,Growing,Nigeria
163,6345,2026-07-16,Emerging,United States
164,1184,2026-04-21,Emerging,Nigeria
165,13963,2026-08-11,Growing,United Kingdom
166,12435,2026-03-18,Emerging,Nigeria
167,12413,2026-06-14,Emerging,United States
168,7733,2026-08-08,Growing,United Kingdom
169,6225,2026-08-12,Emerging,Other
170,13795,2026-05-24,Growing,Nigeria
171,2220,2026-01-29,Emerging,Other
172,379,2026-03-23,Growing,India
173,2290,2026-04-03,Emerging,United States
174,12524,2026-01-15,Growing,United States
175,4059,2026-06-17,Growing,India
176,11670,2026-07-20,Growing,Nigeria
177,10236,2026-02-27,Emerging,United States
178,8526,2026-03-16,Emerging,Germany
179,2085,2026-08-12,Growing,Germany
180,1749,2026-06-03,Established,United States
181,7165,2026-07-21,Emerging,United States
182,12857,2026-02-18,Growing,India
183,2087,2026-04-03,Emerging,Canada
184,2419,2026-05-07,Emerging,India
185,4518,2026-05-07,Established,Other
186,6258,2026-08-20,Established,Nigeria
187,3446,2026-05-31,Emerging,Other
188,5417,2026-07-06,Emerging,Germany
189,13059,2026-01-27,Emerging,India
190,12416,2026-07-11,Emerging,India
191,11381,2026-05-29,Emerging,India
192,5558,2026-03-16,Emerging,United States
193,14906,2026-01-21,Emerging,Other
194,130,2026-05-16,Emerging,Other
195,11617,2026-06-01,Established,Nigeria
196,7327,2026-03-04,Emerging,Other
197,1544,2026-07-18,Emerging,United Kingdom
198,2877,2026-02-19,Growing,India
199,9555,2026-01-12,Established,United States
200,320,2026-06-17,Emerging,United States
201,12609,2026-04-16,Growing,India
202,7030,2026-03-06,Established,Germany
203,14883,2026-02-26,Emerging,United States
204,8505,2026-07-10,Growing,India
205,13282,2026-01-26,Emerging,Canada
206,9421,2026-04-20,Established,India
207,7049,2026-05-25,Emerging,India
208,12525,2026-05-12,Established,Canada
209,1759,2026-07-12,Emerging,India
210,3834,2026-04-23,Growing,India
211,338,2026-03-31,Emerging,United States
212,2323,2026-07-28,Established,United States
213,7905,2026-02-12,Growing,Nigeria
214,7855,2026-06-28,Emerging,Germany
215,3252,2026-08-21,Emerging,United States
216,1878,2026-03-23,Growing,Nigeria
217,10348,2026-01-13,Emerging,United Kingdom
218,8064,2026-05-02,Growing,United States
219,374,2026-06-02,Emerging,United Kingdom
220,11591,2026-01-01,Emerging,United States
221,1831,2026-01-12,Emerging,India
222,2813,2026-04-16,Emerging,United States
223,10835,2026-05-15,Emerging,United States
224,6666,2026-07-25,Growing,Canada
225,4709,2026-02-14,Emerging,Other
226,10052,2026-04-30,Emerging,India
227,1398,2026-03-27,Emerging,United States
228,9071,2026-01-14,Established,United Kingdom
229,2100,2026-05-27,Growing,United Kingdom
230,9737,2026-03-09,Emerging,United States
231,14725,2026-08-09,Established,India
232,14809,2026-01-02,Growing,United Kingdom
233,14939,2026-01-17,Established,United States
234,7786,2026-06-24,Growing,Nigeria
235,9855,2026-03-07,Emerging,Germany
236,14875,2026-04-05,Growing,India
237,1368,2026-04-14,Emerging,Other
238,12476,2026-07-10,Emerging,India
239,11917,2026-04-18,Emerging,United Kingdom
240,1247,2026-07-13,Emerging,Canada
241,4510,2026-05-11,Emerging,United Kingdom
242,8546,2026-02-28,Emerging,India
243,8508,2026-01-07,Growing,India
244,7064,2026-06-08,Emerging,Germany
245,5748,2026-07-31,Emerging,Nigeria
246,9143,2026-07-19,Growing,United Kingdom
247,334,2026-02-11,Emerging,India
248,6559,2026-06-17,Established,United Kingdom
249,5071,2026-04-16,Emerging,United Kingdom
250,11167,2026-01-20,Growing,India
251,751,2026-04-27,Emerging,India
252,207,2026-05-14,Emerging,Nigeria
253,6655,2026-05-11,Established,Nigeria
254,10361,2026-04-12,Established,India
255,10341,2026-01-01,Growing,United Kingdom
256,6442,2026-05-08,Growing,India
257,9946,2026-01-27,Emerging,Nigeria
258,5817,2026-05-03,Growing,Germany
259,10667,2026-05-11,Emerging,India
260,11262,2026-01-17,Emerging,India
261,2798,2026-05-21,Emerging,United Kingdom
262,8463,2026-07-11,Emerging,Canada
263,10778,2026-04-08,Growing,United Kingdom
264,7273,2026-01-11,Emerging,Germany
265,1644,2026-02-24,Growing,India
266,14486,2026-03-25,Emerging,Canada
267,2514,2026-04-10,Growing,Canada
268,10627,2026-05-13,Emerging,Other
269,10640,2026-08-16,Emerging,Other
270,3567,2026-06-08,Emerging,United Kingdom
271,1281,2026-06-27,Emerging,United States
272,13679,2026-04-05,Emerging,Other
273,8652,2026-06-02,Emerging,United Kingdom
274,9931,2026-04-19,Emerging,United Kingdom
275,10150,2026-04-26,Emerging,United States
276,10934,2026-07-23,Established,India
277,1453,2026-08-13,Emerging,United States
278,11906,2026-05-15,Growing,India
279,4543,2026-01-19,Emerging,United States
280,9177,2026-02-13,Growing,United States
281,42,2026-08-08,Emerging,India
282,11759,2026-04-22,Emerging,Germany
283,6947,2026-08-04,Growing,India
284,2127,2026-06-19,Emerging,United Kingdom
285,934,2026-04-29,Emerging,Germany
286,9170,2026-01-02,Emerging,Nigeria
287,10067,2026-07-24,Emerging,India
288,8593,2026-02-17,Growing,United States
289,5544,2026-07-14,Growing,Other
290,6948,2026-05-01,Emerging,India
291,5991,2026-04-03,Growing,Germany
292,11201,2026-01-11,Emerging,Nigeria
293,6851,2026-03-24,Growing,United Kingdom
294,3142,2026-03-01,Established,United Kingdom
295,537,2026-08-13,Emerging,United Kingdom
296,6585,2026-04-25,Growing,Canada
297,3334,2026-03-05,Growing,India
298,454,2026-07-10,Emerging,United States
299,6013,2026-04-13,Growing,Nigeria
300,4927,2026-01-03,Emerging,India
301,2834,2026-02-25,Growing,India
302,9281,2026-01-10,Emerging,Nigeria
303,10146,2026-04-27,Emerging,United States
304,12938,2026-04-30,Growing,Nigeria
305,9419,2026-04-24,Emerging,United States
306,2115,2026-04-10,Emerging,United States
307,14686,2026-07-26,Established,Canada
308,6530,2026-01-13,Emerging,Canada
309,8484,2026-01-14,Growing,United Kingdom
310,3492,2026-02-15,Emerging,United States
311,13187,2026-03-12,Emerging,Germany
312,9634,2026-04-08,Growing,Nigeria
313,14436,2026-03-10,Emerging,Canada
314,5813,2026-01-02,Emerging,Other
315,7329,2026-04-30,Emerging,Other
316,7784,2026-02-21,Emerging,United States
317,5436,2026-07-10,Established,United States
318,6358,2026-06-02,Emerging,United Kingdom
319,11170,2026-06-30,Emerging,Other
320,6238,2026-06-14,Emerging,Nigeria
321,1772,2026-07-06,Established,Germany
322,6894,2026-07-30,Growing,Canada
323,10645,2026-07-04,Established,India
324,633,2026-08-11,Established,Nigeria
325,5275,2026-01-10,Established,India
326,11221,2026-01-17,Emerging,United Kingdom
327,426,2026-03-02,Emerging,Other
328,2035,2026-04-30,Growing,United Kingdom
329,12699,2026-02-28,Emerging,Nigeria
330,1094,2026-03-02,Emerging,Canada
331,8134,2026-04-21,Emerging,United Kingdom
332,13217,2026-08-14,Growing,Nigeria
333,9732,2026-04-19,Emerging,India
334,3109,2026-04-20,Growing,United Kingdom
335,10204,2026-05-18,Growing,Germany
336,3527,2026-05-12,Emerging,Nigeria
337,5295,2026-03-17,Emerging,India
338,11519,2026-02-27,Emerging,Other
339,11856,2026-03-30,Emerging,United States
340,13808,2026-07-17,Emerging,United States
341,5479,2026-07-14,Emerging,United Kingdom
342,8532,2026-01-28,Established,India
343,12067,2026-07-05,Emerging,Other
344,11446,2026-06-12,Growing,India
345,14475,2026-04-04,Emerging,United Kingdom
346,7039,2026-06-15,Growing,United States
347,5988,2026-05-21,Emerging,United Kingdom
348,8856,2026-07-17,Emerging,Other
349,14255,2026-04-05,Emerging,India
350,348,2026-06-09,Emerging,India
351,2488,2026-04-06,Emerging,Other
352,13742,2026-01-01,Emerging,Other
353,9306,2026-03-22,Emerging,Other
354,11193,2026-02-03,Growing,Canada
355,11400,2026-05-31,Established,India
356,4563,2026-05-20,Growing,United Kingdom
357,2524,2026-03-10,Emerging,Nigeria
358,1378,2026-07-19,Growing,India
359,9952,2026-03-23,Emerging,United Kingdom
360,10683,2026-07-24,Growing,Nigeria
361,881,2026-05-24,Emerging,Germany
362,10357,2026-06-15,Emerging,United Kingdom
363,12527,2026-03-02,Emerging,India
364,2545,2026-01-05,Emerging,Nigeria
365,12344,2026-02-08,Growing,Other
366,7454,2026-04-06,Emerging,Canada
367,10935,2026-05-13,Emerging,United Kingdom
368,1961,2026-02-06,Emerging,India
369,4472,2026-01-30,Growing,United Kingdom
370,3374,2026-04-05,Emerging,India
371,6164,2026-03-17,Established,United Kingdom
372,11220,2026-08-16,Growing,India
373,1709,2026-07-05,Growing,India
374,7183,2026-05-02,Emerging,Nigeria
375,10338,2026-01-15,Emerging,Nigeria
376,11757,2026-07-19,Emerging,Nigeria
377,8214,2026-03-21,Emerging,Other
378,669,2026-01-29,Established,Germany
379,11384,2026-04-07,Growing,United States
380,13307,2026-04-12,Emerging,India
381,165,2026-06-24,Established,India
382,5500,2026-05-12,Emerging,India
383,2373,2026-04-13,Emerging,Germany
384,8828,2026-01-31,Emerging,United States
385,4051,2026-07-09,Emerging,United Kingdom
386,5422,2026-08-12,Growing,United States
387,10066,2026-08-07,Emerging,United Kingdom
388,1894,2026-07-07,Growing,India
389,12283,2026-03-25,Emerging,Other
390,2999,2026-04-16,Top Creator,United States
391,14219,2026-03-15,Established,Nigeria
392,13797,2026-03-18,Growing,India
393,8709,2026-03-05,Growing,Canada
394,5020,2026-05-15,Emerging,Other
395,1628,2026-06-11,Emerging,Canada
396,13649,2026-06-27,Emerging,Other
397,5411,2026-01-16,Emerging,Other
398,13119,2026-07-23,Growing,United States
399,14578,2026-06-15,Emerging,Germany
400,6570,2026-08-11,Growing,United Kingdom
401,2881,2026-03-01,Growing,Nigeria
402,3888,2026-08-18,Emerging,Nigeria
403,11239,2026-08-13,Growing,United States
404,8612,2026-03-23,Emerging,Germany
405,9220,2026-04-10,Emerging,India
406,11956,2026-03-23,Emerging,India
407,1428,2026-06-13,Emerging,Canada
408,3814,2026-03-09,Emerging,Germany
409,6158,2026-02-05,Growing,Nigeria
410,4771,2026-02-21,Established,India
411,9498,2026-01-15,Established,Other
412,3885,2026-04-24,Emerging,United States
413,12464,2026-02-10,Established,United Kingdom
414,1857,2026-02-01,Established,Germany
415,63,2026-03-30,Emerging,United States
416,11580,2026-04-11,Established,India
417,10721,2026-01-25,Top Creator,United Kingdom
418,10516,2026-04-13,Growing,India
419,10554,2026-08-05,Emerging,United States
420,3930,2026-07-15,Growing,Other
421,8683,2026-03-26,Emerging,India
422,8596,2026-04-26,Top Creator,Canada
423,6845,2026-02-27,Emerging,Nigeria
424,5661,2026-06-07,Established,Canada
425,5390,2026-01-30,Emerging,India
426,2343,2026-06-28,Emerging,Other
427,10351,2026-02-24,Established,Other
428,12737,2026-06-26,Established,United States
429,13211,2026-03-24,Emerging,United Kingdom
430,13009,2026-03-05,Established,India
431,11256,2026-08-04,Established,India
432,12502,2026-07-15,Established,United States
433,2017,2026-01-09,Growing,United Kingdom
434,6765,2026-01-01,Established,Other
435,7462,2026-05-09,Growing,India
436,9595,2026-02-20,Established,United States
437,6776,2026-07-25,Emerging,Other
438,9741,2026-02-24,Emerging,Canada
439,8761,2026-07-28,Established,United States
440,4776,2026-06-27,Growing,United Kingdom
441,9067,2026-02-14,Growing,United States
442,11099,2026-03-10,Top Creator,United States
443,12666,2026-04-14,Growing,India
444,2012,2026-01-05,Emerging,India
445,2189,2026-01-22,Emerging,India
446,12585,2026-05-10,Emerging,Other
447,9995,2026-01-01,Growing,Other
448,6212,2026-05-02,Emerging,Other
449,2176,2026-05-28,Emerging,India
450,857,2026-02-16,Emerging,Nigeria
451,9815,2026-01-05,Established,United States
452,6923,2026-05-09,Emerging,India
453,12952,2026-02-10,Emerging,India
454,3644,2026-06-14,Growing,United Kingdom
455,1848,2026-03-30,Emerging,Other
456,6090,2026-03-08,Emerging,United States
457,4313,2026-04-23,Emerging,Germany
458,1964,2026-07-12,Growing,Canada
459,9650,2026-07-09,Emerging,Other
460,7393,2026-01-22,Established,India
461,4778,2026-04-20,Emerging,United States
462,5376,2026-06-28,Established,United States
463,7610,2026-05-03,Growing,United Kingdom
464,12465,2026-08-03,Growing,Nigeria
465,1233,2026-03-07,Emerging,Nigeria
466,14738,2026-07-30,Growing,United States
467,4807,2026-06-03,Growing,Canada
468,11671,2026-04-23,Growing,United States
469,2758,2026-02-17,Growing,Other
470,7636,2026-02-13,Emerging,United Kingdom
471,5157,2026-03-05,Emerging,Germany
472,13519,2026-07-11,Emerging,United States
473,4229,2026-02-15,Top Creator,United States
474,13291,2026-04-13,Growing,Other
475,306,2026-01-03,Emerging,Canada
476,10830,2026-07-30,Emerging,India
477,7369,2026-05-28,Growing,Other
478,5442,2026-05-07,Emerging,India
479,1234,2026-07-31,Growing,United States
480,6576,2026-06-30,Emerging,United Kingdom
481,2684,2026-02-22,Emerging,United Kingdom
482,13246,2026-03-29,Growing,Nigeria
483,4377,2026-04-09,Emerging,United Kingdom
484,12601,2026-03-15,Emerging,United States
485,6522,2026-02-25,Established,India
486,10295,2026-04-13,Emerging,India
487,8968,2026-01-01,Growing,Canada
488,7591,2026-01-22,Established,United States
489,2149,2026-08-21,Emerging,India
490,5365,2026-02-26,Emerging,Germany
491,9726,2026-03-03,Growing,India
492,2754,2026-01-03,Growing,Other
493,14882,2026-01-25,Growing,India
494,5812,2026-03-26,Emerging,India
495,8945,2026-07-27,Established,Other
496,13693,2026-02-26,Emerging,United States
497,7378,2026-05-26,Established,Other
498,12132,2026-02-15,Growing,India
499,4137,2026-02-17,Growing,United Kingdom
500,8287,2026-05-28,Growing,United States
501,4450,2026-03-10,Emerging,India
502,10731,2026-07-08,Emerging,United States
503,14471,2026-03-12,Emerging,India
504,10570,2026-06-13,Growing,Nigeria
505,6849,2026-08-16,Top Creator,United Kingdom
506,7447,2026-04-26,Growing,Germany
507,4392,2026-06-21,Emerging,United Kingdom
508,3950,2026-05-19,Growing,Nigeria
509,1511,2026-03-31,Emerging,Nigeria
510,9048,2026-02-19,Emerging,India
511,9620,2026-04-15,Emerging,Other
512,9774,2026-08-11,Top Creator,Germany
513,13703,2026-07-30,Emerging,India
514,8349,2026-02-03,Emerging,India
515,4231,2026-07-09,Emerging,Germany
516,9704,2026-04-05,Growing,Other
517,11908,2026-08-05,Emerging,United States
518,8185,2026-07-12,Established,United Kingdom
519,1090,2026-01-05,Emerging,Germany
520,12156,2026-02-02,Emerging,India
521,10424,2026-08-09,Growing,Other
522,9733,2026-02-13,Emerging,Nigeria
523,7850,2026-04-03,Growing,United States
524,5394,2026-04-22,Growing,Nigeria
525,2317,2026-05-10,Growing,India
526,13980,2026-02-02,Established,United Kingdom
527,7200,2026-01-06,Established,United Kingdom
528,12941,2026-08-15,Growing,Other
529,10118,2026-08-04,Established,United States
530,14268,2026-01-23,Emerging,Nigeria
531,11775,2026-03-30,Established,India
532,11052,2026-04-11,Emerging,India
533,1641,2026-08-01,Emerging,India
534,6980,2026-02-24,Growing,Other
535,2260,2026-02-27,Emerging,Canada
536,11751,2026-01-20,Emerging,India
537,5336,2026-02-09,Emerging,Nigeria
538,10626,2026-04-09,Emerging,United Kingdom
539,8269,2026-02-19,Emerging,United States
540,6921,2026-07-02,Emerging,United States
541,343,2026-05-09,Growing,United States
542,3475,2026-05-09,Growing,United States
543,14997,2026-04-20,Growing,Canada
544,6630,2026-08-17,Emerging,Other
545,8809,2026-03-24,Established,Nigeria
546,2430,2026-01-12,Emerging,United States
547,7807,2026-05-01,Emerging,India
548,7285,2026-05-01,Established,Nigeria
549,12612,2026-01-01,Emerging,Nigeria
550,1307,2026-03-03,Top Creator,Other
551,6741,2026-05-29,Emerging,United States
552,10572,2026-02-05,Growing,Canada
553,3495,2026-06-04,Emerging,India
554,3533,2026-02-06,Established,United States
555,9373,2026-05-06,Emerging,Other
556,3514,2026-05-01,Emerging,India
557,9701,2026-08-01,Emerging,United Kingdom
558,3701,2026-02-14,Growing,United States
559,7385,2026-08-03,Emerging,Other
560,5602,2026-01-24,Established,United Kingdom
561,11642,2026-06-10,Established,United States
562,7879,2026-02-21,Growing,India
563,623,2026-04-10,Growing,Other
564,5057,2026-04-06,Established,United States
565,7929,2026-01-30,Established,Other
566,3242,2026-07-02,Established,Canada
567,3910,2026-01-16,Established,Canada
568,9151,2026-03-12,Emerging,United Kingdom
569,9607,2026-04-08,Emerging,India
570,13821,2026-02-10,Growing,Nigeria
571,6430,2026-07-19,Emerging,Nigeria
572,2045,2026-07-03,Emerging,United Kingdom
573,14337,2026-05-17,Growing,United States
574,11282,2026-03-05,Growing,United States
575,167,2026-05-11,Growing,Other
576,11959,2026-03-24,Established,United States
577,2821,2026-03-31,Growing,Other
578,10698,2026-06-08,Emerging,Nigeria
579,10556,2026-02-27,Emerging,India
580,9996,2026-05-15,Emerging,India
581,5840,2026-02-23,Emerging,Canada
582,11950,2026-07-01,Emerging,India
583,193,2026-06-20,Emerging,Other
584,12966,2026-02-21,Established,India
585,10260,2026-07-01,Growing,Germany
586,10332,2026-03-31,Growing,United Kingdom
587,11251,2026-07-01,Established,United States
588,7768,2026-04-08,Emerging,Germany
589,6014,2026-02-22,Growing,Nigeria
590,14196,2026-03-18,Emerging,Canada
591,3368,2026-08-20,Established,India
592,12861,2026-07-06,Emerging,United Kingdom
593,9078,2026-04-30,Emerging,India
594,11377,2026-05-01,Emerging,Other
595,14224,2026-01-03,Established,Canada
596,10827,2026-02-02,Emerging,India
597,12373,2026-07-18,Established,United Kingdom
598,9495,2026-07-07,Emerging,Nigeria
599,4436,2026-03-10,Emerging,United Kingdom
600,41,2026-06-19,Emerging,Other
601,1364,2026-08-13,Emerging,Nigeria
602,82,2026-02-19,Emerging,Nigeria
603,4545,2026-08-19,Growing,United Kingdom
604,7826,2026-08-21,Emerging,India
605,11479,2026-05-07,Emerging,United States
606,1392,2026-04-07,Emerging,United Kingdom
607,13052,2026-04-21,Emerging,India
608,1748,2026-05-25,Emerging,India
609,7434,2026-06-08,Growing,United States
610,2490,2026-06-13,Emerging,United States
611,6029,2026-01-25,Growing,India
612,14314,2026-01-14,Growing,United States
613,11149,2026-08-06,Emerging,India
614,10444,2026-06-02,Emerging,Nigeria
615,2420,2026-01-03,Established,India
616,9612,2026-03-02,Emerging,United States
617,6548,2026-01-31,Growing,United Kingdom
618,7650,2026-04-09,Emerging,India
619,12755,2026-07-14,Growing,Other
620,1695,2026-04-24,Growing,Nigeria
621,3995,2026-05-05,Emerging,United Kingdom
622,1605,2026-08-13,Emerging,United States
623,14854,2026-07-10,Established,India
624,5864,2026-03-25,Growing,India
625,3072,2026-06-15,Growing,United Kingdom
626,13792,2026-05-03,Emerging,Canada
627,13093,2026-01-11,Emerging,Nigeria
628,11122,2026-08-20,Growing,Other
629,11637,2026-04-06,Emerging,United States
630,10051,2026-01-13,Established,India
631,3067,2026-04-11,Emerging,United States
632,3099,2026-01-10,Growing,United States
633,12064,2026-07-13,Emerging,Other
634,14234,2026-07-27,Growing,United States
635,12339,2026-01-29,Emerging,Nigeria
636,2689,2026-07-09,Growing,India
637,5647,2026-08-07,Established,Other
638,1546,2026-03-25,Emerging,United Kingdom
639,2088,2026-04-25,Emerging,United States
640,8814,2026-03-01,Emerging,United States
641,1528,2026-01-25,Growing,Nigeria
642,249,2026-08-21,Emerging,Germany
643,8729,2026-01-27,Emerging,India
644,4902,2026-08-17,Emerging,India
645,5829,2026-03-04,Emerging,India
646,3059,2026-02-24,Emerging,Germany
647,11492,2026-04-18,Emerging,United Kingdom
648,8840,2026-07-03,Emerging,Other
649,9850,2026-04-27,Emerging,India
650,1004,2026-08-24,Emerging,Germany
651,619,2026-08-06,Emerging,Nigeria
652,12173,2026-07-25,Emerging,India
653,5996,2026-03-05,Growing,Germany
654,4593,2026-05-31,Growing,Germany
655,12783,2026-02-16,Emerging,United States
656,5088,2026-03-06,Growing,Other
657,5134,2026-08-10,Established,Germany
658,13196,2026-04-05,Established,India
659,11653,2026-08-09,Emerging,India
660,4725,2026-03-07,Emerging,United States
661,12661,2026-08-09,Emerging,Canada
662,496,2026-01-13,Emerging,India
663,7201,2026-04-22,Emerging,United States
664,1842,2026-04-28,Established,United States
665,3518,2026-08-11,Emerging,Other
666,11267,2026-01-24,Growing,Germany
667,3537,2026-08-20,Emerging,Canada
668,13740,2026-02-28,Emerging,United States
669,9034,2026-05-25,Top Creator,United States
670,6824,2026-06-05,Emerging,Canada
671,4942,2026-01-13,Emerging,India
672,9359,2026-05-02,Growing,Germany
673,7364,2026-03-05,Growing,India
674,831,2026-05-28,Emerging,United Kingdom
675,6173,2026-02-28,Emerging,India
676,13582,2026-04-25,Emerging,Nigeria
677,8577,2026-05-03,Emerging,Other
678,13810,2026-03-21,Emerging,India
679,9957,2026-06-11,Emerging,Other
680,3531,2026-08-15,Emerging,Germany
681,4502,2026-05-21,Established,United States
682,8934,2026-07-04,Growing,Canada
683,12765,2026-05-29,Established,Other
684,13905,2026-08-04,Growing,United States
685,7261,2026-04-29,Emerging,Nigeria
686,5148,2026-06-05,Emerging,Nigeria
687,11949,2026-04-14,Growing,Other
688,4409,2026-07-03,Emerging,Canada
689,4732,2026-02-03,Growing,United Kingdom
690,9627,2026-07-26,Emerging,Nigeria
691,6520,2026-04-03,Growing,Germany
692,4190,2026-08-04,Established,United States
693,1315,2026-05-17,Emerging,United States
694,5990,2026-06-11,Growing,United States
695,5888,2026-02-24,Emerging,India
696,12622,2026-02-15,Emerging,Nigeria
697,13673,2026-05-14,Emerging,Other
698,8712,2026-06-11,Emerging,Other
699,11648,2026-08-09,Growing,Nigeria
700,10949,2026-03-18,Growing,India
701,14524,2026-05-15,Emerging,Nigeria
702,13750,2026-04-10,Emerging,Nigeria
703,14859,2026-04-21,Emerging,Nigeria
704,6868,2026-04-24,Established,Germany
705,4084,2026-01-19,Growing,Canada
706,13645,2026-03-23,Established,United Kingdom
707,2180,2026-08-07,Emerging,Other
708,5058,2026-07-31,Emerging,United Kingdom
709,7012,2026-07-20,Growing,Nigeria
710,7614,2026-07-15,Emerging,India
711,6951,2026-03-11,Emerging,United States
712,7444,2026-02-01,Emerging,United Kingdom
713,687,2026-05-15,Growing,India
714,8354,2026-01-21,Growing,Other
715,4535,2026-08-16,Emerging,India
716,307,2026-05-28,Growing,India
717,11809,2026-08-09,Growing,India
718,10676,2026-07-05,Emerging,India
719,13809,2026-06-08,Growing,United States
720,14749,2026-01-07,Emerging,India
721,5841,2026-03-29,Established,United States
722,13557,2026-03-21,Emerging,United Kingdom
723,12053,2026-07-17,Emerging,Other
724,674,2026-05-10,Growing,Canada
725,11068,2026-01-26,Emerging,Canada
726,6072,2026-02-05,Established,Nigeria
727,2037,2026-03-30,Emerging,Other
728,12962,2026-06-05,Growing,United States
729,4241,2026-07-11,Emerging,Nigeria
730,10277,2026-01-21,Growing,Germany
731,10079,2026-06-17,Emerging,United Kingdom
732,3823,2026-08-02,Established,Nigeria
733,5474,2026-04-19,Emerging,Other
734,7549,2026-06-25,Emerging,Germany
735,12301,2026-03-02,Emerging,United States
736,7208,2026-02-12,Top Creator,Canada
737,13422,2026-01-31,Growing,India
738,6314,2026-07-05,Emerging,United States
739,1270,2026-03-05,Established,India
740,13472,2026-05-14,Established,Nigeria
741,7515,2026-05-05,Emerging,United Kingdom
742,2159,2026-03-11,Emerging,Other
743,13595,2026-05-27,Emerging,Other
744,5051,2026-03-31,Emerging,India
745,5065,2026-08-21,Emerging,India
746,9434,2026-07-05,Established,United States
747,7587,2026-07-17,Emerging,Germany
748,10762,2026-01-26,Established,United States
749,5451,2026-01-01,Established,United States
750,748,2026-03-24,Growing,United States
751,494,2026-06-02,Emerging,India
752,9235,2026-03-25,Growing,United Kingdom
753,10568,2026-06-30,Growing,Nigeria
754,11725,2026-03-31,Emerging,Germany
755,6233,2026-07-23,Growing,Germany
756,4266,2026-05-19,Emerging,India
757,1436,2026-03-15,Emerging,India
758,7794,2026-05-20,Growing,Other
759,12727,2026-06-12,Emerging,Nigeria
760,12367,2026-04-16,Established,India
761,10725,2026-02-13,Growing,Germany
762,8551,2026-08-12,Growing,India
763,11469,2026-01-30,Emerging,India
764,9401,2026-05-06,Emerging,India
765,6869,2026-05-12,Growing,United Kingdom
766,6751,2026-07-21,Growing,Germany
767,13311,2026-03-24,Emerging,United Kingdom
768,227,2026-04-26,Emerging,Nigeria
769,2581,2026-06-14,Established,Nigeria
770,6431,2026-04-18,Growing,Germany
771,7537,2026-08-06,Growing,Nigeria
772,6063,2026-02-17,Emerging,Germany
773,2998,2026-07-27,Growing,Other
774,1800,2026-02-09,Growing,India
775,13670,2026-03-22,Emerging,Other
776,4453,2026-03-29,Emerging,India
777,1381,2026-01-15,Emerging,United Kingdom
778,7975,2026-07-09,Emerging,India
779,6294,2026-07-06,Growing,United States
780,14911,2026-07-06,Emerging,United States
781,9228,2026-02-20,Emerging,India
782,5666,2026-05-14,Growing,United States
783,266,2026-01-02,Emerging,United States
784,11516,2026-02-03,Emerging,India
785,9319,2026-01-02,Growing,India
786,4827,2026-03-06,Growing,United Kingdom
787,261,2026-04-23,Growing,Other
788,1013,2026-07-26,Growing,Other
789,3694,2026-08-11,Growing,Canada
790,11430,2026-03-06,Established,Other
791,1344,2026-03-30,Growing,Other
792,191,2026-08-19,Growing,Other
793,10656,2026-03-20,Growing,United States
794,12572,2026-05-29,Top Creator,United States
795,11327,2026-06-05,Emerging,United Kingdom
796,9361,2026-05-25,Emerging,United States
797,5424,2026-08-02,Growing,India
798,10406,2026-06-15,Growing,United States
799,1537,2026-08-23,Growing,United States
800,10856,2026-08-23,Established,Nigeria
801,7124,2026-02-27,Emerging,Nigeria
802,9913,2026-05-09,Established,Nigeria
803,13507,2026-06-27,Emerging,United States
804,4261,2026-02-08,Established,Canada
805,5504,2026-03-24,Growing,United States
806,9911,2026-01-23,Emerging,United States
807,1078,2026-07-14,Growing,Canada
808,11078,2026-05-20,Emerging,Other
809,891,2026-07-23,Emerging,Germany
810,4383,2026-05-02,Emerging,United States
811,9438,2026-06-24,Emerging,Other
812,3647,2026-05-29,Growing,India
813,11115,2026-06-23,Emerging,Germany
814,1251,2026-01-26,Top Creator,Nigeria
815,12999,2026-04-04,Emerging,India
816,11977,2026-02-18,Established,United States
817,14953,2026-03-15,Established,United States
818,1501,2026-05-17,Emerging,Nigeria
819,2226,2026-02-08,Emerging,United Kingdom
820,4366,2026-08-11,Emerging,India
821,3590,2026-04-04,Established,Nigeria
822,1297,2026-01-09,Established,United Kingdom
823,7992,2026-07-05,Emerging,India
824,10608,2026-07-05,Emerging,India
825,10416,2026-01-29,Growing,India
826,5757,2026-03-04,Growing,United Kingdom
827,12713,2026-03-15,Emerging,Nigeria
828,768,2026-07-05,Growing,India
829,12220,2026-04-12,Established,United States
830,10035,2026-03-11,Emerging,India
831,11770,2026-02-23,Emerging,United Kingdom
832,958,2026-01-06,Growing,Canada
833,848,2026-06-15,Growing,United Kingdom
834,11575,2026-07-21,Top Creator,Other
835,39,2026-08-07,Established,United States
836,10226,2026-04-29,Emerging,United Kingdom
837,12796,2026-01-04,Growing,Other
838,5904,2026-01-06,Growing,United States
839,13784,2026-03-02,Emerging,India
840,2784,2026-05-31,Emerging,United States
841,12084,2026-01-10,Growing,India
842,14259,2026-03-18,Emerging,India
843,10899,2026-06-25,Emerging,Nigeria
844,1229,2026-02-05,Emerging,Other
845,11257,2026-02-28,Growing,India
846,12468,2026-05-31,Emerging,Other
847,3956,2026-08-01,Established,India
848,9006,2026-05-07,Emerging,Nigeria
849,3392,2026-05-04,Established,Nigeria
850,302,2026-07-06,Emerging,United Kingdom
851,10366,2026-01-08,Growing,United States
852,1319,2026-02-04,Emerging,Germany
853,11214,2026-06-17,Growing,Nigeria
854,12390,2026-07-15,Established,United States
855,3916,2026-06-07,Growing,India
856,6350,2026-05-29,Growing,Canada
857,5318,2026-02-10,Emerging,Nigeria
858,2554,2026-01-31,Growing,United States
859,14688,2026-01-24,Established,India
860,6925,2026-03-07,Growing,United Kingdom
861,8472,2026-03-03,Established,India
862,3522,2026-04-11,Emerging,Canada
863,14029,2026-02-02,Established,United States
864,323,2026-03-23,Growing,United States
865,14757,2026-07-26,Growing,India
866,520,2026-07-05,Growing,India
867,14048,2026-03-10,Emerging,Nigeria
868,12163,2026-03-19,Growing,United States
869,1996,2026-05-28,Established,Nigeria
870,14100,2026-05-17,Emerging,Other
871,7160,2026-05-05,Established,Nigeria
872,13770,2026-08-11,Emerging,Other
873,5108,2026-02-23,Emerging,United States
874,6127,2026-04-11,Emerging,India
875,4448,2026-04-19,Established,United States
876,7070,2026-02-27,Emerging,India
877,9675,2026-08-04,Growing,United States
878,8823,2026-06-06,Emerging,Other
879,9917,2026-01-15,Emerging,Nigeria
880,8382,2026-01-16,Emerging,India
881,713,2026-08-12,Emerging,India
882,9015,2026-01-22,Emerging,India
883,4132,2026-03-05,Emerging,United States
884,2906,2026-08-08,Emerging,Nigeria
885,6030,2026-02-23,Top Creator,Other
886,11729,2026-04-08,Growing,Germany
887,9384,2026-02-17,Emerging,India
888,2494,2026-03-07,Emerging,India
889,4467,2026-02-19,Emerging,Other
890,5514,2026-03-21,Growing,Canada
891,6130,2026-03-03,Established,United States
892,1197,2026-06-29,Established,United Kingdom
893,9981,2026-08-23,Emerging,Other
894,9782,2026-08-16,Emerging,India
895,5010,2026-01-07,Established,Nigeria
896,14698,2026-06-22,Emerging,Nigeria
897,10343,2026-06-14,Growing,Other
898,14986,2026-02-26,Emerging,Other
899,13173,2026-03-31,Established,Canada
900,8052,2026-07-26,Emerging,India
901,5866,2026-02-04,Growing,United States
902,4697,2026-08-11,Emerging,India
903,13452,2026-06-03,Emerging,Other
904,380,2026-07-13,Emerging,United States
905,11212,2026-08-15,Emerging,Germany
906,5391,2026-07-09,Emerging,India
907,14209,2026-01-30,Emerging,United Kingdom
908,13614,2026-03-26,Emerging,India
909,11035,2026-04-04,Top Creator,United States
910,12823,2026-08-13,Emerging,United States
911,6152,2026-08-03,Established,Canada
912,893,2026-06-05,Emerging,Nigeria
913,9387,2026-03-15,Emerging,Nigeria
914,5121,2026-05-14,Growing,United States
915,432,2026-02-18,Emerging,United Kingdom
916,6577,2026-07-03,Growing,India
917,10013,2026-08-10,Emerging,Canada
918,3710,2026-07-15,Growing,India
919,5402,2026-04-28,Established,India
920,13895,2026-03-06,Established,Nigeria
921,14166,2026-03-10,Emerging,India
922,14007,2026-04-02,Emerging,United States
923,5901,2026-08-01,Emerging,Other
924,11496,2026-08-18,Growing,Canada
925,6287,2026-04-05,Established,United States
926,4355,2026-08-23,Emerging,United States
927,256,2026-02-08,Growing,Germany
928,2766,2026-01-12,Growing,Other
929,7284,2026-03-17,Growing,United Kingdom
930,6955,2026-04-18,Growing,India
931,10027,2026-02-14,Emerging,Nigeria
932,1232,2026-01-06,Growing,Canada
933,10810,2026-03-13,Emerging,United States
934,12315,2026-01-24,Growing,Other
935,3447,2026-03-29,Emerging,India
936,5112,2026-06-04,Established,India
937,11512,2026-05-31,Growing,United States
938,7155,2026-03-12,Growing,India
939,10557,2026-03-24,Emerging,India
940,2826,2026-04-05,Growing,Other
941,4249,2026-03-29,Established,India
942,6539,2026-07-11,Growing,Other
943,1914,2026-06-10,Top Creator,Canada
944,13206,2026-04-19,Emerging,India
945,11197,2026-03-15,Growing,India
946,3920,2026-06-05,Emerging,Other
947,341,2026-04-23,Emerging,United Kingdom
948,14246,2026-04-14,Growing,Germany
949,722,2026-04-15,Growing,India
950,12581,2026-07-22,Emerging,United States
951,11472,2026-03-04,Growing,Other
952,9097,2026-06-23,Emerging,India
953,8512,2026-02-05,Growing,Nigeria
954,5028,2026-08-13,Growing,United Kingdom
955,10662,2026-06-21,Emerging,Canada
956,11556,2026-07-29,Growing,United States
957,8911,2026-02-27,Emerging,United Kingdom
958,5539,2026-03-13,Growing,India
959,5350,2026-08-03,Emerging,United States
960,11965,2026-06-29,Emerging,Nigeria
961,10022,2026-08-19,Emerging,India
962,12333,2026-06-15,Established,India
963,2786,2026-03-21,Emerging,Nigeria
964,10093,2026-06-04,Emerging,Other
965,9875,2026-03-10,Emerging,India
966,6930,2026-08-05,Emerging,Germany
967,1985,2026-03-29,Emerging,India
968,2321,2026-03-05,Emerging,Other
969,11368,2026-02-19,Emerging,India
970,4538,2026-04-09,Emerging,Nigeria
971,7418,2026-01-22,Emerging,United States
972,8094,2026-08-23,Emerging,Canada
973,13308,2026-03-19,Emerging,Canada
974,6327,2026-05-07,Growing,Other
975,7347,2026-07-21,Growing,United States
976,279,2026-06-21,Growing,Canada
977,5042,2026-08-14,Emerging,Canada
978,9530,2026-08-09,Growing,United Kingdom
979,10158,2026-03-11,Established,United States
980,2385,2026-02-18,Growing,United States
981,7127,2026-06-14,Emerging,Nigeria
982,4275,2026-03-17,Growing,United Kingdom
983,8571,2026-07-27,Emerging,India
984,9118,2026-02-24,Emerging,United Kingdom
985,10604,2026-05-22,Growing,United States
986,483,2026-04-14,Growing,Nigeria
987,3868,2026-02-16,Emerging,Nigeria
988,14607,2026-04-12,Emerging,Canada
989,7102,2026-05-27,Growing,Germany
990,438,2026-02-15,Emerging,India
991,7609,2026-04-19,Emerging,Nigeria
992,37,2026-03-30,Growing,United States
993,13634,2026-08-04,Established,India
994,6733,2026-04-06,Established,Other
995,12020,2026-05-08,Emerging,Germany
996,13889,2026-03-28,Emerging,Other
997,12140,2026-03-29,Growing,India
998,3899,2026-01-04,Growing,United Kingdom
999,7840,2026-06-13,Growing,United Kingdom
1000,2707,2026-04-08,Emerging,Nigeria
1001,10571,2026-03-09,Established,Other
1002,2974,2026-03-27,Established,India
1003,12835,2026-05-21,Emerging,Other
1004,3437,2026-01-02,Emerging,India
1005,5919,2026-06-07,Growing,Germany
1006,10625,2026-01-12,Emerging,United States
1007,8001,2026-07-29,Growing,India
1008,12564,2026-03-02,Emerging,Canada
1009,11155,2026-06-26,Emerging,Germany
1010,3035,2026-01-16,Established,United States
1011,4559,2026-01-11,Growing,United States
1012,12054,2026-03-02,Emerging,India
1013,12253,2026-07-07,Growing,Nigeria
1014,12625,2026-05-27,Growing,Nigeria
1015,4669,2026-02-05,Emerging,United States
1016,7625,2026-03-28,Established,Germany
1017,7189,2026-02-01,Emerging,United States
1018,11858,2026-05-06,Established,Canada
1019,6397,2026-06-23,Emerging,Nigeria
1020,7696,2026-02-27,Growing,Nigeria
1021,5129,2026-02-15,Emerging,Other
1022,7898,2026-02-04,Top Creator,India
1023,5202,2026-03-27,Emerging,United Kingdom
1024,14362,2026-07-18,Emerging,India
1025,2443,2026-07-02,Established,United Kingdom
1026,8804,2026-04-23,Emerging,United States
1027,6695,2026-06-26,Established,United States
1028,11530,2026-03-19,Emerging,Canada
1029,13755,2026-05-12,Growing,Nigeria
1030,4950,2026-02-16,Growing,United Kingdom
1031,6641,2026-03-13,Emerging,United Kingdom
1032,12358,2026-06-09,Established,United States
1033,11979,2026-01-21,Growing,Nigeria
1034,14545,2026-07-03,Emerging,India
1035,11661,2026-04-25,Emerging,United States
1036,3140,2026-05-26,Emerging,Other
1037,6384,2026-03-06,Growing,Canada
1038,14291,2026-03-16,Emerging,United States
1039,3651,2026-04-10,Emerging,Germany
1040,3029,2026-05-30,Established,Canada
1041,12897,2026-01-25,Emerging,Other
1042,14629,2026-04-02,Established,India
1043,5619,2026-03-03,Top Creator,United Kingdom
1044,1454,2026-04-21,Growing,Other
1045,7122,2026-05-21,Emerging,India
1046,11086,2026-01-05,Established,India
1047,11205,2026-07-08,Emerging,Nigeria
1048,5164,2026-03-30,Emerging,United States
1049,6348,2026-05-13,Top Creator,India
1050,8860,2026-05-09,Emerging,United Kingdom
1051,10481,2026-08-24,Growing,United States
1052,1123,2026-02-05,Emerging,Other
1053,12558,2026-05-22,Emerging,Germany
1054,13318,2026-01-31,Growing,India
1055,12898,2026-02-15,Established,United States
1056,1997,2026-04-03,Emerging,United Kingdom
1057,12654,2026-04-22,Emerging,India
1058,3431,2026-03-30,Emerging,India
1059,3015,2026-04-02,Emerging,Nigeria
1060,13754,2026-03-31,Emerging,United States
1061,11993,2026-07-18,Emerging,United States
1062,4358,2026-02-14,Growing,United Kingdom
1063,4239,2026-03-26,Emerging,Other
1064,7296,2026-01-06,Emerging,United States
1065,11507,2026-05-19,Emerging,Nigeria
1066,3199,2026-03-03,Established,United States
1067,11157,2026-06-02,Emerging,India
1068,10283,2026-04-01,Emerging,India
1069,14124,2026-05-18,Established,India
1070,335,2026-04-09,Emerging,India
1071,7981,2026-04-27,Growing,United States
1072,4731,2026-06-08,Emerging,India
1073,5596,2026-05-27,Emerging,United States
1074,4548,2026-01-28,Emerging,United States
1075,54,2026-05-11,Growing,United Kingdom
1076,13901,2026-05-17,Emerging,India
1077,1485,2026-04-20,Emerging,India
1078,2227,2026-01-15,Growing,Nigeria
1079,8753,2026-07-01,Emerging,India
1080,3805,2026-03-04,Growing,Nigeria
1081,4389,2026-07-14,Growing,United Kingdom
1082,3958,2026-08-14,Growing,Germany
1083,6961,2026-05-29,Emerging,India
1084,2582,2026-06-24,Emerging,Other
1085,10871,2026-05-14,Growing,India
1086,5347,2026-02-03,Established,United States
1087,11041,2026-01-31,Growing,India
1088,6371,2026-03-16,Emerging,India
1089,403,2026-07-06,Growing,Other
1090,1168,2026-08-06,Growing,India
1091,3502,2026-03-27,Top Creator,Other
1092,6171,2026-01-08,Emerging,India
1093,13738,2026-07-05,Emerging,Germany
1094,1731,2026-03-28,Established,United States
1095,10808,2026-07-26,Emerging,Nigeria
1096,9104,2026-07-13,Growing,United Kingdom
1097,6618,2026-05-24,Growing,United States
1098,3826,2026-01-14,Growing,United States
1099,291,2026-01-24,Growing,Canada
1100,999,2026-05-03,Emerging,India
1101,4569,2026-07-28,Growing,India
1102,11694,2026-04-28,Growing,United Kingdom
1103,13102,2026-02-21,Established,Canada
1104,6487,2026-06-06,Emerging,United States
1105,8151,2026-08-19,Emerging,United Kingdom
1106,4521,2026-02-13,Emerging,United States
1107,3927,2026-01-25,Growing,Canada
1108,8585,2026-06-14,Emerging,Nigeria
1109,14185,2026-07-19,Emerging,India
1110,4301,2026-07-13,Emerging,Germany
1111,2098,2026-01-06,Established,United States
1112,3065,2026-03-27,Emerging,United States
1113,11174,2026-07-29,Emerging,Germany
1114,6780,2026-06-04,Emerging,United Kingdom
1115,11667,2026-02-15,Emerging,India
1116,2655,2026-06-24,Emerging,India
1117,439,2026-04-27,Growing,United Kingdom
1118,3197,2026-04-26,Growing,Nigeria
1119,4122,2026-07-02,Growing,Other
1120,12129,2026-08-16,Emerging,United States
1121,1097,2026-03-11,Emerging,India
1122,6058,2026-02-26,Established,Other
1123,2855,2026-04-28,Emerging,Other
1124,7792,2026-03-09,Growing,India
1125,11915,2026-02-13,Established,India
1126,13057,2026-06-11,Emerging,India
1127,7977,2026-01-15,Emerging,Nigeria
1128,7838,2026-07-30,Emerging,United States
1129,7698,2026-04-21,Emerging,Other
1130,14981,2026-03-09,Established,Nigeria
1131,6734,2026-08-09,Emerging,United States
1132,14237,2026-03-25,Emerging,India
1133,10221,2026-05-21,Established,United Kingdom
1134,4953,2026-02-15,Emerging,United States
1135,6518,2026-07-11,Established,United States
1136,2440,2026-08-09,Emerging,United States
1137,8324,2026-06-26,Established,United Kingdom
1138,10255,2026-04-05,Emerging,Nigeria
1139,10980,2026-03-07,Emerging,India
1140,2835,2026-06-19,Emerging,United States
1141,4227,2026-08-18,Emerging,United States
1142,10578,2026-06-18,Emerging,India
1143,6967,2026-07-11,Emerging,United Kingdom
1144,6236,2026-05-16,Growing,Germany
1145,5590,2026-07-01,Established,Other
1146,12751,2026-08-08,Growing,India
1147,4022,2026-08-15,Growing,United Kingdom
1148,2132,2026-06-07,Emerging,India
1149,7276,2026-08-02,Emerging,United Kingdom
1150,10046,2026-03-17,Emerging,Germany
1151,273,2026-08-13,Emerging,United Kingdom
1152,933,2026-01-05,Growing,Other
1153,12058,2026-07-30,Growing,Nigeria
1154,11500,2026-04-18,Growing,United States
1155,9487,2026-05-15,Established,Other
1156,1421,2026-03-09,Growing,Other
1157,2340,2026-05-16,Top Creator,India
1158,9381,2026-02-26,Emerging,Germany
1159,7594,2026-03-21,Established,Canada
1160,10522,2026-02-28,Emerging,India
1161,7013,2026-04-13,Emerging,Nigeria
1162,9800,2026-03-12,Growing,Nigeria
1163,14685,2026-07-17,Emerging,Other
1164,101,2026-04-05,Emerging,India
1165,2108,2026-06-18,Emerging,Canada
1166,10149,2026-04-16,Growing,Germany
1167,9482,2026-08-02,Established,Nigeria
1168,3897,2026-04-17,Emerging,Canada
1169,10121,2026-04-13,Top Creator,Nigeria
1170,1816,2026-08-10,Growing,India
1171,11890,2026-03-16,Emerging,Canada
1172,11855,2026-05-16,Growing,United Kingdom
1173,4658,2026-01-19,Top Creator,India
1174,5151,2026-06-18,Established,Germany
1175,13874,2026-01-26,Emerging,India
1176,525,2026-02-27,Emerging,Nigeria
1177,2842,2026-04-28,Growing,United States
1178,14407,2026-01-01,Emerging,Other
1179,1007,2026-08-10,Emerging,Canada
1180,13025,2026-03-10,Emerging,United States
1181,6749,2026-07-20,Growing,United States
1182,7038,2026-01-22,Emerging,Germany
1183,8200,2026-02-02,Growing,India
1184,2836,2026-07-08,Growing,United Kingdom
1185,11813,2026-05-25,Emerging,India
1186,7140,2026-01-28,Emerging,United Kingdom
1187,1037,2026-08-04,Established,United Kingdom
1188,1993,2026-01-04,Growing,Nigeria
1189,5567,2026-06-05,Growing,India
1190,6441,2026-07-28,Emerging,United States
1191,14120,2026-07-08,Emerging,Other
1192,661,2026-01-12,Growing,United States
1193,2513,2026-01-08,Growing,United Kingdom
1194,4407,2026-06-16,Emerging,United States
1195,1977,2026-08-17,Emerging,India
1196,433,2026-01-17,Emerging,India
1197,6841,2026-06-13,Emerging,Nigeria
1198,11053,2026-01-21,Top Creator,Nigeria
1199,8332,2026-05-27,Emerging,Other
1200,14414,2026-08-22,Emerging,United Kingdom
1201,13696,2026-03-31,Growing,India
1202,1217,2026-03-16,Growing,Other
1203,2742,2026-06-21,Growing,Nigeria
1204,2446,2026-02-13,Growing,Germany
1205,2591,2026-04-21,Emerging,India
1206,7573,2026-01-24,Established,Canada
1207,1425,2026-06-04,Emerging,United States
1208,11796,2026-03-22,Emerging,United States
1209,7354,2026-07-14,Emerging,Nigeria
1210,2221,2026-01-04,Growing,United States
1211,8089,2026-04-23,Emerging,India
1212,8675,2026-05-08,Emerging,United States
1213,14037,2026-03-21,Emerging,Other
1214,8666,2026-03-25,Emerging,Other
1215,12463,2026-03-05,Emerging,United States
1216,2352,2026-03-21,Emerging,United States
1217,12989,2026-01-10,Emerging,Other
1218,1239,2026-05-14,Emerging,India
1219,12839,2026-05-24,Emerging,United Kingdom
1220,12395,2026-07-23,Growing,Canada
1221,11034,2026-06-16,Emerging,Nigeria
1222,2107,2026-02-17,Emerging,United Kingdom
1223,9142,2026-07-05,Growing,United States
1224,14369,2026-01-13,Top Creator,India
1225,6850,2026-07-07,Growing,United States
1226,2364,2026-02-02,Emerging,Nigeria
1227,5059,2026-06-27,Growing,Other
1228,13531,2026-05-06,Emerging,India
1229,14905,2026-06-24,Emerging,Nigeria
1230,6438,2026-02-09,Emerging,United States
1231,6903,2026-01-15,Top Creator,United Kingdom
1232,11873,2026-02-27,Growing,Nigeria
1233,5681,2026-07-15,Emerging,Other
1234,4307,2026-03-23,Established,Nigeria
1235,1845,2026-07-19,Emerging,United States
1236,2678,2026-02-02,Emerging,Other
1237,9385,2026-02-11,Growing,India
1238,7514,2026-04-06,Growing,Canada
1239,14762,2026-08-15,Emerging,Other
1240,11895,2026-05-03,Emerging,United States
1241,9201,2026-05-10,Emerging,India
1242,14047,2026-01-25,Growing,United Kingdom
1243,6777,2026-07-04,Emerging,India
1244,9813,2026-01-25,Growing,India
1245,11953,2026-02-09,Emerging,United Kingdom
1246,5445,2026-04-14,Emerging,Nigeria
1247,2531,2026-01-14,Emerging,India
1248,12417,2026-08-06,Top Creator,India
1249,13691,2026-08-04,Growing,United Kingdom
1250,5341,2026-08-09,Growing,India
1251,297,2026-05-19,Growing,Canada
1252,13921,2026-02-16,Top Creator,United States
1253,2629,2026-07-03,Emerging,Canada
1254,13281,2026-07-17,Growing,Nigeria
1255,5792,2026-04-01,Growing,India
1256,13380,2026-04-10,Growing,India
1257,3034,2026-06-10,Established,Nigeria
1258,8206,2026-06-26,Growing,India
1259,14491,2026-07-10,Growing,Nigeria
1260,5327,2026-05-02,Emerging,India
1261,2118,2026-06-15,Emerging,Canada
1262,8088,2026-06-01,Emerging,Nigeria
1263,5125,2026-07-09,Established,United States
1264,2456,2026-02-28,Emerging,United Kingdom
1265,2258,2026-05-11,Growing,Canada
1266,5608,2026-05-16,Emerging,Canada
1267,4982,2026-03-06,Growing,India
1268,7558,2026-06-01,Emerging,Other
1269,10296,2026-05-09,Growing,Other
1270,3096,2026-07-25,Growing,United Kingdom
1271,6933,2026-04-26,Emerging,Canada
1272,6983,2026-07-06,Growing,Other
1273,7653,2026-03-24,Emerging,Germany
1274,3002,2026-05-01,Established,Other
1275,7677,2026-07-31,Emerging,Other
1276,6017,2026-01-17,Growing,Nigeria
1277,4470,2026-05-05,Emerging,Nigeria
1278,14619,2026-08-03,Emerging,Other
1279,9119,2026-06-03,Emerging,United Kingdom
1280,3436,2026-07-29,Growing,India
1281,10963,2026-01-29,Growing,United States
1282,8075,2026-03-18,Emerging,United Kingdom
1283,1308,2026-07-07,Established,United States
1284,13493,2026-06-13,Emerging,United Kingdom
1285,371,2026-04-22,Emerging,United Kingdom
1286,2710,2026-05-12,Emerging,United States
1287,9703,2026-07-15,Emerging,India
1288,8880,2026-07-06,Emerging,Nigeria
1289,5045,2026-03-20,Emerging,United Kingdom
1290,10003,2026-06-27,Emerging,United States
1291,4741,2026-01-27,Established,India
1292,6015,2026-07-12,Emerging,India
1293,2644,2026-05-04,Emerging,Other
1294,910,2026-06-04,Emerging,United States
1295,3471,2026-04-16,Emerging,United Kingdom
1296,11934,2026-08-03,Emerging,India
1297,7965,2026-04-28,Growing,United States
1298,14058,2026-05-26,Growing,India
1299,1087,2026-02-20,Emerging,United Kingdom
1300,2038,2026-03-14,Emerging,India
1301,622,2026-02-08,Growing,Canada
1302,7583,2026-05-08,Growing,United States
1303,5223,2026-04-01,Emerging,Canada
1304,9804,2026-04-02,Emerging,Nigeria
1305,5175,2026-04-18,Growing,Other
1306,9460,2026-02-26,Emerging,Nigeria
1307,6185,2026-03-21,Established,Germany
1308,10006,2026-05-04,Emerging,United Kingdom
1309,2204,2026-01-07,Growing,Canada
1310,13463,2026-02-17,Emerging,United States
1311,12267,2026-04-26,Growing,Nigeria
1312,7253,2026-08-14,Emerging,Canada
1313,5745,2026-02-10,Emerging,Other
1314,10882,2026-03-15,Growing,India
1315,7149,2026-06-08,Emerging,India
1316,6665,2026-01-06,Emerging,United Kingdom
1317,4008,2026-01-01,Growing,United States
1318,967,2026-01-23,Emerging,Other
1319,14534,2026-07-02,Growing,Nigeria
1320,13909,2026-08-14,Emerging,India
1321,2396,2026-08-11,Growing,Other
1322,2394,2026-03-14,Growing,United Kingdom
1323,437,2026-08-09,Emerging,Other
1324,8543,2026-07-03,Emerging,Canada
1325,8247,2026-06-07,Emerging,India
1326,6153,2026-08-11,Emerging,Nigeria
1327,69,2026-05-10,Emerging,Other
1328,1854,2026-04-19,Established,India
1329,11032,2026-06-08,Established,United Kingdom
1330,11877,2026-07-01,Emerging,United Kingdom
1331,9750,2026-05-18,Emerging,Other
1332,1132,2026-02-25,Established,United States
1333,9926,2026-03-17,Growing,India
1334,5801,2026-02-08,Emerging,Germany
1335,13023,2026-07-06,Emerging,India
1336,13155,2026-04-19,Growing,United States
1337,10665,2026-03-16,Emerging,United Kingdom
1338,2293,2026-06-30,Emerging,India
1339,1375,2026-03-08,Emerging,Germany
1340,13072,2026-03-06,Emerging,Nigeria
1341,4070,2026-05-11,Emerging,Canada
1342,8047,2026-05-11,Emerging,Nigeria
1343,4656,2026-02-16,Established,Nigeria
1344,3478,2026-01-03,Growing,Canada
1345,14301,2026-07-19,Emerging,India
1346,11432,2026-02-13,Emerging,Other
1347,12904,2026-02-24,Growing,India
1348,3191,2026-05-04,Emerging,United Kingdom
1349,4977,2026-08-16,Emerging,India
1350,11672,2026-08-21,Growing,Canada
1351,8065,2026-03-25,Emerging,Germany
1352,10446,2026-05-05,Emerging,India
1353,1327,2026-03-13,Established,United Kingdom
1354,2351,2026-07-26,Emerging,United Kingdom
1355,2489,2026-04-15,Growing,India
1356,4393,2026-03-20,Emerging,United States
1357,12562,2026-08-12,Top Creator,United Kingdom
1358,2129,2026-06-09,Growing,Other
1359,13440,2026-02-17,Established,India
1360,14871,2026-02-02,Growing,United States
1361,3729,2026-08-24,Emerging,Other
1362,3301,2026-03-18,Established,Nigeria
1363,615,2026-07-16,Growing,India
1364,7379,2026-07-16,Growing,India
1365,3319,2026-08-16,Emerging,Other
1366,8008,2026-07-13,Emerging,United States
1367,12396,2026-04-16,Emerging,India
1368,10932,2026-03-14,Emerging,United States
1369,1154,2026-08-15,Established,United States
1370,10282,2026-03-07,Emerging,Nigeria
1371,564,2026-04-30,Emerging,United Kingdom
1372,5281,2026-05-02,Established,Other
1373,9748,2026-07-16,Emerging,India
1374,14150,2026-05-16,Emerging,Other
1375,13230,2026-06-15,Emerging,United States
1376,5701,2026-07-12,Growing,United States
1377,11453,2026-07-25,Emerging,United States
1378,1447,2026-08-06,Established,Canada
1379,8364,2026-01-10,Growing,United States
1380,9783,2026-02-19,Growing,United States
1381,10339,2026-05-03,Established,United States
1382,4591,2026-07-09,Emerging,Germany
1383,7336,2026-02-05,Growing,Nigeria
1384,2207,2026-02-02,Emerging,India
1385,7763,2026-06-03,Emerging,India
1386,1481,2026-02-15,Established,Canada
1387,14538,2026-08-23,Growing,Canada
1388,13487,2026-01-02,Established,Nigeria
1389,10786,2026-02-13,Top Creator,Other
1390,10950,2026-02-10,Emerging,United States
1391,6772,2026-02-01,Growing,Other
1392,3313,2026-05-28,Growing,Canada
1393,14715,2026-07-27,Top Creator,United Kingdom
1394,8237,2026-03-06,Emerging,India
1395,5670,2026-03-14,Emerging,United Kingdom
1396,14503,2026-03-03,Emerging,India
1397,13687,2026-02-28,Emerging,India
1398,5038,2026-06-06,Emerging,India
1399,6538,2026-03-23,Emerging,India
1400,7491,2026-07-22,Emerging,Other
1401,8691,2026-03-10,Emerging,Other
1402,14216,2026-02-09,Emerging,Nigeria
1403,3551,2026-01-04,Emerging,Other
1404,13497,2026-03-17,Emerging,India
1405,45,2026-01-15,Emerging,Other
1406,11349,2026-06-16,Emerging,United Kingdom
1407,7891,2026-01-04,Emerging,United States
1408,8105,2026-07-07,Emerging,United States
1409,11932,2026-08-16,Emerging,United States
1410,93,2026-05-26,Established,Germany
1411,7448,2026-05-18,Growing,United States
1412,12206,2026-03-06,Established,United Kingdom
1413,8924,2026-02-13,Emerging,Nigeria
1414,2099,2026-08-04,Emerging,Nigeria
1415,8040,2026-02-08,Top Creator,United States
1416,11769,2026-04-17,Emerging,Nigeria
1417,9734,2026-01-07,Emerging,Other
1418,10104,2026-03-07,Growing,United States
1419,3256,2026-06-15,Emerging,India
1420,629,2026-03-10,Growing,Germany
1421,14026,2026-05-26,Emerging,United States
1422,7315,2026-01-07,Emerging,United Kingdom
1423,2675,2026-03-30,Emerging,United States
1424,8232,2026-01-26,Emerging,United Kingdom
1425,10711,2026-08-06,Established,United States
1426,9567,2026-04-13,Growing,India
1427,13247,2026-01-13,Emerging,United States
1428,12707,2026-05-02,Growing,Germany
1429,7047,2026-03-31,Growing,India
1430,13301,2026-03-24,Growing,United States
1431,5651,2026-08-07,Emerging,India
1432,10041,2026-08-02,Established,Germany
1433,10291,2026-04-09,Established,United States
1434,10490,2026-01-28,Emerging,Canada
1435,14001,2026-03-21,Established,Nigeria
1436,1566,2026-07-30,Growing,India
1437,14991,2026-01-14,Established,Other
1438,473,2026-06-24,Emerging,Other
1439,8264,2026-02-16,Growing,Other
1440,6407,2026-07-26,Emerging,Germany
1441,2158,2026-06-12,Growing,United States
1442,3952,2026-06-24,Growing,Canada
1443,7304,2026-07-07,Emerging,Nigeria
1444,4423,2026-07-07,Growing,United Kingdom
1445,3790,2026-05-24,Growing,Nigeria
1446,6328,2026-01-19,Growing,India
1447,9203,2026-01-20,Established,India
1448,11301,2026-03-28,Growing,Canada
1449,1460,2026-04-10,Emerging,United Kingdom
1450,13438,2026-07-18,Top Creator,Other
1451,11148,2026-08-15,Growing,India
1452,5388,2026-02-27,Emerging,India
1453,5626,2026-06-26,Emerging,Nigeria
1454,7270,2026-01-10,Top Creator,United States
1455,6184,2026-07-26,Growing,India
1456,2718,2026-01-23,Emerging,Nigeria
1457,7935,2026-01-12,Emerging,Nigeria
1458,4520,2026-01-21,Emerging,United States
1459,4460,2026-06-04,Established,Other
1460,4844,2026-02-25,Emerging,Other
1461,9846,2026-04-22,Emerging,Other
1462,11921,2026-05-18,Growing,Other
1463,13514,2026-05-19,Emerging,United States
1464,7457,2026-02-15,Emerging,India
1465,2651,2026-04-06,Growing,Germany
1466,4390,2026-07-14,Established,Other
1467,13103,2026-05-08,Emerging,Nigeria
1468,5789,2026-04-12,Established,Other
1469,12279,2026-04-15,Emerging,United States
1470,8835,2026-05-22,Emerging,Germany
1471,6735,2026-04-04,Emerging,India
1472,4300,2026-05-26,Emerging,United Kingdom
1473,10238,2026-06-03,Emerging,United States
1474,6154,2026-05-11,Emerging,Germany
1475,5521,2026-05-27,Emerging,United Kingdom
1476,5914,2026-07-28,Growing,Canada
1477,2069,2026-05-13,Growing,Other
1478,561,2026-06-07,Growing,Canada
1479,650,2026-06-01,Emerging,Canada
1480,10364,2026-05-19,Emerging,United States
1481,1851,2026-02-28,Emerging,Nigeria
1482,14723,2026-07-18,Emerging,United States
1483,8863,2026-06-30,Growing,Other
1484,11311,2026-04-24,Emerging,Germany
1485,13050,2026-08-09,Established,India
1486,11259,2026-01-29,Emerging,United States
1487,9085,2026-03-20,Emerging,Germany
1488,9564,2026-04-20,Emerging,United Kingdom
1489,3720,2026-07-22,Emerging,Other
1490,11178,2026-08-19,Growing,United States
1491,8778,2026-07-12,Emerging,United States
1492,8299,2026-03-16,Growing,Other
1493,13075,2026-03-04,Emerging,Other
1494,12555,2026-04-23,Established,Nigeria
1495,841,2026-04-02,Emerging,United States
1496,6470,2026-01-08,Emerging,Canada
1497,11544,2026-01-28,Emerging,India
1498,1194,2026-06-18,Emerging,Other
1499,5664,2026-05-30,Growing,India
1500,12487,2026-08-14,Growing,Germany
1501,13154,2026-07-10,Growing,United Kingdom
1502,8078,2026-03-01,Emerging,India
1503,13708,2026-06-29,Top Creator,India
1504,4668,2026-03-06,Emerging,United States
1505,10951,2026-05-10,Emerging,Other
1506,125,2026-03-12,Top Creator,India
1507,3816,2026-04-26,Top Creator,India
1508,2213,2026-07-22,Growing,India
1509,6591,2026-01-15,Emerging,Nigeria
1510,9440,2026-02-09,Emerging,Other
1511,8434,2026-06-06,Emerging,India
1512,14884,2026-02-01,Growing,Other
1513,13454,2026-02-28,Emerging,United Kingdom
1514,176,2026-01-15,Growing,India
1515,12974,2026-05-17,Emerging,India
1516,13854,2026-02-25,Established,Nigeria
1517,13092,2026-03-29,Emerging,Germany
1518,10336,2026-03-13,Top Creator,India
1519,1921,2026-08-15,Growing,India
1520,2741,2026-02-04,Emerging,India
1521,7769,2026-06-20,Emerging,United States
1522,7101,2026-06-12,Emerging,United States
1523,11604,2026-04-30,Emerging,United States
1524,13966,2026-08-13,Established,India
1525,10526,2026-01-07,Emerging,Germany
1526,9596,2026-01-10,Established,India
1527,10203,2026-03-05,Emerging,India
1528,10847,2026-05-13,Emerging,United States
1529,11118,2026-04-22,Emerging,India
1530,1536,2026-03-04,Growing,India
1531,422,2026-04-21,Emerging,Nigeria
1532,11574,2026-08-13,Emerging,India
1533,5551,2026-03-13,Emerging,United States
1534,5887,2026-02-01,Emerging,United Kingdom
1535,5450,2026-07-17,Emerging,Other
1536,2800,2026-01-19,Established,Other
1537,6883,2026-02-03,Growing,United Kingdom
1538,966,2026-06-30,Emerging,United Kingdom
1539,8015,2026-03-26,Emerging,India
1540,9358,2026-07-09,Emerging,India
1541,4479,2026-05-04,Growing,United States
1542,2450,2026-07-30,Established,Germany
1543,14379,2026-01-05,Growing,United Kingdom
1544,920,2026-02-15,Growing,India
1545,5381,2026-03-17,Emerging,United Kingdom
1546,5398,2026-07-04,Top Creator,Nigeria
1547,13003,2026-03-25,Emerging,United States
1548,5982,2026-06-24,Growing,United States
1549,9712,2026-05-31,Emerging,India
1550,13095,2026-08-02,Emerging,Other
1551,3489,2026-01-10,Emerging,United States
1552,7861,2026-06-15,Emerging,India
1553,4603,2026-03-23,Emerging,United Kingdom
1554,13441,2026-07-21,Emerging,Nigeria
1555,5760,2026-03-10,Growing,Other
1556,11300,2026-08-10,Growing,Other
1557,14620,2026-03-18,Emerging,Canada
1558,4947,2026-05-18,Emerging,Nigeria
1559,4038,2026-08-13,Growing,India
1560,8035,2026-02-11,Emerging,Germany
1561,4825,2026-05-19,Emerging,Germany
1562,11914,2026-04-23,Top Creator,Canada
1563,14787,2026-06-18,Emerging,United States
1564,1475,2026-02-09,Emerging,United Kingdom
1565,13233,2026-04-02,Growing,India
1566,11870,2026-05-13,Growing,Nigeria
1567,13108,2026-06-21,Emerging,India
1568,5109,2026-06-10,Growing,Other
1569,9227,2026-04-27,Emerging,India
1570,5718,2026-01-06,Emerging,India
1571,9882,2026-02-05,Emerging,India
1572,2055,2026-06-19,Emerging,Other
1573,12719,2026-06-24,Emerging,Germany
1574,4398,2026-03-16,Emerging,Germany
1575,13876,2026-01-04,Established,India
1576,13475,2026-01-25,Emerging,Other
1577,2252,2026-07-06,Emerging,Canada
1578,1603,2026-06-11,Emerging,Other
1579,2314,2026-03-04,Growing,Other
1580,1602,2026-04-20,Growing,India
1581,10679,2026-04-22,Growing,Canada
1582,1995,2026-03-13,Emerging,United States
1583,1071,2026-05-24,Emerging,Germany
1584,9131,2026-06-01,Growing,United Kingdom
1585,13852,2026-05-26,Growing,Nigeria
1586,3356,2026-04-15,Emerging,United States
1587,14946,2026-02-05,Emerging,Other
1588,3326,2026-02-20,Established,United Kingdom
1589,13137,2026-02-06,Emerging,Other
1590,2103,2026-04-02,Established,United States
1591,3612,2026-05-23,Emerging,United States
1592,9590,2026-05-23,Emerging,Germany
1593,12149,2026-07-21,Emerging,India
1594,12203,2026-07-05,Emerging,United Kingdom
1595,638,2026-01-01,Growing,India
1596,11114,2026-03-30,Growing,United States
1597,14260,2026-07-25,Emerging,United Kingdom
1598,12320,2026-01-24,Emerging,Canada
1599,6366,2026-02-24,Emerging,India
1600,1561,2026-08-10,Established,United States
1601,6614,2026-03-12,Emerging,India
1602,9111,2026-03-17,Emerging,India
1603,13628,2026-05-06,Emerging,United States
1604,5854,2026-03-26,Growing,Canada
1605,8518,2026-05-14,Established,India
1606,8686,2026-04-04,Emerging,India
1607,3499,2026-01-13,Emerging,Germany
1608,14389,2026-05-18,Emerging,United Kingdom
1609,467,2026-03-08,Emerging,Other
1610,8873,2026-03-06,Emerging,Germany
1611,276,2026-05-06,Emerging,Other
1612,13352,2026-01-04,Established,United States
1613,3014,2026-01-23,Established,Canada
1614,4206,2026-01-06,Growing,Other
1615,1940,2026-01-16,Growing,Other
1616,9794,2026-04-18,Emerging,India
1617,4822,2026-03-05,Emerging,India
1618,2909,2026-01-11,Growing,United States
1619,7355,2026-05-23,Growing,United Kingdom
1620,5870,2026-07-15,Growing,Other
1621,4957,2026-01-24,Growing,Nigeria
1622,9765,2026-01-30,Established,United States
1623,7754,2026-07-30,Growing,India
1624,11190,2026-08-15,Emerging,Nigeria
1625,1517,2026-08-07,Emerging,United States
1626,6525,2026-02-08,Emerging,Canada
1627,3173,2026-07-09,Growing,Nigeria
1628,11946,2026-04-11,Emerging,India
1629,4842,2026-07-17,Emerging,United Kingdom
1630,2303,2026-07-25,Top Creator,Other
1631,9994,2026-08-05,Emerging,United States
1632,5518,2026-03-05,Emerging,Other
1633,268,2026-08-08,Emerging,Other
1634,12534,2026-04-20,Established,India
1635,9367,2026-04-30,Growing,India
1636,12695,2026-06-09,Growing,United States
1637,12912,2026-01-15,Emerging,Other
1638,3271,2026-02-17,Established,Canada
1639,4866,2026-04-11,Emerging,United States
1640,7916,2026-07-06,Emerging,United Kingdom
1641,7458,2026-06-16,Emerging,India
1642,1166,2026-08-19,Emerging,India
1643,14477,2026-02-04,Emerging,United States
1644,3844,2026-01-06,Established,India
1645,12663,2026-07-27,Emerging,Canada
1646,8485,2026-06-26,Established,India
1647,5374,2026-01-03,Growing,United States
1648,11743,2026-01-28,Emerging,India
1649,8576,2026-02-10,Established,India
1650,5083,2026-03-09,Growing,India
1651,12098,2026-01-31,Growing,India
1652,4805,2026-08-11,Emerging,India
1653,5853,2026-02-07,Growing,United Kingdom
1654,1009,2026-05-25,Emerging,Nigeria
1655,10649,2026-07-25,Emerging,United States
1656,5060,2026-03-16,Emerging,United States
1657,13109,2026-05-18,Emerging,Other
1658,2973,2026-01-03,Growing,Canada
1659,3971,2026-06-12,Growing,Nigeria
1660,14409,2026-05-27,Emerging,Other
1661,14840,2026-06-11,Growing,Canada
1662,7046,2026-01-17,Emerging,Other
1663,3491,2026-05-08,Emerging,United Kingdom
1664,13415,2026-03-11,Emerging,Nigeria
1665,1303,2026-04-04,Growing,India
1666,4052,2026-02-04,Growing,India
1667,2072,2026-05-26,Emerging,United States
1668,12152,2026-02-15,Emerging,United Kingdom
1669,8621,2026-02-05,Emerging,India
1670,3498,2026-04-22,Growing,United States
1671,9324,2026-08-16,Established,India
1672,3793,2026-05-05,Growing,Canada
1673,1784,2026-02-02,Emerging,United Kingdom
1674,8432,2026-03-26,Emerging,Nigeria
1675,6383,2026-03-24,Top Creator,Germany
1676,1755,2026-03-05,Established,United Kingdom
1677,12522,2026-01-21,Top Creator,Other
1678,7584,2026-02-27,Growing,Germany
1679,7513,2026-01-25,Emerging,Other
1680,7961,2026-02-02,Established,Canada
1681,6242,2026-05-05,Established,India
1682,7254,2026-04-22,Emerging,United Kingdom
1683,3020,2026-07-31,Growing,India
1684,7987,2026-06-20,Established,India
1685,8801,2026-03-13,Established,India
1686,14870,2026-01-15,Growing,India
1687,4882,2026-02-06,Emerging,Germany
1688,5034,2026-02-28,Growing,India
1689,2359,2026-06-17,Emerging,United Kingdom
1690,7478,2026-03-06,Emerging,Nigeria
1691,9959,2026-06-13,Emerging,India
1692,7045,2026-01-17,Emerging,Germany
1693,14641,2026-02-18,Emerging,India
1694,14668,2026-08-13,Emerging,India
1695,10758,2026-02-24,Emerging,Canada
1696,2151,2026-04-14,Growing,India
1697,7649,2026-01-31,Growing,India
1698,9458,2026-05-16,Growing,India
1699,376,2026-05-26,Growing,United States
1700,14621,2026-05-07,Growing,United States
1701,14843,2026-03-02,Emerging,India
1702,13340,2026-04-20,Emerging,Nigeria
1703,1874,2026-03-13,Emerging,United States
1704,12134,2026-01-16,Established,United States
1705,7590,2026-06-13,Growing,Other
1706,6094,2026-07-25,Emerging,United States
1707,1043,2026-05-13,Growing,Germany
1708,3344,2026-04-14,Emerging,Nigeria
1709,5571,2026-04-30,Emerging,United States
1710,13570,2026-04-29,Emerging,Other
1711,10287,2026-03-23,Emerging,Other
1712,1079,2026-04-06,Emerging,Germany
1713,12668,2026-05-08,Top Creator,India
1714,13417,2026-04-28,Growing,Germany
1715,2921,2026-05-26,Growing,Canada
1716,5314,2026-04-26,Growing,Nigeria
1717,6588,2026-05-25,Emerging,Nigeria
1718,11849,2026-08-18,Top Creator,United States
1719,2986,2026-04-26,Top Creator,United Kingdom
1720,2484,2026-06-01,Growing,India
1721,13658,2026-05-15,Emerging,Canada
1722,13346,2026-03-27,Established,Other
1723,9819,2026-06-24,Emerging,Germany
1724,7058,2026-03-13,Growing,United Kingdom
1725,13385,2026-08-18,Emerging,India
1726,14376,2026-03-06,Emerging,India
1727,14096,2026-08-02,Established,Nigeria
1728,7538,2026-03-30,Established,United States
1729,6025,2026-06-09,Established,United States
1730,11737,2026-05-25,Emerging,India
1731,10,2026-05-02,Emerging,Nigeria
1732,7211,2026-05-12,Established,United States
1733,6843,2026-01-13,Emerging,United Kingdom
1734,2843,2026-01-07,Growing,United Kingdom
1735,2163,2026-03-15,Emerging,India
1736,5810,2026-02-25,Emerging,Nigeria
1737,14205,2026-01-15,Established,Germany
1738,1417,2026-05-16,Emerging,United States
1739,3200,2026-08-15,Growing,United States
1740,9833,2026-03-08,Emerging,Other
1741,12646,2026-03-09,Emerging,India
1742,6737,2026-01-13,Emerging,Canada
1743,10591,2026-03-31,Growing,Canada
1744,3687,2026-08-08,Top Creator,United States
1745,11584,2026-01-06,Established,Nigeria
1746,14468,2026-05-25,Growing,Germany
1747,3398,2026-08-01,Growing,United States
1748,11083,2026-02-04,Established,India
1749,1639,2026-06-14,Emerging,Other
1750,5360,2026-02-26,Growing,United States
1751,14484,2026-06-25,Established,India
1752,2778,2026-03-11,Growing,United States
1753,9904,2026-01-12,Emerging,United Kingdom
1754,10475,2026-02-15,Growing,India
1755,13594,2026-08-16,Emerging,India
1756,2412,2026-03-25,Established,United States
1757,805,2026-03-27,Growing,Nigeria
1758,3367,2026-04-01,Established,United States
1759,4015,2026-07-05,Emerging,United States
1760,3240,2026-05-29,Top Creator,India
1761,14393,2026-08-16,Growing,Nigeria
1762,8735,2026-04-16,Growing,Other
1763,10170,2026-02-08,Growing,Other
1764,2817,2026-01-02,Emerging,United States
1765,7397,2026-06-13,Emerging,India
1766,11058,2026-03-26,Emerging,Germany
1767,11992,2026-08-13,Emerging,India
1768,8738,2026-08-16,Emerging,Germany
1769,1196,2026-01-06,Growing,United States
1770,9725,2026-07-25,Growing,Other
1771,8649,2026-08-09,Emerging,India
1772,14311,2026-05-27,Emerging,United States
1773,11643,2026-06-24,Emerging,India
1774,3703,2026-07-03,Established,India
1775,6284,2026-04-19,Emerging,Germany
1776,5110,2026-06-27,Emerging,United States
1777,2400,2026-07-23,Growing,United Kingdom
1778,6124,2026-05-16,Growing,India
1779,6807,2026-07-11,Emerging,United States
1780,5949,2026-06-09,Emerging,United States
1781,13856,2026-01-07,Emerging,United Kingdom
1782,6748,2026-05-23,Emerging,India
1783,3388,2026-06-02,Emerging,United Kingdom
1784,1562,2026-08-03,Emerging,Other
1785,4993,2026-01-27,Emerging,United States
1786,11508,2026-04-14,Emerging,United Kingdom
1787,1660,2026-03-23,Growing,Other
1788,5806,2026-07-01,Emerging,India
1789,8225,2026-06-22,Established,United Kingdom
1790,13456,2026-06-10,Established,United Kingdom
1791,10520,2026-08-03,Established,Nigeria
1792,10742,2026-04-20,Emerging,India
1793,11374,2026-03-19,Emerging,Nigeria
1794,10921,2026-05-11,Emerging,United Kingdom
1795,3712,2026-06-10,Established,Other
1796,4117,2026-04-20,Growing,United Kingdom
1797,270,2026-03-28,Emerging,India
1798,9213,2026-01-16,Emerging,India
1799,9237,2026-02-22,Emerging,India
1800,12551,2026-01-23,Established,Other
1801,2214,2026-02-27,Growing,India
1802,4118,2026-03-27,Growing,India
1803,420,2026-04-07,Emerging,United States
1804,3728,2026-06-03,Growing,Other
1805,4155,2026-03-28,Emerging,Other
1806,14395,2026-06-21,Growing,United States
1807,11882,2026-05-03,Established,United Kingdom
1808,1645,2026-06-25,Growing,United States
1809,10020,2026-02-10,Emerging,India
1810,7230,2026-01-03,Established,United States
1811,2335,2026-02-14,Emerging,Nigeria
1812,10071,2026-08-18,Emerging,United States
1813,6311,2026-07-02,Growing,United Kingdom
1814,3894,2026-06-09,Emerging,India
1815,4090,2026-03-02,Emerging,India
1816,1326,2026-04-03,Emerging,United States
1817,12391,2026-05-17,Growing,Germany
1818,6085,2026-07-11,Emerging,United States
1819,14983,2026-07-18,Emerging,United Kingdom
1820,6914,2026-06-27,Emerging,India
1821,14536,2026-08-20,Growing,India
1822,4506,2026-02-22,Emerging,United Kingdom
1823,14200,2026-05-11,Top Creator,Nigeria
1824,9821,2026-02-26,Growing,United States
1825,12499,2026-02-17,Emerging,United States
1826,1179,2026-08-21,Growing,Other
1827,1414,2026-07-03,Emerging,India
1828,7481,2026-06-30,Established,Other
1829,7633,2026-05-25,Emerging,United States
1830,11440,2026-05-31,Emerging,India
1831,7940,2026-06-30,Growing,United Kingdom
1832,13144,2026-04-11,Emerging,India
1833,7359,2026-06-29,Growing,India
1834,538,2026-01-08,Established,Other
1835,14821,2026-07-19,Growing,Canada
1836,12772,2026-02-22,Emerging,India
1837,4080,2026-03-14,Established,India
1838,11135,2026-06-18,Emerging,India
1839,2268,2026-01-25,Emerging,Other
1840,12061,2026-06-06,Growing,India
1841,2183,2026-01-12,Emerging,United Kingdom
1842,11679,2026-06-26,Growing,India
1843,11621,2026-05-19,Growing,India
1844,9176,2026-08-06,Established,Nigeria
1845,14444,2026-06-04,Emerging,Other
1846,1349,2026-03-13,Emerging,India
1847,10122,2026-02-08,Emerging,United States
1848,7711,2026-07-07,Growing,India
1849,1915,2026-01-16,Growing,United States
1850,13322,2026-08-14,Emerging,Germany
1851,14772,2026-04-03,Emerging,Nigeria
1852,324,2026-04-14,Emerging,Canada
1853,10309,2026-07-21,Growing,Germany
1854,13201,2026-06-12,Established,United States
1855,12097,2026-07-25,Emerging,India
1856,1650,2026-06-10,Emerging,Nigeria
1857,2126,2026-01-23,Growing,Canada
1858,6579,2026-01-09,Emerging,United States
1859,4695,2026-01-04,Emerging,India
1860,2604,2026-01-29,Growing,Canada
1861,5018,2026-08-16,Emerging,India
1862,7978,2026-01-02,Established,United States
1863,13156,2026-03-02,Emerging,Other
1864,13642,2026-02-23,Emerging,India
1865,2341,2026-01-11,Established,India
1866,9343,2026-01-20,Emerging,United States
1867,11752,2026-06-19,Growing,Other
1868,4565,2026-05-19,Emerging,United States
1869,10004,2026-02-11,Growing,India
1870,14929,2026-07-05,Emerging,United States
1871,11248,2026-01-26,Emerging,India
1872,1174,2026-07-31,Emerging,United States
1873,9304,2026-05-10,Growing,India
1874,3865,2026-03-13,Growing,United Kingdom
1875,10880,2026-03-13,Top Creator,United States
1876,13849,2026-05-31,Growing,India
1877,1951,2026-08-10,Emerging,United Kingdom
1878,10177,2026-04-01,Emerging,India
1879,8343,2026-06-11,Growing,United States
1880,66,2026-01-09,Established,United States
1881,2391,2026-05-14,Growing,India
1882,4968,2026-04-12,Emerging,Nigeria
1883,12255,2026-08-18,Established,India
1884,7387,2026-05-21,Emerging,India
1885,10651,2026-05-23,Emerging,United Kingdom
1886,5621,2026-07-16,Emerging,Nigeria
1887,10029,2026-06-28,Emerging,United States
1888,1911,2026-06-02,Growing,India
1889,10100,2026-08-21,Emerging,India
1890,188,2026-08-10,Emerging,United Kingdom
1891,11766,2026-01-31,Emerging,India
1892,8921,2026-07-24,Growing,Other
1893,12,2026-08-03,Emerging,India
1894,2677,2026-07-15,Emerging,Other
1895,8618,2026-01-27,Emerging,United States
1896,10292,2026-02-04,Emerging,Germany
1897,11394,2026-05-20,Growing,Nigeria
1898,7848,2026-07-27,Emerging,India
1899,9550,2026-03-31,Emerging,Canada
1900,3019,2026-01-05,Growing,United States
1901,12913,2026-07-12,Emerging,United States
1902,9506,2026-06-18,Established,Nigeria
1903,7044,2026-06-24,Growing,India
1904,7761,2026-07-25,Emerging,India
1905,12382,2026-03-14,Emerging,Canada
1906,12914,2026-05-30,Established,Nigeria
1907,8797,2026-01-20,Growing,India
1908,12099,2026-08-07,Growing,Other
1909,13510,2026-06-19,Growing,United Kingdom
1910,13812,2026-08-05,Emerging,India
1911,5956,2026-06-11,Emerging,India
1912,3716,2026-05-07,Emerging,Nigeria
1913,5771,2026-06-10,Growing,United States
1914,10838,2026-01-12,Established,Other
1915,13362,2026-01-10,Emerging,India
1916,8086,2026-06-18,Emerging,United States
1917,3641,2026-03-10,Top Creator,India
1918,11952,2026-08-01,Emerging,India
1919,12044,2026-07-18,Emerging,India
1920,3938,2026-07-08,Emerging,Other
1921,4568,2026-01-05,Emerging,Canada
1922,7096,2026-03-04,Emerging,United States
1923,6368,2026-07-29,Emerging,Other
1924,10107,2026-06-20,Emerging,United States
1925,8005,2026-04-03,Growing,India
1926,11722,2026-08-19,Growing,India
1927,6245,2026-06-12,Established,Other
1928,10005,2026-04-12,Established,Other
1929,8479,2026-08-05,Established,United Kingdom
1930,14160,2026-02-10,Emerging,United Kingdom
1931,818,2026-06-16,Emerging,Germany
1932,13063,2026-03-13,Emerging,United Kingdom
1933,11254,2026-05-02,Emerging,United States
1934,392,2026-02-17,Emerging,United States
1935,11095,2026-05-04,Growing,Canada
1936,9080,2026-02-16,Growing,India
1937,13648,2026-01-02,Emerging,Other
1938,1155,2026-04-25,Growing,Germany
1939,9454,2026-05-20,Emerging,United States
1940,14358,2026-04-29,Emerging,United States
1941,8941,2026-03-21,Emerging,Germany
1942,13636,2026-06-07,Top Creator,Other
1943,1260,2026-01-19,Established,United States
1944,4618,2026-04-23,Emerging,United States
1945,8832,2026-05-02,Established,Nigeria
1946,2156,2026-03-29,Emerging,Germany
1947,446,2026-04-03,Growing,United States
1948,2124,2026-02-27,Emerging,India
1949,14273,2026-04-19,Growing,Canada
1950,4745,2026-02-22,Emerging,India
1951,1912,2026-05-21,Emerging,India
1952,2624,2026-02-19,Emerging,United Kingdom
1953,10854,2026-01-23,Emerging,Nigeria
1954,1254,2026-02-13,Growing,United Kingdom
1955,6143,2026-04-02,Growing,Other
1956,10368,2026-04-27,Emerging,Germany
1957,8319,2026-07-09,Top Creator,United States
1958,2608,2026-07-17,Top Creator,India
1959,1422,2026-03-17,Emerging,Nigeria
1960,5155,2026-02-17,Emerging,Nigeria
1961,2839,2026-02-05,Growing,India
1962,867,2026-01-20,Emerging,United States
1963,5216,2026-08-04,Emerging,United Kingdom
1964,4397,2026-04-14,Emerging,Canada
1965,799,2026-06-14,Growing,India
1966,9205,2026-02-15,Emerging,India
1967,5082,2026-04-14,Emerging,India
1968,3051,2026-03-16,Growing,India
1969,2947,2026-03-14,Established,India
1970,11747,2026-08-11,Growing,Nigeria
1971,3630,2026-04-04,Emerging,United Kingdom
1972,13355,2026-01-18,Emerging,India
1973,7389,2026-03-03,Emerging,United States
1974,11105,2026-06-27,Growing,India
1975,2845,2026-05-09,Emerging,India
1976,6670,2026-05-11,Growing,India
1977,4236,2026-04-07,Established,United States
1978,2746,2026-04-09,Emerging,United Kingdom
1979,8099,2026-04-23,Growing,Germany
1980,13043,2026-05-24,Growing,India
1981,9656,2026-02-28,Growing,United States
1982,196,2026-01-13,Established,Nigeria
1983,8060,2026-05-27,Emerging,United States
1984,6596,2026-03-22,Emerging,Nigeria
1985,7896,2026-07-20,Emerging,United States
1986,12703,2026-08-18,Emerging,United Kingdom
1987,1122,2026-01-26,Emerging,India
1988,14000,2026-01-10,Established,United Kingdom
1989,9843,2026-08-01,Emerging,United States
1990,14804,2026-01-23,Emerging,Other
1991,5412,2026-02-28,Growing,United Kingdom
1992,1994,2026-02-28,Growing,India
1993,1264,2026-04-23,Growing,United States
1994,7548,2026-08-14,Emerging,Nigeria
1995,4598,2026-07-28,Emerging,Other
1996,12929,2026-08-07,Emerging,India
1997,8290,2026-04-02,Top Creator,United States
1998,6856,2026-01-28,Top Creator,Canada
1999,5708,2026-06-13,Emerging,Other
2000,12729,2026-03-16,Growing,India
2001,7245,2026-06-24,Growing,United States
2002,3862,2026-06-13,Emerging,India
2003,3601,2026-07-22,Growing,United States
2004,14708,2026-05-15,Emerging,Canada
2005,8445,2026-07-02,Emerging,Other
2006,12804,2026-03-18,Established,Canada
2007,252,2026-03-03,Growing,India
2008,12726,2026-07-27,Growing,India
2009,13857,2026-04-07,Emerging,Nigeria
2010,4152,2026-03-06,Emerging,India
2011,9125,2026-04-28,Emerging,United States
2012,3103,2026-02-23,Established,Germany
2013,2553,2026-02-16,Emerging,Nigeria
2014,1129,2026-07-26,Emerging,Other
2015,1948,2026-03-25,Emerging,Canada
2016,12506,2026-07-23,Emerging,United States
2017,7678,2026-06-21,Emerging,Nigeria
2018,11219,2026-06-20,Established,Other
2019,2745,2026-01-11,Emerging,Other
2020,3559,2026-02-24,Growing,India
2021,5304,2026-06-03,Emerging,United States
2022,14811,2026-01-31,Emerging,India
2023,8926,2026-01-26,Emerging,Nigeria
2024,8907,2026-04-15,Growing,United States
2025,7523,2026-04-28,Growing,Nigeria
2026,786,2026-08-18,Growing,United Kingdom
2027,14975,2026-08-06,Growing,United States
2028,12781,2026-06-17,Emerging,United States
2029,5316,2026-08-09,Emerging,United Kingdom
2030,11088,2026-01-22,Emerging,India
2031,14410,2026-05-05,Emerging,United Kingdom
2032,4138,2026-01-20,Growing,Germany
2033,5011,2026-02-26,Emerging,India
2034,10826,2026-06-18,Emerging,India
2035,7731,2026-07-04,Emerging,India
2036,9376,2026-02-02,Emerging,United States
2037,11209,2026-03-21,Growing,India
2038,8687,2026-05-14,Emerging,Nigeria
2039,9766,2026-08-01,Emerging,Germany
2040,12303,2026-05-29,Established,India
2041,3268,2026-05-09,Established,India
2042,8369,2026-05-05,Established,United States
2043,8774,2026-01-07,Emerging,India
2044,2278,2026-06-23,Growing,Nigeria
2045,8487,2026-04-12,Emerging,United States
2046,1391,2026-07-04,Emerging,Nigeria
2047,2976,2026-05-10,Growing,Nigeria
2048,1870,2026-01-07,Growing,Nigeria
2049,8667,2026-03-26,Emerging,United Kingdom
2050,801,2026-03-24,Growing,India
2051,4956,2026-04-12,Growing,Other
2052,4837,2026-05-23,Growing,India
2053,12878,2026-08-18,Established,United States
2054,5211,2026-08-08,Growing,Nigeria
2055,6934,2026-08-02,Emerging,United Kingdom
2056,486,2026-02-12,Emerging,Germany
2057,12657,2026-01-19,Emerging,United States
2058,10278,2026-02-08,Emerging,India
2059,4245,2026-02-23,Growing,Other
2060,4597,2026-07-11,Emerging,Nigeria
2061,10751,2026-08-05,Growing,Nigeria
2062,2135,2026-03-23,Growing,United States
2063,6725,2026-01-16,Emerging,United States
2064,12489,2026-03-03,Emerging,United States
2065,7082,2026-02-28,Emerging,Nigeria
2066,13741,2026-08-24,Emerging,India
2067,2471,2026-08-01,Emerging,India
2068,12599,2026-02-03,Growing,United States
2069,3305,2026-05-09,Emerging,India
2070,4625,2026-03-08,Emerging,Nigeria
2071,3209,2026-05-13,Emerging,Canada
2072,2885,2026-05-26,Emerging,United States
2073,11404,2026-05-15,Growing,Canada
2074,2255,2026-05-27,Growing,India
2075,9584,2026-02-20,Emerging,United Kingdom
2076,281,2026-06-09,Top Creator,India
2077,6802,2026-05-14,Growing,United States
2078,2556,2026-01-10,Emerging,Germany
2079,5024,2026-07-20,Emerging,United States
2080,6787,2026-07-09,Emerging,India
2081,9600,2026-05-26,Emerging,United States
2082,2294,2026-01-24,Growing,United States
2083,13252,2026-05-29,Emerging,India
2084,836,2026-04-15,Established,Canada
2085,11489,2026-05-12,Emerging,India
2086,3125,2026-07-15,Established,Canada
2087,12075,2026-07-18,Growing,United States
2088,9714,2026-01-16,Emerging,Other
2089,2599,2026-05-10,Emerging,United States
2090,6608,2026-07-10,Growing,Nigeria
2091,7712,2026-06-12,Emerging,Germany
2092,12392,2026-04-15,Emerging,India
2093,7884,2026-07-07,Established,Canada
2094,5069,2026-08-24,Top Creator,United States
2095,13468,2026-03-06,Growing,United Kingdom
2096,5352,2026-04-26,Growing,India
2097,1701,2026-07-13,Emerging,India
2098,6994,2026-01-30,Emerging,Other
2099,4834,2026-07-15,Growing,Germany
2100,9636,2026-01-01,Emerging,India
2101,14482,2026-03-09,Emerging,India
2102,9640,2026-01-17,Growing,Nigeria
2103,4504,2026-04-19,Emerging,United States
2104,7704,2026-03-11,Growing,Germany
2105,13391,2026-01-26,Emerging,India
2106,6453,2026-07-06,Emerging,Canada
2107,6340,2026-05-19,Growing,United States
2108,4438,2026-06-11,Growing,Nigeria
2109,5048,2026-06-21,Emerging,Canada
2110,6278,2026-01-31,Established,United Kingdom
2111,605,2026-08-17,Emerging,Nigeria
2112,3239,2026-07-10,Emerging,United Kingdom
2113,1671,2026-04-29,Emerging,United States
2114,3105,2026-06-13,Emerging,United Kingdom
2115,13047,2026-06-21,Emerging,India
2116,3530,2026-01-24,Growing,Germany
2117,5443,2026-03-29,Growing,United Kingdom
2118,5591,2026-05-15,Established,Nigeria
2119,14776,2026-01-08,Established,Nigeria
2120,11109,2026-03-17,Top Creator,Other
2121,8221,2026-01-16,Growing,Nigeria
2122,1662,2026-05-09,Emerging,India
2123,14625,2026-03-29,Emerging,United States
2124,14056,2026-02-02,Emerging,Germany
2125,3138,2026-03-19,Emerging,India
2126,59,2026-03-14,Growing,United States
2127,4420,2026-01-19,Growing,India
2128,6078,2026-06-22,Emerging,Germany
2129,12705,2026-07-01,Established,India
2130,9841,2026-04-19,Growing,United States
2131,7015,2026-07-05,Emerging,Other
2132,5149,2026-08-24,Emerging,Other
2133,2399,2026-04-24,Emerging,India
2134,846,2026-02-25,Emerging,United States
2135,12991,2026-05-28,Established,Canada
2136,14773,2026-06-12,Growing,Other
2137,9272,2026-01-14,Emerging,Germany
2138,2919,2026-01-07,Emerging,United States
2139,7010,2026-05-02,Growing,Canada
2140,5847,2026-01-03,Established,Canada
2141,13086,2026-07-26,Emerging,United States
2142,6041,2026-06-28,Emerging,United States
2143,6928,2026-05-02,Established,Canada
2144,3638,2026-02-04,Growing,Nigeria
2145,50,2026-02-20,Established,United States
2146,15,2026-03-29,Emerging,United States
2147,5855,2026-06-06,Growing,Other
2148,12473,2026-05-14,Emerging,Nigeria
2149,11675,2026-01-12,Growing,India
2150,11406,2026-06-05,Emerging,India
2151,12260,2026-07-17,Growing,Nigeria
2152,13823,2026-03-18,Emerging,Other
2153,7492,2026-02-09,Growing,United Kingdom
2154,9522,2026-03-06,Growing,United Kingdom
2155,7350,2026-05-04,Established,United Kingdom
2156,12692,2026-07-24,Growing,India
2157,4746,2026-02-08,Emerging,India
2158,582,2026-01-01,Growing,India
2159,14652,2026-03-12,Emerging,India
2160,7071,2026-02-18,Growing,United States
2161,7496,2026-07-14,Growing,Canada
2162,5735,2026-04-03,Emerging,Other
2163,2635,2026-03-25,Top Creator,India
2164,4112,2026-08-08,Emerging,Nigeria
2165,4334,2026-07-20,Emerging,Other
2166,2933,2026-01-19,Emerging,India
2167,1663,2026-02-16,Emerging,Germany
2168,6460,2026-03-14,Emerging,Other
2169,10262,2026-06-28,Emerging,United States
2170,8994,2026-07-27,Emerging,United States
2171,5555,2026-01-12,Growing,United Kingdom
2172,3751,2026-07-08,Emerging,Canada
2173,6437,2026-01-29,Growing,India
2174,2522,2026-04-29,Emerging,United States
2175,8702,2026-06-19,Established,Other
2176,13429,2026-05-08,Established,Nigeria
2177,2320,2026-05-19,Emerging,Germany
2178,10376,2026-03-26,Growing,India
2179,14657,2026-05-28,Growing,Nigeria
2180,12868,2026-04-04,Emerging,Canada
2181,4813,2026-03-28,Emerging,Other
2182,5938,2026-08-17,Growing,United States
2183,12863,2026-01-15,Emerging,India
2184,1989,2026-08-14,Established,United Kingdom
2185,13361,2026-05-04,Top Creator,Nigeria
2186,7988,2026-07-29,Emerging,Nigeria
2187,11359,2026-01-15,Growing,Other
2188,8757,2026-06-20,Emerging,India
2189,10276,2026-08-13,Established,Other
2190,838,2026-01-01,Growing,United States
2191,506,2026-05-22,Growing,Other
2192,7471,2026-05-20,Growing,Other
2193,12985,2026-06-01,Emerging,India
2194,14558,2026-05-15,Established,Nigeria
2195,9197,2026-01-23,Emerging,United Kingdom
2196,4067,2026-03-24,Emerging,United Kingdom
2197,3848,2026-03-30,Emerging,Nigeria
2198,12606,2026-04-04,Emerging,Nigeria
2199,7410,2026-02-19,Emerging,Germany
2200,12008,2026-08-22,Emerging,Nigeria
2201,2431,2026-05-21,Emerging,India
2202,25,2026-08-24,Emerging,India
2203,13145,2026-02-25,Emerging,Other
2204,14036,2026-07-06,Emerging,United Kingdom
2205,8103,2026-03-30,Established,Canada
2206,8699,2026-08-20,Growing,United Kingdom
2207,5159,2026-03-31,Emerging,United States
2208,5013,2026-01-12,Emerging,India
2209,12683,2026-08-05,Established,India
2210,1900,2026-06-17,Emerging,India
2211,1487,2026-07-01,Emerging,United States
2212,10148,2026-05-18,Established,Other
2213,10505,2026-08-06,Emerging,Nigeria
2214,10471,2026-04-26,Growing,United States
2215,11777,2026-04-09,Emerging,Canada
2216,2139,2026-03-18,Established,United Kingdom
2217,2748,2026-04-20,Emerging,India
2218,1214,2026-04-22,Top Creator,India
2219,10910,2026-03-20,Growing,India
2220,7068,2026-07-16,Emerging,United States
2221,7795,2026-06-03,Growing,Other
2222,12883,2026-06-06,Established,Germany
2223,2822,2026-03-30,Emerging,United States
2224,1334,2026-02-04,Established,India
2225,10178,2026-03-11,Emerging,India
2226,7969,2026-05-17,Emerging,Other
2227,8853,2026-02-21,Emerging,Canada
2228,6118,2026-08-14,Established,United States
2229,12197,2026-08-04,Top Creator,Nigeria
2230,13943,2026-08-22,Established,Other
2231,4292,2026-03-28,Emerging,United States
2232,4499,2026-06-14,Established,Canada
2233,4649,2026-06-18,Emerging,United Kingdom
2234,1574,2026-01-30,Emerging,United Kingdom
2235,7037,2026-07-28,Emerging,Nigeria
2236,6652,2026-08-10,Top Creator,India
2237,4478,2026-06-19,Growing,Nigeria
2238,8661,2026-07-25,Emerging,Nigeria
2239,6674,2026-02-28,Growing,United States
2240,13701,2026-01-01,Emerging,Nigeria
2241,13804,2026-06-10,Emerging,India
2242,3331,2026-04-04,Emerging,United Kingdom
2243,1377,2026-06-28,Emerging,Nigeria
2244,12812,2026-03-18,Emerging,India
2245,11007,2026-04-10,Growing,Other
2246,13161,2026-06-28,Emerging,United Kingdom
2247,1653,2026-05-27,Emerging,India
2248,10331,2026-08-01,Growing,United Kingdom
2249,9344,2026-08-04,Emerging,Other
2250,5845,2026-05-09,Emerging,India
2251,3407,2026-05-02,Emerging,India
2252,13635,2026-07-14,Emerging,India
2253,13241,2026-07-06,Emerging,India
2254,6454,2026-07-03,Emerging,India
2255,2686,2026-03-10,Emerging,United States
2256,3311,2026-01-17,Emerging,India
2257,5941,2026-01-18,Growing,India
2258,7209,2026-05-25,Emerging,United Kingdom
2259,14904,2026-05-06,Emerging,Germany
2260,12327,2026-07-24,Growing,Germany
2261,12893,2026-05-30,Growing,India
2262,10530,2026-04-11,Emerging,United Kingdom
2263,14455,2026-01-31,Growing,Other
2264,6690,2026-01-13,Growing,Other
2265,3116,2026-06-18,Emerging,Nigeria
2266,12227,2026-02-05,Established,Canada
2267,14901,2026-03-09,Emerging,India
2268,1157,2026-07-11,Emerging,United States
2269,5276,2026-02-28,Growing,Other
2270,11470,2026-03-13,Established,Nigeria
2271,7238,2026-04-23,Emerging,Nigeria
2272,10441,2026-03-15,Growing,United States
2273,5684,2026-06-03,Emerging,United States
2274,8296,2026-02-27,Emerging,United Kingdom
2275,14024,2026-01-08,Emerging,United Kingdom
2276,12371,2026-04-30,Established,India
2277,8529,2026-04-25,Emerging,United States
2278,13697,2026-07-15,Emerging,Germany
2279,7543,2026-03-17,Emerging,United Kingdom
2280,8595,2026-01-03,Emerging,United States
2281,1500,2026-02-22,Emerging,Germany
2282,2917,2026-03-05,Emerging,India
2283,6531,2026-08-12,Top Creator,India
2284,12607,2026-07-13,Emerging,Nigeria
2285,14754,2026-02-10,Emerging,India
2286,5300,2026-07-07,Emerging,United Kingdom
2287,5022,2026-04-21,Emerging,Nigeria
2288,10145,2026-03-12,Emerging,India
2289,12448,2026-08-19,Established,India
2290,631,2026-02-03,Established,Other
2291,11031,2026-08-04,Emerging,Nigeria
2292,8031,2026-06-09,Growing,India
2293,7630,2026-02-01,Growing,Canada
2294,14220,2026-08-08,Emerging,United States
2295,12281,2026-01-02,Emerging,United Kingdom
2296,10365,2026-07-19,Emerging,United States
2297,6689,2026-05-12,Emerging,Germany
2298,1430,2026-01-26,Emerging,United States
2299,3167,2026-03-24,Growing,United States
2300,883,2026-07-04,Growing,Other
2301,14346,2026-08-02,Emerging,Other
2302,9641,2026-04-22,Emerging,India
2303,1442,2026-02-16,Emerging,Other
2304,6727,2026-01-02,Growing,India
2305,4164,2026-04-15,Growing,Canada
2306,12933,2026-04-23,Growing,United States
2307,10303,2026-02-20,Growing,Nigeria
2308,2414,2026-05-12,Emerging,India
2309,13546,2026-02-15,Established,Nigeria
2310,5851,2026-05-09,Emerging,Other
2311,11688,2026-07-25,Emerging,Germany
2312,2040,2026-05-22,Emerging,United Kingdom
2313,3216,2026-03-20,Emerging,United States
2314,1936,2026-08-09,Emerging,Canada
2315,8081,2026-03-12,Growing,United Kingdom
2316,578,2026-05-20,Growing,United Kingdom
2317,4071,2026-06-19,Emerging,United States
2318,5271,2026-04-19,Emerging,Canada
2319,7106,2026-06-09,Growing,India
2320,6506,2026-05-11,Emerging,Other
2321,1459,2026-08-24,Growing,Canada
2322,3657,2026-02-08,Emerging,India
2323,14427,2026-08-13,Established,Germany
2324,14293,2026-07-02,Emerging,India
2325,2064,2026-08-04,Emerging,United States
2326,10082,2026-02-04,Growing,United States
2327,993,2026-02-08,Growing,India
2328,5408,2026-02-23,Emerging,Other
2329,13176,2026-01-30,Growing,India
2330,6486,2026-04-04,Emerging,India
2331,7758,2026-07-26,Emerging,Canada
2332,8263,2026-04-25,Growing,United States
2333,8723,2026-01-01,Emerging,India
2334,9755,2026-05-08,Established,India
2335,6973,2026-07-19,Emerging,Nigeria
2336,475,2026-05-31,Growing,Nigeria
2337,2342,2026-08-02,Emerging,Nigeria
2338,5915,2026-03-17,Emerging,Nigeria
2339,3061,2026-06-12,Growing,United Kingdom
2340,7351,2026-05-05,Emerging,Nigeria
2341,11763,2026-03-18,Growing,India
2342,6222,2026-07-26,Emerging,United States
2343,6966,2026-05-31,Emerging,India
2344,9153,2026-03-19,Emerging,Other
2345,3198,2026-07-10,Growing,Other
2346,11460,2026-02-22,Growing,United States
2347,1061,2026-02-12,Emerging,India
2348,12068,2026-03-11,Growing,Other
2349,10077,2026-03-09,Growing,Canada
2350,7190,2026-04-16,Growing,Other
2351,10181,2026-08-02,Emerging,Nigeria
2352,12131,2026-05-29,Growing,Other
2353,10909,2026-01-09,Emerging,Other
2354,9348,2026-05-09,Emerging,United States
2355,13334,2026-02-26,Established,United Kingdom
2356,6647,2026-07-10,Growing,India
2357,14038,2026-01-18,Growing,United States
2358,3561,2026-04-30,Emerging,Other
2359,5440,2026-03-22,Growing,Germany
2360,14113,2026-03-08,Emerging,United States
2361,8380,2026-05-12,Growing,Other
2362,5630,2026-03-12,Emerging,Other
2363,5597,2026-05-08,Emerging,Canada
2364,10673,2026-06-22,Established,Other
2365,5863,2026-02-16,Emerging,Other
2366,6972,2026-06-29,Growing,United Kingdom
2367,10975,2026-06-09,Emerging,India
2368,5127,2026-03-19,Growing,India
2369,9884,2026-06-22,Emerging,India
2370,6703,2026-05-23,Emerging,India
2371,7432,2026-08-22,Emerging,United Kingdom
2372,4594,2026-05-23,Established,India
2373,14023,2026-02-14,Emerging,Nigeria
2374,10809,2026-05-08,Emerging,United Kingdom
2375,2164,2026-08-21,Growing,Germany
2376,4539,2026-03-23,Emerging,Other
2377,10864,2026-06-10,Established,India
2378,11786,2026-06-16,Emerging,India
2379,4665,2026-01-30,Emerging,Nigeria
2380,10655,2026-06-06,Emerging,Canada
2381,8710,2026-08-02,Established,United States
2382,757,2026-05-03,Growing,India
2383,4294,2026-06-24,Growing,Canada
2384,6653,2026-07-14,Growing,United States
2385,1379,2026-02-11,Established,United Kingdom
2386,6400,2026-05-28,Established,India
2387,12006,2026-01-23,Established,United States
2388,12079,2026-05-07,Emerging,United States
2389,14782,2026-05-29,Emerging,Other
2390,2951,2026-03-11,Emerging,United States
2391,7292,2026-08-15,Established,United States
2392,5823,2026-04-17,Established,Other
2393,2787,2026-02-16,Growing,United States
2394,3394,2026-04-24,Emerging,Other
2395,12104,2026-06-13,Emerging,India
2396,4380,2026-03-14,Growing,United Kingdom
2397,11891,2026-04-28,Emerging,United States
2398,1926,2026-05-21,Growing,Nigeria
2399,13777,2026-03-29,Emerging,India
2400,7179,2026-07-16,Emerging,Nigeria
2401,5828,2026-04-08,Established,India
2402,14907,2026-08-17,Emerging,United States
2403,12146,2026-03-20,Established,Canada
2404,7184,2026-04-18,Emerging,India
2405,13681,2026-01-23,Emerging,India
2406,3369,2026-01-02,Established,United States
2407,7689,2026-01-16,Growing,United States
2408,10119,2026-03-10,Established,United States
2409,4660,2026-01-08,Growing,India
2410,13726,2026-01-17,Growing,India
2411,11144,2026-07-16,Established,United States
2412,6436,2026-01-08,Emerging,India
2413,7858,2026-02-16,Emerging,Other
2414,4429,2026-08-07,Emerging,Nigeria
2415,14318,2026-08-17,Established,India
2416,7226,2026-04-22,Growing,Nigeria
2417,1200,2026-08-14,Emerging,India
2418,1887,2026-04-13,Emerging,Nigeria
2419,5041,2026-04-08,Emerging,Germany
2420,7224,2026-07-31,Growing,India
2421,65,2026-01-14,Growing,United States
2422,12172,2026-07-10,Established,United States
2423,1465,2026-03-13,Growing,Other
2424,14643,2026-07-20,Emerging,United States
2425,12429,2026-04-17,Growing,Nigeria
2426,6640,2026-02-08,Emerging,United Kingdom
2427,10981,2026-06-15,Growing,India
2428,11732,2026-04-29,Emerging,Germany
2429,14944,2026-07-20,Emerging,United States
2430,7972,2026-01-29,Emerging,United Kingdom
2431,8468,2026-07-07,Established,United States
2432,7103,2026-05-28,Emerging,India
2433,14304,2026-05-10,Growing,United States
2434,13928,2026-06-16,Emerging,Canada
2435,10629,2026-04-16,Emerging,United States
2436,3860,2026-08-08,Established,Canada
2437,3783,2026-01-02,Emerging,India
2438,13418,2026-07-17,Emerging,Nigeria
2439,8212,2026-08-15,Emerging,India
2440,13193,2026-08-13,Growing,United Kingdom
2441,5430,2026-06-02,Emerging,India
2442,14355,2026-06-25,Emerging,India
2443,6508,2026-05-06,Growing,United Kingdom
2444,13248,2026-02-12,Established,India
2445,14826,2026-08-24,Emerging,United States
2446,3183,2026-01-17,Growing,United States
2447,1032,2026-07-10,Growing,United States
2448,7265,2026-03-19,Emerging,India
2449,14666,2026-04-21,Growing,India
2450,9767,2026-02-18,Emerging,United States
2451,11147,2026-01-16,Established,India
2452,547,2026-04-19,Emerging,United States
2453,14107,2026-04-10,Growing,Nigeria
2454,10945,2026-03-04,Emerging,Other
2455,4435,2026-03-05,Established,Other
2456,3714,2026-01-07,Emerging,Germany
2457,1763,2026-04-25,Growing,India
2458,5095,2026-07-07,Established,United Kingdom
2459,12535,2026-06-25,Emerging,Nigeria
2460,14387,2026-06-22,Established,India
2461,11733,2026-02-05,Growing,India
2462,10284,2026-06-13,Emerging,India
2463,1713,2026-08-03,Emerging,United States
2464,3724,2026-06-25,Growing,Other
2465,5698,2026-06-07,Emerging,Germany
2466,6723,2026-08-05,Emerging,India
2467,3931,2026-01-25,Established,United States
2468,4388,2026-02-01,Established,United States
2469,4790,2026-07-29,Emerging,India
2470,6542,2026-03-29,Emerging,India
2471,1298,2026-07-22,Established,India
2472,6297,2026-07-22,Growing,United Kingdom
2473,1135,2026-08-06,Growing,Other
2474,12116,2026-01-06,Emerging,India
2475,14079,2026-05-24,Growing,India
2476,7973,2026-06-10,Growing,United Kingdom
2477,14529,2026-08-23,Emerging,Nigeria
2478,13120,2026-02-22,Growing,Nigeria
2479,851,2026-02-27,Emerging,Germany
2480,8312,2026-01-19,Growing,India
2481,2609,2026-08-17,Emerging,India
2482,14714,2026-04-12,Emerging,Canada
2483,3738,2026-03-10,Emerging,United States
2484,2971,2026-05-05,Emerging,India
2485,11976,2026-05-09,Emerging,United States
2486,8846,2026-02-26,Emerging,India
2487,4493,2026-05-25,Growing,Other
2488,8533,2026-05-11,Emerging,Canada
2489,4689,2026-01-23,Emerging,United States
2490,2866,2026-05-01,Established,India
2491,7007,2026-05-05,Emerging,Other
2492,10371,2026-08-18,Emerging,India
2493,10054,2026-01-04,Emerging,Other
2494,6672,2026-03-17,Established,United States
2495,11862,2026-08-23,Emerging,India
2496,9559,2026-01-28,Emerging,Other
2497,7214,2026-03-22,Growing,United States
2498,10931,2026-04-13,Growing,Canada
2499,2144,2026-08-12,Established,Nigeria
2500,13894,2026-01-12,Growing,United States
2501,4223,2026-02-25,Emerging,Other
2502,926,2026-02-16,Growing,Germany
2503,7555,2026-06-28,Emerging,Other
2504,6917,2026-08-03,Growing,United Kingdom
2505,6491,2026-06-27,Growing,United Kingdom
2506,9788,2026-07-09,Growing,United States
2507,2997,2026-02-24,Emerging,Nigeria
2508,11713,2026-08-13,Emerging,United Kingdom
2509,14159,2026-05-05,Emerging,United States
2510,8084,2026-04-12,Top Creator,India
2511,12078,2026-08-13,Emerging,United States
2512,6116,2026-06-08,Growing,United States
2513,3485,2026-04-16,Emerging,India
2514,14062,2026-01-16,Emerging,Other
2515,1000,2026-02-19,Emerging,India
2516,13558,2026-05-15,Growing,United States
2517,4738,2026-04-30,Growing,United Kingdom
2518,3580,2026-02-27,Growing,United Kingdom
2519,2137,2026-01-02,Growing,Other
2520,8115,2026-07-16,Emerging,India
2521,11070,2026-06-18,Growing,India
2522,9474,2026-03-17,Growing,United States
2523,9062,2026-05-25,Growing,Nigeria
2524,10301,2026-07-14,Growing,United States
2525,13780,2026-01-29,Emerging,Other
2526,1840,2026-08-03,Established,India
2527,11444,2026-08-02,Top Creator,Nigeria
2528,8392,2026-04-21,Growing,Other
2529,13955,2026-02-20,Emerging,India
2530,12258,2026-02-12,Emerging,Nigeria
2531,9573,2026-03-16,Emerging,India
2532,3469,2026-04-21,Emerging,United States
2533,13953,2026-05-11,Top Creator,Germany
2534,14206,2026-08-20,Emerging,India
2535,3951,2026-07-13,Growing,Other
2536,5765,2026-07-22,Established,United Kingdom
2537,6878,2026-01-31,Established,Nigeria
2538,10369,2026-07-18,Growing,United Kingdom
2539,842,2026-07-09,Emerging,United Kingdom
2540,1014,2026-08-17,Emerging,India
2541,6343,2026-07-02,Established,United Kingdom
2542,14830,2026-01-23,Established,Canada
2543,2372,2026-05-30,Emerging,United Kingdom
2544,470,2026-01-24,Emerging,India
2545,10050,2026-01-07,Growing,Other
2546,6084,2026-01-20,Emerging,India
2547,1054,2026-02-03,Emerging,India
2548,4100,2026-03-30,Established,India
2549,1225,2026-05-11,Emerging,India
2550,13861,2026-05-05,Growing,United States
2551,930,2026-02-25,Emerging,India
2552,2911,2026-07-20,Growing,United States
2553,3402,2026-06-23,Growing,United States
2554,8393,2026-01-02,Emerging,India
2555,10903,2026-03-30,Emerging,Germany
2556,299,2026-04-07,Emerging,India
2557,8476,2026-04-15,Growing,Canada
2558,14289,2026-02-17,Emerging,India
2559,4246,2026-05-06,Emerging,United Kingdom
2560,8884,2026-06-30,Emerging,United States
2561,2657,2026-07-12,Emerging,Nigeria
2562,532,2026-01-15,Emerging,Other
2563,12935,2026-03-12,Growing,Nigeria
2564,14788,2026-07-13,Growing,Nigeria
2565,1853,2026-08-21,Emerging,India
2566,1626,2026-04-02,Established,India
2567,8545,2026-08-10,Emerging,India
2568,3626,2026-01-03,Growing,Other
2569,7766,2026-01-11,Growing,Nigeria
2570,10823,2026-06-06,Established,India
2571,3354,2026-03-09,Established,United States
2572,4445,2026-01-31,Growing,United Kingdom
2573,2417,2026-01-22,Growing,Canada
2574,11717,2026-04-13,Growing,United States
2575,9700,2026-02-24,Emerging,United States
2576,6546,2026-01-22,Emerging,United States
2577,10091,2026-03-19,Emerging,Other
2578,4017,2026-02-16,Emerging,Germany
2579,8053,2026-02-04,Growing,United Kingdom
2580,13612,2026-06-17,Established,Other
2581,12239,2026-01-31,Growing,India
2582,12598,2026-07-21,Established,India
2583,5241,2026-03-30,Emerging,India
2584,7356,2026-08-16,Established,Nigeria
2585,5050,2026-01-04,Emerging,India
2586,7036,2026-03-20,Established,Nigeria
2587,3840,2026-02-13,Growing,Canada
2588,14893,2026-05-16,Top Creator,India
2589,5838,2026-03-02,Growing,India
2590,14623,2026-07-12,Emerging,India
2591,14954,2026-03-21,Emerging,Other
2592,3615,2026-03-19,Established,Other
2593,7419,2026-07-05,Growing,India
2594,2752,2026-06-23,Established,India
2595,1356,2026-06-15,Emerging,United States
2596,8010,2026-05-07,Emerging,India
2597,12943,2026-04-11,Emerging,United Kingdom
2598,9351,2026-02-07,Growing,India
2599,8202,2026-01-28,Emerging,India
2600,2561,2026-07-21,Growing,India
2601,4254,2026-03-29,Emerging,United States
2602,10055,2026-05-18,Growing,United States
2603,6231,2026-04-11,Growing,Canada
2604,12453,2026-03-26,Emerging,United States
2605,6706,2026-06-01,Emerging,United States
2606,6166,2026-07-08,Growing,Other
2607,2862,2026-01-15,Established,India
2608,12760,2026-05-25,Emerging,Canada
2609,1290,2026-05-10,Growing,Nigeria
2610,7453,2026-01-17,Established,Other
2611,954,2026-04-09,Growing,India
2612,4917,2026-04-19,Established,Other
2613,3243,2026-04-27,Established,Nigeria
2614,4915,2026-08-13,Established,India
2615,7257,2026-07-25,Growing,Nigeria
2616,807,2026-03-12,Growing,India
2617,13799,2026-05-20,Emerging,United States
2618,10089,2026-03-09,Emerging,India
2619,11755,2026-07-20,Emerging,India
2620,11650,2026-02-02,Emerging,India
2621,12583,2026-02-17,Emerging,India
2622,11987,2026-08-22,Emerging,India
2623,1323,2026-05-30,Emerging,India
2624,145,2026-05-15,Emerging,India
2625,14635,2026-05-19,Emerging,Other
2626,13079,2026-03-31,Emerging,India
2627,11246,2026-06-24,Growing,Nigeria
2628,7109,2026-02-13,Growing,India
2629,14173,2026-07-27,Established,Nigeria
2630,535,2026-07-07,Growing,United States
2631,11875,2026-08-09,Emerging,Nigeria
2632,10653,2026-04-30,Growing,United States
2633,1954,2026-06-22,Growing,India
2634,10589,2026-01-29,Emerging,Other
2635,10215,2026-04-12,Growing,Nigeria
2636,190,2026-05-31,Emerging,United States
2637,7735,2026-04-21,Growing,India
2638,8177,2026-02-22,Emerging,United States
2639,2966,2026-08-18,Growing,India
2640,10537,2026-06-09,Emerging,India
2641,3405,2026-05-29,Emerging,United Kingdom
2642,7700,2026-03-22,Growing,Other
2643,11229,2026-03-07,Established,Nigeria
2644,898,2026-06-13,Emerging,India
2645,14391,2026-07-17,Growing,Other
2646,10139,2026-01-03,Emerging,Nigeria
2647,6659,2026-04-06,Emerging,Canada
2648,8937,2026-05-10,Emerging,United Kingdom
2649,8007,2026-01-22,Growing,Canada
2650,9302,2026-07-16,Growing,United States
2651,11662,2026-05-01,Growing,United States
2652,10796,2026-01-08,Emerging,United Kingdom
2653,1480,2026-01-01,Emerging,Germany
2654,11292,2026-04-09,Emerging,Nigeria
2655,1028,2026-01-30,Growing,Germany
2656,64,2026-03-01,Emerging,United Kingdom
2657,11213,2026-01-16,Emerging,India
2658,3343,2026-05-16,Growing,United Kingdom
2659,349,2026-01-09,Established,India
2660,11461,2026-07-19,Emerging,India
2661,13484,2026-08-23,Growing,India
2662,400,2026-02-02,Emerging,Canada
2663,13567,2026-02-05,Emerging,India
2664,7213,2026-07-15,Established,Canada
2665,13886,2026-06-22,Emerging,India
2666,7985,2026-01-03,Emerging,United States
2667,7914,2026-04-09,Established,United States
2668,653,2026-06-12,Emerging,India
2669,5799,2026-04-17,Growing,India
2670,12786,2026-02-17,Emerging,India
2671,6981,2026-02-06,Emerging,Nigeria
2672,3734,2026-06-14,Emerging,India
2673,4411,2026-06-14,Emerging,Other
2674,11450,2026-01-28,Emerging,Other
2675,1934,2026-01-29,Growing,Other
2676,7808,2026-01-13,Emerging,United States
2677,11696,2026-01-30,Emerging,United States
2678,13666,2026-06-30,Emerging,Germany
2679,9138,2026-01-10,Growing,India
2680,2270,2026-01-12,Growing,United States
2681,3827,2026-06-04,Established,United Kingdom
2682,2972,2026-02-27,Top Creator,Other
2683,9490,2026-03-29,Established,United States
2684,1665,2026-05-28,Growing,Other
2685,9934,2026-02-16,Growing,Other
2686,13884,2026-01-16,Emerging,India
2687,7309,2026-08-06,Emerging,Canada
2688,9164,2026-03-04,Growing,India
2689,1314,2026-07-22,Emerging,India
2690,3523,2026-07-05,Emerging,Canada
2691,4849,2026-07-05,Emerging,Nigeria
2692,2003,2026-04-17,Established,India
2693,5629,2026-07-23,Emerging,United States
2694,5605,2026-07-21,Emerging,Other
2695,11619,2026-02-15,Growing,India
2696,1336,2026-06-14,Emerging,Germany
2697,14789,2026-08-14,Established,India
2698,4686,2026-07-13,Growing,India
2699,13158,2026-02-13,Emerging,Germany
2700,10781,2026-03-26,Growing,United States
2701,6499,2026-08-04,Emerging,United States
2702,9930,2026-06-26,Growing,India
2703,2585,2026-06-14,Emerging,India
2704,7193,2026-06-17,Emerging,Nigeria
2705,1018,2026-03-16,Emerging,India
2706,1625,2026-04-07,Growing,United Kingdom
2707,2434,2026-05-02,Growing,Other
2708,6769,2026-04-08,Established,Germany
2709,2838,2026-07-03,Growing,Nigeria
2710,7484,2026-05-10,Growing,Other
2711,6357,2026-06-15,Emerging,United States
2712,827,2026-05-21,Growing,India
2713,10094,2026-01-06,Emerging,Other
2714,973,2026-03-24,Established,United States
2715,8782,2026-04-24,Growing,Other
2716,4855,2026-08-07,Established,United States
2717,10443,2026-06-29,Growing,Other
2718,5063,2026-01-28,Emerging,Germany
2719,11546,2026-05-03,Emerging,Germany
2720,8813,2026-07-02,Growing,Nigeria
2721,11207,2026-05-07,Emerging,India
2722,14600,2026-06-12,Emerging,Canada
2723,1673,2026-01-20,Emerging,United States
2724,3235,2026-07-28,Emerging,Germany
2725,13561,2026-02-21,Emerging,Other
2726,10427,2026-05-15,Growing,Canada
2727,1114,2026-08-02,Emerging,United States
2728,11981,2026-04-26,Emerging,India
2729,13751,2026-07-08,Growing,India
2730,12986,2026-06-13,Emerging,India
2731,5780,2026-05-07,Growing,India
2732,8499,2026-07-29,Emerging,United States
2733,2295,2026-03-01,Emerging,India
2734,2939,2026-06-16,Emerging,Germany
2735,5856,2026-05-13,Growing,India
2736,13349,2026-08-09,Emerging,Canada
2737,8681,2026-05-10,Established,Other
2738,11266,2026-07-05,Established,India
2739,4208,2026-01-27,Growing,Canada
2740,12264,2026-07-22,Emerging,United Kingdom
2741,7035,2026-05-29,Emerging,Other
2742,9747,2026-08-19,Emerging,India
2743,9180,2026-03-19,Emerging,United Kingdom
2744,8456,2026-07-14,Top Creator,Other
2745,14624,2026-04-03,Emerging,United States
2746,12905,2026-03-02,Emerging,Germany
2747,14074,2026-02-07,Established,Other
2748,12556,2026-04-08,Emerging,India
2749,8201,2026-05-27,Emerging,United Kingdom
2750,8743,2026-02-03,Top Creator,India
2751,10883,2026-01-17,Emerging,India
2752,8575,2026-03-28,Growing,Other
2753,238,2026-08-13,Emerging,India
2754,11863,2026-05-18,Growing,Other
2755,10053,2026-03-07,Emerging,India
2756,12768,2026-08-12,Growing,United Kingdom
2757,10706,2026-01-30,Emerging,India
2758,10028,2026-02-27,Emerging,Nigeria
2759,9230,2026-03-12,Emerging,India
2760,1813,2026-04-18,Emerging,United Kingdom
2761,12023,2026-01-31,Growing,Other
2762,14839,2026-06-23,Growing,United States
2763,760,2026-02-22,Emerging,India
2764,11834,2026-06-25,Emerging,Nigeria
2765,8123,2026-01-28,Established,India
2766,5787,2026-05-11,Growing,Other
2767,10213,2026-01-16,Emerging,United States
2768,10328,2026-05-13,Growing,India
2769,14718,2026-04-02,Growing,India
2770,5985,2026-06-06,Emerging,Germany
2771,10573,2026-06-29,Emerging,Canada
2772,4769,2026-07-19,Established,Canada
2773,7374,2026-05-10,Emerging,United States
2774,14851,2026-08-22,Growing,United States
2775,501,2026-06-22,Emerging,United States
2776,10493,2026-08-20,Growing,India
2777,3992,2026-06-12,Emerging,India
2778,13881,2026-02-02,Emerging,United Kingdom
2779,11850,2026-07-01,Growing,United States
2780,7136,2026-07-09,Growing,Nigeria
2781,4633,2026-04-24,Growing,United States
2782,14193,2026-04-07,Emerging,India
2783,13002,2026-03-04,Emerging,India
2784,6452,2026-02-14,Emerging,India
2785,13379,2026-07-18,Growing,United States
2786,3616,2026-05-04,Growing,India
2787,8135,2026-05-17,Growing,India
2788,9867,2026-01-27,Growing,United States
2789,8664,2026-04-04,Emerging,Other
2790,3707,2026-04-17,Emerging,Nigeria
2791,3689,2026-04-30,Emerging,India
2792,1044,2026-01-29,Emerging,United States
2793,5637,2026-01-02,Emerging,Nigeria
2794,61,2026-01-18,Growing,United Kingdom
2795,7843,2026-02-04,Emerging,Nigeria
2796,1357,2026-04-07,Emerging,Canada
2797,4881,2026-05-20,Emerging,Nigeria
2798,14016,2026-01-22,Emerging,Nigeria
2799,425,2026-07-16,Growing,India
2800,12901,2026-02-26,Growing,India
2801,563,2026-05-25,Growing,India
2802,12270,2026-06-15,Emerging,United States
2803,7866,2026-01-07,Emerging,United Kingdom
2804,204,2026-02-14,Growing,India
2805,13569,2026-02-23,Established,India
2806,2568,2026-05-13,Emerging,Canada
2807,8779,2026-03-09,Emerging,India
2808,7974,2026-08-23,Emerging,Canada
2809,14112,2026-02-15,Growing,Other
2810,5120,2026-07-16,Growing,Germany
2811,14103,2026-06-27,Top Creator,Other
2812,1705,2026-01-22,Growing,United Kingdom
2813,2470,2026-04-04,Emerging,India
2814,5370,2026-06-15,Growing,India
2815,14985,2026-04-25,Top Creator,United States
2816,8764,2026-05-31,Growing,India
2817,3695,2026-04-16,Emerging,United Kingdom
2818,6635,2026-03-31,Emerging,United States
2819,11784,2026-03-03,Emerging,Other
2820,11161,2026-02-26,Established,India
2821,3107,2026-01-14,Growing,India
2822,378,2026-04-20,Growing,United Kingdom
2823,421,2026-01-28,Emerging,United Kingdom
2824,11110,2026-07-24,Established,Other
2825,14272,2026-07-13,Emerging,United States
2826,12085,2026-04-02,Emerging,Germany
2827,2047,2026-05-03,Emerging,India
2828,12249,2026-01-31,Emerging,Germany
2829,13020,2026-01-01,Established,Other
2830,7413,2026-05-28,Emerging,Nigeria
2831,9452,2026-07-27,Emerging,Canada
2832,10286,2026-04-21,Established,Canada
2833,3629,2026-04-23,Growing,United Kingdom
2834,7730,2026-07-07,Emerging,Canada
2835,3321,2026-06-29,Emerging,Canada
2836,4200,2026-08-02,Growing,United States
2837,14101,2026-08-21,Emerging,Other
2838,12330,2026-01-26,Emerging,India
2839,1109,2026-06-04,Emerging,United States
2840,3503,2026-08-22,Emerging,India
2841,3592,2026-04-23,Growing,Other
2842,13746,2026-07-30,Growing,Germany
2843,4684,2026-06-13,Growing,Other
2844,9208,2026-01-12,Growing,United States
2845,14324,2026-02-01,Growing,Nigeria
2846,13395,2026-06-06,Growing,United States
2847,6714,2026-01-08,Growing,United States
2848,9120,2026-04-09,Established,Other
2849,7836,2026-02-23,Growing,India
2850,6941,2026-04-20,Emerging,India
2851,766,2026-06-30,Growing,India
2852,11234,2026-06-15,Emerging,United Kingdom
2853,13601,2026-04-29,Growing,India
2854,5677,2026-04-10,Established,United States
2855,7360,2026-01-19,Emerging,United Kingdom
2856,5416,2026-02-01,Growing,United States
2857,10154,2026-01-31,Emerging,Other
2858,13373,2026-08-05,Growing,India
2859,6422,2026-02-06,Growing,Germany
2860,11048,2026-01-27,Growing,India
2861,9121,2026-07-19,Emerging,United States
2862,9215,2026-06-11,Growing,Nigeria
2863,8163,2026-07-21,Emerging,United Kingdom
2864,9544,2026-06-08,Growing,Other
2865,5199,2026-07-06,Growing,India
2866,11656,2026-07-05,Growing,India
2867,3466,2026-01-25,Emerging,Nigeria
2868,2269,2026-01-24,Growing,India
2869,244,2026-02-28,Growing,India
2870,11345,2026-04-18,Emerging,Other
2871,10114,2026-08-15,Emerging,United Kingdom
2872,2170,2026-03-20,Emerging,United States
2873,3461,2026-06-06,Established,Nigeria
2874,13860,2026-08-08,Growing,Other
2875,7220,2026-07-17,Growing,Germany
2876,224,2026-01-27,Established,United States
2877,4560,2026-02-23,Emerging,United Kingdom
2878,9204,2026-07-06,Growing,United States
2879,2984,2026-08-03,Growing,Nigeria
2880,12284,2026-08-14,Top Creator,India
2881,10503,2026-07-12,Emerging,Nigeria
2882,5809,2026-03-23,Emerging,Nigeria
2883,410,2026-08-18,Emerging,Nigeria
2884,462,2026-01-25,Emerging,United States
2885,2668,2026-05-16,Emerging,Nigeria
2886,8605,2026-06-08,Emerging,Canada
2887,14695,2026-05-25,Emerging,Germany
2888,8996,2026-02-01,Established,India
2889,4434,2026-02-07,Established,United States
2890,7079,2026-01-20,Emerging,Other
2891,7570,2026-03-25,Growing,United Kingdom
2892,1679,2026-08-14,Established,United States
2893,12251,2026-08-21,Emerging,United Kingdom
2894,14584,2026-04-02,Emerging,United Kingdom
2895,10724,2026-08-19,Emerging,Nigeria
2896,3912,2026-03-04,Emerging,Nigeria
2897,5751,2026-04-23,Growing,United Kingdom
2898,14808,2026-01-20,Emerging,Nigeria
2899,5237,2026-06-04,Growing,India
2900,4456,2026-03-16,Emerging,India
2901,1403,2026-03-15,Emerging,Canada
2902,10681,2026-02-26,Emerging,United States
2903,10642,2026-05-26,Emerging,India
2904,5612,2026-07-21,Established,Germany
2905,5404,2026-02-08,Growing,United States
2906,802,2026-05-16,Emerging,United States
2907,11660,2026-01-06,Emerging,India
2908,7032,2026-08-22,Growing,Canada
2909,2638,2026-05-06,Emerging,United States
2910,10920,2026-08-18,Growing,United States
2911,8922,2026-05-15,Growing,United States
2912,10288,2026-05-03,Growing,United Kingdom
2913,12736,2026-06-11,Emerging,United States
2914,12945,2026-03-17,Established,United Kingdom
2915,6159,2026-08-22,Emerging,United States
2916,1773,2026-02-08,Emerging,United States
2917,6264,2026-05-26,Emerging,India
2918,7561,2026-06-08,Top Creator,Other
2919,6528,2026-06-13,Emerging,India
2920,11521,2026-02-17,Established,Other
2921,12969,2026-04-10,Emerging,India
2922,7809,2026-03-30,Emerging,India
2923,13312,2026-01-30,Growing,United Kingdom
2924,14926,2026-03-28,Established,India
2925,2444,2026-02-01,Growing,United Kingdom
2926,17,2026-04-10,Emerging,United Kingdom
2927,8868,2026-02-23,Established,Nigeria
2928,3175,2026-01-07,Emerging,India
2929,14591,2026-04-17,Emerging,Nigeria
2930,7388,2026-06-20,Emerging,United States
2931,8116,2026-06-20,Emerging,India
2932,7617,2026-07-25,Growing,Nigeria
2933,13242,2026-07-17,Growing,India
2934,7833,2026-02-26,Top Creator,Nigeria
2935,2350,2026-06-09,Growing,India
2936,6661,2026-07-19,Emerging,Nigeria
2937,8564,2026-05-03,Growing,Germany
2938,1010,2026-04-22,Emerging,India
2939,10280,2026-04-12,Emerging,India
2940,1218,2026-07-09,Emerging,United Kingdom
2941,656,2026-06-10,Emerging,Canada
2942,5359,2026-06-18,Emerging,Canada
2943,6444,2026-04-26,Growing,India
2944,8076,2026-07-14,Emerging,India
2945,10385,2026-01-15,Growing,Other
2946,10693,2026-04-08,Established,India
2947,14415,2026-01-03,Emerging,United States
2948,9717,2026-07-26,Growing,India
2949,7986,2026-05-15,Emerging,United Kingdom
2950,4273,2026-04-18,Emerging,Other
2951,14373,2026-07-01,Growing,United Kingdom
2952,11742,2026-04-24,Emerging,Other
2953,12670,2026-06-03,Emerging,India
2954,12201,2026-01-23,Emerging,India
2955,5617,2026-03-10,Established,Nigeria
2956,4901,2026-07-29,Emerging,India
2957,14117,2026-01-23,Emerging,Nigeria
2958,7141,2026-04-06,Growing,Other
2959,13654,2026-03-21,Emerging,India
2960,5176,2026-04-25,Emerging,Other
2961,11039,2026-08-08,Emerging,India
2962,6746,2026-07-30,Emerging,United States
2963,12148,2026-05-04,Growing,India
2964,6215,2026-06-04,Growing,Canada
2965,9914,2026-03-20,Emerging,Other
2966,14977,2026-05-22,Emerging,India
2967,7130,2026-03-09,Emerging,Other
2968,14452,2026-08-13,Growing,Nigeria
2969,4674,2026-02-06,Established,Canada
2970,14498,2026-03-05,Growing,Germany
2971,2592,2026-07-26,Emerging,Other
2972,8950,2026-03-20,Emerging,India
2973,11542,2026-03-09,Emerging,Other
2974,8069,2026-03-26,Established,United States
2975,13128,2026-01-31,Emerging,Other
2976,14296,2026-07-07,Established,United Kingdom
2977,14176,2026-01-10,Emerging,United States
2978,6045,2026-07-25,Emerging,Germany
2979,4176,2026-06-28,Established,India
2980,1702,2026-01-25,Emerging,India
2981,6958,2026-07-15,Emerging,Nigeria
2982,3632,2026-07-17,Emerging,United States
2983,11415,2026-01-06,Emerging,Germany
2984,4454,2026-07-06,Growing,United States
2985,11572,2026-01-02,Established,Other
2986,10702,2026-02-01,Growing,Other
2987,6097,2026-02-28,Emerging,United States
2988,14962,2026-06-03,Growing,India
2989,11455,2026-08-08,Emerging,India
2990,3117,2026-05-14,Growing,Canada
2991,13544,2026-08-07,Emerging,India
2992,1648,2026-03-15,Emerging,Germany
2993,13478,2026-08-22,Growing,India
2994,2573,2026-01-01,Emerging,Canada
2995,12174,2026-01-12,Emerging,United States
2996,10273,2026-07-05,Established,United States
2997,3715,2026-03-11,Emerging,United States
2998,2603,2026-01-26,Emerging,Canada
2999,5260,2026-04-03,Growing,India
3000,9918,2026-06-05,Growing,Other
3001,2457,2026-05-11,Emerging,United States
3002,4305,2026-05-07,Emerging,Canada
3003,9805,2026-05-07,Growing,United States
3004,11547,2026-07-25,Emerging,India
3005,4194,2026-04-15,Growing,United States
3006,7760,2026-07-02,Emerging,United States
3007,3234,2026-06-13,Emerging,United Kingdom
3008,14903,2026-01-04,Growing,United Kingdom
3009,7255,2026-01-25,Emerging,Nigeria
3010,11573,2026-04-03,Emerging,Germany
3011,10647,2026-05-05,Emerging,United Kingdom
3012,8637,2026-01-13,Emerging,United States
3013,969,2026-02-22,Emerging,Nigeria
3014,4904,2026-04-10,Emerging,United States
3015,2421,2026-05-07,Emerging,United Kingdom
3016,7607,2026-05-31,Established,India
3017,13323,2026-01-23,Growing,United States
3018,12195,2026-07-17,Established,United States
3019,10326,2026-05-11,Emerging,India
3020,6806,2026-06-14,Growing,India
3021,445,2026-01-24,Emerging,India
3022,3618,2026-04-13,Emerging,India
3023,413,2026-07-01,Emerging,Other
3024,13377,2026-07-25,Growing,United States
3025,13491,2026-07-07,Emerging,Canada
3026,1923,2026-02-03,Emerging,Other
3027,11116,2026-08-12,Emerging,Other
3028,9664,2026-08-20,Emerging,India
3029,10381,2026-02-15,Emerging,Other
3030,5712,2026-06-13,Emerging,India
3031,10080,2026-06-25,Growing,United Kingdom
3032,12412,2026-07-30,Growing,India
3033,13840,2026-04-30,Emerging,Germany
3034,11941,2026-08-21,Emerging,United Kingdom
3035,7579,2026-05-26,Emerging,United Kingdom
3036,1143,2026-01-14,Emerging,Other
3037,7528,2026-01-22,Growing,Nigeria
3038,7221,2026-02-04,Emerging,India
3039,2571,2026-06-20,Established,India
3040,13222,2026-04-17,Emerging,India
3041,10234,2026-04-01,Growing,United States
3042,6307,2026-06-26,Established,India
3043,4074,2026-01-28,Established,India
3044,296,2026-08-02,Emerging,Other
3045,14902,2026-06-29,Emerging,Nigeria
3046,6151,2026-05-24,Growing,United Kingdom
3047,11308,2026-06-14,Emerging,Canada
3048,5568,2026-03-19,Growing,United States
3049,14330,2026-08-24,Growing,Other
3050,314,2026-05-28,Growing,United Kingdom
3051,10254,2026-02-17,Emerging,Germany
3052,7158,2026-04-13,Growing,United States
3053,5703,2026-02-14,Emerging,United States
3054,9263,2026-05-01,Growing,United Kingdom
3055,573,2026-04-27,Emerging,United States
3056,12037,2026-03-18,Emerging,India
3057,12123,2026-07-02,Established,Other
3058,7648,2026-04-07,Growing,United Kingdom
3059,3439,2026-08-01,Emerging,India
3060,13141,2026-07-26,Emerging,United Kingdom
3061,8572,2026-08-18,Emerging,India
3062,6788,2026-04-25,Emerging,United States
3063,4141,2026-06-21,Emerging,United States
3064,4291,2026-06-23,Growing,India
3065,9218,2026-07-24,Growing,United States
3066,14442,2026-01-18,Top Creator,Canada
3067,9571,2026-02-27,Emerging,Other
3068,3192,2026-06-15,Top Creator,United States
3069,14229,2026-06-18,Emerging,India
3070,2104,2026-04-07,Growing,India
3071,2509,2026-05-23,Top Creator,Germany
3072,8659,2026-07-28,Growing,Other
3073,5160,2026-07-09,Emerging,United Kingdom
3074,10965,2026-05-23,Emerging,Canada
3075,13893,2026-02-11,Established,Other
3076,8896,2026-05-27,Established,India
3077,12715,2026-05-12,Emerging,United Kingdom
3078,14637,2026-01-15,Growing,Other
3079,7248,2026-04-26,Established,India
3080,13339,2026-03-20,Emerging,Other
3081,13185,2026-01-09,Emerging,United States
3082,44,2026-07-27,Top Creator,Nigeria
3083,872,2026-02-18,Emerging,United Kingdom
3084,10137,2026-06-22,Growing,United States
3085,11665,2026-01-20,Growing,India
3086,3455,2026-07-03,Emerging,Nigeria
3087,284,2026-03-09,Growing,Other
3088,14604,2026-01-28,Emerging,United Kingdom
3089,4405,2026-06-10,Emerging,United States
3090,11703,2026-08-23,Growing,Nigeria
3091,10732,2026-02-10,Emerging,India
3092,8770,2026-03-08,Emerging,United States
3093,1432,2026-01-27,Emerging,Other
3094,5338,2026-07-08,Emerging,United States
3095,11177,2026-02-02,Emerging,United Kingdom
3096,5977,2026-08-13,Emerging,United States
3097,4287,2026-07-16,Established,Other
3098,325,2026-05-09,Emerging,India
3099,11194,2026-03-25,Emerging,Nigeria
3100,3924,2026-05-08,Growing,India
3101,4306,2026-06-13,Emerging,Germany
3102,491,2026-01-26,Growing,United States
3103,2806,2026-02-21,Growing,India
3104,13791,2026-07-04,Emerging,India
3105,10322,2026-03-26,Emerging,United States
3106,4464,2026-08-07,Emerging,Nigeria
3107,3631,2026-04-28,Top Creator,Nigeria
3108,9282,2026-05-02,Growing,Germany
3109,11180,2026-01-18,Emerging,United Kingdom
3110,6913,2026-04-05,Emerging,India
3111,13838,2026-08-13,Growing,United States
3112,13085,2026-04-26,Emerging,United States
3113,5673,2026-02-17,Emerging,United Kingdom
3114,8537,2026-03-19,Emerging,Other
3115,7334,2026-03-31,Growing,United States
3116,13667,2026-04-17,Established,Other
3117,3654,2026-01-04,Emerging,Other
3118,13843,2026-07-07,Emerging,India
3119,8148,2026-07-27,Emerging,Other
3120,10068,2026-07-30,Emerging,Nigeria
3121,13806,2026-01-29,Emerging,United States
3122,12788,2026-08-01,Emerging,India
3123,8004,2026-04-08,Emerging,Other
3124,8018,2026-04-05,Emerging,Canada
3125,3443,2026-02-19,Emerging,Canada
3126,6019,2026-01-25,Growing,India
3127,1311,2026-03-19,Growing,United States
3128,14812,2026-06-04,Growing,Other
3129,9095,2026-06-03,Emerging,United States
3130,5482,2026-04-10,Emerging,India
3131,665,2026-06-17,Emerging,Nigeria
3132,14968,2026-03-15,Growing,United Kingdom
3133,12626,2026-06-15,Emerging,India
3134,8448,2026-06-02,Emerging,Canada
3135,9752,2026-04-12,Emerging,Germany
3136,5401,2026-02-16,Top Creator,United States
3137,711,2026-05-31,Established,Nigeria
3138,9442,2026-03-09,Growing,Other
3139,2212,2026-06-28,Emerging,United Kingdom
3140,6385,2026-03-05,Growing,Canada
3141,2832,2026-03-12,Growing,Other
3142,7660,2026-05-21,Growing,India
3143,11972,2026-05-18,Established,United States
3144,3078,2026-08-22,Emerging,United States
3145,10970,2026-02-12,Established,Other
3146,4442,2026-07-23,Established,Canada
3147,3076,2026-06-07,Emerging,United Kingdom
3148,10218,2026-06-05,Growing,United States
3149,4497,2026-03-09,Emerging,Nigeria
3150,12089,2026-03-18,Growing,United Kingdom
3151,1966,2026-07-26,Emerging,India
3152,10123,2026-01-13,Emerging,Nigeria
3153,13310,2026-06-18,Emerging,India
3154,13847,2026-08-02,Growing,India
3155,3515,2026-01-20,Established,India
3156,4802,2026-02-18,Emerging,United Kingdom
3157,8261,2026-07-29,Emerging,United States
3158,4097,2026-06-10,Growing,United States
3159,1858,2026-01-10,Emerging,Nigeria
3160,10669,2026-03-03,Top Creator,Nigeria
3161,8603,2026-04-22,Growing,United Kingdom
3162,4965,2026-06-02,Established,United Kingdom
3163,12323,2026-02-24,Established,India
3164,186,2026-04-06,Growing,United Kingdom
3165,13878,2026-02-23,Emerging,Other
3166,14910,2026-03-07,Emerging,United Kingdom
3167,11475,2026-07-04,Emerging,Nigeria
3168,4742,2026-04-28,Established,Nigeria
3169,6830,2026-01-28,Growing,India
3170,2875,2026-02-06,Emerging,United States
3171,4533,2026-04-08,Emerging,Nigeria
3172,5053,2026-05-17,Emerging,Other
3173,6149,2026-07-05,Growing,Other
3174,13375,2026-01-02,Emerging,United States
3175,7534,2026-03-21,Emerging,India
3176,6960,2026-01-18,Emerging,Other
3177,7552,2026-03-01,Emerging,India
3178,11166,2026-04-03,Emerging,United States
3179,4414,2026-06-14,Emerging,United States
3180,8780,2026-02-18,Established,United Kingdom
3181,7565,2026-01-29,Emerging,Other
3182,11599,2026-01-08,Growing,India
3183,11651,2026-07-07,Emerging,United Kingdom
3184,13140,2026-02-12,Growing,Other
3185,12431,2026-06-01,Emerging,United Kingdom
3186,6336,2026-02-17,Emerging,India
3187,11351,2026-07-03,Emerging,Nigeria
3188,11173,2026-03-18,Emerging,India
3189,8464,2026-03-10,Emerging,United Kingdom
3190,7153,2026-07-13,Emerging,India
3191,6987,2026-03-14,Emerging,India
3192,398,2026-05-25,Emerging,United States
3193,682,2026-07-21,Growing,Other
3194,11376,2026-01-09,Established,Other
3195,14775,2026-07-01,Emerging,Canada
3196,14394,2026-01-25,Emerging,United States
3197,13354,2026-02-15,Emerging,India
3198,464,2026-08-11,Emerging,India
3199,9239,2026-04-11,Emerging,United States
3200,606,2026-03-27,Emerging,India
3201,5502,2026-02-28,Established,Canada
3202,13325,2026-04-19,Growing,Other
3203,7859,2026-06-30,Established,India
3204,8820,2026-07-22,Emerging,United States
3205,9465,2026-07-01,Established,Germany
3206,5525,2026-02-12,Growing,Germany
3207,9648,2026-03-31,Established,United Kingdom
3208,8626,2026-02-16,Emerging,India
3209,9310,2026-05-16,Growing,India
3210,5739,2026-06-03,Growing,Other
3211,6266,2026-01-08,Emerging,Germany
3212,13170,2026-04-17,Emerging,United States
3213,5959,2026-01-28,Growing,United States
3214,1706,2026-08-23,Established,United States
3215,12199,2026-02-12,Growing,United States
3216,11483,2026-07-09,Established,India
3217,9622,2026-01-04,Emerging,Nigeria
3218,3788,2026-03-15,Growing,United Kingdom
3219,6901,2026-07-27,Emerging,United States
3220,9296,2026-04-16,Emerging,India
3221,105,2026-07-25,Established,Other
3222,201,2026-01-28,Established,India
3223,4517,2026-06-23,Growing,Nigeria
3224,9137,2026-01-25,Established,Other
3225,6575,2026-04-16,Emerging,United Kingdom
3226,1798,2026-03-14,Emerging,Nigeria
3227,11588,2026-05-27,Growing,United States
3228,1431,2026-02-12,Emerging,Nigeria
3229,2892,2026-06-24,Emerging,Nigeria
3230,254,2026-02-21,Emerging,United States
3231,4406,2026-06-01,Emerging,United Kingdom
3232,4116,2026-05-05,Emerging,United Kingdom
3233,14,2026-07-22,Emerging,India
3234,8769,2026-07-15,Established,India
3235,13017,2026-04-06,Established,India
3236,10989,2026-01-25,Emerging,India
3237,13428,2026-07-25,Growing,United States
3238,2273,2026-08-24,Emerging,Nigeria
3239,14366,2026-05-30,Growing,United States
3240,7606,2026-07-14,Emerging,Nigeria
3241,11133,2026-08-02,Growing,United States
3242,2505,2026-05-11,Growing,Canada
3243,1814,2026-06-21,Emerging,India
3244,4240,2026-06-26,Established,United States
3245,5136,2026-04-03,Growing,Other
3246,6411,2026-01-20,Growing,Nigeria
3247,1227,2026-02-09,Emerging,India
3248,1173,2026-01-13,Growing,Canada
3249,6817,2026-05-29,Emerging,Nigeria
3250,10859,2026-01-30,Established,India
3251,11712,2026-07-03,Established,India
3252,12800,2026-02-17,Emerging,Nigeria
3253,8560,2026-07-19,Growing,United States
3254,11396,2026-01-12,Emerging,Nigeria
3255,987,2026-08-20,Established,United States
3256,5743,2026-02-12,Emerging,India
3257,6364,2026-05-26,Emerging,India
3258,3113,2026-06-29,Emerging,United States
3259,8037,2026-08-12,Growing,United Kingdom
3260,10819,2026-03-24,Emerging,United States
3261,116,2026-08-05,Growing,United Kingdom
3262,14634,2026-02-07,Growing,Other
3263,12559,2026-05-19,Emerging,Germany
3264,7918,2026-01-04,Emerging,United Kingdom
3265,6918,2026-05-12,Emerging,India
3266,12787,2026-04-01,Established,United Kingdom
3267,5808,2026-05-17,Emerging,India
3268,14044,2026-07-08,Established,Other
3269,11317,2026-01-15,Emerging,India
3270,3859,2026-06-01,Growing,Other
3271,7755,2026-02-08,Emerging,India
3272,14183,2026-02-16,Emerging,Other
3273,8356,2026-03-11,Emerging,United Kingdom
3274,9060,2026-03-15,Emerging,Canada
3275,11716,2026-07-11,Emerging,Germany
3276,9276,2026-02-07,Emerging,United Kingdom
3277,7460,2026-04-17,Emerging,United States
3278,7944,2026-07-05,Emerging,United States
3279,13250,2026-02-20,Top Creator,Canada
3280,5581,2026-05-03,Growing,United States
3281,14094,2026-02-02,Established,India
3282,10813,2026-06-04,Emerging,United States
3283,7293,2026-07-06,Emerging,United Kingdom
3284,12262,2026-02-25,Emerging,Nigeria
3285,13721,2026-04-26,Growing,India
3286,14705,2026-01-02,Growing,Other
3287,10025,2026-07-17,Growing,India
3288,11017,2026-07-23,Emerging,United States
3289,2089,2026-07-05,Top Creator,India
3290,6722,2026-06-05,Emerging,Other
3291,14553,2026-04-24,Emerging,India
3292,248,2026-08-04,Emerging,India
3293,14092,2026-01-03,Emerging,United States
3294,13678,2026-03-22,Emerging,United States
3295,1103,2026-02-15,Growing,United States
3296,13253,2026-08-07,Emerging,India
3297,78,2026-02-04,Emerging,Other
3298,3333,2026-01-08,Emerging,Germany
3299,7417,2026-06-14,Emerging,Other
3300,10499,2026-05-24,Emerging,Other
3301,13549,2026-06-09,Emerging,Canada
3302,14258,2026-02-22,Emerging,India
3303,12582,2026-01-20,Emerging,United States
3304,14089,2026-01-05,Top Creator,Other
3305,1512,2026-03-16,Growing,United Kingdom
3306,5077,2026-03-24,Emerging,Germany
3307,13013,2026-07-09,Growing,United States
3308,10745,2026-04-16,Emerging,India
3309,11387,2026-02-12,Emerging,United States
3310,1564,2026-05-03,Growing,Other
3311,10946,2026-01-29,Emerging,India
3312,3560,2026-05-12,Established,India
3313,4962,2026-05-22,Emerging,Germany
3314,5103,2026-01-05,Growing,United States
3315,11522,2026-04-25,Emerging,Other
3316,7853,2026-04-20,Growing,Nigeria
3317,12779,2026-06-04,Emerging,United States
3318,3203,2026-04-02,Emerging,Canada
3319,1455,2026-04-14,Growing,India
3320,14239,2026-06-10,Established,Other
3321,1588,2026-06-15,Established,Other
3322,5685,2026-08-05,Emerging,Nigeria
3323,773,2026-05-13,Growing,United States
3324,14171,2026-03-30,Established,Nigeria
3325,14936,2026-04-03,Emerging,Nigeria
3326,738,2026-08-21,Emerging,India
3327,1557,2026-03-12,Emerging,India
3328,690,2026-04-24,Emerging,India
3329,11367,2026-08-12,Established,India
3330,9619,2026-08-14,Emerging,Germany
3331,215,2026-03-16,Emerging,Nigeria
3332,11218,2026-06-27,Emerging,Nigeria
3333,8878,2026-01-17,Growing,United States
3334,2000,2026-04-27,Emerging,United States
3335,13925,2026-06-09,Emerging,Canada
3336,6285,2026-04-01,Growing,Nigeria
3337,7604,2026-01-18,Growing,Canada
3338,12066,2026-03-09,Emerging,Germany
3339,7967,2026-06-04,Established,Germany
3340,4850,2026-08-03,Growing,Germany
3341,160,2026-08-07,Growing,Nigeria
3342,5150,2026-03-11,Growing,Nigeria
3343,4907,2026-01-16,Emerging,Germany
3344,5244,2026-03-08,Emerging,United States
3345,9545,2026-02-22,Established,India
3346,4329,2026-01-10,Emerging,United States
3347,8558,2026-06-06,Growing,United States
3348,8150,2026-06-25,Emerging,India
3349,8549,2026-01-20,Emerging,Canada
3350,2857,2026-08-02,Emerging,Nigeria
3351,3876,2026-07-17,Growing,Nigeria
3352,10043,2026-03-15,Growing,Germany
3353,6104,2026-05-02,Emerging,United States
3354,1669,2026-07-14,Growing,India
3355,10534,2026-08-21,Emerging,United Kingdom
3356,8317,2026-03-29,Growing,United States
3357,13018,2026-06-26,Emerging,Canada
3358,5680,2026-06-06,Emerging,United States
3359,5522,2026-07-23,Emerging,India
3360,10433,2026-02-15,Emerging,Nigeria
3361,6399,2026-06-27,Established,India
3362,2291,2026-07-11,Emerging,United States
3363,7892,2026-01-01,Emerging,United States
3364,2282,2026-02-22,Growing,United States
3365,3708,2026-07-04,Growing,United States
3366,300,2026-07-20,Established,Germany
3367,13686,2026-08-16,Emerging,United Kingdom
3368,10872,2026-02-15,Emerging,India
3369,6447,2026-06-23,Emerging,Nigeria
3370,3553,2026-01-14,Emerging,India
3371,3411,2026-02-08,Growing,United States
3372,12234,2026-02-08,Established,Nigeria
3373,775,2026-08-03,Established,Nigeria
3374,11644,2026-04-20,Emerging,India
3375,8097,2026-07-19,Growing,United Kingdom
3376,11570,2026-07-20,Growing,Other
3377,6581,2026-05-21,Growing,Nigeria
3378,5498,2026-06-11,Established,United Kingdom
3379,13794,2026-02-13,Emerging,Canada
3380,1365,2026-07-13,Emerging,Nigeria
3381,659,2026-06-20,Growing,United Kingdom
3382,8433,2026-05-31,Growing,Other
3383,14761,2026-08-09,Growing,India
3384,14876,2026-02-04,Emerging,United States
3385,1292,2026-03-06,Emerging,India
3386,12808,2026-01-19,Established,India
3387,13370,2026-07-02,Emerging,India
3388,744,2026-07-25,Emerging,India
3389,5193,2026-08-16,Emerging,United States
3390,12492,2026-01-14,Established,United States
3391,8725,2026-05-12,Emerging,Nigeria
3392,5639,2026-01-24,Growing,Canada
3393,4663,2026-08-20,Growing,Germany
3394,2743,2026-04-12,Growing,United States
3395,6023,2026-04-27,Emerging,Canada
3396,9582,2026-07-19,Emerging,India
3397,9591,2026-01-05,Established,Canada
3398,1969,2026-02-18,Growing,Other
3399,175,2026-07-26,Emerging,United Kingdom
3400,2945,2026-06-13,Emerging,India
3401,12882,2026-03-16,Emerging,Nigeria
3402,14596,2026-03-03,Emerging,India
3403,5313,2026-05-23,Growing,India
3404,2751,2026-07-13,Emerging,United States
3405,7129,2026-07-26,Growing,Other
3406,11669,2026-01-10,Emerging,India
3407,3089,2026-05-29,Emerging,Canada
3408,8397,2026-06-19,Emerging,Germany
3409,1387,2026-06-04,Emerging,India
3410,1593,2026-01-08,Growing,Nigeria
3411,13194,2026-01-21,Emerging,United States
3412,12643,2026-04-25,Growing,India
3413,11339,2026-07-21,Emerging,India
3414,14431,2026-06-18,Emerging,Other
3415,585,2026-05-06,Emerging,India
3416,9155,2026-06-03,Emerging,United States
3417,9848,2026-07-17,Growing,Canada
3418,14661,2026-02-05,Emerging,Other
3419,13153,2026-01-23,Growing,Other
3420,9042,2026-08-04,Emerging,United States
3421,9613,2026-02-22,Emerging,India
3422,5298,2026-05-27,Established,Other
3423,1712,2026-04-08,Established,United States
3424,8510,2026-01-10,Emerging,United Kingdom
3425,545,2026-07-15,Emerging,India
3426,4679,2026-07-07,Growing,India
3427,3946,2026-07-30,Top Creator,India
3428,3267,2026-06-18,Established,United States
3429,5678,2026-02-28,Emerging,Other
3430,3853,2026-07-16,Growing,United States
3431,11325,2026-04-25,Growing,Other
3432,12218,2026-08-04,Growing,India
3433,12018,2026-06-08,Growing,India
3434,7365,2026-06-14,Emerging,Other
3435,14155,2026-01-04,Growing,Other
3436,14184,2026-04-20,Growing,Nigeria
3437,11016,2026-08-19,Growing,Canada
3438,14153,2026-07-28,Emerging,Other
3439,3981,2026-01-23,Emerging,United Kingdom
3440,11735,2026-06-01,Emerging,Germany
3441,9389,2026-06-29,Emerging,United Kingdom
3442,12543,2026-03-06,Emerging,Canada
3443,9291,2026-04-13,Growing,India
3444,14188,2026-04-30,Growing,Other
3445,14900,2026-01-23,Growing,Other
3446,5039,2026-08-21,Established,United Kingdom
3447,3213,2026-08-07,Emerging,United Kingdom
3448,9868,2026-06-24,Emerging,United States
3449,11576,2026-08-14,Emerging,Other
3450,12580,2026-05-25,Emerging,United Kingdom
3451,12337,2026-06-12,Emerging,India
3452,9088,2026-08-08,Growing,Other
3453,9363,2026-02-07,Emerging,Other
3454,10544,2026-03-18,Emerging,Nigeria
3455,6268,2026-08-13,Emerging,India
3456,6048,2026-05-27,Emerging,United States
3457,2788,2026-04-27,Growing,United States
3458,6870,2026-06-15,Emerging,United States
3459,13331,2026-01-27,Growing,India
3460,8590,2026-08-15,Emerging,Germany
3461,10151,2026-06-11,Emerging,Other
3462,2318,2026-03-29,Emerging,Nigeria
3463,9532,2026-08-07,Emerging,India
3464,11244,2026-02-14,Growing,United States
3465,2155,2026-07-11,Emerging,Other
3466,7239,2026-08-21,Established,United Kingdom
3467,9023,2026-06-25,Established,United Kingdom
3468,4654,2026-02-26,Emerging,United States
3469,2201,2026-06-29,Emerging,Canada
3470,7804,2026-02-22,Emerging,India
3471,8947,2026-06-06,Emerging,India
3472,5392,2026-04-11,Growing,Other
3473,4826,2026-05-01,Emerging,Nigeria
3474,6944,2026-02-15,Emerging,Other
3475,1329,2026-04-15,Growing,Other
3476,6492,2026-03-12,Growing,United States
3477,8875,2026-03-15,Growing,United States
3478,8654,2026-01-14,Growing,United Kingdom
3479,7886,2026-01-04,Growing,India
3480,6177,2026-05-10,Established,Germany
3481,6571,2026-08-11,Growing,Germany
3482,2706,2026-03-09,Emerging,India
3483,12004,2026-07-04,Emerging,India
3484,5973,2026-05-17,Emerging,Other
3485,13776,2026-02-07,Emerging,United States
3486,6871,2026-08-24,Emerging,Nigeria
3487,4733,2026-02-08,Emerging,India
3488,10034,2026-03-19,Growing,Germany
3489,1967,2026-03-14,Emerging,United States
3490,3472,2026-07-05,Emerging,United Kingdom
3491,7077,2026-01-05,Emerging,United States
3492,14889,2026-04-02,Emerging,Other
3493,8798,2026-08-04,Growing,Germany
3494,3697,2026-07-24,Established,India
3495,13707,2026-06-20,Emerging,India
3496,11227,2026-05-28,Emerging,India
3497,6904,2026-06-12,Emerging,India
3498,1119,2026-02-17,Emerging,Germany
3499,3324,2026-05-15,Emerging,India
3500,1859,2026-01-16,Growing,United States
3501,13864,2026-06-29,Emerging,Nigeria
3502,13055,2026-03-24,Emerging,Other
3503,11030,2026-07-13,Growing,Canada
3504,11594,2026-02-09,Emerging,United States
3505,9796,2026-04-05,Established,India
3506,1153,2026-02-07,Established,Nigeria
3507,10726,2026-06-12,Growing,United Kingdom
3508,12503,2026-07-09,Emerging,Nigeria
3509,4862,2026-08-01,Emerging,Other
3510,7401,2026-02-07,Emerging,United Kingdom
3511,11782,2026-08-12,Emerging,India
3512,3791,2026-04-22,Emerging,Nigeria
3513,2693,2026-07-17,Emerging,Canada
3514,12312,2026-01-30,Growing,Other
3515,9540,2026-07-08,Emerging,Other
3516,14932,2026-03-20,Growing,Other
3517,10375,2026-07-10,Emerging,United Kingdom
3518,9553,2026-08-08,Established,India
3519,2336,2026-08-05,Growing,United Kingdom
3520,10995,2026-05-26,Emerging,United States
3521,1678,2026-05-17,Growing,United States
3522,6301,2026-03-27,Growing,United States
3523,2962,2026-01-27,Established,United States
3524,3777,2026-07-17,Growing,United Kingdom
3525,14496,2026-03-27,Emerging,Nigeria
3526,2665,2026-07-29,Emerging,United States
3527,4621,2026-03-13,Growing,Other
3528,2528,2026-03-01,Established,United States
3529,14341,2026-02-07,Established,United States
3530,7652,2026-08-08,Emerging,United Kingdom
3531,282,2026-07-17,Established,Nigeria
3532,3581,2026-08-18,Emerging,India
3533,5066,2026-01-17,Emerging,Other
3534,13087,2026-01-13,Emerging,United States
3535,8634,2026-06-09,Growing,United States
3536,13907,2026-05-05,Growing,United States
3537,10690,2026-02-06,Emerging,Nigeria
3538,14824,2026-01-31,Growing,India
3539,968,2026-08-17,Emerging,Other
3540,4688,2026-04-14,Growing,India
3541,1206,2026-08-17,Emerging,Canada
3542,4719,2026-06-11,Emerging,India
3543,3377,2026-02-01,Emerging,United States
3544,8954,2026-02-03,Growing,Germany
3545,4170,2026-08-20,Growing,India
3546,5003,2026-05-15,Emerging,United Kingdom
3547,10299,2026-08-18,Emerging,India
3548,12063,2026-04-13,Emerging,United Kingdom
3549,6905,2026-07-23,Growing,India
3550,8991,2026-07-11,Emerging,United States
3551,13559,2026-01-04,Emerging,Canada
3552,14606,2026-05-05,Growing,United States
3553,784,2026-08-24,Emerging,Other
3554,1610,2026-06-27,Growing,United States
3555,13853,2026-04-06,Emerging,United States
3556,2955,2026-01-13,Growing,United States
3557,5543,2026-04-29,Established,Germany
3558,2086,2026-03-03,Emerging,Canada
3559,3822,2026-03-20,Growing,Canada
3560,1330,2026-08-17,Emerging,India
3561,10789,2026-07-06,Established,Canada
3562,9221,2026-01-22,Emerging,Canada
3563,2463,2026-07-01,Growing,Other
3564,8837,2026-08-05,Emerging,United States
3565,2093,2026-04-08,Emerging,Other
3566,13781,2026-03-01,Growing,India
3567,3635,2026-02-20,Growing,India
3568,12806,2026-08-08,Growing,Germany
3569,13488,2026-03-14,Emerging,Canada
3570,6969,2026-02-09,Growing,Other
3571,1733,2026-04-16,Emerging,Canada
3572,14857,2026-03-23,Growing,Nigeria
3573,58,2026-01-21,Emerging,India
3574,3055,2026-05-31,Emerging,India
3575,4845,2026-07-23,Established,Nigeria
3576,12764,2026-04-04,Established,United States
3577,1497,2026-05-29,Emerging,United States
3578,5147,2026-04-05,Emerging,United States
3579,12827,2026-03-25,Emerging,India
3580,8834,2026-02-07,Emerging,India
3581,6822,2026-03-24,Emerging,Canada
3582,1033,2026-08-14,Growing,Other
3583,4514,2026-04-19,Established,Canada
3584,6605,2026-03-18,Emerging,United States
3585,5733,2026-01-15,Established,United States
3586,9243,2026-03-10,Established,United Kingdom
3587,7701,2026-07-13,Emerging,Germany
3588,7435,2026-05-08,Emerging,Other
3589,6574,2026-07-02,Emerging,India
3590,7358,2026-06-23,Emerging,Nigeria
3591,5465,2026-03-25,Emerging,United States
3592,11760,2026-01-14,Growing,India
3593,8938,2026-02-24,Growing,India
3594,5848,2026-07-25,Established,United Kingdom
3595,14935,2026-02-11,Growing,India
3596,2143,2026-07-13,Established,Canada
3597,9494,2026-06-17,Emerging,India
3598,5776,2026-02-17,Emerging,Other
3599,11944,2026-02-03,Emerging,India
3600,407,2026-01-22,Emerging,Nigeria
3601,7433,2026-08-10,Growing,United States
3602,903,2026-06-27,Emerging,India
3603,1582,2026-06-24,Emerging,Nigeria
3604,14070,2026-03-04,Established,United States
3605,6831,2026-07-13,Top Creator,India
3606,4824,2026-06-05,Emerging,United Kingdom
3607,7903,2026-06-27,Emerging,India
3608,4648,2026-07-13,Emerging,Other
3609,9174,2026-02-18,Emerging,Canada
3610,13724,2026-01-04,Growing,India
3611,10279,2026-08-11,Growing,Other
3612,14161,2026-05-03,Emerging,United Kingdom
3613,788,2026-06-23,Emerging,United States
3614,8788,2026-01-09,Emerging,Canada
3615,1970,2026-05-01,Established,India
3616,11666,2026-02-26,Emerging,United States
3617,12731,2026-07-14,Established,United States
3618,20,2026-05-11,Emerging,United States
3619,2067,2026-02-07,Emerging,Canada
3620,12159,2026-03-18,Emerging,Other
3621,570,2026-03-31,Established,Canada
3622,11853,2026-07-29,Emerging,United Kingdom
3623,12422,2026-05-05,Growing,Other
3624,6479,2026-02-22,Emerging,United States
3625,746,2026-05-08,Emerging,Germany
3626,14523,2026-08-21,Emerging,India
3627,3917,2026-01-13,Growing,India
3628,9873,2026-01-19,Established,United States
3629,1796,2026-06-03,Emerging,Nigeria
3630,11029,2026-04-01,Emerging,United States
3631,1272,2026-02-06,Growing,United Kingdom
3632,4941,2026-08-15,Emerging,India
3633,12854,2026-03-04,Growing,Other
3634,11567,2026-05-03,Emerging,Canada
3635,6819,2026-07-13,Growing,United States
3636,7228,2026-07-24,Growing,India
3637,5794,2026-06-28,Emerging,Other
3638,4757,2026-02-26,Emerging,India
3639,3442,2026-01-27,Emerging,Other
3640,8376,2026-01-09,Emerging,Canada
3641,12867,2026-07-25,Emerging,India
3642,5325,2026-08-07,Emerging,United States
3643,6299,2026-02-17,Established,United Kingdom
3644,10197,2026-06-15,Established,India
3645,2110,2026-04-17,Emerging,United States
3646,11289,2026-06-07,Growing,Nigeria
3647,8889,2026-02-15,Growing,Nigeria
3648,13859,2026-04-23,Emerging,United States
3649,4566,2026-08-19,Emerging,United States
3650,8540,2026-06-25,Emerging,India
3651,789,2026-05-21,Growing,India
3652,10019,2026-03-03,Emerging,India
3653,7899,2026-01-08,Growing,United Kingdom
3654,11210,2026-01-07,Established,United States
3655,11980,2026-02-06,Growing,United States
3656,2702,2026-03-18,Top Creator,India
3657,11518,2026-05-27,Growing,India
3658,10031,2026-06-11,Emerging,India
3659,11217,2026-01-21,Established,Nigeria
3660,7835,2026-06-02,Emerging,Other
3661,1856,2026-02-16,Top Creator,India
3662,5800,2026-03-30,Emerging,Other
3663,3037,2026-02-07,Established,India
3664,11426,2026-07-26,Emerging,India
3665,5305,2026-02-09,Emerging,Other
3666,12404,2026-01-07,Emerging,United Kingdom
3667,12005,2026-05-21,Emerging,India
3668,1722,2026-02-10,Growing,United States
3669,2956,2026-02-18,Emerging,Nigeria
3670,6607,2026-07-20,Growing,United Kingdom
3671,465,2026-02-23,Growing,United Kingdom
3672,3610,2026-02-16,Growing,United Kingdom
3673,14111,2026-08-14,Established,India
3674,2631,2026-06-27,Emerging,India
3675,10435,2026-01-25,Emerging,Nigeria
3676,14195,2026-01-05,Emerging,India
3677,2792,2026-02-05,Emerging,United States
3678,14329,2026-04-26,Emerging,Other
3679,4135,2026-05-29,Established,Canada
3680,5642,2026-01-22,Emerging,United States
3681,5100,2026-06-23,Emerging,Other
3682,10362,2026-06-23,Growing,India
3683,2700,2026-01-13,Established,United Kingdom
3684,6875,2026-05-24,Top Creator,Germany
3685,12341,2026-03-22,Growing,Nigeria
3686,14832,2026-06-09,Emerging,United Kingdom
3687,11880,2026-07-11,Emerging,Other
3688,13125,2026-02-23,Growing,Germany
3689,13358,2026-06-10,Emerging,United States
3690,9586,2026-06-20,Emerging,United States
3691,14338,2026-06-13,Established,Germany
3692,8885,2026-03-12,Emerging,Nigeria
3693,13512,2026-06-10,Emerging,Nigeria
3694,7057,2026-01-14,Growing,India
3695,1045,2026-05-12,Emerging,Nigeria
3696,10227,2026-04-02,Emerging,India
3697,3417,2026-05-21,Established,India
3698,5185,2026-07-13,Growing,United Kingdom
3699,5557,2026-02-22,Emerging,India
3700,10319,2026-04-24,Emerging,India
3701,412,2026-02-20,Growing,Other
3702,7307,2026-08-19,Growing,Canada
3703,7516,2026-01-10,Growing,Nigeria
3704,13166,2026-01-16,Growing,India
3705,10076,2026-01-03,Growing,Canada
3706,10432,2026-02-27,Established,India
3707,12026,2026-01-15,Growing,United States
3708,8087,2026-01-22,Emerging,Other
3709,6123,2026-06-13,Established,India
3710,5944,2026-02-02,Emerging,United States
3711,3276,2026-07-07,Established,India
3712,13344,2026-04-19,Growing,India
3713,13591,2026-08-01,Emerging,Nigeria
3714,6668,2026-04-09,Growing,Nigeria
3715,1490,2026-01-01,Emerging,United States
3716,8046,2026-04-21,Top Creator,Germany
3717,3281,2026-02-03,Emerging,Nigeria
3718,5406,2026-01-22,Emerging,Other
3719,11373,2026-08-08,Emerging,United Kingdom
3720,4750,2026-06-07,Emerging,Nigeria
3721,637,2026-04-06,Growing,United States
3722,1555,2026-04-14,Emerging,Nigeria
3723,6172,2026-04-14,Emerging,Other
3724,12547,2026-03-21,Emerging,Canada
3725,3861,2026-02-10,Established,Canada
3726,894,2026-04-27,Emerging,United States
3727,14433,2026-03-18,Emerging,Nigeria
3728,11272,2026-07-06,Emerging,United Kingdom
3729,75,2026-06-21,Growing,United States
3730,12321,2026-07-07,Established,United States
3731,9144,2026-06-06,Growing,United Kingdom
3732,11663,2026-05-21,Emerging,India
3733,2281,2026-04-03,Growing,Other
3734,13182,2026-08-23,Emerging,United Kingdom
3735,13369,2026-04-28,Emerging,India
3736,6089,2026-08-09,Emerging,Other
3737,13410,2026-01-21,Emerging,United States
3738,7931,2026-01-22,Emerging,United States
3739,8822,2026-05-06,Growing,Other
3740,10356,2026-06-04,Established,India
3741,7839,2026-04-07,Emerging,Germany
3742,2402,2026-03-13,Emerging,United States
3743,12748,2026-07-10,Emerging,Nigeria
3744,6567,2026-03-28,Emerging,Nigeria
3745,3882,2026-04-19,Established,Nigeria
3746,2075,2026-03-01,Top Creator,India
3747,13243,2026-03-19,Emerging,India
3748,2901,2026-05-30,Emerging,India
3749,3168,2026-05-17,Growing,United Kingdom
3750,2006,2026-08-06,Emerging,United States
3751,2580,2026-04-17,Growing,United States
3752,13774,2026-05-02,Growing,India
3753,3282,2026-01-08,Established,Nigeria
3754,241,2026-06-21,Growing,Nigeria
3755,2401,2026-01-08,Emerging,Other
3756,3467,2026-05-08,Emerging,Canada
3757,3291,2026-03-29,Established,United States
3758,3839,2026-07-19,Emerging,United States
3759,5191,2026-08-10,Emerging,Other
3760,1335,2026-08-01,Emerging,United States
3761,4473,2026-06-19,Emerging,United Kingdom
3762,10886,2026-07-05,Emerging,India
3763,575,2026-01-23,Emerging,Canada
3764,423,2026-07-11,Established,Nigeria
3765,942,2026-03-26,Emerging,Germany
3766,4760,2026-01-31,Growing,India
3767,12573,2026-07-24,Established,India
3768,2543,2026-06-12,Established,United Kingdom
3769,3947,2026-03-01,Growing,Nigeria
3770,8980,2026-08-16,Emerging,India
3771,1164,2026-07-04,Emerging,Germany
3772,8620,2026-02-19,Growing,Nigeria
3773,11664,2026-03-06,Top Creator,United States
3774,3903,2026-01-19,Emerging,United States
3775,3237,2026-07-07,Growing,United States
3776,8899,2026-06-27,Emerging,Other
3777,3401,2026-06-28,Emerging,United Kingdom
3778,8145,2026-06-03,Growing,Canada
3779,4886,2026-02-17,Emerging,Other
3780,4756,2026-01-19,Growing,United Kingdom
3781,524,2026-05-30,Emerging,Other
3782,6926,2026-06-07,Emerging,Other
3783,7863,2026-03-28,Emerging,Other
3784,12964,2026-02-20,Emerging,United States
3785,4342,2026-04-27,Growing,Germany
3786,9113,2026-07-03,Emerging,United Kingdom
3787,2805,2026-04-27,Established,United States
3788,2030,2026-01-03,Emerging,Nigeria
3789,11429,2026-01-24,Growing,Canada
3790,1538,2026-05-30,Emerging,United Kingdom
3791,579,2026-05-09,Emerging,Germany
3792,13376,2026-01-24,Emerging,United Kingdom
3793,11044,2026-05-01,Emerging,Canada
3794,9963,2026-05-17,Emerging,Canada
3795,14170,2026-01-06,Emerging,Other
3796,5924,2026-01-29,Established,United States
3797,10308,2026-07-11,Established,Canada
3798,6938,2026-04-26,Emerging,United States
3799,3255,2026-06-06,Growing,United Kingdom
3800,14232,2026-04-19,Emerging,Canada
3801,1407,2026-05-21,Growing,United Kingdom
3802,3040,2026-02-05,Growing,India
3803,14151,2026-02-28,Emerging,United States
3804,11409,2026-06-07,Growing,India
3805,3381,2026-01-10,Emerging,Other
3806,7765,2026-06-04,Growing,India
3807,8384,2026-04-09,Emerging,Canada
3808,1284,2026-05-31,Growing,Other
3809,8320,2026-01-01,Emerging,United States
3810,1250,2026-05-16,Emerging,India
3811,5140,2026-04-18,Growing,Other
3812,3222,2026-06-16,Growing,India
3813,10290,2026-07-10,Emerging,Nigeria
3814,3866,2026-02-24,Emerging,United States
3815,7882,2026-08-24,Emerging,Other
3816,194,2026-01-29,Emerging,United Kingdom
3817,4753,2026-01-21,Emerging,India
3818,13618,2026-07-22,Growing,United Kingdom
3819,6390,2026-04-14,Emerging,United States
3820,8816,2026-03-03,Emerging,India
3821,2639,2026-02-14,Established,India
3822,4150,2026-08-04,Growing,India
3823,9336,2026-08-01,Growing,Other
3824,14192,2026-06-08,Emerging,Nigeria
3825,4871,2026-01-17,Growing,United Kingdom
3826,12894,2026-01-20,Emerging,Nigeria
3827,8286,2026-03-28,Emerging,Nigeria
3828,10908,2026-07-02,Emerging,United States
3829,14583,2026-08-04,Emerging,United States
3830,14478,2026-01-11,Emerging,India
3831,9837,2026-02-24,Emerging,United Kingdom
3832,11451,2026-05-03,Growing,India
3833,12050,2026-02-10,Emerging,Nigeria
3834,1408,2026-06-08,Emerging,Other
3835,1353,2026-02-01,Growing,India
3836,8036,2026-02-22,Emerging,Germany
3837,1843,2026-07-27,Growing,Canada
3838,12477,2026-01-09,Emerging,United Kingdom
3839,12795,2026-03-14,Emerging,Nigeria
3840,7647,2026-02-12,Growing,India
3841,9202,2026-03-25,Established,India
3842,13499,2026-05-28,Growing,India
3843,3083,2026-03-21,Emerging,Other
3844,11258,2026-08-11,Growing,India
3845,2790,2026-05-23,Emerging,India
3846,12304,2026-03-29,Growing,Germany
3847,9489,2026-08-06,Growing,India
3848,168,2026-01-01,Top Creator,Other
3849,4032,2026-05-17,Emerging,India
3850,2165,2026-08-12,Emerging,India
3851,7339,2026-04-03,Emerging,India
3852,14230,2026-08-23,Growing,Nigeria
3853,1283,2026-01-05,Growing,Nigeria
3854,14467,2026-01-18,Emerging,Nigeria
3855,9127,2026-02-15,Emerging,India
3856,10311,2026-01-09,Growing,Nigeria
3857,1104,2026-02-03,Growing,India
3858,13836,2026-08-13,Emerging,Nigeria
3859,5227,2026-05-01,Established,India
3860,12677,2026-06-19,Emerging,Canada
3861,5867,2026-07-15,Top Creator,Nigeria
3862,5971,2026-03-13,Emerging,Other
3863,1730,2026-03-17,Emerging,United Kingdom
3864,6096,2026-02-09,Emerging,Canada
3865,2717,2026-08-21,Growing,United Kingdom
3866,9270,2026-02-04,Emerging,United Kingdom
3867,1661,2026-01-02,Emerging,Germany
3868,8170,2026-04-24,Established,India
3869,2923,2026-02-11,Established,India
3870,13341,2026-01-13,Emerging,Germany
3871,2952,2026-06-18,Growing,India
3872,1847,2026-07-29,Emerging,Germany
3873,4364,2026-02-18,Growing,United States
3874,5449,2026-05-03,Emerging,Germany
3875,13117,2026-03-11,Emerging,Canada
3876,7366,2026-01-27,Growing,Nigeria
3877,4344,2026-04-03,Emerging,India
3878,1187,2026-04-21,Emerging,Nigeria
3879,12250,2026-02-24,Established,United Kingdom
3880,173,2026-01-27,Growing,United Kingdom
3881,10978,2026-06-01,Emerging,United Kingdom
3882,5123,2026-03-03,Emerging,United States
3883,3320,2026-05-19,Growing,India
3884,9513,2026-01-07,Growing,United States
3885,10638,2026-06-26,Established,United States
3886,7774,2026-04-26,Growing,India
3887,13630,2026-07-24,Emerging,Other
3888,7097,2026-08-23,Growing,India
3889,2849,2026-04-16,Emerging,United Kingdom
3890,9778,2026-06-15,Established,United States
3891,4631,2026-01-31,Emerging,Other
3892,9980,2026-07-13,Growing,Other
3893,11299,2026-04-10,Growing,India
3894,4402,2026-04-28,Emerging,Nigeria
3895,1369,2026-04-14,Emerging,Other
3896,9027,2026-02-10,Growing,United Kingdom
3897,12803,2026-04-16,Emerging,India
3898,6599,2026-02-09,Emerging,United Kingdom
3899,4163,2026-01-15,Emerging,Other
3900,122,2026-02-14,Established,Other
3901,1390,2026-02-07,Emerging,Canada
3902,2860,2026-01-26,Growing,India
3903,5171,2026-07-29,Emerging,India
3904,10250,2026-02-22,Growing,Other
3905,1889,2026-01-14,Established,Canada
3906,14228,2026-08-13,Emerging,Canada
3907,2485,2026-02-19,Established,India
3908,14521,2026-08-10,Established,United Kingdom
3909,2257,2026-07-16,Growing,United States
3910,11608,2026-07-26,Growing,United States
3911,6142,2026-03-12,Established,United Kingdom
3912,4667,2026-03-08,Growing,United Kingdom
3913,14177,2026-05-24,Emerging,India
3914,3847,2026-01-23,Growing,Germany
3915,14381,2026-07-21,Emerging,United States
3916,1589,2026-06-28,Established,Canada
3917,3564,2026-06-07,Emerging,United States
3918,10549,2026-04-22,Growing,Canada
3919,8408,2026-08-10,Growing,Canada
3920,8606,2026-04-05,Emerging,India
3921,8104,2026-07-28,Growing,United Kingdom
3922,6710,2026-04-19,Established,India
3923,513,2026-03-07,Emerging,United Kingdom
3924,1676,2026-06-15,Emerging,India
3925,6435,2026-05-28,Growing,Canada
3926,3705,2026-03-25,Growing,Nigeria
3927,5873,2026-01-27,Emerging,United States
3928,1461,2026-03-09,Growing,Canada
3929,2337,2026-02-02,Growing,Other
3930,4958,2026-01-02,Emerging,United States
3931,4213,2026-07-12,Growing,United States
3932,12993,2026-04-19,Growing,India
3933,11225,2026-08-04,Emerging,India
3934,7521,2026-03-18,Established,Canada
3935,7305,2026-03-18,Emerging,United Kingdom
3936,8377,2026-04-19,Growing,United Kingdom
3937,4511,2026-02-11,Emerging,India
3938,11340,2026-08-15,Emerging,United Kingdom
3939,5413,2026-01-31,Emerging,India
3940,2247,2026-08-09,Emerging,United States
3941,2820,2026-05-12,Growing,India
3942,3171,2026-03-14,Emerging,Canada
3943,4712,2026-05-03,Growing,Other
3944,7683,2026-02-23,Established,Canada
3945,8650,2026-06-08,Emerging,United States
3946,13775,2026-08-15,Established,United States
3947,5989,2026-05-09,Emerging,Nigeria
3948,9140,2026-07-27,Emerging,Other
3949,10340,2026-05-24,Growing,United States
3950,4244,2026-04-17,Established,Nigeria
3951,4441,2026-07-03,Emerging,United States
3952,9436,2026-06-13,Growing,India
3953,8051,2026-01-29,Emerging,India
3954,5997,2026-03-02,Growing,India
3955,11003,2026-04-16,Growing,India
3956,6755,2026-08-03,Growing,India
3957,293,2026-04-26,Established,Other
3958,12401,2026-07-30,Established,India
3959,10797,2026-04-08,Emerging,United Kingdom
3960,13054,2026-05-23,Emerging,Canada
3961,792,2026-05-17,Growing,India
3962,9225,2026-05-03,Established,India
3963,3851,2026-06-20,Emerging,United Kingdom
3964,7601,2026-06-22,Emerging,Germany
3965,8504,2026-01-17,Growing,Canada
3966,2503,2026-05-05,Emerging,Canada
3967,5337,2026-07-10,Emerging,United States
3968,12305,2026-03-09,Emerging,Other
3969,8800,2026-06-15,Emerging,India
3970,11829,2026-05-25,Emerging,United Kingdom
3971,4740,2026-02-24,Growing,United States
3972,6813,2026-04-25,Emerging,Canada
3973,8562,2026-07-15,Growing,United States
3974,13936,2026-08-05,Emerging,Other
3975,12280,2026-03-29,Emerging,India
3976,12633,2026-01-21,Growing,India
3977,6929,2026-05-29,Emerging,Nigeria
3978,3986,2026-03-10,Growing,India
3979,13042,2026-03-30,Established,Germany
3980,9719,2026-02-06,Emerging,Canada
3981,14002,2026-07-11,Emerging,India
3982,9092,2026-06-29,Emerging,Germany
3983,12637,2026-03-15,Emerging,India
3984,11779,2026-08-19,Growing,United States
3985,14547,2026-07-04,Emerging,United Kingdom
3986,13184,2026-04-19,Emerging,Nigeria
3987,4401,2026-02-26,Emerging,Nigeria
3988,12674,2026-01-19,Growing,Other
3989,6860,2026-02-17,Growing,United States
3990,9730,2026-02-21,Emerging,United States
3991,189,2026-08-17,Emerging,Canada
3992,4894,2026-08-15,Growing,United States
3993,9860,2026-07-10,Emerging,United States
3994,2186,2026-05-18,Growing,Nigeria
3995,13254,2026-05-02,Established,United Kingdom
3996,4611,2026-02-17,Growing,Nigeria
3997,10814,2026-02-09,Emerging,Other
3998,1076,2026-07-03,Emerging,India
3999,5464,2026-01-06,Emerging,Germany
4000,962,2026-04-05,Emerging,India
4001,3572,2026-03-04,Growing,Other
4002,5139,2026-08-23,Growing,Nigeria
4003,1016,2026-05-22,Established,India
4004,8531,2026-08-14,Emerging,India
4005,13520,2026-04-28,Growing,United Kingdom
4006,2192,2026-07-29,Emerging,India
4007,7011,2026-04-04,Emerging,United States
4008,3258,2026-01-21,Emerging,United Kingdom
4009,4580,2026-02-17,Emerging,India
4010,3571,2026-02-18,Emerging,United States
4011,1484,2026-03-31,Emerging,United Kingdom
4012,11097,2026-07-31,Growing,India
4013,14745,2026-06-07,Emerging,United States
4014,8058,2026-03-18,Emerging,United Kingdom
4015,14881,2026-03-24,Growing,Canada
4016,6265,2026-01-02,Growing,Other
4017,332,2026-06-08,Emerging,Canada
4018,13674,2026-04-17,Established,Nigeria
4019,12265,2026-01-15,Growing,Canada
4020,783,2026-07-05,Emerging,Canada
4021,2448,2026-07-17,Emerging,Other
4022,8588,2026-05-07,Growing,United States
4023,352,2026-05-27,Growing,United Kingdom
4024,6889,2026-01-26,Growing,India
4025,5913,2026-03-28,Emerging,United States
4026,14800,2026-05-19,Emerging,United States
4027,14297,2026-01-08,Growing,Canada
4028,14548,2026-05-14,Growing,India
4029,3690,2026-05-18,Emerging,Nigeria
4030,148,2026-01-12,Emerging,United States
4031,12077,2026-06-02,Emerging,India
4032,10600,2026-02-18,Top Creator,Nigeria
4033,12368,2026-05-10,Emerging,United Kingdom
4034,444,2026-02-06,Emerging,United States
4035,2722,2026-05-09,Emerging,Other
4036,9777,2026-02-09,Established,India
4037,3872,2026-07-29,Growing,Canada
4038,10442,2026-06-19,Emerging,United States
4039,10098,2026-04-09,Established,United States
4040,5755,2026-06-29,Established,Nigeria
4041,1785,2026-02-05,Emerging,United Kingdom
4042,11995,2026-01-24,Emerging,United States
4043,9950,2026-06-26,Established,United Kingdom
4044,3800,2026-07-07,Emerging,Nigeria
4045,12335,2026-03-16,Emerging,Other
4046,9760,2026-04-02,Emerging,Other
4047,12841,2026-07-28,Emerging,Nigeria
4048,3887,2026-02-09,Growing,Canada
4049,11158,2026-01-21,Emerging,India
4050,1144,2026-07-06,Emerging,United Kingdom
4051,7983,2026-07-01,Emerging,Canada
4052,10546,2026-07-07,Emerging,Nigeria
4053,4992,2026-07-23,Emerging,United Kingdom
4054,11528,2026-01-25,Established,Other
4055,9057,2026-07-02,Emerging,United States
4056,14615,2026-04-07,Growing,India
4057,13725,2026-03-20,Emerging,India
4058,8067,2026-05-12,Growing,Other
4059,4638,2026-06-20,Emerging,India
4060,11707,2026-03-21,Emerging,Nigeria
4061,6867,2026-07-27,Established,United States
4062,1172,2026-05-25,Emerging,India
4063,9285,2026-07-14,Growing,India
4064,11318,2026-05-12,Growing,India
4065,13278,2026-01-02,Growing,United States
4066,3329,2026-01-05,Top Creator,United States
4067,8373,2026-01-04,Emerging,United States
4068,12961,2026-01-13,Established,United Kingdom
4069,1809,2026-02-08,Growing,Other
4070,372,2026-08-05,Emerging,Other
4071,10855,2026-04-07,Emerging,Nigeria
4072,4529,2026-05-05,Growing,United States
4073,8557,2026-05-09,Emerging,India
4074,11627,2026-02-18,Growing,Nigeria
4075,4914,2026-08-02,Emerging,United States
4076,3520,2026-02-25,Growing,India
4077,5916,2026-08-03,Growing,Other
4078,6805,2026-04-12,Emerging,India
4079,11038,2026-04-25,Emerging,United Kingdom
4080,492,2026-04-09,Established,United Kingdom
4081,850,2026-05-14,Emerging,United States
4082,3588,2026-06-22,Emerging,United States
4083,14375,2026-01-22,Growing,United States
4084,9283,2026-05-25,Emerging,United Kingdom
4085,11141,2026-01-07,Emerging,Other
4086,5615,2026-01-06,Growing,India
4087,14302,2026-05-17,Emerging,Germany
4088,12927,2026-04-21,Emerging,United States
4089,1106,2026-03-19,Growing,India
4090,5507,2026-08-13,Established,Other
4091,13668,2026-07-27,Established,United States
4092,12596,2026-08-03,Emerging,United Kingdom
4093,960,2026-07-28,Emerging,Nigeria
4094,12423,2026-06-10,Established,United States
4095,5667,2026-07-26,Growing,Other
4096,5769,2026-03-03,Growing,United States
4097,6975,2026-03-02,Established,Other
4098,3328,2026-07-05,Growing,United Kingdom
4099,8555,2026-05-17,Top Creator,India
4100,10420,2026-08-08,Established,India
4101,457,2026-08-03,Growing,United States
4102,3022,2026-04-18,Established,United States
4103,5737,2026-03-14,Emerging,Nigeria
4104,390,2026-05-22,Growing,Canada
4105,8378,2026-05-17,Emerging,Germany
4106,3400,2026-02-01,Established,United States
4107,4014,2026-01-04,Emerging,India
4108,7078,2026-08-06,Established,Canada
4109,6004,2026-03-12,Emerging,United States
4110,9105,2026-08-13,Growing,Other
4111,9561,2026-04-09,Emerging,India
4112,7834,2026-01-26,Growing,India
4113,10002,2026-04-18,Emerging,India
4114,2408,2026-04-21,Established,India
4115,13831,2026-07-30,Growing,United States
4116,10585,2026-02-13,Growing,United States
4117,8165,2026-04-24,Emerging,Germany
4118,12076,2026-07-20,Emerging,United States
4119,11128,2026-08-12,Established,United States
4120,14267,2026-06-14,Emerging,United Kingdom
4121,1616,2026-03-08,Established,United States
4122,6791,2026-06-20,Emerging,United Kingdom
4123,1929,2026-04-06,Emerging,Canada
4124,6064,2026-07-13,Established,India
4125,12024,2026-05-10,Established,United Kingdom
4126,14530,2026-06-14,Emerging,India
4127,6346,2026-07-10,Emerging,United Kingdom
4128,14374,2026-01-29,Established,Canada
4129,10387,2026-06-03,Emerging,India
4130,7628,2026-07-18,Emerging,India
4131,11462,2026-05-12,Growing,United Kingdom
4132,11911,2026-06-15,Emerging,India
4133,14526,2026-03-01,Emerging,United States
4134,1285,2026-05-18,Emerging,Other
4135,5348,2026-07-04,Established,United States
4136,2537,2026-03-11,Established,Other
4137,11420,2026-04-30,Emerging,United States
4138,14865,2026-05-25,Emerging,United Kingdom
4139,12777,2026-05-16,Growing,United Kingdom
4140,845,2026-06-02,Emerging,United Kingdom
4141,11706,2026-02-21,Established,Nigeria
4142,311,2026-03-31,Emerging,Germany
4143,3668,2026-04-18,Emerging,United States
4144,8042,2026-01-15,Growing,Other
4145,7757,2026-01-12,Emerging,India
4146,7482,2026-04-16,Emerging,India
4147,12424,2026-03-07,Emerging,United States
4148,12593,2026-05-11,Emerging,United States
4149,8256,2026-04-13,Growing,United Kingdom
4150,10532,2026-03-20,Growing,Nigeria
4151,5331,2026-05-09,Emerging,United States
4152,2756,2026-01-26,Emerging,Nigeria
4153,1212,2026-07-17,Emerging,Other
4154,11778,2026-02-16,Growing,United Kingdom
4155,704,2026-06-26,Growing,India
4156,9139,2026-04-28,Established,United Kingdom
4157,4860,2026-06-24,Emerging,Other
4158,980,2026-02-20,Growing,United States
4159,8020,2026-06-16,Growing,United Kingdom
4160,3358,2026-08-05,Established,India
4161,13832,2026-03-28,Emerging,India
4162,3519,2026-03-11,Emerging,United States
4163,13315,2026-08-11,Emerging,United Kingdom
4164,5546,2026-01-16,Emerging,Nigeria
4165,12010,2026-06-16,Emerging,United States
4166,1478,2026-01-11,Established,United States
4167,9958,2026-03-12,Established,India
4168,8931,2026-02-24,Emerging,Germany
4169,6001,2026-03-29,Growing,Nigeria
4170,10434,2026-03-07,Emerging,India
4171,2593,2026-05-14,Established,India
4172,13405,2026-03-22,Emerging,Other
4173,12746,2026-06-07,Top Creator,United Kingdom
4174,9307,2026-03-15,Emerging,India
4175,4636,2026-04-03,Emerging,India
4176,12343,2026-02-23,Growing,Other
4177,363,2026-03-16,Emerging,Nigeria
4178,7311,2026-06-04,Emerging,United Kingdom
4179,4577,2026-04-25,Growing,Canada
4180,10538,2026-05-12,Growing,India
4181,7344,2026-05-31,Established,Germany
4182,8676,2026-04-23,Emerging,Nigeria
4183,7847,2026-07-14,Growing,India
4184,3964,2026-08-06,Established,India
4185,13623,2026-01-02,Established,United Kingdom
4186,6425,2026-03-07,Emerging,Other
4187,12797,2026-03-17,Emerging,Nigeria
4188,10928,2026-05-27,Emerging,India
4189,828,2026-08-08,Growing,Canada
4190,7577,2026-03-19,Established,United States
4191,6209,2026-08-12,Growing,Other
4192,14018,2026-01-09,Growing,India
4193,6650,2026-08-08,Emerging,Other
4194,11331,2026-06-06,Emerging,Nigeria
4195,14186,2026-06-20,Emerging,Germany
4196,10802,2026-01-20,Growing,Other
4197,132,2026-03-04,Emerging,India
4198,11892,2026-04-14,Emerging,Germany
4199,5834,2026-07-24,Emerging,Germany
4200,3593,2026-07-02,Emerging,Other
4201,14198,2026-08-03,Emerging,India
4202,12410,2026-02-06,Established,Nigeria
4203,12248,2026-05-08,Emerging,United Kingdom
4204,10294,2026-06-05,Established,India
4205,9403,2026-08-09,Top Creator,India
4206,6477,2026-05-04,Emerging,United Kingdom
4207,3450,2026-01-22,Established,United States
4208,9651,2026-02-07,Emerging,Canada
4209,5174,2026-01-04,Top Creator,Germany
4210,9158,2026-07-18,Established,United States
4211,5874,2026-02-25,Established,India
4212,14322,2026-04-30,Emerging,Other
4213,3211,2026-05-10,Established,Canada
4214,6852,2026-07-05,Established,India
4215,2737,2026-08-05,Growing,India
4216,9838,2026-07-31,Emerging,United States
4217,6664,2026-07-04,Emerging,United States
4218,1700,2026-02-09,Emerging,Nigeria
4219,4547,2026-01-08,Growing,United States
4220,2381,2026-08-14,Emerging,India
4221,9250,2026-01-23,Established,United States
4222,13022,2026-01-25,Emerging,Other
4223,7395,2026-06-29,Emerging,Germany
4224,13716,2026-07-26,Growing,United States
4225,11324,2026-03-31,Growing,India
4226,8791,2026-02-11,Emerging,United Kingdom
4227,488,2026-02-08,Emerging,India
4228,7504,2026-02-18,Emerging,Other
4229,3423,2026-05-15,Growing,United States
4230,7485,2026-04-16,Growing,United States
4231,13700,2026-07-23,Emerging,United States
4232,5393,2026-01-25,Emerging,Germany
4233,262,2026-07-03,Emerging,Other
4234,5542,2026-07-03,Emerging,India
4235,3521,2026-07-30,Growing,United Kingdom
4236,4848,2026-05-25,Growing,Other
4237,9614,2026-05-26,Emerging,Germany
4238,5310,2026-01-23,Emerging,India
4239,3278,2026-01-21,Emerging,United Kingdom
4240,5354,2026-04-19,Growing,United States
4241,14327,2026-07-13,Emerging,United Kingdom
4242,8833,2026-01-17,Emerging,Canada
4243,7394,2026-06-29,Emerging,Canada
4244,11943,2026-06-24,Emerging,Canada
4245,14856,2026-05-11,Established,India
4246,2891,2026-03-10,Emerging,United Kingdom
4247,14445,2026-04-09,Growing,India
4248,778,2026-03-16,Established,India
4249,12444,2026-07-30,Emerging,India
4250,9492,2026-01-16,Emerging,India
4251,2521,2026-01-02,Emerging,United States
4252,5833,2026-07-04,Established,United Kingdom
4253,5290,2026-05-19,Top Creator,United Kingdom
4254,9601,2026-03-21,Growing,Other
4255,11288,2026-07-30,Growing,United States
4256,1476,2026-02-10,Established,Germany
4257,14129,2026-04-08,Established,United States
4258,7805,2026-03-29,Established,Canada
4259,4900,2026-01-13,Emerging,United Kingdom
4260,9166,2026-06-29,Emerging,Nigeria
4261,10942,2026-05-09,Growing,United Kingdom
4262,7065,2026-06-12,Emerging,India
4263,3548,2026-01-17,Growing,United States
4264,11428,2026-08-02,Emerging,United Kingdom
4265,5000,2026-06-11,Growing,India
4266,11378,2026-04-25,Established,Nigeria
4267,4523,2026-04-13,Emerging,Other
4268,7390,2026-04-28,Growing,United States
4269,4222,2026-03-25,Emerging,Germany
4270,11013,2026-06-17,Growing,United States
4271,12096,2026-08-21,Emerging,India
4272,14913,2026-02-18,Emerging,United Kingdom
4273,3433,2026-04-02,Established,United Kingdom
4274,2918,2026-02-04,Emerging,Canada
4275,14397,2026-06-24,Growing,India
4276,3193,2026-08-19,Emerging,Nigeria
4277,8752,2026-01-18,Growing,India
4278,2584,2026-07-23,Established,Other
4279,11511,2026-01-07,Emerging,India
4280,6847,2026-07-28,Emerging,Germany
4281,344,2026-02-17,Growing,United Kingdom
4282,2837,2026-02-11,Emerging,Nigeria
4283,2965,2026-01-08,Emerging,Nigeria
4284,2211,2026-06-09,Emerging,India
4285,14347,2026-03-30,Emerging,United States
4286,13010,2026-07-20,Growing,Other
4287,7777,2026-06-19,Growing,Germany
4288,4943,2026-02-26,Growing,Canada
4289,2876,2026-03-09,Established,United Kingdom
4290,4264,2026-01-11,Growing,United States
4291,5239,2026-05-09,Growing,United States
4292,8587,2026-07-06,Top Creator,India
4293,1415,2026-01-15,Emerging,Nigeria
4294,2356,2026-05-28,Emerging,United Kingdom
4295,11240,2026-02-24,Emerging,Canada
4296,11171,2026-04-13,Emerging,Germany
4297,10258,2026-03-05,Emerging,Other
4298,943,2026-01-26,Growing,United States
4299,5998,2026-06-06,Emerging,United Kingdom
4300,12501,2026-01-28,Emerging,India
4301,359,2026-04-30,Emerging,United States
4302,7116,2026-04-17,Emerging,India
4303,10412,2026-04-01,Emerging,Nigeria
4304,13927,2026-03-26,Emerging,United States
4305,6949,2026-05-02,Emerging,India
4306,4928,2026-01-28,Emerging,Other
4307,6382,2026-05-30,Growing,Nigeria
4308,8009,2026-06-21,Growing,United Kingdom
4309,13111,2026-08-17,Emerging,United States
4310,4780,2026-06-01,Growing,Canada
4311,1723,2026-06-15,Top Creator,India
4312,8909,2026-05-09,Emerging,Nigeria
4313,12461,2026-04-15,Emerging,India
4314,670,2026-05-21,Top Creator,Germany
4315,1812,2026-08-17,Emerging,India
4316,3042,2026-05-31,Emerging,Other
4317,2319,2026-03-13,Emerging,United Kingdom
4318,1189,2026-06-17,Emerging,India
4319,913,2026-07-20,Emerging,United Kingdom
4320,10269,2026-04-26,Emerging,Other
4321,8218,2026-03-28,Emerging,United States
4322,2840,2026-03-25,Growing,United Kingdom
4323,12834,2026-07-09,Growing,Nigeria
4324,7909,2026-05-01,Established,Canada
4325,4346,2026-05-11,Emerging,Nigeria
4326,12314,2026-04-07,Emerging,Nigeria
4327,3453,2026-07-08,Emerging,United States
4328,7113,2026-05-05,Emerging,Nigeria
4329,3479,2026-07-12,Emerging,United States
4330,1271,2026-02-07,Emerging,United States
4331,11009,2026-06-22,Emerging,India
4332,4065,2026-05-30,Emerging,India
4333,10198,2026-04-28,Established,India
4334,12365,2026-02-25,Emerging,India
4335,863,2026-08-17,Growing,United States
4336,5433,2026-04-11,Established,India
4337,2023,2026-08-22,Emerging,India
4338,12286,2026-06-03,Established,United States
4339,5501,2026-08-04,Growing,India
4340,4005,2026-07-20,Emerging,United States
4341,6510,2026-03-13,Established,Other
4342,8294,2026-07-13,Growing,Other
4343,914,2026-06-10,Emerging,United States
4344,3100,2026-01-25,Established,India
4345,5720,2026-06-15,Emerging,Germany
4346,11868,2026-03-11,Growing,India
4347,5054,2026-04-29,Growing,United States
4348,13946,2026-01-17,Emerging,Other
4349,9859,2026-04-28,Growing,United States
4350,3898,2026-04-11,Growing,United Kingdom
4351,10555,2026-03-21,Growing,Other
4352,12290,2026-02-11,Established,United Kingdom
4353,1906,2026-01-15,Growing,Canada
4354,4903,2026-05-21,Top Creator,Canada
4355,6344,2026-01-28,Growing,India
4356,7426,2026-05-17,Established,Germany
4357,2472,2026-06-08,Emerging,United States
4358,8271,2026-03-25,Emerging,United States
4359,4696,2026-06-07,Emerging,Germany
4360,3201,2026-01-07,Emerging,India
4361,5912,2026-06-19,Established,United States
4362,13659,2026-05-08,Emerging,United Kingdom
4363,8226,2026-02-15,Emerging,Other
4364,304,2026-07-27,Emerging,Other
4365,1685,2026-01-24,Growing,Germany
4366,7017,2026-07-03,Emerging,Other
4367,12328,2026-06-01,Emerging,United States
4368,8128,2026-07-04,Emerging,India
4369,12117,2026-05-29,Emerging,United Kingdom
4370,8736,2026-04-15,Emerging,India
4371,14753,2026-03-14,Growing,United States
4372,13228,2026-07-31,Emerging,Nigeria
4373,11277,2026-05-26,Top Creator,United Kingdom
4374,8601,2026-01-14,Emerging,United Kingdom
4375,10161,2026-06-09,Emerging,India
4376,8297,2026-02-10,Growing,United States
4377,375,2026-04-03,Emerging,Canada
4378,9974,2026-06-16,Emerging,India
4379,5584,2026-02-16,Emerging,Other
4380,13835,2026-05-21,Growing,Other
4381,7441,2026-03-24,Emerging,India
4382,14099,2026-08-24,Established,United Kingdom
4383,13712,2026-06-09,Emerging,United States
4384,1547,2026-04-15,Emerging,Other
4385,10799,2026-04-21,Established,India
4386,6065,2026-08-12,Growing,United States
4387,11838,2026-04-13,Growing,United States
4388,319,2026-06-10,Established,United States
4389,10917,2026-07-05,Emerging,United States
4390,8783,2026-04-17,Growing,Germany
4391,1607,2026-02-24,Emerging,Other
4392,14559,2026-04-24,Emerging,India
4393,2007,2026-06-18,Emerging,Nigeria
4394,214,2026-07-09,Established,India
4395,6717,2026-04-21,Growing,United States
4396,14654,2026-04-05,Emerging,Other
4397,7157,2026-04-25,Emerging,United States
4398,12074,2026-01-30,Emerging,United States
4399,12563,2026-04-09,Emerging,India
4400,666,2026-03-15,Growing,Germany
4401,11683,2026-04-28,Emerging,United States
4402,9979,2026-07-23,Growing,India
4403,9822,2026-04-03,Established,Canada
4404,11727,2026-07-20,Emerging,India
4405,8881,2026-01-23,Established,United States
4406,14543,2026-08-22,Emerging,Nigeria
4407,6573,2026-02-26,Emerging,United Kingdom
4408,4047,2026-02-07,Emerging,United States
4409,4026,2026-02-15,Emerging,Nigeria
4410,77,2026-06-24,Top Creator,Canada
4411,9536,2026-05-31,Emerging,Nigeria
4412,14419,2026-08-15,Growing,India
4413,4159,2026-07-01,Growing,United States
4414,12982,2026-04-20,Emerging,India
4415,7199,2026-07-31,Emerging,India
4416,7512,2026-01-28,Emerging,United States
4417,2833,2026-07-10,Emerging,United States
4418,3905,2026-05-17,Established,Other
4419,7989,2026-08-24,Growing,United States
4420,4730,2026-04-21,Established,Other
4421,5086,2026-07-22,Growing,Nigeria
4422,1346,2026-03-30,Emerging,Other
4423,9019,2026-07-22,Emerging,Other
4424,14933,2026-01-10,Growing,Nigeria
4425,8428,2026-04-13,Emerging,Other
4426,9431,2026-06-26,Emerging,Other
4427,3991,2026-04-01,Emerging,India
4428,10110,2026-04-21,Emerging,India
4429,5529,2026-04-05,Growing,India
4430,7643,2026-04-14,Established,United States
4431,1367,2026-02-22,Emerging,United States
4432,4111,2026-03-09,Growing,United States
4433,14697,2026-08-24,Growing,India
4434,4551,2026-04-11,Emerging,India
4435,3214,2026-05-29,Emerging,Nigeria
4436,5119,2026-02-15,Established,India
4437,1786,2026-05-28,Emerging,India
4438,13471,2026-08-04,Emerging,Nigeria
4439,6449,2026-08-23,Emerging,Other
4440,366,2026-06-13,Emerging,United States
4441,5534,2026-04-30,Emerging,United States
4442,7025,2026-01-22,Emerging,United States
4443,12940,2026-01-15,Emerging,Other
4444,11111,2026-04-19,Emerging,India
4445,5146,2026-01-11,Emerging,Nigeria
4446,6663,2026-03-03,Emerging,Nigeria
4447,4524,2026-03-09,Growing,United States
4448,14363,2026-01-17,Emerging,Canada
4449,12802,2026-04-12,Emerging,India
4450,6446,2026-05-24,Established,United States
4451,2721,2026-03-16,Emerging,Other
4452,7024,2026-07-02,Growing,India
4453,6145,2026-05-07,Growing,Nigeria
4454,9294,2026-05-21,Emerging,United States
4455,4214,2026-07-04,Established,India
4456,9252,2026-02-06,Emerging,United States
4457,1288,2026-01-13,Growing,United States
4458,11887,2026-02-06,Emerging,India
4459,6593,2026-03-04,Emerging,Other
4460,8360,2026-08-23,Top Creator,United Kingdom
4461,13744,2026-03-08,Growing,Nigeria
4462,727,2026-03-25,Emerging,Other
4463,9944,2026-06-23,Emerging,United Kingdom
4464,5730,2026-06-02,Growing,India
4465,4403,2026-04-10,Emerging,India
4466,3023,2026-03-06,Established,Nigeria
4467,2175,2026-07-15,Established,India
4468,14109,2026-01-17,Emerging,United Kingdom
4469,3490,2026-05-29,Growing,United Kingdom
4470,3309,2026-08-15,Established,India
4471,9566,2026-03-18,Emerging,United States
4472,9493,2026-05-31,Emerging,United Kingdom
4473,4181,2026-01-28,Emerging,India
4474,8102,2026-01-12,Emerging,Nigeria
4475,5896,2026-02-27,Established,United Kingdom
4476,3727,2026-06-19,Emerging,United Kingdom
4477,12480,2026-02-18,Emerging,United Kingdom
4478,14855,2026-01-21,Emerging,United States
4479,702,2026-07-11,Emerging,United States
4480,9660,2026-08-03,Emerging,United States
4481,12530,2026-03-28,Growing,Other
4482,14208,2026-04-03,Growing,Canada
4483,8696,2026-02-20,Emerging,United Kingdom
4484,9355,2026-02-13,Growing,United Kingdom
4485,3699,2026-02-13,Established,United States
4486,12388,2026-06-17,Emerging,India
4487,1884,2026-05-26,Emerging,United Kingdom
4488,4818,2026-05-14,Emerging,India
4489,12042,2026-05-04,Emerging,India
4490,2363,2026-08-13,Growing,United Kingdom
4491,128,2026-05-09,Growing,India
4492,13596,2026-05-02,Emerging,United States
4493,11184,2026-07-08,Emerging,United Kingdom
4494,10596,2026-06-08,Emerging,Other
4495,11233,2026-03-02,Emerging,India
4496,19,2026-06-01,Established,Other
4497,2234,2026-05-10,Growing,United States
4498,5511,2026-07-12,Emerging,India
4499,6147,2026-05-14,Emerging,India
4500,1835,2026-03-24,Established,United States
4501,5073,2026-01-26,Emerging,Other
4502,2783,2026-01-21,Growing,India
4503,7635,2026-02-23,Emerging,United States
4504,7716,2026-07-23,Emerging,Other
4505,13298,2026-01-08,Growing,United States
4506,3322,2026-05-23,Emerging,India
4507,7004,2026-07-10,Emerging,Nigeria
4508,7546,2026-01-10,Emerging,India
4509,13277,2026-04-21,Emerging,United States
4510,901,2026-07-05,Growing,India
4511,12484,2026-03-11,Emerging,Other
4512,6993,2026-02-20,Growing,United States
4513,625,2026-08-10,Emerging,United Kingdom
4514,4758,2026-01-25,Growing,Canada
4515,450,2026-04-09,Emerging,Canada
4516,7776,2026-04-23,Emerging,Other
4517,9470,2026-03-31,Emerging,United States
4518,8178,2026-01-26,Emerging,India
4519,7110,2026-04-14,Emerging,Nigeria
4520,10482,2026-02-14,Emerging,Canada
4521,7947,2026-03-31,Top Creator,Canada
4522,7775,2026-08-18,Growing,India
4523,6622,2026-07-06,Emerging,Nigeria
4524,12936,2026-03-24,Emerging,Nigeria
4525,2015,2026-08-03,Established,United Kingdom
4526,4891,2026-02-16,Established,United States
4527,10867,2026-07-12,Established,Canada
4528,7741,2026-07-19,Established,United States
4529,4007,2026-05-04,Emerging,India
4530,583,2026-02-03,Emerging,Nigeria
4531,6688,2026-05-30,Growing,Nigeria
4532,14140,2026-07-20,Growing,India
4533,3821,2026-08-01,Emerging,India
4534,6547,2026-05-10,Emerging,India
4535,2071,2026-03-31,Established,Other
4536,12405,2026-07-27,Established,India
4537,7352,2026-02-06,Emerging,United States
4538,14357,2026-01-13,Emerging,India
4539,12092,2026-07-12,Established,Other
4540,14256,2026-08-11,Emerging,India
4541,7970,2026-05-29,Growing,United States
4542,4379,2026-04-29,Emerging,India
4543,6180,2026-07-23,Growing,India
4544,13577,2026-08-18,Emerging,India
4545,8379,2026-06-03,Established,Nigeria
4546,4666,2026-05-15,Emerging,United Kingdom
4547,5999,2026-02-08,Emerging,United States
4548,8781,2026-02-21,Emerging,Nigeria
4549,12418,2026-08-02,Growing,Germany
4550,13073,2026-03-09,Emerging,India
4551,12256,2026-01-15,Growing,United States
4552,2687,2026-04-15,Emerging,United Kingdom
4553,6533,2026-04-11,Established,Other
4554,10403,2026-04-12,Emerging,India
4555,12184,2026-03-28,Established,United States
4556,12647,2026-07-08,Growing,India
4557,5937,2026-07-13,Emerging,Canada
4558,12920,2026-07-29,Emerging,Nigeria
4559,4368,2026-01-23,Established,United States
4560,8810,2026-08-02,Emerging,United Kingdom
4561,1683,2026-03-27,Growing,India
4562,11828,2026-03-17,Emerging,United States
4563,1586,2026-04-24,Established,United States
4564,858,2026-05-29,Growing,Other
4565,9257,2026-07-17,Established,United States
4566,8563,2026-02-04,Established,Other
4567,7964,2026-01-12,Emerging,Nigeria
4568,13131,2026-04-15,Emerging,Germany
4569,11724,2026-03-03,Emerging,United States
4570,12578,2026-01-30,Emerging,Other
4571,11673,2026-07-14,Emerging,Other
4572,4670,2026-01-25,Emerging,India
4573,860,2026-04-28,Established,Germany
4574,2863,2026-01-10,Emerging,Other
4575,13239,2026-02-22,Emerging,United States
4576,11255,2026-01-31,Growing,Nigeria
4577,3223,2026-05-13,Established,India
4578,1267,2026-01-01,Emerging,Canada
4579,1249,2026-07-22,Emerging,United Kingdom
4580,5752,2026-05-31,Emerging,Germany
4581,2527,2026-03-03,Emerging,United States
4582,2861,2026-01-09,Growing,United Kingdom
4583,2802,2026-03-19,Growing,India
4584,1482,2026-04-11,Established,Nigeria
4585,3039,2026-05-22,Established,United Kingdom
4586,9316,2026-05-07,Established,India
4587,4487,2026-04-23,Emerging,United States
4588,7367,2026-02-24,Emerging,United States
4589,10263,2026-02-08,Emerging,India
4590,6809,2026-07-19,Growing,India
4591,8329,2026-05-24,Established,Nigeria
4592,11186,2026-01-17,Emerging,United Kingdom
4593,10115,2026-07-07,Established,Canada
4594,9698,2026-02-18,Emerging,United States
4595,4838,2026-02-20,Emerging,Nigeria
4596,12594,2026-01-09,Growing,Other
4597,6784,2026-04-17,Established,Nigeria
4598,10304,2026-05-10,Emerging,India
4599,13942,2026-08-21,Emerging,Nigeria
4600,12160,2026-06-04,Emerging,Germany
4601,3993,2026-02-02,Emerging,Nigeria
4602,13683,2026-04-28,Emerging,India
4603,6100,2026-05-12,Emerging,Canada
4604,1508,2026-02-04,Emerging,Other
4605,4356,2026-03-06,Emerging,Germany
4606,6541,2026-05-07,Emerging,Other
4607,71,2026-04-02,Growing,Germany
4608,2105,2026-02-28,Growing,United States
4609,12937,2026-02-26,Emerging,Germany
4610,3798,2026-06-17,Emerging,Nigeria
4611,12939,2026-04-03,Emerging,United States
4612,9026,2026-06-15,Emerging,United Kingdom
4613,4253,2026-01-17,Emerging,Canada
4614,6333,2026-06-20,Emerging,United States
4615,1228,2026-08-17,Emerging,India
4616,10983,2026-04-25,Growing,India
4617,13769,2026-06-20,Top Creator,Canada
4618,8132,2026-06-04,Established,Other
4619,10722,2026-06-28,Growing,United Kingdom
4620,3883,2026-01-03,Growing,Other
4621,13457,2026-04-11,Established,United States
4622,14585,2026-08-15,Growing,Nigeria
4623,8974,2026-04-13,Emerging,Nigeria
4624,3742,2026-06-14,Growing,United States
4625,9199,2026-02-17,Emerging,United Kingdom
4626,3421,2026-02-15,Emerging,Other
4627,5709,2026-03-24,Emerging,India
4628,7728,2026-05-21,Emerging,United States
4629,8509,2026-06-04,Growing,India
4630,14514,2026-07-01,Established,Nigeria
4631,5926,2026-03-28,Established,Other
4632,10247,2026-08-03,Emerging,India
4633,2602,2026-01-20,Established,Canada
4634,5483,2026-02-01,Growing,Other
4635,14336,2026-03-17,Emerging,Germany
4636,10565,2026-04-19,Growing,Nigeria
4637,7734,2026-02-21,Emerging,Other
4638,8883,2026-06-21,Emerging,United Kingdom
4639,4989,2026-04-14,Emerging,United Kingdom
4640,2895,2026-04-18,Growing,India
4641,12706,2026-06-17,Emerging,India
4642,10551,2026-02-23,Established,India
4643,2076,2026-06-25,Growing,Nigeria
4644,723,2026-01-30,Emerging,United Kingdom
4645,10193,2026-04-24,Growing,United Kingdom
4646,8567,2026-01-07,Emerging,United Kingdom
4647,1520,2026-01-17,Emerging,India
4648,9222,2026-01-18,Established,Canada
4649,8591,2026-06-25,Emerging,Canada
4650,14034,2026-07-02,Emerging,United States
4651,8913,2026-07-30,Growing,India
4652,11096,2026-02-22,Growing,India
4653,7687,2026-02-23,Emerging,Nigeria
4654,5945,2026-06-07,Growing,Canada
4655,137,2026-06-12,Established,India
4656,5960,2026-01-11,Growing,Nigeria
4657,107,2026-07-09,Established,Other
4658,3524,2026-05-12,Emerging,United Kingdom
4659,10329,2026-08-06,Emerging,India
4660,9229,2026-08-20,Emerging,India
4661,4896,2026-04-15,Growing,Canada
4662,14006,2026-08-07,Established,United Kingdom
4663,110,2026-07-27,Established,Nigeria
4664,6273,2026-01-27,Emerging,Canada
4665,6156,2026-03-05,Growing,Other
4666,7880,2026-06-10,Top Creator,United Kingdom
4667,14278,2026-05-04,Emerging,United States
4668,5255,2026-07-25,Growing,United States
4669,9520,2026-03-26,Established,India
4670,3349,2026-06-27,Established,United States
4671,9696,2026-04-24,Emerging,Nigeria
4672,6604,2026-03-23,Emerging,India
4673,11564,2026-06-17,Growing,United States
4674,1306,2026-03-10,Established,United States
4675,3106,2026-04-05,Emerging,Canada
4676,1412,2026-08-04,Emerging,United Kingdom
4677,2246,2026-04-02,Established,United States
4678,1493,2026-02-24,Emerging,India
4679,2284,2026-03-20,Growing,Other
4680,2090,2026-03-08,Emerging,India
4681,4235,2026-05-04,Emerging,India
4682,14093,2026-08-15,Emerging,Germany
4683,3799,2026-02-07,Emerging,Germany
4684,6476,2026-01-20,Established,United Kingdom
4685,9394,2026-01-25,Emerging,Other
4686,13801,2026-02-20,Emerging,India
4687,2536,2026-08-19,Growing,United Kingdom
4688,1677,2026-08-10,Emerging,Germany
4689,10768,2026-02-12,Growing,Other
4690,13684,2026-07-16,Emerging,United States
4691,12681,2026-02-16,Emerging,India
4692,13779,2026-08-21,Emerging,United Kingdom
4693,2924,2026-04-28,Emerging,India
4694,11764,2026-03-26,Established,India
4695,7372,2026-03-04,Emerging,United States
4696,14285,2026-08-09,Emerging,Canada
4697,7274,2026-03-26,Emerging,Other
4698,4976,2026-06-02,Growing,India
4699,2077,2026-07-24,Emerging,India
4700,2589,2026-02-25,Growing,Nigeria
4701,12351,2026-07-06,Emerging,United States
4702,10842,2026-08-08,Emerging,United States
4703,7634,2026-06-18,Established,India
4704,12102,2026-04-20,Emerging,Other
4705,235,2026-05-17,Growing,Other
4706,12922,2026-03-23,Emerging,India
4707,12094,2026-07-14,Emerging,Canada
4708,3474,2026-03-13,Emerging,United Kingdom
4709,4627,2026-03-10,Emerging,United States
4710,3272,2026-01-29,Emerging,Nigeria
4711,10225,2026-03-10,Established,United States
4712,5578,2026-01-19,Established,United Kingdom
4713,10000,2026-04-16,Emerging,India
4714,14733,2026-02-24,Emerging,Other
4715,13064,2026-08-08,Growing,Other
4716,7298,2026-04-18,Emerging,India
4717,4021,2026-01-21,Growing,United States
4718,10671,2026-03-05,Growing,India
4719,12694,2026-03-26,Growing,India
4720,2325,2026-01-21,Emerging,India
4721,12014,2026-05-20,Emerging,India
4722,5163,2026-04-11,Established,United States
4723,4198,2026-06-15,Emerging,United Kingdom
4724,14364,2026-06-27,Top Creator,India
4725,3395,2026-01-22,Emerging,United Kingdom
4726,925,2026-07-16,Emerging,India
4727,13951,2026-04-04,Growing,Other
4728,2541,2026-01-28,Emerging,United States
4729,14626,2026-03-21,Emerging,India
4730,11958,2026-03-05,Established,India
4731,12470,2026-01-25,Emerging,United Kingdom
4732,11558,2026-06-25,Emerging,United Kingdom
4733,7306,2026-05-12,Emerging,Germany
4734,2324,2026-03-13,Growing,Other
4735,5179,2026-05-05,Emerging,Other
4736,8385,2026-05-01,Emerging,Canada
4737,8282,2026-04-22,Emerging,Other
4738,11159,2026-05-25,Established,United States
4739,4573,2026-02-15,Established,India
4740,10425,2026-05-13,Established,Canada
4741,12438,2026-05-26,Established,India
4742,12584,2026-07-20,Growing,Nigeria
4743,1469,2026-01-31,Established,United States
4744,1542,2026-08-01,Emerging,India
4745,1750,2026-08-01,Emerging,Other
4746,7406,2026-05-28,Growing,India
4747,7956,2026-05-26,Established,India
4748,7072,2026-05-31,Growing,United Kingdom
4749,6537,2026-08-11,Emerging,India
4750,2526,2026-02-10,Established,Other
4751,2691,2026-07-13,Growing,Canada
4752,14863,2026-01-12,Growing,Other
4753,12906,2026-03-30,Growing,Canada
4754,8592,2026-05-13,Growing,India
4755,14888,2026-03-18,Emerging,India
4756,9610,2026-07-14,Emerging,India
4757,10707,2026-04-24,Established,United States
4758,7490,2026-06-03,Emerging,Germany
4759,4396,2026-01-23,Growing,Nigeria
4760,10790,2026-08-10,Emerging,United States
4761,1318,2026-08-15,Established,United States
4762,3509,2026-07-25,Growing,India
4763,7059,2026-07-08,Growing,United States
4764,9198,2026-03-22,Emerging,India
4765,6633,2026-03-18,Emerging,United States
4766,11127,2026-07-07,Growing,United Kingdom
4767,6362,2026-05-19,Emerging,Germany
4768,6552,2026-02-15,Growing,India
4769,3404,2026-04-30,Growing,India
4770,3506,2026-02-23,Growing,Germany
4771,3303,2026-03-28,Emerging,Nigeria
4772,13411,2026-05-21,Emerging,India
4773,12872,2026-07-26,Growing,United States
4774,13915,2026-07-18,Emerging,India
4775,1499,2026-07-20,Growing,India
4776,10087,2026-02-09,Emerging,United States
4777,5967,2026-05-23,Emerging,India
4778,9496,2026-03-14,Emerging,Nigeria
4779,7742,2026-07-19,Emerging,United Kingdom
4780,13240,2026-07-03,Established,United States
4781,10594,2026-03-21,Emerging,Nigeria
4782,10733,2026-06-21,Emerging,United Kingdom
4783,3068,2026-08-22,Emerging,Other
4784,479,2026-08-22,Growing,India
4785,1295,2026-03-14,Growing,Other
4786,12616,2026-05-21,Emerging,United Kingdom
4787,11810,2026-04-24,Emerging,Other
4788,8754,2026-07-24,Established,Other
4789,3157,2026-03-30,Emerging,United Kingdom
4790,3058,2026-07-29,Emerging,Nigeria
4791,14822,2026-07-13,Emerging,United States
4792,2305,2026-01-17,Emerging,India
4793,11817,2026-05-16,Growing,Other
4794,1693,2026-08-12,Emerging,United Kingdom
4795,13051,2026-06-01,Emerging,India
4796,14050,2026-06-17,Emerging,India
4797,2432,2026-01-25,Emerging,Other
4798,9569,2026-04-19,Growing,Nigeria
4799,9889,2026-06-07,Emerging,Nigeria
4800,7644,2026-05-03,Established,United States
4801,7816,2026-01-04,Growing,United States
4802,11726,2026-08-20,Growing,Germany
4803,3558,2026-07-05,Emerging,India
4804,7999,2026-03-09,Emerging,Germany
4805,7250,2026-01-30,Growing,United States
4806,10450,2026-02-27,Emerging,India
4807,361,2026-06-01,Growing,Other
4808,7575,2026-05-18,Emerging,Germany
4809,1437,2026-04-14,Emerging,India
4810,988,2026-02-01,Growing,United States
4811,12675,2026-06-08,Growing,United Kingdom
4812,9514,2026-02-09,Growing,Nigeria
4813,7611,2026-05-24,Growing,India
4814,7014,2026-08-11,Emerging,United Kingdom
4815,5868,2026-03-10,Established,India
4816,318,2026-08-21,Emerging,Other
4817,13116,2026-08-19,Emerging,India
4818,13632,2026-03-22,Emerging,Canada
4819,2993,2026-03-18,Growing,Canada
4820,14073,2026-06-09,Emerging,India
4821,3011,2026-01-03,Emerging,Other
4822,1320,2026-01-01,Emerging,Other
4823,6638,2026-02-23,Growing,India
4824,8772,2026-05-26,Growing,United States
4825,13107,2026-04-05,Growing,United Kingdom
4826,878,2026-02-23,Top Creator,United States
4827,14998,2026-01-22,Established,United Kingdom
4828,1698,2026-01-14,Emerging,Nigeria
4829,2333,2026-02-01,Growing,Nigeria
4830,5132,2026-08-10,Growing,India
4831,7659,2026-06-17,Emerging,Other
4832,7612,2026-07-06,Emerging,India
4833,929,2026-01-10,Growing,United States
4834,14035,2026-01-05,Emerging,United States
4835,11360,2026-07-30,Growing,India
4836,8613,2026-02-19,Emerging,Other
4837,7837,2026-01-29,Established,Other
4838,7476,2026-04-02,Growing,Other
4839,11019,2026-02-15,Established,Canada
4840,10569,2026-04-10,Emerging,United Kingdom
4841,8521,2026-06-02,Growing,Nigeria
4842,13218,2026-07-11,Growing,Other
4843,10875,2026-04-16,Emerging,United States
4844,6190,2026-05-20,Emerging,United States
4845,9691,2026-06-13,Emerging,Nigeria
4846,5452,2026-05-31,Top Creator,India
4847,8082,2026-01-15,Emerging,Canada
4848,13146,2026-03-17,Emerging,Germany
4849,3178,2026-04-07,Growing,India
4850,11684,2026-06-13,Growing,United Kingdom
4851,424,2026-08-13,Emerging,Canada
4852,8866,2026-05-03,Top Creator,United States
4853,7960,2026-06-19,Growing,India
4854,5458,2026-06-11,Emerging,United States
4855,10939,2026-04-04,Growing,India
4856,14462,2026-07-08,Growing,United States
4857,1629,2026-02-04,Emerging,United States
4858,1718,2026-05-08,Established,United States
4859,3933,2026-06-11,Growing,United States
4860,6754,2026-02-22,Growing,United Kingdom
4861,1198,2026-01-26,Emerging,Other
4862,11168,2026-06-07,Emerging,United States
4863,1289,2026-06-17,Emerging,United States
4864,1978,2026-06-20,Emerging,Other
4865,7664,2026-07-20,Established,United Kingdom
4866,8651,2026-07-11,Established,India
4867,7820,2026-01-07,Emerging,Other
4868,8014,2026-07-04,Growing,Other
4869,13732,2026-07-03,Emerging,Other
4870,236,2026-03-03,Emerging,United Kingdom
4871,11693,2026-02-25,Emerging,India
4872,8581,2026-06-10,Emerging,Nigeria
4873,7846,2026-01-17,Emerging,Other
4874,13012,2026-02-19,Emerging,Other
4875,11571,2026-04-21,Growing,United States
4876,8830,2026-04-22,Emerging,United Kingdom
4877,10159,2026-02-10,Emerging,India
4878,383,2026-07-27,Established,United States
4879,4327,2026-03-16,Emerging,United Kingdom
4880,12289,2026-04-04,Growing,Germany
4881,4312,2026-03-25,Emerging,United States
4882,11286,2026-04-16,Emerging,India
4883,11804,2026-04-16,Emerging,Nigeria
4884,2634,2026-02-07,Growing,India
4885,6834,2026-02-06,Growing,Other
4886,8444,2026-08-24,Emerging,India
4887,11695,2026-05-12,Emerging,India
4888,12742,2026-06-19,Growing,United Kingdom
4889,4233,2026-02-12,Emerging,India
4890,4893,2026-07-25,Emerging,Other
4891,3397,2026-07-31,Emerging,United Kingdom
4892,8406,2026-04-20,Emerging,United Kingdom
4893,13320,2026-08-19,Emerging,United States
4894,11269,2026-07-10,Growing,Other
4895,5070,2026-07-18,Emerging,United Kingdom
4896,2932,2026-02-15,Growing,Germany
4897,3207,2026-08-17,Established,United Kingdom
4898,1592,2026-05-09,Established,Germany
4899,13945,2026-03-11,Emerging,India
4900,10457,2026-01-02,Growing,Other
4901,121,2026-01-15,Growing,Other
4902,8293,2026-06-18,Established,Canada
4903,14265,2026-04-22,Established,Nigeria
4904,14485,2026-06-09,Growing,Canada
4905,6046,2026-06-06,Growing,India
4906,12949,2026-05-11,Emerging,United States
4907,12655,2026-04-13,Emerging,United Kingdom
4908,6565,2026-03-01,Growing,India
4909,1651,2026-05-31,Emerging,Other
4910,13133,2026-01-10,Emerging,India
4911,660,2026-04-11,Established,Nigeria
4912,8914,2026-05-26,Established,Germany
4913,5035,2026-05-12,Emerging,Other
4914,14199,2026-08-20,Established,Germany
4915,1758,2026-04-17,Established,United States
4916,504,2026-01-08,Emerging,Other
4917,10312,2026-01-02,Emerging,Other
4918,10888,2026-07-25,Established,India
4919,9594,2026-07-01,Emerging,Nigeria
4920,14401,2026-05-31,Established,India
4921,5899,2026-04-07,Emerging,United States
4922,7806,2026-07-27,Growing,India
4923,2411,2026-07-22,Emerging,United Kingdom
4924,14443,2026-02-13,Emerging,Nigeria
4925,13539,2026-08-02,Growing,United States
4926,13694,2026-05-25,Emerging,India
4927,11392,2026-07-25,Growing,Canada
4928,12517,2026-04-16,Established,Other
4929,12072,2026-03-02,Established,United States
4930,9341,2026-08-10,Established,United States
4931,4068,2026-04-20,Emerging,United States
4932,11293,2026-08-23,Growing,Other
4933,14601,2026-04-26,Emerging,India
4934,9877,2026-07-29,Emerging,United States
4935,13897,2026-03-14,Emerging,India
4936,4590,2026-06-10,Emerging,United States
4937,5631,2026-05-11,Emerging,United States
4938,10870,2026-04-23,Emerging,India
4939,8864,2026-01-16,Emerging,Other
4940,7143,2026-01-31,Emerging,Other
4941,5170,2026-04-28,Emerging,United States
4942,9787,2026-04-07,Emerging,India
4943,13442,2026-03-22,Established,United States
4944,9731,2026-01-19,Emerging,Nigeria
4945,3247,2026-02-21,Growing,Germany
4946,3921,2026-04-12,Emerging,India
4947,1595,2026-02-24,Emerging,Canada
4948,1534,2026-06-26,Growing,Other
4949,1261,2026-07-31,Emerging,Germany
4950,7710,2026-05-11,Top Creator,Other
4951,8252,2026-07-26,Established,United States
4952,8395,2026-01-13,Top Creator,Nigeria
4953,9418,2026-06-28,Emerging,India
4954,11973,2026-03-12,Growing,United Kingdom
4955,10890,2026-01-06,Emerging,India
4956,5706,2026-02-18,Growing,India
4957,7608,2026-08-12,Established,Nigeria
4958,9405,2026-03-05,Emerging,Other
4959,5092,2026-04-12,Emerging,India
4960,10524,2026-01-03,Emerging,United Kingdom
4961,3413,2026-08-21,Growing,Nigeria
4962,7066,2026-03-01,Growing,India
4963,12238,2026-02-21,Emerging,India
4964,12498,2026-02-05,Growing,India
4965,7021,2026-03-30,Established,Germany
4966,803,2026-04-19,Established,India
4967,604,2026-06-28,Emerging,United States
4968,1527,2026-06-01,Emerging,India
4969,5579,2026-08-02,Established,India
4970,13537,2026-02-20,Emerging,United States
4971,12137,2026-06-06,Emerging,United States
4972,6620,2026-02-08,Established,Nigeria
4973,7145,2026-05-16,Growing,Other
4974,12730,2026-06-18,Growing,United States
4975,7560,2026-05-10,Emerging,India
4976,6110,2026-08-23,Established,United Kingdom
4977,9556,2026-03-10,Emerging,Germany
4978,8124,2026-05-26,Emerging,India
4979,34,2026-02-27,Established,United States
4980,6372,2026-01-21,Emerging,Other
4981,588,2026-03-30,Growing,India
4982,12047,2026-03-18,Emerging,India
4983,7188,2026-01-06,Emerging,India
4984,13061,2026-04-09,Growing,United Kingdom
4985,7963,2026-08-17,Growing,Canada
4986,6040,2026-04-18,Emerging,United States
4987,5207,2026-06-14,Growing,Canada
4988,2056,2026-01-09,Emerging,Canada
4989,8322,2026-06-02,Emerging,Other
4990,5650,2026-01-20,Growing,Other
4991,8524,2026-06-23,Growing,India
4992,13227,2026-04-11,Established,United States
4993,142,2026-08-19,Emerging,Other
4994,14764,2026-06-04,Emerging,India
4995,3391,2026-03-19,Emerging,United Kingdom
4996,10380,2026-02-27,Growing,United States
4997,9910,2026-04-09,Emerging,India
4998,1931,2026-05-03,Emerging,India
4999,12915,2026-05-11,Emerging,Germany
5000,3253,2026-08-09,Top Creator,Other
5001,7862,2026-03-05,Growing,India
5002,9443,2026-02-11,Emerging,United States
5003,11433,2026-03-17,Growing,India
5004,14663,2026-05-09,Growing,Canada
5005,10173,2026-05-19,Established,United States
5006,2306,2026-05-06,Growing,Other
5007,2574,2026-02-26,Emerging,United States
5008,2621,2026-05-06,Top Creator,Other
5009,9043,2026-05-17,Emerging,Other
5010,10477,2026-03-16,Growing,India
5011,11526,2026-06-22,Growing,Canada
5012,2735,2026-03-01,Emerging,India
5013,5496,2026-02-02,Established,Other
5014,11797,2026-02-11,Emerging,United States
5015,1953,2026-01-03,Emerging,United States
5016,12493,2026-06-13,Emerging,Canada
5017,10944,2026-04-02,Established,United Kingdom
5018,2912,2026-03-19,Emerging,India
5019,13106,2026-01-17,Emerging,India
5020,6906,2026-04-15,Emerging,United Kingdom
5021,12532,2026-02-03,Emerging,India
5022,1756,2026-05-10,Emerging,Germany
5023,13223,2026-05-06,Emerging,Nigeria
5024,3722,2026-08-04,Emerging,United States
5025,13929,2026-05-08,Emerging,Nigeria
5026,13718,2026-03-09,Growing,Nigeria
5027,14613,2026-06-12,Emerging,United States
5028,3770,2026-06-18,Growing,India
5029,7503,2026-07-13,Emerging,Nigeria
5030,10245,2026-02-07,Established,Canada
5031,1692,2026-05-08,Emerging,United States
5032,4298,2026-03-25,Growing,India
5033,8869,2026-06-17,Growing,United States
5034,2005,2026-02-26,Top Creator,Other
5035,1976,2026-03-02,Growing,Germany
5036,4399,2026-02-17,Emerging,India
5037,10463,2026-01-24,Emerging,United States
5038,1654,2026-04-22,Emerging,United Kingdom
5039,2775,2026-02-12,Established,United States
5040,2905,2026-06-12,Emerging,Other
5041,7117,2026-02-19,Growing,India
5042,14085,2026-03-30,Emerging,United Kingdom
5043,7479,2026-02-16,Established,Other
5044,10183,2026-03-30,Growing,Canada
5045,6339,2026-06-01,Emerging,United States
5046,3186,2026-05-04,Growing,India
5047,2753,2026-01-09,Emerging,Other
5048,14699,2026-06-07,Growing,India
5049,6814,2026-05-19,Established,India
5050,11304,2026-01-15,Established,Nigeria
5051,10251,2026-05-23,Emerging,Germany
5052,8171,2026-04-21,Emerging,Nigeria
5053,12069,2026-04-23,Growing,Nigeria
5054,11106,2026-07-31,Growing,Nigeria
5055,14842,2026-03-25,Emerging,Other
5056,8188,2026-04-29,Growing,India
5057,1572,2026-06-22,Emerging,United States
5058,3487,2026-08-23,Growing,United States
5059,14751,2026-02-18,Established,India
5060,6645,2026-07-06,Growing,Canada
5061,992,2026-03-13,Emerging,India
5062,5439,2026-02-05,Top Creator,India
5063,6315,2026-04-09,Emerging,United Kingdom
5064,13259,2026-06-05,Emerging,India
5065,3165,2026-07-20,Emerging,Germany
5066,8640,2026-07-09,Emerging,United States
5067,9369,2026-05-29,Emerging,Other
5068,11279,2026-01-26,Growing,India
5069,7247,2026-02-16,Growing,India
5070,12361,2026-06-09,Growing,United Kingdom
5071,1199,2026-03-05,Established,Germany
5072,7323,2026-01-12,Top Creator,United States
5073,1146,2026-04-25,Emerging,India
5074,4639,2026-03-08,Emerging,India
5075,12003,2026-08-08,Growing,Nigeria
5076,7688,2026-08-06,Growing,United States
5077,13731,2026-08-22,Emerging,Other
5078,4576,2026-01-17,Growing,India
5079,8486,2026-07-30,Growing,India
5080,2946,2026-05-11,Top Creator,India
5081,3418,2026-05-29,Growing,Other
5082,14270,2026-03-11,Growing,Germany
5083,14671,2026-04-10,Growing,India
5084,9546,2026-04-16,Emerging,India
5085,1509,2026-03-04,Growing,United States
5086,5825,2026-03-20,Emerging,United Kingdom
5087,6161,2026-08-02,Emerging,Nigeria
5088,13216,2026-04-28,Growing,United States
5089,6519,2026-05-16,Emerging,United Kingdom
5090,8502,2026-03-24,Emerging,India
5091,7431,2026-05-27,Emerging,Other
5092,14435,2026-03-17,Emerging,India
5093,13098,2026-02-10,Emerging,India
5094,5427,2026-02-17,Emerging,India
5095,6569,2026-03-06,Emerging,United States
5096,2438,2026-06-22,Emerging,United States
5097,5889,2026-04-06,Emerging,Other
5098,1340,2026-03-19,Established,Nigeria
5099,5972,2026-04-17,Established,United States
5100,11296,2026-01-31,Emerging,Other
5101,3166,2026-08-03,Emerging,United States
5102,10933,2026-04-26,Growing,India
5103,2460,2026-02-04,Emerging,United States
5104,4830,2026-05-17,Top Creator,Other
5105,5166,2026-01-19,Growing,India
5106,4782,2026-01-22,Emerging,Germany
5107,8427,2026-01-23,Emerging,India
5108,11456,2026-01-24,Growing,Other
5109,10764,2026-05-06,Emerging,Germany
5110,14465,2026-07-10,Emerging,United States
5111,12763,2026-07-09,Growing,United States
5112,3049,2026-07-20,Emerging,Other
5113,5330,2026-06-14,Growing,Other
5114,3516,2026-03-16,Established,India
5115,13588,2026-05-12,Emerging,Nigeria
5116,4428,2026-08-11,Emerging,India
5117,2902,2026-06-25,Established,Germany
5118,14658,2026-04-29,Emerging,India
5119,1732,2026-04-27,Emerging,United States
5120,6221,2026-06-30,Established,United States
5121,2195,2026-07-11,Emerging,India
5122,3048,2026-08-07,Emerging,India
5123,10716,2026-05-10,Emerging,India
5124,495,2026-06-01,Established,India
5125,663,2026-03-06,Growing,Canada
5126,4843,2026-04-22,Growing,India
5127,313,2026-05-27,Emerging,United States
5128,1797,2026-07-13,Emerging,Other
5129,11423,2026-02-03,Established,Canada
5130,14937,2026-07-04,Growing,United States
5131,1325,2026-03-05,Emerging,India
5132,2730,2026-03-17,Established,Other
5133,8003,2026-04-23,Established,United Kingdom
5134,6524,2026-05-18,Growing,India
5135,6858,2026-06-19,Top Creator,India
5136,4550,2026-05-25,Emerging,Other
5137,11494,2026-06-02,Growing,Canada
5138,4325,2026-07-13,Emerging,Other
5139,12752,2026-05-16,Growing,Other
5140,7954,2026-01-19,Established,United Kingdom
5141,7544,2026-03-31,Emerging,Germany
5142,4477,2026-02-06,Growing,Other
5143,6010,2026-01-07,Emerging,Germany
5144,5750,2026-02-08,Growing,Other
5145,7932,2026-07-22,Emerging,India
5146,8706,2026-04-17,Emerging,Nigeria
5147,7341,2026-03-17,Growing,United States
5148,51,2026-04-18,Growing,Nigeria
5149,2903,2026-02-06,Emerging,Germany
5150,6026,2026-01-26,Emerging,Canada
5151,4852,2026-06-06,Growing,Nigeria
5152,13412,2026-01-09,Growing,Canada
5153,10972,2026-03-15,Emerging,India
5154,8181,2026-02-14,Growing,India
5155,3044,2026-03-07,Growing,India
5156,14920,2026-02-03,Growing,Nigeria
5157,5033,2026-08-02,Established,Canada
5158,13007,2026-01-25,Growing,India
5159,11532,2026-01-25,Established,United States
5160,4795,2026-02-03,Top Creator,Other
5161,6998,2026-03-17,Growing,Canada
5162,2348,2026-05-01,Emerging,Nigeria
5163,4367,2026-06-02,Emerging,India
5164,2880,2026-04-10,Growing,Other
5165,11593,2026-02-02,Emerging,United States
5166,2937,2026-02-11,Emerging,India
5167,13660,2026-01-31,Established,United Kingdom
5168,1067,2026-03-21,Growing,India
5169,11401,2026-06-06,Emerging,United Kingdom
5170,14792,2026-06-28,Established,Other
5171,6982,2026-02-25,Growing,Germany
5172,10892,2026-06-16,Emerging,Other
5173,10141,2026-01-05,Emerging,Nigeria
5174,9212,2026-03-19,Growing,Germany
5175,13898,2026-05-11,Growing,Nigeria
5176,4162,2026-02-16,Growing,United Kingdom
5177,4991,2026-07-05,Emerging,Nigeria
5178,14152,2026-07-12,Growing,India
5179,8742,2026-07-27,Growing,India
5180,12819,2026-08-02,Established,Germany
5181,1149,2026-04-21,Growing,United States
5182,12743,2026-07-05,Emerging,United States
5183,2251,2026-04-11,Emerging,Canada
5184,115,2026-06-03,Growing,India
5185,2322,2026-07-24,Growing,Other
5186,11061,2026-03-02,Emerging,Canada
5187,8422,2026-02-21,Emerging,Canada
5188,14677,2026-05-14,Emerging,India
5189,7126,2026-05-22,Emerging,Nigeria
5190,10601,2026-04-11,Emerging,India
5191,7488,2026-04-18,Established,India
5192,2395,2026-04-13,Growing,India
5193,9429,2026-03-28,Established,India
5194,10779,2026-08-06,Established,India
5195,13001,2026-08-17,Growing,United States
5196,1609,2026-02-01,Emerging,United Kingdom
5197,8806,2026-05-08,Established,Other
5198,2767,2026-05-13,Emerging,Canada
5199,14918,2026-04-08,Emerging,United States
5200,7177,2026-06-22,Emerging,Canada
5201,6259,2026-06-06,Emerging,India
5202,11788,2026-04-29,Emerging,United States
5203,10313,2026-06-11,Emerging,Canada
5204,3605,2026-06-10,Emerging,India
5205,4869,2026-04-18,Growing,United States
5206,511,2026-04-02,Growing,Nigeria
5207,5277,2026-07-22,Emerging,Nigeria
5208,1244,2026-06-28,Emerging,Canada
5209,9332,2026-04-16,Emerging,United States
5210,1352,2026-01-14,Emerging,United Kingdom
5211,5009,2026-07-05,Growing,United States
5212,463,2026-08-22,Growing,Other
5213,4247,2026-08-21,Emerging,Other
5214,6325,2026-03-02,Emerging,United States
5215,4151,2026-08-12,Emerging,India
5216,11549,2026-05-18,Emerging,India
5217,12193,2026-04-17,Emerging,India
5218,2368,2026-06-10,Emerging,United States
5219,3854,2026-02-20,Emerging,Nigeria
5220,9883,2026-06-17,Established,United States
5221,9029,2026-03-29,Established,United States
5222,2864,2026-08-04,Growing,Nigeria
5223,14949,2026-04-07,Growing,Germany
5224,4821,2026-05-01,Emerging,Germany
5225,7383,2026-02-14,Emerging,Canada
5226,11951,2026-07-23,Emerging,India
5227,13904,2026-01-16,Growing,Other
5228,2167,2026-03-04,Established,Other
5229,3625,2026-02-19,Emerging,United Kingdom
5230,5252,2026-04-13,Emerging,United States
5231,4386,2026-04-18,Established,United States
5232,6337,2026-07-30,Emerging,United Kingdom
5233,9491,2026-07-23,Growing,Other
5234,13695,2026-06-16,Emerging,Nigeria
5235,3598,2026-04-23,Emerging,United Kingdom
5236,3160,2026-01-11,Growing,India
5237,3691,2026-03-21,Emerging,Other
5238,8932,2026-07-11,Emerging,United States
5239,12980,2026-06-20,Established,United Kingdom
5240,13604,2026-06-05,Emerging,Nigeria
5241,12458,2026-08-15,Emerging,Other
5242,9103,2026-05-11,Emerging,Other
5243,13603,2026-03-04,Emerging,Nigeria
5244,9066,2026-04-11,Emerging,India
5245,14425,2026-04-18,Emerging,India
5246,2397,2026-06-09,Emerging,Canada
5247,5093,2026-08-04,Emerging,United States
5248,12508,2026-02-20,Established,United Kingdom
5249,10657,2026-04-03,Emerging,India
5250,2750,2026-03-15,Growing,Germany
5251,8093,2026-01-10,Emerging,United States
5252,12998,2026-05-26,Emerging,Germany
5253,11160,2026-01-23,Emerging,Germany
5254,14512,2026-05-08,Established,Germany
5255,8338,2026-03-14,Emerging,Canada
5256,4865,2026-01-13,Emerging,Canada
5257,6833,2026-04-29,Emerging,Canada
5258,10261,2026-05-05,Growing,India
5259,13030,2026-01-23,Established,United Kingdom
5260,373,2026-04-09,Emerging,India
5261,10239,2026-05-08,Growing,India
5262,7624,2026-03-22,Emerging,India
5263,5931,2026-04-22,Top Creator,Nigeria
5264,4250,2026-02-06,Growing,Germany
5265,6267,2026-03-16,Emerging,Other
5266,8674,2026-05-02,Emerging,United Kingdom
5267,955,2026-05-09,Emerging,India
5268,11913,2026-06-11,Growing,India
5269,4001,2026-06-05,Emerging,Canada
5270,7125,2026-05-08,Growing,India
5271,9378,2026-01-18,Growing,India
5272,1984,2026-02-15,Emerging,United States
5273,13506,2026-07-28,Growing,United States
5274,10008,2026-04-13,Established,India
5275,5601,2026-01-29,Emerging,India
5276,9578,2026-02-02,Growing,Nigeria
5277,11606,2026-06-12,Emerging,Nigeria
5278,1791,2026-07-09,Emerging,United Kingdom
5279,12621,2026-03-15,Established,India
5280,12204,2026-02-06,Growing,Other
5281,12990,2026-04-10,Growing,United Kingdom
5282,14054,2026-04-27,Emerging,Nigeria
5283,9824,2026-05-08,Emerging,United States
5284,9812,2026-07-01,Emerging,United States
5285,3737,2026-03-23,Growing,United Kingdom
5286,5104,2026-03-25,Growing,United Kingdom
5287,2169,2026-03-01,Emerging,India
5288,9035,2026-08-04,Emerging,United Kingdom
5289,10581,2026-03-07,Growing,India
5290,14154,2026-01-12,Established,Canada
5291,14045,2026-05-16,Emerging,India
5292,9200,2026-05-04,Growing,Other
5293,14805,2026-07-03,Growing,Other
5294,1186,2026-02-03,Emerging,India
5295,11405,2026-08-10,Emerging,United States
5296,7467,2026-03-12,Growing,Nigeria
5297,8506,2026-06-22,Growing,Other
5298,4832,2026-06-11,Growing,Other
5299,9975,2026-07-31,Emerging,India
5300,9715,2026-06-14,Emerging,Germany
5301,1494,2026-04-25,Emerging,United States
5302,3745,2026-05-27,Emerging,Nigeria
5303,10940,2026-07-15,Emerging,Canada
5304,8482,2026-02-04,Emerging,Canada
5305,12958,2026-08-01,Growing,India
5306,7589,2026-06-22,Emerging,Other
5307,4381,2026-06-30,Emerging,Nigeria
5308,3634,2026-04-19,Growing,United Kingdom
5309,5235,2026-01-09,Growing,United Kingdom
5310,13044,2026-07-26,Emerging,United States
5311,9427,2026-02-22,Top Creator,United Kingdom
5312,16,2026-04-27,Emerging,India
5313,195,2026-02-05,Emerging,United States
5314,10774,2026-08-16,Emerging,India
5315,14361,2026-02-26,Established,United Kingdom
5316,9329,2026-01-08,Growing,India
5317,10422,2026-03-13,Growing,India
5318,13714,2026-03-05,Emerging,United States
5319,12065,2026-01-19,Growing,India
5320,91,2026-08-09,Emerging,India
5321,1039,2026-01-30,Established,India
5322,14473,2026-02-23,Emerging,Other
5323,6201,2026-07-14,Emerging,United Kingdom
5324,13336,2026-03-12,Established,Nigeria
5325,9552,2026-04-07,Emerging,Other
5326,6167,2026-01-13,Emerging,India
5327,12891,2026-03-24,Emerging,United Kingdom
5328,12322,2026-04-05,Established,Canada
5329,2063,2026-08-14,Emerging,United States
5330,442,2026-05-04,Emerging,India
5331,12635,2026-02-26,Emerging,Germany
5332,2729,2026-03-06,Emerging,Canada
5333,4675,2026-05-21,Established,India
5334,4106,2026-07-06,Established,United States
5335,2044,2026-04-15,Top Creator,United States
5336,13321,2026-08-04,Emerging,Canada
5337,4494,2026-04-19,Growing,Other
5338,1860,2026-07-18,Growing,United States
5339,13094,2026-07-06,Emerging,Canada
5340,2353,2026-02-23,Growing,United Kingdom
5341,11445,2026-08-22,Established,United States
5342,13941,2026-08-22,Emerging,United States
5343,7621,2026-07-17,Established,United States
5344,2298,2026-05-28,Growing,Germany
5345,4924,2026-01-07,Growing,India
5346,10307,2026-08-24,Established,Other
5347,887,2026-08-12,Emerging,India
5348,675,2026-02-04,Growing,United States
5349,13880,2026-06-10,Growing,India
5350,14148,2026-06-20,Emerging,India
5351,11370,2026-05-21,Emerging,Canada
5352,13476,2026-01-01,Established,Other
5353,2376,2026-04-13,Established,United States
5354,7167,2026-05-26,Top Creator,India
5355,6679,2026-02-21,Emerging,Other
5356,12881,2026-06-21,Emerging,India
5357,7404,2026-03-20,Growing,Nigeria
5358,12794,2026-05-05,Established,Germany
5359,5456,2026-02-26,Growing,Germany
5360,10011,2026-03-15,Emerging,Other
5361,9312,2026-02-20,Growing,Nigeria
5362,1042,2026-03-22,Emerging,Nigeria
5363,13971,2026-05-08,Growing,India
5364,512,2026-04-08,Emerging,Nigeria
5365,9082,2026-04-18,Emerging,India
5366,13503,2026-02-26,Growing,United States
5367,10930,2026-07-29,Emerging,Other
5368,4617,2026-03-22,Emerging,United States
5369,10805,2026-01-19,Emerging,India
5370,3464,2026-04-18,Emerging,Nigeria
5371,1973,2026-05-20,Emerging,India
5372,12847,2026-01-12,Emerging,Canada
5373,10536,2026-07-18,Emerging,United Kingdom
5374,14277,2026-02-19,Emerging,Nigeria
5375,13629,2026-06-19,Emerging,United States
5376,2120,2026-01-07,Emerging,Germany
5377,7340,2026-06-24,Emerging,India
5378,13987,2026-03-13,Emerging,United States
5379,5995,2026-06-26,Established,India
5380,7489,2026-01-19,Growing,United States
5381,8895,2026-04-06,Growing,United Kingdom
5382,1803,2026-08-05,Emerging,United Kingdom
5383,7702,2026-06-06,Emerging,Nigeria
5384,1394,2026-06-04,Emerging,Germany
5385,7095,2026-01-19,Growing,United Kingdom
5386,8915,2026-05-14,Emerging,Nigeria
5387,9511,2026-04-16,Growing,Other
5388,14527,2026-02-09,Growing,India
5389,7449,2026-05-10,Established,India
5390,6214,2026-01-13,Established,India
5391,4147,2026-02-04,Established,India
5392,5784,2026-03-04,Emerging,Other
5393,7618,2026-08-19,Top Creator,Other
5394,5306,2026-05-13,Growing,Germany
5395,7088,2026-07-25,Growing,India
5396,3,2026-04-03,Emerging,United States
5397,5312,2026-03-25,Emerging,India
5398,2301,2026-06-02,Growing,Canada
5399,2365,2026-08-21,Emerging,India
5400,11490,2026-08-22,Emerging,Other
5401,12684,2026-03-07,Emerging,United Kingdom
5402,6363,2026-07-08,Emerging,United Kingdom
5403,7152,2026-02-14,Emerging,United Kingdom
5404,8110,2026-06-13,Emerging,India
5405,12263,2026-03-04,Emerging,Other
5406,824,2026-05-06,Emerging,United States
5407,7100,2026-03-22,Emerging,United Kingdom
5408,5772,2026-03-16,Top Creator,India
5409,9735,2026-06-21,Emerging,Other
5410,6131,2026-02-08,Growing,United Kingdom
5411,6210,2026-06-05,Emerging,United Kingdom
5412,12244,2026-02-27,Emerging,Other
5413,6115,2026-04-02,Emerging,United States
5414,10201,2026-08-10,Top Creator,India
5415,449,2026-04-05,Emerging,Germany
5416,9839,2026-06-29,Emerging,Other
5417,6191,2026-04-25,Growing,Other
5418,10367,2026-04-07,Growing,Nigeria
5419,3432,2026-01-22,Growing,Nigeria
5420,1441,2026-01-23,Emerging,Canada
5421,2682,2026-07-27,Growing,United Kingdom
5422,12293,2026-03-06,Top Creator,India
5423,9818,2026-01-18,Established,Germany
5424,13473,2026-03-30,Emerging,Nigeria
5425,10804,2026-01-25,Emerging,Other
5426,7823,2026-01-11,Emerging,United Kingdom
5427,3831,2026-02-27,Growing,United Kingdom
5428,14009,2026-06-20,Emerging,India
5429,13430,2026-06-24,Emerging,United States
5430,13066,2026-03-09,Emerging,United States
5431,7693,2026-07-14,Emerging,Other
5432,5029,2026-08-03,Emerging,India
5433,7144,2026-01-03,Emerging,India
5434,4542,2026-06-01,Top Creator,United States
5435,6760,2026-02-26,Growing,United States
5436,9051,2026-06-17,Emerging,United Kingdom
5437,170,2026-08-06,Emerging,India
5438,11036,2026-06-23,Emerging,Nigeria
5439,12864,2026-03-23,Growing,India
5440,6861,2026-02-09,Emerging,Other
5441,9165,2026-07-14,Top Creator,United Kingdom
5442,13586,2026-04-23,Growing,United Kingdom
5443,11931,2026-06-26,Top Creator,India
5444,5488,2026-04-23,Emerging,India
5445,6039,2026-06-18,Growing,United States
5446,1468,2026-04-02,Emerging,United States
5447,5382,2026-02-07,Emerging,Other
5448,436,2026-06-07,Established,Nigeria
5449,12177,2026-08-09,Emerging,United States
5450,14298,2026-03-27,Emerging,India
5451,8894,2026-03-12,Emerging,United Kingdom
5452,13502,2026-02-12,Emerging,Nigeria
5453,8059,2026-04-03,Growing,United Kingdom
5454,11424,2026-06-17,Growing,Canada
5455,1621,2026-02-23,Growing,India
5456,13882,2026-07-19,Top Creator,India
5457,8306,2026-06-17,Emerging,India
5458,9340,2026-02-19,Emerging,Other
5459,7181,2026-05-14,Emerging,Nigeria
5460,12930,2026-02-26,Emerging,United States
5461,9484,2026-01-02,Growing,United Kingdom
5462,1575,2026-05-24,Growing,United Kingdom
5463,5490,2026-02-12,Emerging,United States
5464,6602,2026-08-07,Established,Canada
5465,3617,2026-03-16,Growing,India
5466,693,2026-04-30,Emerging,United States
5467,9189,2026-08-16,Emerging,India
5468,4290,2026-04-01,Established,India
5469,11198,2026-07-21,Emerging,United States
5470,854,2026-06-09,Top Creator,United States
5471,11466,2026-08-13,Emerging,United Kingdom
5472,13186,2026-01-31,Emerging,United Kingdom
5473,8355,2026-05-02,Growing,Nigeria
5474,12567,2026-01-31,Emerging,United Kingdom
5475,9526,2026-01-26,Growing,United States
5476,719,2026-01-23,Growing,Canada
5477,1409,2026-02-16,Established,India
5478,5205,2026-02-13,Growing,Other
5479,3925,2026-01-27,Emerging,India
5480,1570,2026-01-29,Emerging,Other
5481,2130,2026-04-17,Emerging,Canada
5482,12118,2026-07-24,Established,India
5483,3266,2026-05-17,Emerging,Canada
5484,9049,2026-04-22,Growing,India
5485,14849,2026-04-18,Emerging,India
5486,3338,2026-08-12,Emerging,United Kingdom
5487,4624,2026-02-07,Emerging,Canada
5488,10355,2026-07-01,Growing,Other
5489,8854,2026-03-26,Emerging,India
5490,13034,2026-06-27,Emerging,India
5491,4640,2026-02-23,Emerging,India
5492,12393,2026-05-30,Growing,Nigeria
5493,4509,2026-06-28,Emerging,India
5494,12043,2026-01-19,Emerging,Other
5495,3071,2026-02-11,Emerging,Other
5496,2031,2026-06-09,Growing,Germany
5497,1571,2026-02-18,Emerging,Canada
5498,9314,2026-07-10,Established,United States
5499,8174,2026-05-27,Emerging,United Kingdom
5500,4726,2026-07-13,Growing,India
5501,3280,2026-07-22,Established,United States
5502,14561,2026-03-05,Emerging,United Kingdom
5503,13900,2026-08-06,Emerging,Nigeria
5504,5635,2026-02-04,Established,Nigeria
5505,9039,2026-04-06,Emerging,United States
5506,10064,2026-07-21,Emerging,Nigeria
5507,5454,2026-06-16,Emerging,India
5508,10617,2026-08-17,Emerging,United States
5509,8685,2026-08-14,Growing,United States
5510,10352,2026-08-23,Emerging,Nigeria
5511,6615,2026-08-15,Emerging,United Kingdom
5512,12833,2026-06-07,Growing,India
5513,13183,2026-02-26,Growing,United Kingdom
5514,8195,2026-07-02,Emerging,United States
5515,7885,2026-06-11,Established,United States
5516,642,2026-01-24,Emerging,Nigeria
5517,1524,2026-04-18,Growing,Nigeria
5518,2265,2026-07-08,Emerging,United Kingdom
5519,9710,2026-03-25,Emerging,India
5520,4887,2026-04-13,Growing,United States
5521,11261,2026-08-12,Growing,Canada
5522,350,2026-08-21,Established,India
5523,8943,2026-02-07,Growing,Nigeria
5524,14065,2026-06-18,Emerging,United States
5525,8542,2026-02-23,Growing,Germany
5526,10103,2026-06-29,Emerging,Other
5527,1872,2026-04-25,Emerging,India
5528,5006,2026-06-02,Emerging,India
5529,11731,2026-07-02,Established,United Kingdom
5530,3603,2026-04-28,Emerging,United Kingdom
5531,7917,2026-01-31,Growing,India
5532,14243,2026-04-01,Emerging,Nigeria
5533,4338,2026-01-03,Growing,United Kingdom
5534,897,2026-04-02,Growing,Canada
5535,6114,2026-05-17,Emerging,India
5536,725,2026-04-23,Growing,United States
5537,3706,2026-03-23,Emerging,India
5538,1658,2026-01-29,Growing,Canada
5539,9439,2026-01-13,Established,India
5540,8855,2026-08-09,Established,United States
5541,795,2026-05-02,Emerging,India
5542,13188,2026-05-17,Emerging,India
5543,8701,2026-07-16,Emerging,India
5544,2367,2026-06-07,Growing,United Kingdom
5545,3633,2026-03-22,Growing,Canada
5546,2388,2026-03-02,Emerging,United States
5547,7112,2026-03-02,Emerging,India
5548,13705,2026-02-21,Growing,Nigeria
5549,4685,2026-02-04,Emerging,Canada
5550,14836,2026-04-15,Emerging,United Kingdom
5551,9943,2026-04-22,Emerging,Nigeria
5552,4419,2026-05-28,Established,United States
5553,11601,2026-02-11,Emerging,Nigeria
5554,5763,2026-02-03,Growing,Other
5555,7074,2026-06-11,Established,United States
5556,6469,2026-02-26,Emerging,India
5557,13967,2026-06-04,Growing,India
5558,6381,2026-07-21,Established,India
5559,14412,2026-02-02,Emerging,Nigeria
5560,13554,2026-02-15,Top Creator,Nigeria
5561,13040,2026-03-31,Emerging,Other
5562,9954,2026-03-13,Emerging,United States
5563,4174,2026-01-20,Established,India
5564,9869,2026-01-02,Emerging,Other
5565,3676,2026-08-01,Growing,Other
5566,13149,2026-08-19,Emerging,Germany
5567,8034,2026-07-16,Growing,Other
5568,8416,2026-04-30,Emerging,United Kingdom
5569,4755,2026-02-22,Emerging,India
5570,9052,2026-07-05,Growing,India
5571,6501,2026-06-09,Emerging,United States
5572,3796,2026-03-17,Growing,United States
5573,12421,2026-07-08,Established,Canada
5574,11175,2026-05-31,Emerging,Other
5575,3227,2026-08-06,Established,Germany
5576,14721,2026-06-20,Emerging,India
5577,12433,2026-02-06,Established,Canada
5578,4555,2026-03-05,Established,Nigeria
5579,13796,2026-04-07,Growing,Canada
5580,8473,2026-05-24,Emerging,Canada
5581,10773,2026-07-23,Growing,Germany
5582,9932,2026-05-09,Established,India
5583,4804,2026-07-04,Emerging,India
5584,6092,2026-01-03,Emerging,India
5585,12374,2026-02-21,Emerging,Germany
5586,945,2026-08-05,Established,Germany
5587,4604,2026-04-02,Emerging,India
5588,4940,2026-08-23,Growing,India
5589,8000,2026-05-03,Emerging,Nigeria
5590,13972,2026-08-06,Established,Germany
5591,7105,2026-06-12,Emerging,United Kingdom
5592,10911,2026-02-21,Top Creator,United States
5593,11756,2026-01-23,Emerging,United Kingdom
5594,12856,2026-08-23,Emerging,India
5595,362,2026-04-26,Emerging,India
5596,4605,2026-06-28,Emerging,Other
5597,5574,2026-03-03,Growing,United Kingdom
5598,10689,2026-02-21,Growing,United States
5599,2884,2026-03-30,Growing,United States
5600,8424,2026-05-10,Top Creator,United States
5601,13761,2026-05-11,Emerging,Nigeria
5602,745,2026-08-11,Top Creator,United Kingdom
5603,14574,2026-06-29,Emerging,India
5604,10138,2026-02-04,Established,Canada
5605,11348,2026-06-30,Emerging,Other
5606,11857,2026-04-06,Emerging,India
5607,2455,2026-04-15,Emerging,Other
5608,5554,2026-04-23,Established,Canada
5609,4374,2026-04-17,Growing,India
5610,1529,2026-07-18,Emerging,Other
5611,13556,2026-07-21,Established,Other
5612,4923,2026-01-08,Established,United States
5613,4759,2026-08-02,Emerging,India
5614,591,2026-05-09,Established,Other
5615,4978,2026-05-02,Emerging,Other
5616,4476,2026-05-05,Established,United Kingdom
5617,5927,2026-05-21,Emerging,India
5618,3730,2026-04-30,Emerging,Other
5619,283,2026-06-09,Growing,Canada
5620,11320,2026-02-19,Emerging,India
5621,4422,2026-07-21,Growing,United Kingdom
5622,3124,2026-08-14,Growing,India
5623,4770,2026-02-23,Growing,Other
5624,12814,2026-07-05,Growing,India
5625,5283,2026-05-25,Growing,United States
5626,7695,2026-05-07,Emerging,India
5627,13388,2026-06-16,Emerging,United States
5628,13200,2026-05-01,Established,Canada
5629,2551,2026-02-14,Established,United Kingdom
5630,4353,2026-01-12,Emerging,United Kingdom
5631,12302,2026-08-03,Established,United States
5632,5284,2026-01-22,Emerging,India
5633,12712,2026-08-21,Emerging,United Kingdom
5634,4544,2026-06-14,Emerging,Other
5635,1624,2026-02-20,Growing,India
5636,8639,2026-02-03,Emerging,Germany
5637,8215,2026-02-07,Growing,United States
5638,1783,2026-02-25,Established,United States
5639,14662,2026-03-08,Established,Canada
5640,12790,2026-03-25,Emerging,Nigeria
5641,9001,2026-07-28,Established,India
5642,7232,2026-03-01,Growing,Nigeria
5643,7280,2026-07-11,Growing,Other
5644,6762,2026-05-17,Established,United States
5645,4879,2026-07-30,Growing,Canada
5646,12420,2026-03-13,Emerging,Nigeria
5647,9013,2026-08-03,Emerging,Nigeria
5648,1419,2026-06-06,Growing,United Kingdom
5649,7877,2026-08-18,Established,Other
5650,1053,2026-03-10,Established,Canada
5651,7520,2026-08-13,Growing,India
5652,6275,2026-05-20,Emerging,United Kingdom
5653,9891,2026-07-15,Emerging,Nigeria
5654,13300,2026-04-24,Emerging,United States
5655,14144,2026-04-30,Emerging,United States
5656,9400,2026-08-20,Growing,United States
5657,13786,2026-06-23,Established,Other
5658,1180,2026-04-19,Emerging,India
5659,1116,2026-04-04,Established,India
5660,6505,2026-03-25,Growing,India
5661,2217,2026-08-14,Emerging,Nigeria
5662,9030,2026-06-17,Growing,Other
5663,9576,2026-03-09,Growing,United States
5664,8826,2026-04-08,Growing,United States
5665,12917,2026-02-23,Emerging,Canada
5666,14756,2026-03-18,Emerging,United States
5667,5431,2026-05-03,Emerging,United Kingdom
5668,6789,2026-05-19,Established,Other
5669,2179,2026-03-09,Emerging,United States
5670,12597,2026-07-23,Growing,India
5671,8597,2026-06-24,Established,Canada
5672,648,2026-08-07,Growing,Germany
5673,1565,2026-07-03,Emerging,Nigeria
5674,13522,2026-04-04,Growing,India
5675,8775,2026-02-09,Growing,India
5676,6341,2026-04-20,Emerging,India
5677,12469,2026-08-24,Growing,Other
5678,14909,2026-04-15,Growing,Other
5679,10848,2026-01-22,Emerging,India
5680,10344,2026-01-03,Established,Nigeria
5681,5628,2026-06-26,Emerging,India
5682,12510,2026-08-18,Emerging,Other
5683,3683,2026-08-08,Emerging,India
5684,9639,2026-08-06,Growing,India
5685,11398,2026-01-02,Emerging,Canada
5686,7890,2026-08-06,Emerging,India
5687,3609,2026-05-28,Emerging,India
5688,4375,2026-05-26,Growing,India
5689,14970,2026-07-07,Emerging,Nigeria
5690,1145,2026-02-25,Growing,Nigeria
5691,11238,2026-04-13,Growing,India
5692,12362,2026-01-26,Emerging,Other
5693,9832,2026-02-09,Growing,United States
5694,12478,2026-03-01,Emerging,United States
5695,3317,2026-06-08,Growing,Germany
5696,11904,2026-02-15,Established,India
5697,9890,2026-07-23,Emerging,Other
5698,9968,2026-03-23,Growing,Other
5699,471,2026-04-24,Established,Nigeria
5700,3087,2026-03-14,Emerging,Other
5701,2782,2026-06-20,Growing,Nigeria
5702,14791,2026-03-21,Growing,Other
5703,12550,2026-08-11,Emerging,Other
5704,5966,2026-04-28,Emerging,Nigeria
5705,5778,2026-03-23,Emerging,United States
5706,6002,2026-01-26,Growing,United States
5707,4332,2026-02-20,Emerging,India
5708,1282,2026-01-10,Emerging,Nigeria
5709,3238,2026-05-19,Established,Germany
5710,8204,2026-06-29,Emerging,India
5711,2776,2026-06-25,Emerging,Germany
5712,961,2026-07-16,Emerging,Other
5713,4286,2026-08-08,Emerging,United States
5714,3873,2026-02-11,Growing,United Kingdom
5715,4421,2026-06-06,Emerging,United Kingdom
5716,611,2026-03-10,Emerging,India
5717,6220,2026-08-19,Emerging,United States
5718,180,2026-07-24,Emerging,Canada
5719,13090,2026-05-27,Emerging,Canada
5720,4955,2026-06-14,Emerging,Germany
5721,12762,2026-01-09,Growing,United Kingdom
5722,2711,2026-04-12,Emerging,Canada
5723,2709,2026-04-12,Emerging,Canada
5724,8580,2026-04-27,Established,United Kingdom
5725,5683,2026-03-24,Emerging,India
5726,2464,2026-07-10,Emerging,Nigeria
5727,12591,2026-05-02,Growing,United States
5728,5524,2026-05-03,Emerging,United Kingdom
5729,14426,2026-08-03,Emerging,United States
5730,8242,2026-03-28,Growing,India
5731,9342,2026-06-16,Emerging,India
5732,8192,2026-01-19,Emerging,India
5733,5362,2026-02-23,Emerging,India
5734,7676,2026-05-09,Emerging,Germany
5735,7135,2026-05-24,Top Creator,United Kingdom
5736,3653,2026-03-31,Emerging,India
5737,13280,2026-06-26,Emerging,India
5738,4284,2026-03-31,Emerging,Canada
5739,13113,2026-07-29,Growing,United States
5740,14712,2026-02-07,Emerging,United Kingdom
5741,6396,2026-04-03,Growing,United Kingdom
5742,10818,2026-07-09,Established,Nigeria
5743,14282,2026-06-09,Emerging,India
5744,8243,2026-06-20,Emerging,India
5745,707,2026-07-29,Top Creator,India
5746,12822,2026-07-20,Established,Nigeria
5747,7532,2026-01-27,Emerging,India
5748,9295,2026-04-08,Established,United Kingdom
5749,3273,2026-04-07,Growing,India
5750,518,2026-02-20,Emerging,Other
5751,6111,2026-05-10,Established,Canada
5752,11236,2026-07-31,Growing,United States
5753,12169,2026-04-04,Growing,Other
5754,715,2026-01-12,Emerging,United States
5755,14061,2026-08-19,Growing,United Kingdom
5756,8062,2026-05-16,Emerging,United Kingdom
5757,9094,2026-08-05,Growing,Other
5758,7495,2026-03-16,Emerging,United Kingdom
5759,617,2026-05-24,Emerging,Nigeria
5760,3622,2026-03-10,Growing,United States
5761,11623,2026-01-08,Emerging,United States
5762,11510,2026-08-03,Established,Germany
5763,2461,2026-07-08,Emerging,Other
5764,14042,2026-03-24,Growing,Canada
5765,1828,2026-02-26,Emerging,Nigeria
5766,8466,2026-08-02,Growing,Nigeria
5767,5725,2026-02-23,Growing,Other
5768,10334,2026-08-24,Established,India
5769,1171,2026-01-25,Established,India
5770,3292,2026-06-22,Emerging,United Kingdom
5771,2964,2026-05-29,Growing,Germany
5772,5861,2026-07-14,Growing,India
5773,2479,2026-08-08,Growing,United Kingdom
5774,7613,2026-07-16,Established,Canada
5775,4809,2026-04-06,Established,Canada
5776,12112,2026-03-27,Growing,Other
5777,9942,2026-05-26,Growing,India
5778,6738,2026-06-20,Growing,Other
5779,1578,2026-01-18,Established,Nigeria
5780,8159,2026-03-23,Emerging,United States
5781,5296,2026-01-26,Growing,Canada
5782,5017,2026-04-27,Established,Other
5783,4537,2026-01-17,Emerging,India
5784,5604,2026-03-04,Emerging,Other
5785,5563,2026-05-14,Emerging,Germany
5786,8352,2026-02-14,Emerging,United States
5787,11563,2026-04-17,Established,United Kingdom
5788,1386,2026-08-19,Emerging,United States
5789,12462,2026-05-30,Growing,Canada
5790,5232,2026-06-22,Established,Other
5791,6644,2026-06-09,Established,Germany
5792,1110,2026-03-14,Emerging,Other
5793,2987,2026-01-08,Emerging,United States
5794,3830,2026-06-17,Emerging,Germany
5795,7873,2026-07-04,Emerging,United Kingdom
5796,5716,2026-06-09,Emerging,Nigeria
5797,12595,2026-08-02,Emerging,United Kingdom
5798,8497,2026-06-28,Emerging,India
5799,6545,2026-08-03,Emerging,Canada
5800,7423,2026-02-03,Emerging,India
5801,10206,2026-06-19,Established,Other
5802,3718,2026-07-29,Growing,Other
5803,754,2026-05-20,Growing,United States
5804,7461,2026-03-29,Growing,Other
5805,14719,2026-03-12,Emerging,India
5806,5986,2026-06-27,Growing,Germany
5807,7750,2026-06-05,Emerging,United Kingdom
5808,2914,2026-07-04,Emerging,Other
5809,13616,2026-05-17,Emerging,India
5810,8933,2026-08-07,Emerging,Canada
5811,7726,2026-06-22,Emerging,India
5812,1632,2026-03-19,Established,United States
5813,2520,2026-03-19,Growing,Nigeria
5814,9437,2026-06-10,Emerging,United Kingdom
5815,539,2026-02-22,Growing,United Kingdom
5816,2969,2026-03-08,Growing,United States
5817,13070,2026-04-16,Emerging,Other
5818,4035,2026-07-26,Growing,United States
5819,6,2026-03-13,Established,United States
5820,4268,2026-05-07,Growing,United Kingdom
5821,614,2026-07-09,Growing,Germany
5822,3352,2026-02-05,Established,Canada
5823,14323,2026-06-28,Growing,United States
5824,6730,2026-01-30,Top Creator,India
5825,11132,2026-03-10,Emerging,India
5826,6578,2026-08-14,Established,United Kingdom
5827,6866,2026-08-04,Growing,United States
5828,13844,2026-03-12,Emerging,Other
5829,5247,2026-04-27,Established,United Kingdom
5830,5409,2026-05-29,Top Creator,Other
5831,11561,2026-02-23,Emerging,Nigeria
5832,11001,2026-05-29,Established,India
5833,4371,2026-01-28,Emerging,United Kingdom
5834,2495,2026-03-20,Emerging,Other
5835,12082,2026-01-06,Emerging,Nigeria
5836,14320,2026-08-06,Established,United States
5837,7851,2026-06-22,Growing,Germany
5838,10785,2026-02-15,Emerging,India
5839,14461,2026-06-16,Growing,Other
5840,8357,2026-04-06,Emerging,United States
5841,12676,2026-01-26,Growing,Nigeria
5842,11689,2026-08-19,Emerging,India
5843,10691,2026-01-08,Emerging,United Kingdom
5844,4644,2026-05-06,Growing,India
5845,12879,2026-06-23,Growing,India
5846,10685,2026-04-29,Growing,Other
5847,662,2026-03-08,Growing,Nigeria
5848,11587,2026-04-14,Emerging,Nigeria
5849,6448,2026-03-03,Growing,India
5850,3525,2026-04-21,Emerging,India
5851,11124,2026-05-08,Emerging,India
5852,3636,2026-05-27,Growing,Other
5853,5576,2026-04-22,Growing,Nigeria
5854,4623,2026-03-04,Established,India
5855,10360,2026-03-03,Growing,India
5856,5212,2026-06-05,Established,India
5857,14211,2026-03-23,Growing,Other
5858,5269,2026-02-27,Emerging,United Kingdom
5859,2311,2026-06-15,Emerging,United Kingdom
5860,12541,2026-07-01,Growing,India
5861,14249,2026-03-24,Growing,Nigeria
5862,8029,2026-06-22,Emerging,Germany
5863,9902,2026-02-26,Emerging,Germany
5864,8697,2026-04-15,Emerging,Nigeria
5865,14317,2026-02-13,Emerging,Other
5866,1202,2026-07-03,Emerging,United Kingdom
5867,4987,2026-06-24,Emerging,Nigeria
5868,1861,2026-05-25,Established,United States
5869,11237,2026-07-17,Established,India
5870,11568,2026-08-10,Established,Canada
5871,9059,2026-06-01,Growing,Nigeria
5872,12214,2026-03-20,Growing,Other
5873,7810,2026-05-05,Established,Germany
5874,10408,2026-01-14,Emerging,Other
5875,3540,2026-07-21,Emerging,Other
5876,11228,2026-06-02,Emerging,India
5877,1823,2026-07-06,Growing,United States
5878,7009,2026-08-08,Emerging,India
5879,8304,2026-05-22,Emerging,United States
5880,10562,2026-01-22,Growing,India
5881,4884,2026-05-25,Growing,Germany
5882,441,2026-04-09,Emerging,India
5883,9477,2026-04-18,Growing,Nigeria
5884,3454,2026-04-07,Growing,United States
5885,13850,2026-01-30,Emerging,India
5886,8289,2026-04-27,Emerging,Germany
5887,12951,2026-05-02,Emerging,Germany
5888,14760,2026-07-16,Established,India
5889,13251,2026-01-19,Growing,Germany
5890,13550,2026-08-21,Emerging,Germany
5891,10056,2026-08-19,Emerging,Canada
5892,7295,2026-05-24,Emerging,India
5893,14031,2026-07-23,Emerging,Other
5894,7854,2026-08-05,Emerging,United Kingdom
5895,8085,2026-08-14,Emerging,United Kingdom
5896,5710,2026-05-09,Emerging,United Kingdom
5897,4189,2026-07-13,Emerging,Canada
5898,10061,2026-07-30,Emerging,India
5899,9107,2026-01-19,Established,Canada
5900,10222,2026-06-18,Emerging,United States
5901,2664,2026-04-24,Emerging,Nigeria
5902,184,2026-08-19,Established,India
5903,7494,2026-06-20,Emerging,Canada
5904,3661,2026-02-26,Emerging,Nigeria
5905,13048,2026-07-27,Emerging,India
5906,1633,2026-02-01,Emerging,United States
5907,3817,2026-08-02,Growing,United States
5908,7464,2026-04-29,Emerging,United States
5909,3064,2026-05-23,Emerging,India
5910,3698,2026-03-11,Top Creator,United States
5911,10648,2026-04-24,Emerging,Other
5912,10825,2026-07-07,Growing,Other
5913,6816,2026-02-18,Established,India
5914,12947,2026-01-20,Established,United States
5915,5580,2026-07-16,Emerging,Nigeria
5916,12997,2026-07-09,Top Creator,Other
5917,3024,2026-05-01,Growing,India
5918,2253,2026-03-25,Growing,Germany
5919,11529,2026-04-26,Growing,India
5920,2508,2026-01-21,Emerging,United States
5921,7744,2026-03-31,Emerging,India
5922,14838,2026-04-25,Growing,India
5923,5549,2026-07-29,Emerging,Nigeria
5924,1682,2026-04-09,Growing,India
5925,7202,2026-04-30,Emerging,Germany
5926,5993,2026-07-24,Growing,India
5927,6229,2026-08-04,Emerging,Germany
5928,10014,2026-04-18,Emerging,India
5929,14912,2026-01-07,Growing,Other
5930,13207,2026-08-01,Emerging,India
5931,2762,2026-04-27,Growing,Germany
5932,13560,2026-08-07,Growing,India
5933,1424,2026-05-10,Emerging,India
5934,5702,2026-04-23,Emerging,United States
5935,8344,2026-03-21,Emerging,Canada
5936,5279,2026-04-15,Growing,Canada
5937,2028,2026-05-25,Established,India
5938,13939,2026-01-19,Emerging,United Kingdom
5939,5181,2026-01-17,Emerging,United Kingdom
5940,1696,2026-04-25,Emerging,India
5941,7697,2026-06-30,Emerging,India
5942,2791,2026-01-25,Top Creator,Germany
5943,10045,2026-03-08,Emerging,Nigeria
5944,5256,2026-01-17,Emerging,Nigeria
5945,793,2026-06-27,Growing,Canada
5946,8695,2026-01-16,Growing,Nigeria
5947,9866,2026-01-17,Emerging,United Kingdom
5948,3535,2026-08-01,Emerging,Nigeria
5949,232,2026-07-17,Growing,United States
5950,12385,2026-07-30,Growing,India
5951,14973,2026-02-21,Emerging,United States
5952,4763,2026-01-23,Emerging,Other
5953,949,2026-06-26,Established,United States
5954,8971,2026-06-29,Emerging,Nigeria
5955,3371,2026-01-13,Emerging,United States
5956,5610,2026-03-03,Growing,Germany
5957,3550,2026-03-12,Growing,Canada
5958,13234,2026-05-05,Growing,Other
5959,1211,2026-01-21,Growing,India
5960,5,2026-04-17,Established,Nigeria
5961,11714,2026-02-27,Emerging,Other
5962,1550,2026-04-28,Growing,India
5963,4171,2026-01-21,Growing,India
5964,1286,2026-06-21,Growing,India
5965,5928,2026-06-09,Established,United States
5966,3557,2026-03-21,Growing,Other
5967,8118,2026-01-18,Emerging,United States
5968,11235,2026-01-03,Established,Other
5969,9647,2026-06-16,Emerging,Germany
5970,8746,2026-04-16,Emerging,India
5971,5885,2026-02-24,Growing,India
5972,11393,2026-03-08,Emerging,United Kingdom
5973,10541,2026-06-13,Growing,India
5974,8431,2026-08-19,Emerging,Nigeria
5975,546,2026-01-06,Established,Other
5976,12828,2026-05-23,Growing,India
5977,8425,2026-02-25,Emerging,India
5978,5489,2026-03-24,Emerging,India
5979,3277,2026-08-20,Emerging,India
5980,10860,2026-01-26,Growing,India
5981,4557,2026-04-27,Emerging,United States
5982,7592,2026-07-25,Emerging,Canada
5983,2160,2026-07-30,Emerging,Other
5984,9130,2026-05-24,Established,United Kingdom
5985,11119,2026-02-16,Emerging,Other
5986,4343,2026-01-02,Growing,Other
5987,8825,2026-02-11,Emerging,India
5988,9441,2026-03-30,Emerging,Other
5989,12022,2026-05-21,Emerging,United States
5990,12276,2026-05-26,Growing,Canada
5991,2935,2026-08-06,Established,Other
5992,8233,2026-08-20,Emerging,Germany
5993,13692,2026-07-02,Growing,Nigeria
5994,3327,2026-08-23,Emerging,Other
5995,8291,2026-05-25,Emerging,Canada
5996,4561,2026-06-22,Emerging,United Kingdom
5997,6295,2026-05-29,Emerging,Nigeria
5998,810,2026-05-12,Emerging,United States
5999,8023,2026-08-08,Established,United States
6000,14516,2026-05-26,Emerging,India
6001,9112,2026-06-26,Established,United States
6002,1418,2026-01-05,Emerging,United Kingdom
6003,11535,2026-04-29,Emerging,United States
6004,4039,2026-05-14,Emerging,Germany
6005,1380,2026-07-11,Growing,India
6006,3396,2026-06-07,Growing,United Kingdom
6007,13890,2026-03-23,Growing,United States
6008,7287,2026-07-29,Emerging,Germany
6009,9854,2026-03-22,Emerging,United Kingdom
6010,12880,2026-07-03,Established,Other
6011,2777,2026-03-28,Established,United States
6012,4323,2026-04-15,Growing,Germany
6013,2681,2026-01-31,Growing,Nigeria
6014,2507,2026-02-09,Growing,India
6015,3621,2026-05-24,Growing,Canada
6016,7132,2026-07-06,Growing,Germany
6017,14568,2026-07-13,Established,United States
6018,4255,2026-01-21,Growing,Nigeria
6019,3801,2026-02-28,Growing,Canada
6020,7346,2026-01-14,Emerging,Other
6021,2390,2026-05-03,Top Creator,Canada
6022,10874,2026-06-15,Emerging,India
6023,600,2026-07-14,Established,Other
6024,6099,2026-03-03,Growing,United States
6025,9990,2026-02-24,Emerging,United Kingdom
6026,7703,2026-03-25,Emerging,United States
6027,12440,2026-07-13,Established,United Kingdom
6028,2316,2026-04-27,Emerging,Canada
6029,12895,2026-02-02,Established,United States
6030,1963,2026-06-25,Growing,India
6031,5599,2026-08-09,Emerging,India
6032,10074,2026-07-06,Emerging,Other
6033,2280,2026-05-25,Emerging,Nigeria
6034,13992,2026-03-27,Emerging,India
6035,9380,2026-08-08,Established,India
6036,3435,2026-01-13,Growing,India
6037,10771,2026-02-18,Emerging,United States
6038,11082,2026-04-25,Emerging,Other
6039,14716,2026-07-13,Emerging,Nigeria
6040,3375,2026-05-24,Established,Other
6041,8987,2026-04-25,Growing,United States
6042,6440,2026-06-07,Emerging,United States
6043,10395,2026-02-06,Growing,Nigeria
6044,13858,2026-07-16,Top Creator,United Kingdom
6045,3428,2026-03-27,Growing,Nigeria
6046,4867,2026-06-10,Emerging,Other
6047,14163,2026-08-03,Growing,Other
6048,8819,2026-01-22,Growing,Other
6049,2596,2026-05-28,Emerging,United States
6050,771,2026-08-11,Established,United Kingdom
6051,10925,2026-03-11,Established,Canada
6052,7829,2026-01-23,Growing,Nigeria
6053,14136,2026-08-03,Emerging,Nigeria
6054,14084,2026-04-01,Emerging,Nigeria
6055,12268,2026-04-02,Established,India
6056,11498,2026-07-16,Emerging,United States
6057,11710,2026-08-09,Growing,Canada
6058,4736,2026-08-03,Emerging,United Kingdom
6059,6091,2026-03-24,Emerging,India
6060,14683,2026-01-29,Top Creator,United Kingdom
6061,9350,2026-06-15,Emerging,Canada
6062,705,2026-04-09,Growing,Canada
6063,11045,2026-05-10,Growing,India
6064,974,2026-05-25,Top Creator,United States
6065,12709,2026-06-14,Top Creator,United Kingdom
6066,11385,2026-07-19,Emerging,Nigeria
6067,8961,2026-02-27,Established,Germany
6068,5676,2026-07-06,Emerging,United States
6069,1201,2026-07-06,Growing,Germany
6070,10710,2026-05-11,Growing,Canada
6071,12375,2026-04-01,Established,United States
6072,220,2026-07-09,Emerging,Canada
6073,9773,2026-03-03,Emerging,Other
6074,4440,2026-04-26,Growing,India
6075,10237,2026-06-04,Emerging,United States
6076,7641,2026-04-26,Growing,India
6077,7054,2026-01-06,Growing,United States
6078,11787,2026-02-06,Established,United States
6079,5508,2026-06-26,Emerging,Other
6080,10898,2026-05-31,Growing,United Kingdom
6081,4350,2026-01-02,Emerging,Germany
6082,14472,2026-04-16,Growing,Other
6083,3508,2026-07-28,Emerging,United Kingdom
6084,3856,2026-01-12,Established,Other
6085,9790,2026-02-12,Emerging,Nigeria
6086,2128,2026-05-18,Emerging,India
6087,1584,2026-08-08,Growing,United States
6088,7031,2026-07-10,Emerging,Germany
6089,6631,2026-05-14,Emerging,United States
6090,9159,2026-06-10,Growing,Canada
6091,11969,2026-06-26,Emerging,Other
6092,6827,2026-05-27,Emerging,Nigeria
6093,6224,2026-05-12,Emerging,Other
6094,927,2026-06-02,Emerging,India
6095,10924,2026-07-06,Growing,India
6096,2871,2026-07-27,Emerging,Other
6097,3658,2026-06-12,Emerging,India
6098,4210,2026-07-30,Growing,India
6099,7991,2026-06-14,Established,United States
6100,5047,2026-08-03,Emerging,India
6101,14295,2026-04-17,Established,United States
6102,3649,2026-07-11,Emerging,United Kingdom
6103,7168,2026-04-24,Established,United States
6104,12876,2026-02-15,Emerging,India
6105,10492,2026-07-27,Top Creator,Germany
6106,3462,2026-01-30,Growing,Nigeria
6107,219,2026-08-19,Emerging,Germany
6108,8310,2026-08-13,Emerging,Nigeria
6109,10659,2026-03-23,Emerging,Nigeria
6110,2181,2026-07-11,Emerging,United Kingdom
6111,3283,2026-07-06,Growing,Nigeria
6112,5804,2026-01-28,Emerging,India
6113,4600,2026-06-30,Growing,United Kingdom
6114,13583,2026-01-27,Emerging,United Kingdom
6115,12653,2026-04-21,Emerging,United States
6116,11477,2026-08-14,Emerging,Canada
6117,533,2026-02-23,Emerging,India
6118,1844,2026-07-17,Emerging,Canada
6119,6070,2026-07-04,Growing,United States
6120,13225,2026-05-14,Growing,Nigeria
6121,2517,2026-02-11,Emerging,Nigeria
6122,1623,2026-03-08,Emerging,United States
6123,2620,2026-02-12,Emerging,United States
6124,5731,2026-06-05,Established,Nigeria
6125,10718,2026-01-03,Growing,United States
6126,4975,2026-06-20,Growing,United States
6127,11761,2026-04-01,Emerging,United States
6128,5717,2026-02-01,Emerging,Canada
6129,12161,2026-05-01,Emerging,United States
6130,10060,2026-05-14,Growing,Nigeria
6131,5137,2026-01-08,Established,United States
6132,12976,2026-06-17,Emerging,India
6133,1689,2026-04-30,Growing,Nigeria
6134,8787,2026-03-19,Emerging,United Kingdom
6135,3538,2026-04-13,Growing,India
6136,5495,2026-02-27,Growing,Nigeria
6137,14539,2026-04-17,Emerging,United Kingdom
6138,1160,2026-08-17,Growing,Other
6139,1175,2026-01-25,Emerging,United States
6140,5220,2026-02-24,Growing,India
6141,4554,2026-05-27,Emerging,India
6142,6654,2026-06-05,Emerging,United States
6143,3671,2026-01-31,Emerging,India
6144,6377,2026-02-28,Established,India
6145,4877,2026-01-21,Emerging,Germany
6146,3895,2026-05-04,Emerging,Other
6147,14356,2026-07-19,Emerging,United Kingdom
6148,289,2026-05-25,Emerging,Other
6149,11222,2026-02-01,Growing,United States
6150,10713,2026-01-30,Growing,United Kingdom
6151,11312,2026-04-17,Top Creator,United Kingdom
6152,7421,2026-08-09,Established,Nigeria
6153,13356,2026-02-12,Emerging,Germany
6154,14487,2026-04-24,Emerging,United States
6155,11586,2026-05-07,Emerging,Other
6156,11143,2026-03-31,Established,Germany
6157,9948,2026-01-18,Emerging,Other
6158,12521,2026-02-08,Growing,United States
6159,4168,2026-04-03,Growing,Nigeria
6160,288,2026-05-03,Emerging,United States
6161,13627,2026-06-20,Growing,Canada
6162,3721,2026-05-28,Emerging,Canada
6163,10879,2026-06-18,Emerging,India
6164,3870,2026-06-25,Emerging,Nigeria
6165,5756,2026-02-16,Emerging,United States
6166,10318,2026-01-10,Emerging,India
6167,626,2026-04-11,Growing,United States
6168,7473,2026-07-28,Established,Germany
6169,12291,2026-05-13,Established,India
6170,10384,2026-01-09,Emerging,United States
6171,3032,2026-08-19,Emerging,India
6172,9456,2026-02-03,Emerging,United Kingdom
6173,2498,2026-01-06,Growing,India
6174,10116,2026-07-05,Emerging,Other
6175,6200,2026-02-07,Emerging,Canada
6176,6049,2026-07-13,Emerging,United States
6177,3118,2026-01-25,Growing,India
6178,3148,2026-05-10,Emerging,Nigeria
6179,2113,2026-06-30,Established,United Kingdom
6180,5228,2026-04-03,Growing,India
6181,6044,2026-07-18,Emerging,United States
6182,8210,2026-04-08,Emerging,Nigeria
6183,7957,2026-04-05,Emerging,Canada
6184,5781,2026-01-19,Emerging,India
6185,6112,2026-03-03,Emerging,United States
6186,3293,2026-07-30,Growing,India
6187,11075,2026-01-05,Growing,United Kingdom
6188,4201,2026-06-02,Emerging,India
6189,5291,2026-02-25,Growing,Canada
6190,12425,2026-01-30,Established,Other
6191,2174,2026-01-22,Growing,India
6192,24,2026-03-29,Established,Other
6193,11188,2026-08-07,Emerging,India
6194,7098,2026-08-24,Emerging,United States
6195,5248,2026-04-04,Emerging,Canada
6196,1516,2026-07-29,Established,United States
6197,14518,2026-02-14,Emerging,United States
6198,1587,2026-08-10,Top Creator,Other
6199,14771,2026-07-10,Emerging,India
6200,8602,2026-07-10,Emerging,Canada
6201,12685,2026-07-13,Emerging,United States
6202,11002,2026-01-27,Emerging,United Kingdom
6203,7252,2026-06-05,Emerging,Nigeria
6204,4061,2026-01-14,Growing,Nigeria
6205,5774,2026-03-23,Emerging,India
6206,3126,2026-01-25,Growing,Other
6207,13069,2026-04-27,Growing,Germany
6208,11807,2026-03-05,Established,Germany
6209,12874,2026-01-15,Emerging,United States
6210,6526,2026-01-28,Emerging,United States
6211,1015,2026-03-26,Emerging,Other
6212,6662,2026-03-13,Emerging,United Kingdom
6213,14522,2026-02-11,Emerging,United Kingdom
6214,10018,2026-03-12,Growing,Canada
6215,3880,2026-03-21,Growing,United States
6216,14707,2026-05-27,Established,Nigeria
6217,13168,2026-02-26,Established,Nigeria
6218,7022,2026-03-17,Emerging,India
6219,4512,2026-04-08,Top Creator,Other
6220,11408,2026-06-21,Emerging,Nigeria
6221,12457,2026-01-15,Established,United States
6222,6323,2026-01-25,Emerging,India
6223,81,2026-06-13,Established,India
6224,14275,2026-03-18,Emerging,India
6225,10483,2026-06-03,Growing,Other
6226,14928,2026-08-02,Emerging,Canada
6227,2557,2026-07-14,Emerging,United States
6228,4160,2026-03-17,Emerging,Nigeria
6229,1081,2026-06-04,Growing,India
6230,4519,2026-08-24,Emerging,India
6231,717,2026-07-02,Emerging,Other
6232,5481,2026-01-15,Emerging,United Kingdom
6233,11386,2026-03-22,Growing,United States
6234,2874,2026-04-01,Emerging,United Kingdom
6235,5715,2026-04-16,Growing,India
6236,772,2026-05-02,Established,United States
6237,12189,2026-05-01,Established,Nigeria
6238,2405,2026-03-03,Emerging,United States
6239,1341,2026-06-03,Emerging,Other
6240,2161,2026-06-07,Emerging,United Kingdom
6241,9428,2026-05-18,Growing,United States
6242,14385,2026-06-23,Emerging,United States
6243,2024,2026-06-12,Emerging,Other
6244,1020,2026-04-13,Emerging,India
6245,2068,2026-03-13,Established,Nigeria
6246,8345,2026-08-24,Top Creator,United States
6247,3260,2026-05-21,Growing,United Kingdom
6248,10550,2026-01-30,Growing,India
6249,11112,2026-08-22,Growing,Nigeria
6250,12275,2026-05-23,Emerging,United States
6251,3090,2026-06-12,Growing,India
6252,5425,2026-01-17,Emerging,United States
6253,2172,2026-02-06,Emerging,United Kingdom
6254,5229,2026-07-14,Growing,United States
6255,5742,2026-01-17,Emerging,India
6256,9793,2026-05-02,Emerging,India
6257,5894,2026-06-26,Growing,United States
6258,13789,2026-03-19,Growing,United States
6259,9644,2026-06-12,Growing,United States
6260,10893,2026-05-20,Emerging,Nigeria
6261,6093,2026-07-01,Emerging,United States
6262,36,2026-08-24,Emerging,India
6263,3891,2026-05-09,Emerging,Canada
6264,6409,2026-02-09,Emerging,United States
6265,8154,2026-01-13,Emerging,United States
6266,553,2026-02-24,Emerging,Canada
6267,13169,2026-03-03,Emerging,Germany
6268,2236,2026-07-25,Emerging,Other
6269,4935,2026-02-23,Growing,United States
6270,11191,2026-04-30,Growing,India
6271,7506,2026-05-10,Emerging,United States
6272,6898,2026-07-14,Growing,India
6273,11548,2026-06-10,Emerging,Nigeria
6274,10184,2026-03-20,Top Creator,United Kingdom
6275,3549,2026-04-29,Emerging,United States
6276,13720,2026-06-30,Established,India
6277,5326,2026-03-09,Emerging,Other
6278,6136,2026-08-17,Established,United States
6279,14114,2026-07-16,Growing,India
6280,9483,2026-07-23,Emerging,Germany
6281,12272,2026-02-26,Emerging,Nigeria
6282,9865,2026-03-14,Emerging,Nigeria
6283,7501,2026-04-23,Emerging,India
6284,6718,2026-07-06,Emerging,United Kingdom
6285,13617,2026-07-24,Emerging,India
6286,6691,2026-02-14,Emerging,Other
6287,1413,2026-06-29,Emerging,United Kingdom
6288,4781,2026-03-20,Growing,United States
6289,4202,2026-07-29,Emerging,United Kingdom
6290,6260,2026-07-18,Emerging,India
6291,9625,2026-06-22,Emerging,India
6292,9806,2026-03-21,Emerging,India
6293,8679,2026-03-21,Emerging,Nigeria
6294,9231,2026-08-12,Emerging,Nigeria
6295,4692,2026-06-23,Emerging,Nigeria
6296,1510,2026-01-25,Emerging,Germany
6297,1269,2026-05-22,Established,India
6298,12143,2026-01-19,Established,United States
6299,11113,2026-02-08,Growing,India
6300,7368,2026-01-29,Emerging,United States
6301,67,2026-03-31,Emerging,Nigeria
6302,2232,2026-04-26,Growing,Canada
6303,3482,2026-08-15,Top Creator,India
6304,4000,2026-06-17,Emerging,India
6305,3108,2026-03-06,Established,Nigeria
6306,13461,2026-02-26,Growing,India
6307,9259,2026-06-03,Top Creator,Nigeria
6308,11866,2026-03-17,Emerging,United Kingdom
6309,9254,2026-01-15,Emerging,United Kingdom
6310,6779,2026-03-13,Emerging,Nigeria
6311,1514,2026-05-10,Growing,Other
6312,9949,2026-06-16,Growing,Other
6313,11150,2026-07-29,Established,United States
6314,4309,2026-05-27,Established,United States
6315,1077,2026-01-25,Emerging,United States
6316,3279,2026-01-28,Emerging,Nigeria
6317,8273,2026-05-14,Emerging,Germany
6318,6513,2026-02-25,Top Creator,United States
6319,1489,2026-02-26,Emerging,United States
6320,3188,2026-08-09,Growing,United Kingdom
6321,1727,2026-06-02,Emerging,United States
6322,1775,2026-08-15,Growing,India
6323,14869,2026-01-26,Emerging,Canada
6324,10426,2026-02-11,Growing,Germany
6325,3998,2026-03-07,Established,United States
6326,4243,2026-04-16,Emerging,Canada
6327,6803,2026-03-27,Emerging,Canada
6328,1646,2026-07-29,Top Creator,Nigeria
6329,14868,2026-04-24,Emerging,United Kingdom
6330,2036,2026-05-05,Emerging,Nigeria
6331,43,2026-07-07,Emerging,Canada
6332,9823,2026-01-19,Established,Germany
6333,4847,2026-06-14,Growing,Other
6334,9079,2026-04-30,Emerging,United Kingdom
6335,2475,2026-01-24,Emerging,United States
6336,6977,2026-01-05,Established,Other
6337,14292,2026-07-28,Emerging,Nigeria
6338,5410,2026-07-19,Emerging,Other
6339,419,2026-01-30,Emerging,India
6340,5719,2026-06-25,Emerging,Other
6341,876,2026-01-01,Emerging,United States
6342,10564,2026-04-17,Growing,India
6343,2332,2026-06-15,Established,Other
6344,9844,2026-07-03,Emerging,Germany
6345,2958,2026-05-10,Emerging,India
6346,8313,2026-05-26,Emerging,India
6347,1358,2026-01-23,Emerging,United States
6348,2111,2026-02-14,Growing,United States
6349,8112,2026-01-23,Emerging,Other
6350,3302,2026-07-19,Emerging,United States
6351,995,2026-06-11,Emerging,India
6352,9146,2026-04-02,Emerging,India
6353,5836,2026-08-02,Emerging,United Kingdom
6354,5609,2026-08-06,Emerging,United Kingdom
6355,7897,2026-07-08,Growing,Nigeria
6356,5380,2026-08-08,Emerging,Germany
6357,4816,2026-01-08,Established,Nigeria
6358,11844,2026-08-24,Emerging,Other
6359,7316,2026-07-10,Growing,Nigeria
6360,12953,2026-06-16,Emerging,United States
6361,6217,2026-05-15,Emerging,United States
6362,12557,2026-05-21,Emerging,United States
6363,6963,2026-08-15,Emerging,United Kingdom
6364,104,2026-07-19,Emerging,India
6365,1573,2026-08-09,Emerging,Nigeria
6366,11818,2026-06-15,Emerging,Other
6367,2516,2026-03-28,Growing,India
6368,13179,2026-02-01,Emerging,Canada
6369,1017,2026-03-07,Emerging,Nigeria
6370,13351,2026-08-22,Emerging,India
6371,198,2026-03-12,Growing,India
6372,13439,2026-06-19,Top Creator,Other
6373,2654,2026-03-27,Emerging,United Kingdom
6374,8981,2026-05-29,Emerging,India
6375,3115,2026-08-15,Emerging,Canada
6376,7169,2026-07-16,Growing,United Kingdom
6377,12537,2026-04-08,Emerging,United States
6378,8818,2026-08-09,Growing,Nigeria
6379,9240,2026-02-17,Established,Other
6380,3494,2026-08-07,Growing,United Kingdom
6381,14051,2026-07-30,Growing,United Kingdom
6382,9298,2026-08-02,Growing,Nigeria
6383,1901,2026-08-06,Emerging,Other
6384,9515,2026-06-05,Emerging,United Kingdom
6385,8137,2026-08-12,Growing,United Kingdom
6386,3704,2026-04-17,Emerging,United States
6387,11658,2026-07-16,Growing,Canada
6388,3755,2026-04-27,Emerging,India
6389,12288,2026-06-15,Emerging,Canada
6390,8570,2026-08-07,Growing,India
6391,7303,2026-03-17,Emerging,Other
6392,5572,2026-02-28,Established,Nigeria
6393,6310,2026-06-09,Established,India
6394,5562,2026-05-25,Growing,United Kingdom
6395,11491,2026-07-29,Emerging,United States
6396,5438,2026-02-20,Established,Other
6397,5857,2026-07-21,Emerging,United Kingdom
6398,460,2026-05-08,Emerging,Germany
6399,4314,2026-08-13,Emerging,United States
6400,7682,2026-06-16,Emerging,India
6401,4798,2026-05-07,Emerging,Nigeria
6402,9233,2026-01-19,Emerging,Other
6403,10618,2026-03-23,Top Creator,United States
6404,1990,2026-06-02,Established,Canada
6405,3575,2026-05-30,Growing,United States
6406,12918,2026-01-14,Emerging,India
6407,1688,2026-06-07,Emerging,Canada
6408,5764,2026-02-09,Emerging,Nigeria
6409,13986,2026-03-29,Growing,India
6410,4549,2026-01-05,Established,United Kingdom
6411,8260,2026-06-21,Established,Nigeria
6412,8326,2026-08-23,Established,Other
6413,2439,2026-05-16,Emerging,Nigeria
6414,5153,2026-03-09,Emerging,Other
6415,3792,2026-06-28,Emerging,United States
6416,5984,2026-07-12,Emerging,India
6417,8794,2026-06-28,Growing,India
6418,12483,2026-07-07,Established,Nigeria
6419,8337,2026-07-01,Emerging,Canada
6420,1719,2026-03-26,Established,India
6421,9820,2026-07-17,Emerging,Germany
6422,982,2026-07-24,Growing,United Kingdom
6423,4653,2026-01-30,Emerging,Other
6424,6410,2026-04-28,Emerging,United Kingdom
6425,12515,2026-03-23,Growing,India
6426,5805,2026-04-07,Emerging,United States
6427,12224,2026-07-12,Emerging,Canada
6428,14030,2026-01-01,Growing,United Kingdom
6429,13016,2026-04-26,Emerging,Other
6430,4319,2026-06-16,Established,United States
6431,11138,2026-07-29,Established,Nigeria
6432,4359,2026-07-26,Emerging,Other
6433,3330,2026-01-05,Emerging,India
6434,6761,2026-02-21,Emerging,United States
6435,6514,2026-05-31,Emerging,United Kingdom
6436,4092,2026-06-17,Emerging,Other
6437,13220,2026-03-19,Emerging,United States
6438,14829,2026-07-21,Established,United Kingdom
6439,1686,2026-03-22,Emerging,India
6440,4324,2026-07-21,Emerging,United States
6441,1265,2026-05-20,Growing,India
6442,3655,2026-05-06,Growing,United States
6443,3901,2026-07-17,Top Creator,United States
6444,3408,2026-02-01,Growing,Nigeria
6445,12687,2026-03-14,Emerging,United States
6446,2525,2026-06-15,Established,United States
6447,13076,2026-08-12,Emerging,Germany
6448,7508,2026-07-01,Growing,Other
6449,4967,2026-04-21,Emerging,Nigeria
6450,938,2026-05-26,Emerging,Nigeria
6451,9770,2026-03-10,Growing,United States
6452,3922,2026-08-11,Emerging,Nigeria
6453,12840,2026-07-13,Emerging,United Kingdom
6454,9852,2026-03-28,Growing,Nigeria
6455,13807,2026-03-10,Emerging,India
6456,9814,2026-06-05,Emerging,Canada
6457,8805,2026-01-24,Emerging,Canada
6458,3749,2026-05-08,Growing,United States
6459,11050,2026-01-02,Emerging,United States
6460,7995,2026-07-06,Growing,Canada
6461,1163,2026-02-08,Emerging,Nigeria
6462,10281,2026-02-15,Emerging,United States
6463,5747,2026-06-27,Emerging,United States
6464,7949,2026-03-11,Growing,Canada
6465,8220,2026-05-30,Emerging,India
6466,11865,2026-05-01,Emerging,Canada
6467,9751,2026-01-10,Emerging,India
6468,308,2026-07-06,Established,United States
6469,3212,2026-03-03,Growing,India
6470,5911,2026-01-05,Emerging,United States
6471,8870,2026-01-26,Emerging,United Kingdom
6472,1703,2026-04-13,Growing,United Kingdom
6473,5849,2026-06-15,Established,Nigeria
6474,8849,2026-02-04,Emerging,United States
6475,9238,2026-04-17,Growing,Nigeria
6476,9509,2026-06-27,Established,Nigeria
6477,4211,2026-05-04,Emerging,Other
6478,14551,2026-04-18,Emerging,United Kingdom
6479,8951,2026-03-08,Emerging,United Kingdom
6480,8394,2026-04-03,Established,Nigeria
6481,13960,2026-07-11,Growing,India
6482,8842,2026-07-14,Emerging,India
6483,7420,2026-03-09,Emerging,India
6484,5814,2026-07-08,Growing,United States
6485,12975,2026-05-21,Emerging,Other
6486,1252,2026-06-28,Emerging,United States
6487,9289,2026-01-01,Emerging,United States
6488,10405,2026-06-25,Emerging,Other
6489,13434,2026-02-05,Emerging,United States
6490,13409,2026-08-06,Growing,United States
6491,12600,2026-02-12,Growing,Other
6492,11273,2026-02-01,Growing,United Kingdom
6493,12070,2026-02-26,Established,United States
6494,8347,2026-07-02,Emerging,Nigeria
6495,10186,2026-04-03,Emerging,United States
6496,1035,2026-06-15,Emerging,Nigeria
6497,4129,2026-01-12,Emerging,United Kingdom
6498,7936,2026-08-10,Established,India
6499,2428,2026-01-12,Emerging,India
6500,13046,2026-06-24,Emerging,Other
6501,4,2026-01-15,Emerging,Nigeria
6502,388,2026-03-09,Emerging,United Kingdom
6503,8120,2026-05-21,Emerging,Nigeria
6504,9072,2026-06-26,Emerging,India
6505,155,2026-02-06,Emerging,Other
6506,2663,2026-06-07,Emerging,Nigeria
6507,7773,2026-06-23,Emerging,Nigeria
6508,7927,2026-08-21,Growing,Other
6509,11005,2026-07-17,Emerging,United Kingdom
6510,4056,2026-03-25,Growing,India
6511,10097,2026-08-20,Emerging,India
6512,8208,2026-06-03,Emerging,United States
6513,11933,2026-07-10,Growing,United States
6514,8494,2026-05-24,Top Creator,United Kingdom
6515,8315,2026-04-26,Emerging,India
6516,7639,2026-04-19,Growing,Nigeria
6517,4925,2026-02-05,Growing,Other
6518,13757,2026-08-07,Growing,India
6519,5561,2026-05-20,Emerging,United Kingdom
6520,2116,2026-07-10,Growing,India
6521,9459,2026-01-18,Emerging,Nigeria
6522,1503,2026-06-29,Emerging,Nigeria
6523,7721,2026-06-16,Growing,United States
6524,1275,2026-04-10,Growing,India
6525,2943,2026-08-17,Established,United States
6526,1019,2026-06-28,Emerging,United States
6527,11020,2026-08-02,Emerging,India
6528,671,2026-01-12,Emerging,United Kingdom
6529,13359,2026-04-03,Emerging,Nigeria
6530,9098,2026-04-02,Emerging,United States
6531,13819,2026-08-04,Emerging,India
6532,13446,2026-05-21,Emerging,Canada
6533,7324,2026-05-21,Growing,India
6534,9611,2026-01-09,Emerging,United Kingdom
6535,14331,2026-07-08,Emerging,India
6536,12122,2026-06-03,Growing,India
6537,8939,2026-05-02,Emerging,India
6538,3640,2026-06-03,Emerging,United Kingdom
6539,10189,2026-02-18,Emerging,Canada
6540,956,2026-05-29,Growing,Canada
6541,9478,2026-06-05,Emerging,Other
6542,7175,2026-06-20,Emerging,India
6543,6439,2026-08-06,Top Creator,Nigeria
6544,12019,2026-08-09,Growing,United States
6545,4232,2026-05-16,Growing,Other
6546,4579,2026-06-03,Emerging,United Kingdom
6547,12482,2026-02-20,Emerging,India
6548,1142,2026-06-03,Top Creator,United Kingdom
6549,3176,2026-03-21,Growing,India
6550,866,2026-05-27,Emerging,Other
6551,85,2026-01-02,Established,India
6552,1360,2026-05-23,Emerging,United States
6553,5484,2026-04-06,Emerging,Canada
6554,12733,2026-01-18,Growing,United States
6555,4751,2026-06-30,Emerging,India
6556,7222,2026-01-22,Emerging,United Kingdom
6557,6625,2026-03-03,Growing,Nigeria
6558,13159,2026-08-02,Emerging,Canada
6559,7778,2026-08-08,Emerging,United States
6560,14406,2026-01-21,Established,Nigeria
6561,10877,2026-05-26,Established,Other
6562,6502,2026-02-21,Emerging,United States
6563,10852,2026-06-10,Emerging,India
6564,12579,2026-08-11,Top Creator,Nigeria
6565,6952,2026-04-23,Emerging,United States
6566,3554,2026-01-03,Emerging,United States
6567,986,2026-04-23,Emerging,Nigeria
6568,4897,2026-05-04,Emerging,India
6569,1470,2026-05-02,Emerging,United States
6570,11123,2026-08-03,Emerging,Nigeria
6571,5569,2026-03-10,Emerging,United Kingdom
6572,5090,2026-06-24,Growing,Nigeria
6573,4186,2026-03-08,Emerging,United States
6574,202,2026-03-07,Emerging,Nigeria
6575,10497,2026-07-01,Growing,Canada
6576,11102,2026-06-10,Growing,Canada
6577,4260,2026-02-10,Growing,Other
6578,8609,2026-01-24,Emerging,India
6579,12081,2026-04-25,Emerging,Germany
6580,4417,2026-07-12,Emerging,India
6581,3036,2026-07-23,Growing,Nigeria
6582,10400,2026-08-20,Emerging,Germany
6583,14233,2026-03-31,Top Creator,Other
6584,13421,2026-02-25,Established,India
6585,12865,2026-04-02,Emerging,Germany
6586,140,2026-01-05,Established,United States
6587,1674,2026-01-05,Emerging,India
6588,10553,2026-07-02,Emerging,Other
6589,2233,2026-02-01,Emerging,India
6590,543,2026-01-05,Emerging,United States
6591,9935,2026-05-03,Emerging,India
6592,13689,2026-01-03,Emerging,United Kingdom
6593,14827,2026-01-21,Growing,India
6594,6763,2026-07-01,Emerging,Other
6595,3288,2026-05-25,Emerging,India
6596,7258,2026-08-22,Emerging,United States
6597,10729,2026-05-17,Growing,India
6598,14261,2026-03-01,Emerging,India
6599,448,2026-06-30,Established,Germany
6600,2868,2026-06-19,Top Creator,India
6601,1902,2026-07-02,Established,Nigeria
6602,9132,2026-07-08,Emerging,United States
6603,12651,2026-07-15,Emerging,India
6604,822,2026-01-19,Emerging,Nigeria
6605,12219,2026-06-25,Established,Canada
6606,14218,2026-06-06,Emerging,United Kingdom
6607,5328,2026-01-15,Emerging,United Kingdom
6608,4683,2026-01-01,Growing,Nigeria
6609,5754,2026-08-12,Emerging,United States
6610,2794,2026-02-20,Growing,United States
6611,11762,2026-06-02,Emerging,United States
6612,5852,2026-04-12,Emerging,United Kingdom
6613,6553,2026-04-06,Emerging,Canada
6614,3422,2026-04-14,Emerging,United States
6615,8410,2026-01-11,Emerging,Other
6616,14599,2026-06-04,Growing,Other
6617,3393,2026-08-05,Established,United Kingdom
6618,7472,2026-04-05,Growing,United States
6619,337,2026-05-24,Emerging,India
6620,3156,2026-01-10,Emerging,Canada
6621,8402,2026-04-15,Emerging,United States
6622,9446,2026-08-17,Established,United States
6623,5947,2026-05-06,Emerging,United Kingdom
6624,13464,2026-03-13,Emerging,Nigeria
6625,10117,2026-05-20,Emerging,Germany
6626,555,2026-02-21,Established,Other
6627,9817,2026-01-21,Emerging,Nigeria
6628,13994,2026-01-19,Growing,Nigeria
6629,7559,2026-06-04,Emerging,India
6630,11,2026-07-30,Emerging,Canada
6631,1404,2026-04-07,Growing,India
6632,2578,2026-01-28,Growing,Other
6633,3611,2026-08-07,Established,India
6634,8054,2026-01-06,Growing,Other
6635,10607,2026-04-09,Emerging,United States
6636,4721,2026-05-04,Emerging,Nigeria
6637,2900,2026-07-28,Growing,Other
6638,14927,2026-02-10,Growing,Other
6639,6935,2026-08-01,Established,United States
6640,9352,2026-07-08,Emerging,Nigeria
6641,2724,2026-02-23,Growing,United States
6642,12698,2026-07-19,Emerging,Nigeria
6643,2870,2026-06-01,Emerging,Other
6644,2985,2026-01-30,Emerging,India
6645,14378,2026-02-17,Growing,Canada
6646,11566,2026-08-09,Established,Germany
6647,4828,2026-04-17,Emerging,India
6648,3935,2026-05-06,Growing,India
6649,8223,2026-06-12,Emerging,India
6650,13319,2026-06-29,Emerging,Other
6651,3409,2026-08-10,Growing,India
6652,12528,2026-05-28,Emerging,India
6653,10593,2026-01-17,Emerging,Other
6654,12336,2026-06-28,Established,Other
6655,12406,2026-07-16,Growing,India
6656,14650,2026-04-12,Established,Germany
6657,2785,2026-04-17,Established,Other
6658,7782,2026-03-13,Established,Canada
6659,9175,2026-05-20,Emerging,United States
6660,12446,2026-01-28,Top Creator,Nigeria
6661,10190,2026-02-21,Established,Canada
6662,223,2026-05-01,Emerging,Nigeria
6663,8733,2026-06-10,Established,Nigeria
6664,13433,2026-07-05,Growing,Nigeria
6665,624,2026-02-02,Growing,Other
6666,12188,2026-07-04,Emerging,Canada
6667,4101,2026-05-22,Emerging,Germany
6668,612,2026-02-16,Growing,United States
6669,14121,2026-05-31,Emerging,Other
6670,14744,2026-06-30,Emerging,Other
6671,1312,2026-04-27,Emerging,India
6672,6281,2026-03-02,Established,Canada
6673,13495,2026-01-17,Emerging,Other
6674,8616,2026-03-20,Growing,Canada
6675,5226,2026-06-04,Growing,Canada
6676,730,2026-03-27,Emerging,India
6677,3006,2026-05-25,Emerging,Other
6678,4789,2026-01-08,Emerging,Other
6679,10531,2026-06-25,Established,India
6680,185,2026-02-21,Emerging,United States
6681,10196,2026-01-18,Growing,India
6682,9195,2026-03-20,Growing,United States
6683,14064,2026-02-07,Emerging,India
6684,6932,2026-06-26,Growing,Germany
6685,3881,2026-05-11,Emerging,United Kingdom
6686,2942,2026-08-20,Emerging,United States
6687,9780,2026-03-04,Emerging,United States
6688,2122,2026-08-23,Emerging,United States
6689,12645,2026-02-11,Emerging,Canada
6690,11176,2026-07-09,Emerging,India
6691,10566,2026-04-26,Established,Nigeria
6692,12987,2026-05-08,Emerging,United States
6693,13031,2026-01-09,Growing,India
6694,12430,2026-07-21,Emerging,Nigeria
6695,11633,2026-08-07,Emerging,Germany
6696,5963,2026-02-16,Growing,Other
6697,13467,2026-02-25,Growing,Canada
6698,14017,2026-01-09,Emerging,Canada
6699,14595,2026-04-22,Growing,Other
6700,14867,2026-07-11,Emerging,United Kingdom
6701,709,2026-04-06,Emerging,Canada
6702,9652,2026-05-31,Growing,India
6703,2890,2026-07-02,Emerging,United States
6704,13715,2026-08-20,Emerging,United States
6705,4642,2026-02-11,Emerging,India
6706,12488,2026-06-18,Emerging,India
6707,14679,2026-07-02,Growing,India
6708,4661,2026-01-26,Emerging,Other
6709,11812,2026-01-16,Growing,United States
6710,1208,2026-02-02,Emerging,Nigeria
6711,12144,2026-04-07,Emerging,Nigeria
6712,6303,2026-06-08,Growing,United Kingdom
6713,154,2026-08-04,Emerging,Nigeria
6714,10615,2026-07-30,Established,Nigeria
6715,9182,2026-05-06,Growing,United Kingdom
6716,1023,2026-08-14,Emerging,Canada
6717,12230,2026-06-15,Emerging,India
6718,8316,2026-05-05,Emerging,Other
6719,12807,2026-02-27,Growing,Other
6720,1092,2026-04-02,Emerging,Other
6721,12780,2026-06-21,Emerging,India
6722,8517,2026-08-03,Emerging,India
6723,5168,2026-02-24,Emerging,Nigeria
6724,4012,2026-07-10,Emerging,United Kingdom
6725,3945,2026-05-14,Established,United States
6726,14372,2026-03-03,Growing,United States
6727,10396,2026-03-27,Growing,Other
6728,13008,2026-01-11,Growing,India
6729,5606,2026-04-15,Emerging,India
6730,10736,2026-08-24,Top Creator,United States
6731,7788,2026-01-07,Emerging,India
6732,11630,2026-05-16,Emerging,United Kingdom
6733,11208,2026-04-23,Emerging,United Kingdom
6734,608,2026-01-29,Emerging,United States
6735,9533,2026-08-19,Emerging,United States
6736,4054,2026-01-30,Growing,India
6737,2934,2026-03-09,Emerging,Other
6738,741,2026-01-09,Growing,United Kingdom
6739,4109,2026-02-10,Growing,Canada
6740,14390,2026-03-07,Established,India
6741,4570,2026-07-03,Growing,United Kingdom
6742,2200,2026-08-15,Emerging,Canada
6743,7536,2026-06-09,Top Creator,India
6744,1091,2026-07-29,Emerging,Other
6745,1496,2026-05-23,Emerging,United States
6746,10386,2026-04-04,Emerging,Canada
6747,9722,2026-06-07,Emerging,Other
6748,5598,2026-02-23,Emerging,United Kingdom
6749,3752,2026-06-18,Growing,India
6750,4999,2026-08-21,Emerging,Other
6751,4620,2026-04-06,Emerging,Germany
6752,6106,2026-04-17,Emerging,Other
6753,13209,2026-02-01,Emerging,Other
6754,10266,2026-01-03,Emerging,United States
6755,13178,2026-05-31,Growing,United States
6756,3270,2026-03-01,Emerging,India
6757,6196,2026-08-12,Emerging,India
6758,12041,2026-06-21,Emerging,India
6759,8728,2026-03-23,Emerging,United States
6760,10521,2026-07-18,Emerging,Other
6761,14631,2026-07-27,Emerging,Nigeria
6762,1176,2026-03-09,Emerging,Nigeria
6763,166,2026-07-25,Emerging,United Kingdom
6764,12011,2026-03-29,Emerging,India
6765,9811,2026-08-18,Growing,Nigeria
6766,3449,2026-07-24,Emerging,Germany
6767,9827,2026-05-11,Growing,Other
6768,8301,2026-05-14,Growing,India
6769,699,2026-04-11,Emerging,Nigeria
6770,3532,2026-06-03,Emerging,India
6771,780,2026-03-17,Growing,Other
6772,2506,2026-01-18,Emerging,India
6773,2016,2026-06-26,Emerging,India
6774,5180,2026-04-08,Growing,Nigeria
6775,4469,2026-02-28,Growing,United States
6776,9461,2026-04-22,Emerging,Nigeria
6777,3943,2026-08-18,Established,United States
6778,12027,2026-02-26,Emerging,Other
6779,14790,2026-05-11,Emerging,United States
6780,8438,2026-07-16,Growing,Nigeria
6781,14672,2026-07-16,Established,India
6782,2576,2026-04-28,Growing,India
6783,9303,2026-01-19,Established,Canada
6784,2302,2026-08-10,Emerging,India
6785,4857,2026-04-30,Emerging,India
6786,10111,2026-04-17,Emerging,Nigeria
6787,2184,2026-05-30,Growing,Canada
6788,14728,2026-03-09,Emerging,Germany
6789,7990,2026-06-15,Emerging,Germany
6790,2496,2026-06-11,Emerging,Canada
6791,8413,2026-02-11,Growing,United States
6792,14466,2026-08-12,Established,Other
6793,14504,2026-02-04,Emerging,India
6794,12141,2026-05-11,Emerging,India
6795,4775,2026-01-14,Emerging,United States
6796,8808,2026-07-18,Emerging,India
6797,8483,2026-07-02,Emerging,Germany
6798,3771,2026-06-16,Growing,Other
6799,817,2026-07-01,Growing,United States
6800,11997,2026-03-14,Emerging,United Kingdom
6801,568,2026-02-27,Emerging,India
6802,13029,2026-05-27,Emerging,India
6803,7894,2026-08-10,Emerging,Nigeria
6804,1255,2026-05-13,Emerging,India
6805,1833,2026-03-21,Emerging,India
6806,9962,2026-07-06,Emerging,Other
6807,9109,2026-08-24,Growing,Nigeria
6808,3906,2026-01-12,Growing,Other
6809,4447,2026-04-23,Emerging,United States
6810,10016,2026-01-17,Growing,India
6811,11421,2026-01-24,Emerging,Nigeria
6812,6900,2026-01-27,Emerging,India
6813,5556,2026-05-06,Growing,India
6814,12491,2026-07-05,Emerging,United States
6815,13517,2026-01-24,Growing,United States
6816,7363,2026-01-21,Established,India
6817,11482,2026-06-16,Emerging,Germany
6818,5019,2026-07-24,Emerging,Canada
6819,1742,2026-04-08,Emerging,India
6820,2004,2026-08-14,Emerging,United States
6821,2846,2026-06-21,Emerging,Nigeria
6822,875,2026-06-08,Growing,India
6823,3365,2026-06-13,Emerging,Other
6824,4526,2026-04-02,Emerging,India
6825,2062,2026-07-06,Emerging,India
6826,13950,2026-07-15,Emerging,India
6827,14567,2026-05-25,Emerging,United States
6828,9069,2026-01-17,Growing,United States
6829,8990,2026-02-20,Established,United States
6830,13494,2026-03-02,Emerging,United States
6831,10754,2026-01-30,Growing,Canada
6832,13555,2026-03-26,Growing,Other
6833,904,2026-01-28,Emerging,India
6834,13566,2026-07-31,Emerging,India
6835,1635,2026-02-15,Established,Other
6836,11329,2026-05-03,Established,United States
6837,6016,2026-03-03,Emerging,India
6838,4933,2026-01-28,Growing,India
6839,3236,2026-08-15,Growing,Canada
6840,10033,2026-01-15,Growing,India
6841,12615,2026-02-19,Established,Nigeria
6842,10143,2026-01-11,Growing,Other
6843,46,2026-07-09,Emerging,United States
6844,209,2026-01-28,Established,Nigeria
6845,11066,2026-05-01,Emerging,United States
6846,129,2026-08-24,Growing,United States
6847,11533,2026-05-27,Growing,United Kingdom
6848,7827,2026-08-03,Established,United States
6849,4055,2026-03-19,Top Creator,Other
6850,4541,2026-08-02,Growing,Germany
6851,6495,2026-02-03,Emerging,Other
6852,13260,2026-04-30,Growing,Nigeria
6853,6682,2026-06-18,Growing,Germany
6854,14365,2026-02-01,Growing,United States
6855,14493,2026-01-01,Emerging,United States
6856,14572,2026-04-24,Emerging,Germany
6857,2418,2026-06-03,Emerging,Other
6858,4459,2026-06-03,Emerging,United Kingdom
6859,2712,2026-01-19,Growing,Other
6860,527,2026-03-27,Established,Germany
6861,6458,2026-08-03,Established,Other
6862,12853,2026-06-26,Emerging,Nigeria
6863,2347,2026-03-17,Growing,Nigeria
6864,2279,2026-08-05,Growing,India
6865,1462,2026-05-13,Emerging,United Kingdom
6866,1130,2026-02-16,Emerging,United States
6867,7908,2026-03-19,Growing,Nigeria
6868,646,2026-05-08,Emerging,Other
6869,6237,2026-01-01,Emerging,Canada
6870,2957,2026-03-01,Emerging,United States
6871,5014,2026-01-16,Growing,United States
6872,14979,2026-03-13,Growing,United Kingdom
6873,5195,2026-03-06,Established,United Kingdom
6874,13580,2026-02-12,Growing,Nigeria
6875,9253,2026-01-09,Top Creator,Other
6876,11948,2026-08-20,Established,Canada
6877,9906,2026-01-17,Emerging,Nigeria
6878,9872,2026-04-10,Established,Canada
6879,1708,2026-06-03,Emerging,Other
6880,13762,2026-08-03,Growing,Canada
6881,939,2026-08-12,Established,India
6882,13984,2026-01-12,Emerging,India
6883,7813,2026-07-04,Established,Nigeria
6884,1745,2026-07-18,Established,Germany
6885,4794,2026-07-25,Established,India
6886,13160,2026-06-01,Growing,Canada
6887,9897,2026-06-01,Emerging,United States
6888,13968,2026-06-22,Emerging,India
6889,5846,2026-02-24,Growing,India
6890,10926,2026-06-25,Emerging,Germany
6891,76,2026-01-08,Established,India
6892,12513,2026-01-29,Emerging,India
6893,4234,2026-05-28,Growing,India
6894,3539,2026-05-29,Emerging,Canada
6895,8056,2026-04-21,Emerging,India
6896,4960,2026-03-22,Growing,Other
6897,6669,2026-05-18,Growing,United States
6898,1236,2026-03-16,Emerging,Other
6899,13501,2026-05-11,Emerging,India
6900,6119,2026-03-02,Emerging,United Kingdom
6901,4687,2026-07-10,Established,India
6902,9673,2026-04-08,Emerging,United States
6903,10042,2026-03-27,Growing,Nigeria
6904,10248,2026-08-08,Emerging,Other
6905,732,2026-07-06,Established,India
6906,13935,2026-01-25,Emerging,Germany
6907,11569,2026-01-02,Emerging,United States
6908,10160,2026-07-10,Emerging,United Kingdom
6909,9729,2026-07-31,Growing,Other
6910,1754,2026-02-15,Established,Germany
6911,8519,2026-01-29,Growing,Canada
6912,7507,2026-03-01,Growing,United Kingdom
6913,5280,2026-05-13,Emerging,Other
6914,2757,2026-03-13,Emerging,India
6915,13782,2026-07-14,Established,United States
6916,9172,2026-04-18,Growing,United States
6917,6509,2026-02-09,Emerging,Germany
6918,14700,2026-06-21,Growing,India
6919,2133,2026-02-08,Emerging,United States
6920,1374,2026-05-14,Established,Nigeria
6921,6139,2026-02-13,Growing,India
6922,11162,2026-08-23,Emerging,Canada
6923,11554,2026-04-11,Emerging,Other
6924,14990,2026-02-19,Growing,Nigeria
6925,6134,2026-07-28,Emerging,India
6926,12641,2026-07-20,Emerging,United Kingdom
6927,11903,2026-01-23,Emerging,India
6928,3955,2026-07-20,Emerging,Canada
6929,4918,2026-03-28,Emerging,Other
6930,576,2026-05-07,Growing,Nigeria
6931,10171,2026-05-25,Established,Nigeria
6932,14057,2026-04-21,Growing,India
6933,3809,2026-05-15,Growing,Germany
6934,4908,2026-05-17,Established,Other
6935,1776,2026-02-23,Established,Nigeria
6936,1324,2026-03-01,Growing,Germany
6937,1802,2026-05-09,Emerging,United States
6938,1583,2026-07-13,Emerging,Germany
6939,5075,2026-05-18,Emerging,United Kingdom
6940,689,2026-02-27,Top Creator,Nigeria
6941,12426,2026-01-20,Emerging,Canada
6942,7581,2026-05-22,Growing,Other
6943,11022,2026-06-07,Growing,Nigeria
6944,7779,2026-03-06,Growing,Nigeria
6945,12261,2026-03-08,Emerging,United States
6946,4225,2026-05-21,Emerging,India
6947,14380,2026-06-12,Growing,India
6948,1131,2026-05-07,Growing,United States
6949,1351,2026-04-14,Emerging,Germany
6950,1273,2026-05-06,Emerging,India
6951,8092,2026-01-01,Emerging,India
6952,677,2026-03-22,Emerging,United States
6953,10169,2026-07-18,Growing,Nigeria
6954,1075,2026-05-12,Emerging,Germany
6955,14469,2026-08-14,Established,India
6956,1491,2026-03-04,Established,India
6957,7332,2026-01-08,Growing,Canada
6958,1697,2026-07-28,Established,United States
6959,8130,2026-06-28,Growing,India
6960,11294,2026-07-10,Growing,India
6961,1714,2026-02-06,Emerging,United Kingdom
6962,8235,2026-06-02,Emerging,Other
6963,2033,2026-08-18,Emerging,India
6964,8391,2026-05-26,Established,Germany
6965,3923,2026-02-28,Established,India
6966,9435,2026-08-06,Emerging,Germany
6967,10109,2026-01-22,Emerging,India
6968,6274,2026-01-20,Growing,Other
6969,6535,2026-03-27,Emerging,United States
6970,6445,2026-07-02,Emerging,United States
6971,8776,2026-03-11,Growing,India
6972,5407,2026-08-01,Emerging,Other
6973,796,2026-07-13,Emerging,Nigeria
6974,12442,2026-02-02,Established,Nigeria
6975,3457,2026-07-10,Growing,India
6976,8339,2026-05-09,Emerging,India
6977,991,2026-04-05,Established,Nigeria
6978,12259,2026-06-08,Established,Nigeria
6979,790,2026-06-17,Emerging,United States
6980,5098,2026-06-08,Emerging,Germany
6981,627,2026-01-23,Emerging,United States
6982,676,2026-08-03,Established,India
6983,13118,2026-04-14,Established,India
6984,9191,2026-03-07,Emerging,United Kingdom
6985,8496,2026-08-20,Emerging,India
6986,11525,2026-02-17,Growing,India
6987,13575,2026-08-15,Emerging,Germany
6988,12791,2026-03-09,Growing,Other
6989,7266,2026-04-09,Emerging,Other
6990,5130,2026-05-21,Emerging,India
6991,7902,2026-02-05,Emerging,India
6992,7996,2026-04-05,Established,United Kingdom
6993,14628,2026-08-03,Established,India
6994,14689,2026-05-31,Established,Other
6995,13888,2026-08-06,Established,Nigeria
6996,10746,2026-02-13,Emerging,United States
6997,5375,2026-05-08,Established,United Kingdom
6998,13224,2026-01-15,Emerging,Canada
6999,837,2026-06-16,Established,Other
7000,7968,2026-06-16,Emerging,Nigeria
7001,13401,2026-05-19,Emerging,Other
7002,7557,2026-06-13,Emerging,United States
7003,5943,2026-05-30,Emerging,India
7004,9409,2026-08-01,Growing,Germany
7005,7663,2026-05-13,Growing,United Kingdom
7006,10599,2026-07-25,Growing,Canada
7007,3246,2026-02-03,Emerging,Canada
7008,14549,2026-08-08,Growing,Canada
7009,11129,2026-01-15,Growing,Nigeria
7010,8992,2026-07-23,Emerging,Other
7011,13306,2026-05-18,Emerging,United States
7012,1850,2026-05-23,Established,Canada
7013,678,2026-03-31,Growing,India
7014,6239,2026-03-04,Emerging,United Kingdom
7015,14411,2026-07-07,Emerging,India
7016,12890,2026-02-26,Emerging,Nigeria
7017,4961,2026-04-10,Emerging,United Kingdom
7018,3053,2026-06-29,Emerging,Nigeria
7019,13752,2026-08-09,Emerging,Other
7020,9836,2026-08-18,Emerging,Other
7021,1086,2026-05-02,Emerging,Germany
7022,2667,2026-01-26,Established,United Kingdom
7023,9785,2026-05-21,Emerging,India
7024,4418,2026-02-16,Growing,United Kingdom
7025,6979,2026-06-30,Emerging,United Kingdom
7026,8988,2026-07-10,Emerging,United States
7027,834,2026-03-02,Emerging,India
7028,855,2026-06-22,Emerging,Germany
7029,3179,2026-01-04,Top Creator,United States
7030,211,2026-02-13,Emerging,Canada
7031,6534,2026-01-26,Emerging,Canada
7032,2021,2026-03-02,Emerging,India
7033,5459,2026-06-18,Emerging,United States
7034,6313,2026-08-23,Growing,United States
7035,12704,2026-04-06,Emerging,United States
7036,14063,2026-03-21,Emerging,Nigeria
7037,14898,2026-08-08,Emerging,United Kingdom
7038,12481,2026-08-13,Emerging,United States
7039,4075,2026-07-31,Growing,United States
7040,3961,2026-03-17,Emerging,United Kingdom
7041,3316,2026-02-27,Emerging,India
7042,5319,2026-04-22,Emerging,United States
7043,4304,2026-06-10,Emerging,India
7044,13036,2026-02-02,Established,Canada
7045,13518,2026-05-05,Emerging,United Kingdom
7046,5113,2026-08-14,Growing,India
7047,673,2026-02-15,Emerging,Canada
7048,1837,2026-08-11,Emerging,Other
7049,9061,2026-04-19,Emerging,Nigeria
7050,4833,2026-06-21,Growing,Nigeria
7051,3202,2026-06-04,Growing,Nigeria
7052,7414,2026-03-28,Growing,Other
7053,10270,2026-01-11,Emerging,Germany
7054,12445,2026-07-20,Growing,India
7055,12269,2026-05-18,Emerging,India
7056,1581,2026-04-25,Top Creator,United States
7057,9707,2026-07-05,Emerging,Germany
7058,9292,2026-01-04,Emerging,Canada
7059,12720,2026-03-16,Emerging,Canada
7060,9024,2026-06-20,Emerging,United Kingdom
7061,11989,2026-04-03,Emerging,Nigeria
7062,8707,2026-04-10,Emerging,India
7063,9089,2026-08-17,Emerging,India
7064,13954,2026-03-28,Established,India
7065,3908,2026-02-15,Emerging,Other
7066,6163,2026-06-19,Emerging,Nigeria
7067,14141,2026-06-29,Growing,Nigeria
7068,12298,2026-05-10,Emerging,Nigeria
7069,100,2026-01-14,Growing,India
7070,6074,2026-08-08,Growing,United Kingdom
7071,1448,2026-05-21,Emerging,Other
7072,14288,2026-02-07,Emerging,United States
7073,13734,2026-01-18,Emerging,United States
7074,14552,2026-07-21,Emerging,Other
7075,10447,2026-03-08,Growing,United States
7076,2229,2026-01-29,Established,United Kingdom
7077,9562,2026-07-16,Growing,India
7078,275,2026-05-27,Emerging,Other
7079,5620,2026-06-18,Established,India
7080,2329,2026-03-23,Growing,Other
7081,1740,2026-08-07,Growing,Other
7082,5473,2026-06-24,Emerging,United States
7083,9669,2026-06-17,Emerging,United States
7084,3473,2026-05-24,Emerging,United Kingdom
7085,6415,2026-06-05,Emerging,United States
7086,6637,2026-04-05,Emerging,Germany
7087,517,2026-03-27,Established,Other
7088,13802,2026-04-12,Growing,Germany
7089,14880,2026-05-03,Growing,Other
7090,2078,2026-01-28,Emerging,Nigeria
7091,9234,2026-01-06,Emerging,India
7092,12407,2026-01-16,Emerging,United States
7093,11851,2026-03-03,Emerging,India
7094,1113,2026-05-01,Emerging,United States
7095,10631,2026-03-15,Emerging,Canada
7096,4525,2026-05-09,Emerging,United Kingdom
7097,12631,2026-01-20,Emerging,India
7098,12474,2026-04-29,Emerging,United States
7099,11057,2026-06-22,Emerging,India
7100,6248,2026-03-01,Established,United States
7101,12221,2026-07-17,Growing,India
7102,4606,2026-06-24,Growing,Nigeria
7103,6140,2026-01-29,Emerging,Nigeria
7104,10787,2026-01-22,Growing,United States
7105,11711,2026-03-16,Growing,United States
7106,14987,2026-08-16,Established,United Kingdom
7107,6768,2026-03-16,Emerging,United Kingdom
7108,5520,2026-08-15,Growing,United Kingdom
7109,6317,2026-07-27,Top Creator,India
7110,14758,2026-07-01,Emerging,India
7111,474,2026-03-27,Emerging,Nigeria
7112,6696,2026-01-20,Emerging,India
7113,5689,2026-02-28,Growing,India
7114,3574,2026-07-30,Emerging,Canada
7115,580,2026-02-27,Growing,India
7116,13817,2026-02-21,Established,Other
7117,12740,2026-02-27,Emerging,Canada
7118,1987,2026-03-03,Emerging,Germany
7119,11837,2026-03-30,Top Creator,India
7120,11307,2026-04-11,Growing,Canada
7121,10241,2026-06-19,Growing,India
7122,12114,2026-01-04,Emerging,Nigeria
7123,10316,2026-07-08,Established,Canada
7124,11772,2026-05-21,Established,Nigeria
7125,3717,2026-05-23,Growing,Nigeria
7126,4072,2026-01-19,Emerging,India
7127,4643,2026-03-05,Growing,Canada
7128,922,2026-05-14,Emerging,Other
7129,3608,2026-01-04,Emerging,United States
7130,2699,2026-06-25,Growing,United States
7131,2688,2026-03-31,Emerging,India
7132,6953,2026-04-17,Emerging,Canada
7133,9086,2026-06-04,Emerging,India
7134,14560,2026-01-08,Emerging,India
7135,13970,2026-03-27,Emerging,United States
7136,4988,2026-07-28,Emerging,United States
7137,5204,2026-03-27,Emerging,Canada
7138,14076,2026-05-24,Emerging,United States
7139,7343,2026-06-07,Emerging,Nigeria
7140,6038,2026-03-21,Emerging,India
7141,8755,2026-04-23,Emerging,United States
7142,9398,2026-02-26,Established,India
7143,2936,2026-04-12,Emerging,Other
7144,951,2026-06-10,Growing,Nigeria
7145,3259,2026-02-11,Growing,India
7146,3682,2026-03-27,Emerging,Nigeria
7147,3370,2026-04-28,Emerging,Canada
7148,3613,2026-07-17,Established,United Kingdom
7149,13839,2026-03-10,Emerging,United Kingdom
7150,9183,2026-04-08,Emerging,United States
7151,9695,2026-03-27,Growing,United States
7152,13290,2026-07-08,Emerging,India
7153,8888,2026-06-11,Growing,United Kingdom
7154,7430,2026-03-09,Emerging,United Kingdom
7155,12015,2026-02-03,Growing,India
7156,7727,2026-06-20,Growing,Canada
7157,5434,2026-04-12,Emerging,Other
7158,9345,2026-03-28,Emerging,India
7159,6996,2026-08-08,Growing,United Kingdom
7160,10325,2026-06-26,Growing,Other
7161,3476,2026-04-18,Emerging,United States
7162,557,2026-01-13,Emerging,United States
7163,14592,2026-05-26,Emerging,United States
7164,10472,2026-08-10,Growing,Nigeria
7165,14495,2026-08-17,Established,India
7166,8168,2026-03-17,Growing,United Kingdom
7167,965,2026-01-03,Growing,India
7168,9965,2026-07-19,Established,United States
7169,10217,2026-04-08,Emerging,Other
7170,14891,2026-06-28,Emerging,India
7171,8133,2026-06-09,Emerging,Germany
7172,6271,2026-02-07,Growing,Nigeria
7173,8193,2026-03-23,Emerging,Canada
7174,477,2026-05-07,Growing,India
7175,12628,2026-05-19,Emerging,India
7176,12187,2026-07-22,Growing,Canada
7177,10058,2026-01-17,Established,United States
7178,9842,2026-04-08,Emerging,United States
7179,7603,2026-05-28,Emerging,United Kingdom
7180,12086,2026-05-19,Growing,Other
7181,2147,2026-06-04,Emerging,India
7182,13669,2026-01-19,Emerging,India
7183,8516,2026-05-26,Growing,Other
7184,11602,2026-04-08,Growing,United States
7185,14507,2026-02-12,Growing,Other
7186,5643,2026-06-03,Established,India
7187,7798,2026-05-20,Established,Canada
7188,4322,2026-01-29,Established,India
7189,11290,2026-02-22,Emerging,United States
7190,14618,2026-02-24,Emerging,Nigeria
7191,1488,2026-08-03,Established,United States
7192,6704,2026-07-24,Growing,United Kingdom
7193,13067,2026-05-22,Emerging,United States
7194,5531,2026-06-21,Emerging,United States
7195,13513,2026-03-21,Established,Canada
7196,1717,2026-05-26,Emerging,United States
7197,6617,2026-01-18,Established,Canada
7198,12710,2026-04-15,Growing,Other
7199,3807,2026-07-11,Growing,Other
7200,3069,2026-01-12,Emerging,Germany
7201,11107,2026-01-16,Growing,Germany
7202,2555,2026-05-19,Growing,Canada
7203,6007,2026-01-26,Emerging,United States
7204,4041,2026-05-31,Emerging,India
7205,2968,2026-02-19,Growing,Nigeria
7206,4037,2026-04-25,Emerging,India
7207,8353,2026-05-14,Established,India
7208,1136,2026-01-28,Established,India
7209,13815,2026-04-07,Emerging,India
7210,2008,2026-01-03,Established,India
7211,12408,2026-05-09,Growing,United States
7212,6187,2026-08-06,Emerging,United States
7213,3372,2026-06-30,Emerging,India
7214,9054,2026-03-26,Emerging,Other
7215,3692,2026-05-24,Emerging,United States
7216,3739,2026-05-11,Emerging,Canada
7217,7752,2026-01-20,Emerging,Canada
7218,60,2026-06-16,Emerging,Other
7219,14914,2026-01-16,Growing,United Kingdom
7220,5432,2026-05-29,Growing,United States
7221,14488,2026-08-11,Top Creator,United States
7222,6312,2026-07-26,Emerging,India
7223,152,2026-05-31,Emerging,Nigeria
7224,3341,2026-03-22,Emerging,Other
7225,11595,2026-02-01,Emerging,United States
7226,14597,2026-04-22,Growing,United States
7227,905,2026-08-08,Emerging,India
7228,12313,2026-05-06,Emerging,India
7229,4641,2026-05-18,Growing,India
7230,3769,2026-02-12,Emerging,Other
7231,13597,2026-03-22,Emerging,United States
7232,5675,2026-08-21,Growing,United Kingdom
7233,6349,2026-02-20,Established,Nigeria
7234,1545,2026-03-22,Emerging,Nigeria
7235,2913,2026-03-18,Growing,Canada
7236,5364,2026-04-11,Emerging,India
7237,5738,2026-06-04,Emerging,United Kingdom
7238,1600,2026-07-21,Emerging,Other
7239,12300,2026-05-28,Growing,Nigeria
7240,5902,2026-03-02,Emerging,India
7241,14083,2026-03-05,Growing,Germany
7242,1483,2026-05-29,Top Creator,India
7243,10462,2026-04-13,Growing,Other
7244,5634,2026-03-30,Established,United States
7245,14963,2026-03-16,Emerging,Other
7246,12565,2026-05-03,Emerging,Nigeria
7247,10407,2026-06-08,Emerging,Canada
7248,5641,2026-06-15,Emerging,India
7249,7764,2026-02-11,Emerging,United States
7250,3008,2026-05-20,Growing,India
7251,6945,2026-01-25,Emerging,United Kingdom
7252,14594,2026-04-11,Growing,India
7253,813,2026-06-08,Emerging,Canada
7254,9185,2026-01-26,Emerging,United Kingdom
7255,4951,2026-02-22,Emerging,Nigeria
7256,13151,2026-05-05,Emerging,United States
7257,2586,2026-02-18,Top Creator,Canada
7258,12109,2026-03-27,Emerging,Germany
7259,10682,2026-08-18,Growing,Nigeria
7260,12586,2026-02-06,Growing,Other
7261,3595,2026-05-26,Emerging,Nigeria
7262,2422,2026-02-10,Established,United States
7263,5468,2026-03-22,Emerging,United Kingdom
7264,8544,2026-04-13,Established,United Kingdom
7265,5182,2026-04-17,Emerging,United Kingdom
7266,1960,2026-07-09,Growing,Nigeria
7267,14416,2026-04-01,Growing,India
7268,3577,2026-04-19,Emerging,India
7269,10510,2026-08-15,Emerging,Other
7270,1333,2026-01-30,Emerging,United Kingdom
7271,3194,2026-06-27,Emerging,United Kingdom
7272,11674,2026-05-19,Emerging,India
7273,12967,2026-07-28,Established,India
7274,10205,2026-03-20,Emerging,India
7275,4574,2026-01-12,Emerging,India
7276,14646,2026-03-28,Emerging,United States
7277,9871,2026-03-03,Emerging,India
7278,7883,2026-06-30,Established,India
7279,1530,2026-06-29,Emerging,United States
7280,2083,2026-02-09,Emerging,India
7281,5791,2026-04-30,Emerging,India
7282,12520,2026-01-01,Emerging,Canada
7283,9677,2026-05-04,Emerging,Canada
7284,13625,2026-04-18,Emerging,India
7285,2759,2026-07-13,Emerging,Germany
7286,8308,2026-04-27,Growing,United Kingdom
7287,2647,2026-03-26,Emerging,Nigeria
7288,2803,2026-05-05,Emerging,Nigeria
7289,7691,2026-01-20,Emerging,India
7290,8412,2026-08-17,Emerging,India
7291,7146,2026-01-24,Emerging,Germany
7292,774,2026-06-12,Emerging,Canada
7293,3774,2026-01-17,Emerging,Nigeria
7294,8437,2026-06-28,Established,Other
7295,14770,2026-01-13,Emerging,United Kingdom
7296,12296,2026-01-01,Emerging,Nigeria
7297,9181,2026-08-04,Growing,Other
7298,3619,2026-05-17,Emerging,India
7299,3547,2026-01-20,Growing,United Kingdom
7300,5002,2026-05-14,Emerging,Nigeria
7301,9924,2026-07-30,Emerging,India
7302,2287,2026-02-19,Growing,Other
7303,9525,2026-04-18,Emerging,Other
7304,7812,2026-02-23,Top Creator,Germany
7305,6797,2026-08-01,Growing,Other
7306,14240,2026-01-05,Growing,Other
7307,6957,2026-08-03,Emerging,India
7308,8845,2026-05-27,Established,Nigeria
7309,12471,2026-08-07,Emerging,India
7310,6117,2026-05-04,Established,United Kingdom
7311,688,2026-07-15,Emerging,United States
7312,13576,2026-04-15,Established,United States
7313,458,2026-06-10,Growing,United States
7314,12866,2026-01-23,Growing,Other
7315,1808,2026-01-25,Emerging,Other
7316,7626,2026-05-22,Emerging,United States
7317,9356,2026-03-15,Established,United States
7318,7955,2026-04-11,Emerging,Nigeria
7319,2492,2026-04-08,Growing,India
7320,12511,2026-06-19,Top Creator,Other
7321,10954,2026-07-27,Emerging,Canada
7322,9016,2026-07-10,Emerging,United States
7323,13922,2026-05-30,Emerging,United States
7324,149,2026-06-11,Emerging,United States
7325,1618,2026-08-03,Growing,Nigeria
7326,12240,2026-02-02,Emerging,United States
7327,13975,2026-04-20,Emerging,Nigeria
7328,10891,2026-01-26,Top Creator,United Kingdom
7329,9466,2026-01-13,Emerging,United Kingdom
7330,11024,2026-05-17,Established,Germany
7331,6999,2026-06-16,Emerging,Nigeria
7332,8421,2026-03-14,Emerging,Germany
7333,1770,2026-06-13,Emerging,Germany
7334,10542,2026-02-01,Emerging,India
7335,3060,2026-01-06,Growing,Other
7336,3937,2026-08-15,Emerging,India
7337,10575,2026-07-29,Growing,Nigeria
7338,3969,2026-06-10,Emerging,Canada
7339,3677,2026-06-07,Growing,India
7340,13283,2026-07-19,Emerging,India
7341,40,2026-02-28,Growing,United States
7342,3486,2026-04-08,Emerging,United States
7343,10858,2026-04-27,Emerging,India
7344,7260,2026-04-04,Growing,Germany
7345,2645,2026-04-29,Established,United States
7346,14182,2026-02-01,Growing,Germany
7347,1259,2026-03-09,Emerging,Germany
7348,981,2026-06-22,Established,Other
7349,14134,2026-03-27,Emerging,India
7350,14540,2026-05-02,Emerging,United Kingdom
7351,4461,2026-06-23,Growing,Other
7352,7090,2026-05-15,Established,United Kingdom
7353,8190,2026-05-31,Growing,Germany
7354,8923,2026-03-20,Established,Nigeria
7355,9518,2026-05-23,Emerging,India
7356,9568,2026-04-16,Established,United Kingdom
7357,12346,2026-06-05,Emerging,United Kingdom
7358,7900,2026-06-01,Emerging,United Kingdom
7359,8295,2026-01-25,Growing,India
7360,8573,2026-07-18,Growing,United States
7361,6443,2026-03-25,Emerging,India
7362,1777,2026-04-08,Top Creator,United States
7363,14575,2026-05-30,Emerging,United States
7364,13328,2026-02-07,Emerging,Nigeria
7365,2705,2026-07-22,Established,Other
7366,10070,2026-01-24,Growing,United States
7367,12662,2026-03-16,Growing,Nigeria
7368,10816,2026-01-26,Established,Canada
7369,10812,2026-08-03,Emerging,Canada
7370,6113,2026-02-18,Emerging,Nigeria
7371,4599,2026-06-28,Established,Germany
7372,14025,2026-07-27,Growing,Nigeria
7373,12231,2026-01-11,Established,Canada
7374,13676,2026-03-14,Established,Other
7375,13255,2026-07-30,Growing,India
7376,11139,2026-02-18,Growing,Germany
7377,5697,2026-04-08,Emerging,United States
7378,14191,2026-01-10,Emerging,Other
7379,8108,2026-03-19,Growing,Nigeria
7380,3849,2026-05-03,Growing,Germany
7381,1486,2026-06-13,Emerging,India
7382,14892,2026-03-11,Emerging,Germany
7383,13083,2026-07-11,Emerging,United Kingdom
7384,6378,2026-03-30,Emerging,United States
7385,12942,2026-04-21,Growing,India
7386,13788,2026-01-22,Growing,United States
7387,5632,2026-01-10,Emerging,Canada
7388,2695,2026-03-14,Emerging,United Kingdom
7389,7289,2026-03-16,Emerging,India
7390,2641,2026-03-21,Growing,India
7391,613,2026-04-04,Emerging,India
7392,1434,2026-05-28,Growing,United States
7393,9646,2026-06-19,Emerging,United States
7394,4744,2026-08-19,Emerging,Germany
7395,12001,2026-07-15,Emerging,United States
7396,6298,2026-06-07,Established,Germany
7397,5142,2026-07-28,Emerging,India
7398,5865,2026-03-24,Emerging,Nigeria
7399,9266,2026-03-13,Emerging,United Kingdom
7400,11371,2026-03-10,Established,Other
7401,14528,2026-07-30,Emerging,United Kingdom
7402,9983,2026-05-30,Emerging,Other
7403,13295,2026-06-14,Emerging,Nigeria
7404,8114,2026-05-14,Top Creator,United States
7405,9756,2026-06-28,Top Creator,India
7406,1950,2026-03-06,Emerging,Other
7407,5903,2026-05-17,Growing,India
7408,1190,2026-04-23,Emerging,Other
7409,9347,2026-05-17,Emerging,Nigeria
7410,12057,2026-04-13,Growing,United States
7411,3304,2026-02-12,Emerging,United States
7412,2953,2026-08-19,Emerging,Canada
7413,157,2026-06-21,Established,Other
7414,1002,2026-07-12,Emerging,Other
7415,5575,2026-02-19,Emerging,United States
7416,14203,2026-08-16,Growing,Germany
7417,3221,2026-04-30,Emerging,India
7418,6990,2026-07-12,Emerging,United Kingdom
7419,2362,2026-01-02,Emerging,India
7420,6832,2026-02-07,Emerging,United States
7421,8127,2026-03-04,Emerging,United States
7422,12100,2026-05-25,Emerging,United Kingdom
7423,9033,2026-04-07,Emerging,India
7424,13049,2026-01-14,Established,Canada
7425,11847,2026-06-12,Emerging,India
7426,2579,2026-05-01,Growing,United Kingdom
7427,5905,2026-04-19,Emerging,Other
7428,4949,2026-02-13,Established,United States
7429,3804,2026-07-11,Growing,United States
7430,12923,2026-03-08,Emerging,United States
7431,11343,2026-05-19,Emerging,India
7432,13913,2026-05-21,Emerging,Other
7433,13058,2026-05-10,Emerging,United States
7434,9542,2026-04-14,Top Creator,United States
7435,1287,2026-05-10,Emerging,India
7436,5795,2026-08-22,Emerging,United Kingdom
7437,14837,2026-02-21,Emerging,India
7438,10131,2026-04-07,Emerging,United States
7439,10397,2026-03-12,Growing,Germany
7440,14573,2026-04-22,Emerging,Germany
7441,12963,2026-06-04,Emerging,United States
7442,10834,2026-01-23,Emerging,United Kingdom
7443,5200,2026-03-25,Emerging,India
7444,14269,2026-01-27,Emerging,India
7445,11226,2026-01-27,Top Creator,United States
7446,1313,2026-04-30,Growing,India
7447,2487,2026-06-28,Established,Other
7448,2816,2026-05-26,Emerging,Germany
7449,14135,2026-07-28,Established,Nigeria
7450,1821,2026-04-11,Emerging,Canada
7451,7465,2026-03-26,Emerging,United States
7452,4632,2026-07-27,Emerging,Canada
7453,10073,2026-06-01,Growing,United Kingdom
7454,3325,2026-01-28,Emerging,United Kingdom
7455,14784,2026-01-11,Emerging,United Kingdom
7456,11970,2026-04-23,Established,India
7457,8241,2026-03-05,Growing,Canada
7458,3907,2026-05-19,Established,United Kingdom
7459,4044,2026-04-08,Emerging,Canada
7460,2344,2026-03-29,Emerging,United Kingdom
7461,10666,2026-01-14,Growing,Nigeria
7462,8718,2026-01-18,Emerging,Nigeria
7463,7440,2026-06-08,Emerging,Canada
7464,11690,2026-02-25,Emerging,India
7465,1513,2026-02-07,Established,Other
7466,13727,2026-04-18,Emerging,India
7467,9604,2026-01-25,Growing,Other
7468,7085,2026-05-12,Emerging,Canada
7469,9063,2026-01-18,Emerging,United States
7470,9501,2026-01-05,Emerging,India
7471,5964,2026-05-07,Emerging,Canada
7472,13717,2026-03-10,Emerging,United States
7473,6067,2026-01-22,Established,India
7474,13458,2026-05-07,Established,India
7475,382,2026-06-12,Growing,Other
7476,6199,2026-03-03,Emerging,Other
7477,10941,2026-07-16,Emerging,United States
7478,6536,2026-01-04,Growing,Nigeria
7479,9448,2026-01-19,Emerging,Other
7480,5242,2026-04-03,Growing,Other
7481,4010,2026-03-28,Established,India
7482,5184,2026-03-21,Emerging,United Kingdom
7483,5131,2026-08-11,Growing,Other
7484,12717,2026-05-06,Established,United Kingdom
7485,3846,2026-06-29,Emerging,India
7486,11023,2026-03-10,Growing,United States
7487,5470,2026-02-18,Growing,Nigeria
7488,10612,2026-07-31,Established,India
7489,14423,2026-07-02,Established,India
7490,5091,2026-02-21,Growing,India
7491,7958,2026-04-11,Growing,Nigeria
7492,12360,2026-06-19,Emerging,Other
7493,1262,2026-08-13,Growing,Canada
7494,399,2026-05-08,Emerging,Other
7495,13258,2026-06-22,Emerging,India
7496,3604,2026-02-14,Growing,India
7497,14825,2026-05-18,Growing,India
7498,2796,2026-03-09,Emerging,Germany
7499,3340,2026-08-08,Emerging,India
7500,11822,2026-04-15,Emerging,United States
7501,96,2026-06-11,Emerging,Canada
7502,11893,2026-06-10,Emerging,Other
7503,14068,2026-08-23,Emerging,United States
7504,6421,2026-03-07,Growing,Nigeria
7505,7357,2026-06-24,Emerging,United States
7506,2523,2026-02-06,Emerging,United States
7507,5672,2026-04-06,Established,India
7508,1615,2026-02-26,Growing,Canada
7509,12784,2026-04-04,Emerging,India
7510,6406,2026-02-12,Emerging,India
7511,8442,2026-06-27,Growing,United Kingdom
7512,12383,2026-03-25,Emerging,United States
7513,7740,2026-07-30,Growing,India
7514,7,2026-07-08,Emerging,India
7515,182,2026-03-04,Emerging,United Kingdom
7516,12774,2026-04-20,Established,India
7517,5824,2026-02-06,Emerging,India
7518,3843,2026-08-15,Emerging,India
7519,7006,2026-07-08,Growing,Germany
7520,8070,2026-07-14,Top Creator,United States
7521,14541,2026-08-11,Emerging,United States
7522,5118,2026-01-21,Emerging,India
7523,10598,2026-08-11,Established,Canada
7524,7655,2026-07-01,Growing,India
7525,4077,2026-03-12,Established,Other
7526,509,2026-08-03,Growing,United States
7527,6488,2026-05-27,Emerging,Canada
7528,3310,2026-06-01,Emerging,United States
7529,13938,2026-01-02,Emerging,India
7530,6507,2026-02-06,Growing,Other
7531,4136,2026-03-10,Emerging,Canada
7532,4972,2026-04-26,Growing,Nigeria
7533,11072,2026-08-13,Emerging,United States
7534,6564,2026-04-22,Emerging,India
7535,6606,2026-07-27,Emerging,Germany
7536,169,2026-01-05,Emerging,India
7537,3867,2026-05-17,Growing,Other
7538,4595,2026-06-04,Growing,Other
7539,5978,2026-01-19,Emerging,United States
7540,14008,2026-05-05,Emerging,United States
7541,4462,2026-04-17,Emerging,Nigeria
7542,10515,2026-08-14,Growing,India
7543,3892,2026-01-08,Growing,India
7544,2020,2026-05-02,Emerging,United Kingdom
7545,7962,2026-07-21,Emerging,United States
7546,8266,2026-06-28,Growing,Other
7547,2851,2026-05-03,Growing,United States
7548,8647,2026-03-23,Growing,Nigeria
7549,6873,2026-05-17,Emerging,Canada
7550,14398,2026-02-09,Growing,Germany
7551,12342,2026-07-05,Emerging,United States
7552,7725,2026-08-07,Emerging,Nigeria
7553,861,2026-08-01,Emerging,India
7554,11820,2026-06-30,Established,Canada
7555,11968,2026-02-08,Growing,India
7556,26,2026-06-07,Emerging,United Kingdom
7557,13265,2026-06-06,Established,United States
7558,4006,2026-05-28,Growing,United Kingdom
7559,1998,2026-03-04,Emerging,Other
7560,3264,2026-01-17,Top Creator,United States
7561,14510,2026-04-21,Emerging,Other
7562,4911,2026-07-22,Emerging,India
7563,208,2026-01-28,Growing,India
7564,13957,2026-06-03,Growing,Other
7565,14015,2026-05-29,Emerging,Nigeria
7566,14796,2026-06-02,Growing,United States
7567,761,2026-05-31,Growing,India
7568,10999,2026-05-29,Established,United Kingdom
7569,9599,2026-04-05,Emerging,Canada
7570,8219,2026-02-23,Growing,Germany
7571,536,2026-04-11,Emerging,Germany
7572,3155,2026-06-11,Emerging,India
7573,1523,2026-07-06,Emerging,India
7574,2370,2026-04-26,Emerging,United Kingdom
7575,14402,2026-07-30,Emerging,Canada
7576,8917,2026-04-07,Emerging,India
7577,7349,2026-06-29,Emerging,Canada
7578,1608,2026-08-08,Emerging,Other
7579,3789,2026-04-08,Emerging,India
7580,5491,2026-04-26,Growing,India
7581,1458,2026-07-23,Emerging,United Kingdom
7582,6555,2026-07-16,Emerging,Other
7583,8493,2026-08-05,Emerging,India
7584,1057,2026-07-13,Growing,Germany
7585,7864,2026-08-05,Growing,Canada
7586,7571,2026-05-05,Emerging,Nigeria
7587,6785,2026-08-20,Top Creator,United States
7588,3131,2026-01-12,Growing,United States
7589,12125,2026-07-31,Emerging,Germany
7590,13704,2026-01-21,Established,India
7591,11242,2026-04-11,Established,Germany
7592,2764,2026-06-03,Growing,Other
7593,6356,2026-07-31,Established,United Kingdom
7594,8267,2026-06-19,Emerging,United States
7595,12570,2026-01-10,Established,United States
7596,1204,2026-04-19,Emerging,Other
7597,11982,2026-01-24,Growing,India
7598,13212,2026-08-13,Emerging,India
7599,11996,2026-01-11,Emerging,United Kingdom
7600,10559,2026-03-10,Established,Canada
7601,12377,2026-01-22,Emerging,Nigeria
7602,2327,2026-08-10,Established,India
7603,5736,2026-05-03,Emerging,Nigeria
7604,2650,2026-06-06,Growing,United States
7605,427,2026-02-17,Emerging,United States
7606,6379,2026-08-21,Growing,United States
7607,4086,2026-05-22,Growing,United States
7608,7799,2026-06-20,Growing,United Kingdom
7609,11418,2026-03-29,Emerging,United States
7610,11295,2026-01-11,Emerging,India
7611,11780,2026-03-12,Emerging,Nigeria
7612,12605,2026-05-10,Established,India
7613,8890,2026-07-15,Growing,India
7614,4694,2026-05-08,Emerging,India
7615,119,2026-02-10,Emerging,United States
7616,9665,2026-05-06,Emerging,India
7617,14969,2026-05-05,Growing,Canada
7618,12960,2026-01-09,Emerging,United Kingdom
7619,3284,2026-08-02,Emerging,United Kingdom
7620,13626,2026-03-13,Emerging,India
7621,9547,2026-06-02,Growing,Nigeria
7622,9326,2026-08-01,Growing,Other
7623,14352,2026-04-26,Emerging,United States
7624,9411,2026-01-18,Emerging,United States
7625,11062,2026-02-07,Emerging,United States
7626,5282,2026-07-12,Emerging,Canada
7627,7874,2026-05-15,Growing,United States
7628,6189,2026-06-27,Emerging,Nigeria
7629,2445,2026-02-20,Emerging,India
7630,7722,2026-01-04,Growing,India
7631,6782,2026-01-12,Established,United States
7632,885,2026-01-12,Emerging,Canada
7633,5535,2026-01-22,Emerging,India
7634,6393,2026-08-02,Emerging,India
7635,9907,2026-01-30,Emerging,Canada
7636,9133,2026-02-23,Growing,United States
7637,5980,2026-03-15,Growing,Other
7638,12799,2026-03-18,Emerging,United States
7639,884,2026-07-22,Emerging,India
7640,9096,2026-06-03,Emerging,Other
7641,5257,2026-01-18,Emerging,India
7642,5844,2026-07-26,Growing,Germany
7643,8068,2026-06-28,Emerging,India
7644,9655,2026-06-26,Growing,United States
7645,13944,2026-08-09,Emerging,United States
7646,8892,2026-03-19,Growing,India
7647,245,2026-04-28,Growing,United Kingdom
7648,658,2026-06-28,Emerging,India
7649,11414,2026-03-29,Emerging,Germany
7650,11616,2026-06-23,Growing,India
7651,8471,2026-04-21,Emerging,United States
7652,8721,2026-05-07,Established,India
7653,1479,2026-05-31,Emerging,United States
7654,6675,2026-01-31,Growing,India
7655,14636,2026-07-14,Emerging,Nigeria
7656,3996,2026-01-16,Emerging,United Kingdom
7657,8387,2026-03-10,Emerging,United Kingdom
7658,3637,2026-06-19,Emerging,Nigeria
7659,6330,2026-07-13,Growing,United States
7660,9916,2026-01-09,Established,United States
7661,4892,2026-05-26,Established,Nigeria
7662,12186,2026-07-11,Emerging,United Kingdom
7663,6587,2026-06-17,Growing,India
7664,7657,2026-08-03,Emerging,Germany
7665,6601,2026-08-06,Emerging,United Kingdom
7666,4984,2026-04-29,Emerging,Nigeria
7667,869,2026-05-26,Emerging,India
7668,14476,2026-03-17,Growing,Canada
7669,1551,2026-03-27,Growing,United Kingdom
7670,7831,2026-08-23,Emerging,United States
7671,4125,2026-03-03,Emerging,Canada
7672,11416,2026-01-27,Emerging,Other
7673,6249,2026-04-30,Growing,United States
7674,11814,2026-07-27,Emerging,India
7675,10543,2026-01-28,Growing,India
7676,12181,2026-06-26,Established,United States
7677,574,2026-03-03,Emerging,United States
7678,12610,2026-05-24,Growing,United States
7679,4723,2026-04-12,Established,Other
7680,11330,2026-05-16,Emerging,India
7681,8527,2026-01-26,Emerging,India
7682,852,2026-02-13,Emerging,United States
7683,10961,2026-02-27,Growing,Other
7684,4195,2026-01-01,Growing,India
7685,10583,2026-04-10,Growing,Canada
7686,2497,2026-06-13,Growing,India
7687,3513,2026-06-30,Established,India
7688,1133,2026-08-02,Growing,United States
7689,9414,2026-08-17,Established,Germany
7690,804,2026-03-06,Growing,Nigeria
7691,12232,2026-01-12,Growing,United Kingdom
7692,13365,2026-01-31,Established,Germany
7693,14115,2026-05-22,Established,Nigeria
7694,13611,2026-05-25,Growing,United Kingdom
7695,12519,2026-07-29,Growing,India
7696,13345,2026-03-31,Emerging,United States
7697,7771,2026-07-11,Emerging,India
7698,550,2026-04-04,Emerging,India
7699,9746,2026-07-24,Emerging,India
7700,577,2026-05-17,Emerging,United States
7701,2598,2026-03-19,Growing,Canada
7702,2465,2026-07-26,Established,United States
7703,6155,2026-01-21,Emerging,India
7704,2299,2026-02-15,Emerging,India
7705,429,2026-01-04,Established,United States
7706,14091,2026-06-18,Growing,India
7707,3134,2026-04-06,Growing,India
7708,10132,2026-02-26,Growing,United States
7709,3312,2026-05-13,Emerging,United States
7710,13811,2026-01-31,Emerging,United States
7711,4929,2026-03-11,Established,Nigeria
7712,2466,2026-04-07,Growing,Other
7713,4841,2026-06-26,Emerging,Other
7714,13916,2026-04-22,Emerging,India
7715,12490,2026-04-03,Growing,United States
7716,8561,2026-02-25,Emerging,Nigeria
7717,11503,2026-08-22,Emerging,Other
7718,3599,2026-08-08,Emerging,United Kingdom
7719,6175,2026-02-09,Emerging,Canada
7720,4443,2026-08-18,Growing,Nigeria
7721,3133,2026-05-08,Established,United States
7722,8874,2026-04-10,Emerging,India
7723,5758,2026-08-13,Emerging,India
7724,10268,2026-01-29,Emerging,India
7725,8982,2026-05-06,Established,Canada
7726,9275,2026-05-20,Emerging,Other
7727,1331,2026-01-14,Emerging,United States
7728,5623,2026-08-06,Established,Nigeria
7729,8138,2026-07-31,Emerging,Canada
7730,7073,2026-08-05,Emerging,Canada
7731,14069,2026-06-30,Established,United Kingdom
7732,4083,2026-05-01,Emerging,India
7733,12518,2026-06-16,Emerging,United Kingdom
7734,5893,2026-08-22,Growing,India
7735,1245,2026-03-03,Top Creator,United States
7736,13056,2026-03-13,Established,India
7737,8989,2026-06-19,Growing,Nigeria
7738,11720,2026-05-08,Emerging,Canada
7739,1406,2026-02-07,Established,India
7740,8745,2026-04-24,Emerging,United States
7741,4369,2026-06-01,Growing,India
7742,3459,2026-01-19,Emerging,Other
7743,1585,2026-04-23,Growing,Other
7744,12460,2026-03-10,Emerging,United States
7745,12223,2026-04-16,Growing,India
7746,7463,2026-05-19,Emerging,India
7747,12216,2026-07-19,Emerging,United States
7748,8662,2026-03-30,Growing,Canada
7749,9671,2026-02-20,Emerging,United States
7750,7283,2026-01-02,Growing,United States
7751,2701,2026-03-14,Established,Other
7752,7602,2026-06-13,Emerging,Other
7753,10511,2026-05-21,Emerging,United States
7754,13834,2026-08-12,Established,Nigeria
7755,11467,2026-02-18,Growing,India
7756,2339,2026-06-18,Top Creator,India
7757,13855,2026-02-22,Established,United States
7758,9713,2026-06-05,Emerging,Nigeria
7759,8179,2026-01-14,Emerging,Other
7760,2101,2026-03-21,Emerging,United States
7761,7895,2026-06-27,Emerging,United States
7762,5383,2026-06-13,Emerging,Canada
7763,8550,2026-04-22,Established,Other
7764,8292,2026-01-28,Emerging,United States
7765,4131,2026-01-11,Emerging,United States
7766,2330,2026-04-20,Growing,India
7767,9426,2026-06-21,Emerging,Germany
7768,10914,2026-01-13,Emerging,India
7769,9038,2026-05-10,Emerging,India
7770,14165,2026-03-10,Growing,India
7771,4863,2026-05-29,Growing,Other
7772,316,2026-07-18,Emerging,United Kingdom
7773,11513,2026-07-08,Growing,Germany
7774,13837,2026-08-14,Emerging,India
7775,5711,2026-05-18,Emerging,India
7776,9510,2026-05-23,Emerging,United States
7777,6721,2026-08-17,Emerging,Other
7778,1829,2026-02-24,Emerging,India
7779,7680,2026-04-06,Growing,Canada
7780,9455,2026-01-24,Emerging,India
7781,484,2026-06-10,Emerging,India
7782,11014,2026-05-11,Established,United States
7783,6000,2026-05-08,Emerging,Germany
7784,345,2026-05-20,Growing,India
7785,11195,2026-06-02,Growing,Nigeria
7786,4128,2026-06-07,Emerging,India
7787,14815,2026-01-04,Emerging,United States
7788,7470,2026-02-19,Emerging,Canada
7789,9621,2026-07-25,Growing,India
7790,13424,2026-02-06,Emerging,United States
7791,1982,2026-07-03,Emerging,Canada
7792,6033,2026-04-30,Growing,United States
7793,13115,2026-02-07,Emerging,Other
7794,13965,2026-05-01,Top Creator,India
7795,7762,2026-01-11,Growing,India
7796,5349,2026-06-26,Emerging,Nigeria
7797,2218,2026-06-23,Emerging,United Kingdom
7798,6837,2026-08-02,Growing,Other
7799,1909,2026-04-03,Emerging,Other
7800,7041,2026-07-27,Growing,Canada
7801,87,2026-02-23,Emerging,India
7802,832,2026-08-08,Established,United States
7803,4810,2026-08-02,Growing,Canada
7804,5906,2026-02-04,Emerging,India
7805,12356,2026-02-11,Established,Nigeria
7806,13990,2026-06-15,Emerging,Nigeria
7807,12778,2026-01-04,Emerging,United States
7808,4384,2026-01-30,Growing,India
7809,233,2026-07-19,Established,India
7810,10904,2026-05-21,Emerging,United States
7811,9775,2026-02-21,Established,United Kingdom
7812,6405,2026-02-28,Emerging,United States
7813,6701,2026-08-13,Emerging,Other
7814,9816,2026-04-30,Emerging,India
7815,9290,2026-01-12,Growing,United States
7816,877,2026-04-27,Emerging,Germany
7817,2601,2026-02-06,Emerging,Other
7818,3290,2026-03-28,Top Creator,India
7819,1046,2026-05-18,Emerging,Germany
7820,14864,2026-01-07,Emerging,Nigeria
7821,672,2026-04-05,Growing,United Kingdom
7822,1385,2026-08-10,Emerging,United Kingdom
7823,8350,2026-03-30,Emerging,United States
7824,6018,2026-06-20,Growing,United States
7825,10887,2026-03-11,Growing,Germany
7826,5688,2026-03-20,Established,India
7827,4064,2026-08-03,Emerging,Canada
7828,13574,2026-06-07,Established,India
7829,2452,2026-02-06,Growing,United Kingdom
7830,4413,2026-07-15,Growing,Nigeria
7831,4265,2026-05-27,Emerging,India
7832,11682,2026-07-09,Growing,Other
7833,5494,2026-03-19,Growing,United States
7834,4754,2026-05-27,Growing,India
7835,9076,2026-03-23,Growing,United States
7836,12352,2026-08-22,Emerging,Germany
7837,13964,2026-06-14,Growing,United Kingdom
7838,7748,2026-02-12,Growing,India
7839,7231,2026-05-17,Emerging,United States
7840,5043,2026-06-05,Emerging,Other
7841,10391,2026-02-05,Established,Nigeria
7842,10195,2026-08-19,Established,Germany
7843,1707,2026-01-04,Emerging,Germany
7844,6692,2026-05-07,Top Creator,Other
7845,2134,2026-06-08,Emerging,India
7846,11427,2026-07-22,Emerging,India
7847,5645,2026-07-02,Growing,Nigeria
7848,10317,2026-06-08,Established,Nigeria
7849,4277,2026-07-19,Growing,United States
7850,1435,2026-01-11,Emerging,United Kingdom
7851,13256,2026-01-24,Emerging,United States
7852,977,2026-07-20,Growing,Canada
7853,6324,2026-03-09,Established,India
7854,111,2026-03-23,Emerging,India
7855,14959,2026-04-26,Emerging,United Kingdom
7856,11620,2026-01-22,Established,Other
7857,8113,2026-06-20,Emerging,United States
7858,9886,2026-08-18,Emerging,Nigeria
7859,11074,2026-02-20,Established,Other
7860,9149,2026-05-28,Emerging,Other
7861,13402,2026-03-15,Emerging,Nigeria
7862,12571,2026-01-08,Emerging,Canada
7863,12745,2026-07-29,Emerging,United States
7864,9699,2026-03-17,Growing,India
7865,13958,2026-07-03,Growing,India
7866,753,2026-04-09,Emerging,Germany
7867,13985,2026-01-11,Growing,Other
7868,5467,2026-01-03,Emerging,India
7869,3811,2026-01-20,Growing,India
7870,12542,2026-03-25,Emerging,Germany
7871,14630,2026-02-16,Emerging,Canada
7872,11603,2026-05-17,Established,India
7873,9269,2026-05-05,Emerging,India
7874,6146,2026-08-08,Emerging,India
7875,13326,2026-02-09,Emerging,India
7876,6532,2026-02-05,Emerging,Germany
7877,8028,2026-07-05,Emerging,Nigeria
7878,8474,2026-05-08,Emerging,Other
7879,8589,2026-07-28,Established,India
7880,2623,2026-08-05,Growing,United States
7881,8258,2026-04-01,Emerging,Nigeria
7882,4029,2026-07-23,Emerging,United Kingdom
7883,10696,2026-04-28,Emerging,India
7884,7724,2026-04-12,Emerging,India
7885,13327,2026-01-06,Emerging,United States
7886,6374,2026-05-13,Established,Nigeria
7887,14306,2026-04-05,Emerging,India
7888,8970,2026-01-14,Emerging,Other
7889,4854,2026-03-01,Emerging,Nigeria
7890,12459,2026-07-04,Growing,United States
7891,12805,2026-02-08,Growing,United Kingdom
7892,14215,2026-08-18,Established,India
7893,2858,2026-08-08,Emerging,United States
7894,3973,2026-02-03,Emerging,Nigeria
7895,6083,2026-03-20,Emerging,Other
7896,11054,2026-02-27,Emerging,India
7897,6619,2026-07-02,Growing,United Kingdom
7898,4148,2026-07-28,Emerging,United States
7899,8827,2026-07-12,Growing,India
7900,5624,2026-07-31,Emerging,United States
7901,4878,2026-03-25,Growing,Canada
7902,9056,2026-05-26,Growing,United Kingdom
7903,12379,2026-04-20,Established,Nigeria
7904,3911,2026-05-09,Emerging,United States
7905,11678,2026-06-26,Emerging,India
7906,3172,2026-06-05,Growing,Canada
7907,8012,2026-06-19,Emerging,United Kingdom
7908,14382,2026-07-30,Emerging,Other
7909,294,2026-04-08,Established,United States
7910,10987,2026-07-14,Emerging,Nigeria
7911,3919,2026-01-04,Growing,India
7912,13722,2026-02-20,Established,India
7913,6235,2026-01-28,Emerging,India
7914,691,2026-03-16,Growing,Germany
7915,6773,2026-01-15,Growing,Nigeria
7916,7008,2026-07-01,Established,United States
7917,4444,2026-03-06,Emerging,United Kingdom
7918,10863,2026-02-08,Emerging,India
7919,4318,2026-02-10,Emerging,Germany
7920,13813,2026-04-22,Emerging,United States
7921,6402,2026-04-22,Emerging,United States
7922,3765,2026-03-02,Emerging,United States
7923,8655,2026-05-16,Emerging,India
7924,5126,2026-07-29,Established,Nigeria
7925,301,2026-05-04,Emerging,United States
7926,6433,2026-02-12,Emerging,Nigeria
7927,7665,2026-01-29,Emerging,United States
7928,7893,2026-03-12,Emerging,Nigeria
7929,10897,2026-02-20,Established,United Kingdom
7930,250,2026-06-29,Top Creator,Nigeria
7931,3869,2026-05-23,Established,Other
7932,5816,2026-04-17,Emerging,India
7933,11315,2026-05-10,Growing,Other
7934,2393,2026-01-06,Established,United States
7935,2136,2026-04-10,Emerging,Nigeria
7936,1739,2026-05-14,Growing,Other
7937,7842,2026-03-19,Established,United Kingdom
7938,12590,2026-02-23,Emerging,India
7939,8423,2026-07-18,Growing,Nigeria
7940,11341,2026-05-17,Growing,India
7941,295,2026-07-17,Emerging,United Kingdom
7942,5466,2026-02-21,Emerging,United Kingdom
7943,14290,2026-07-02,Emerging,Germany
7944,333,2026-08-10,Emerging,United Kingdom
7945,3092,2026-04-01,Emerging,Nigeria
7946,13474,2026-07-12,Growing,Other
7947,7510,2026-03-25,Growing,United States
7948,11047,2026-04-15,Top Creator,Canada
7949,8140,2026-08-13,Emerging,Other
7950,9068,2026-03-23,Emerging,India
7951,10099,2026-03-22,Emerging,Other
7952,9791,2026-06-26,Emerging,United States
7953,10587,2026-02-16,Emerging,United States
7954,4936,2026-07-01,Emerging,Germany
7955,12364,2026-05-09,Growing,India
7956,2908,2026-06-09,Emerging,United Kingdom
7957,14157,2026-07-24,Growing,Nigeria
7958,10182,2026-03-25,Established,India
7959,835,2026-05-07,Emerging,United States
7960,12686,2026-05-24,Growing,Other
7961,14872,2026-03-03,Emerging,Other
7962,597,2026-03-10,Growing,Other
7963,9840,2026-06-21,Growing,Other
7964,3144,2026-05-14,Emerging,United States
7965,14834,2026-07-21,Growing,India
7966,5219,2026-03-07,Emerging,Nigeria
7967,2605,2026-01-01,Top Creator,India
7968,6594,2026-06-16,Emerging,United States
7969,12785,2026-06-21,Emerging,India
7970,14502,2026-04-15,Emerging,United States
7971,9947,2026-08-08,Growing,United States
7972,267,2026-05-10,Growing,United Kingdom
7973,12735,2026-01-14,Established,United States
7974,12718,2026-05-18,Growing,United Kingdom
7975,3164,2026-07-26,Emerging,India
7976,8942,2026-03-28,Established,Nigeria
7977,79,2026-07-25,Emerging,India
7978,2671,2026-04-23,Emerging,United States
7979,739,2026-05-27,Emerging,India
7980,4791,2026-01-12,Emerging,India
7981,3137,2026-01-31,Emerging,India
7982,1224,2026-05-17,Emerging,Canada
7983,12093,2026-02-21,Emerging,United States
7984,3231,2026-08-17,Growing,India
7985,8715,2026-06-15,Emerging,United States
7986,10660,2026-07-04,Growing,Nigeria
7987,1868,2026-03-20,Emerging,India
7988,6056,2026-06-23,Established,Nigeria
7989,5115,2026-08-12,Emerging,United Kingdom
7990,1795,2026-07-20,Established,India
7991,11718,2026-05-20,Emerging,United Kingdom
7992,127,2026-03-29,Growing,Other
7993,4898,2026-07-18,Emerging,Other
7994,14941,2026-01-09,Emerging,India
7995,5499,2026-07-08,Established,United States
7996,4062,2026-06-03,Emerging,United States
7997,10635,2026-02-14,Emerging,United States
7998,10884,2026-07-09,Top Creator,Other
7999,14950,2026-04-29,Emerging,India
8000,14127,2026-01-16,Emerging,India
8001,6497,2026-02-19,Growing,Nigeria
8002,12009,2026-08-17,Growing,United Kingdom
8003,14021,2026-01-17,Growing,Other
8004,11889,2026-06-11,Established,United Kingdom
8005,6053,2026-05-11,Emerging,United Kingdom
8006,6989,2026-01-02,Growing,Nigeria
8007,1366,2026-07-25,Emerging,Canada
8008,10523,2026-02-08,Growing,Canada
8009,6395,2026-07-28,Emerging,United States
8010,14752,2026-05-01,Emerging,Other
8011,11744,2026-07-07,Emerging,Canada
8012,10878,2026-06-04,Growing,United States
8013,9106,2026-02-11,Emerging,Germany
8014,1268,2026-03-31,Established,United States
8015,12209,2026-01-22,Growing,Canada
8016,9972,2026-06-07,Emerging,United Kingdom
8017,11350,2026-03-19,Top Creator,Nigeria
8018,4057,2026-04-23,Emerging,United States
8019,1818,2026-04-08,Growing,Germany
8020,11309,2026-07-26,Emerging,United Kingdom
8021,13564,2026-07-22,Growing,United States
8022,11799,2026-04-22,Emerging,Other
8023,14156,2026-04-27,Growing,United States
8024,10982,2026-01-31,Established,Nigeria
8025,5724,2026-01-27,Emerging,Canada
8026,2572,2026-07-23,Established,Other
8027,5030,2026-08-05,Emerging,India
8028,10658,2026-01-04,Growing,India
8029,9,2026-04-13,Emerging,United States
8030,14598,2026-08-21,Emerging,Nigeria
8031,10687,2026-04-07,Established,Nigeria
8032,4036,2026-07-29,Established,India
8033,12816,2026-03-07,Emerging,United States
8034,10024,2026-06-11,Emerging,Nigeria
8035,6322,2026-03-24,Emerging,United Kingdom
8036,7362,2026-04-16,Emerging,India
8037,10613,2026-01-02,Emerging,Nigeria
8038,9786,2026-03-19,Emerging,United States
8039,7493,2026-02-19,Growing,Germany
8040,4602,2026-08-07,Growing,United States
8041,7658,2026-02-01,Growing,Nigeria
8042,5700,2026-01-28,Emerging,Other
8043,3254,2026-06-29,Growing,India
8044,7286,2026-02-11,Emerging,Germany
8045,10929,2026-03-08,Emerging,India
8046,8749,2026-04-23,Emerging,United States
8047,6671,2026-07-06,Growing,Germany
8048,2389,2026-07-14,Emerging,India
8049,328,2026-07-04,Emerging,United States
8050,10561,2026-02-20,Emerging,Nigeria
8051,14294,2026-06-28,Emerging,Canada
8052,14102,2026-07-29,Established,United States
8053,14039,2026-06-26,Emerging,Canada
8054,7391,2026-08-09,Growing,India
8055,964,2026-04-12,Established,United Kingdom
8056,285,2026-07-02,Emerging,Other
8057,12246,2026-06-01,Established,India
8058,10744,2026-02-27,Emerging,India
8059,9476,2026-07-22,Established,India
8060,12029,2026-02-03,Emerging,Other
8061,3566,2026-05-27,Emerging,India
8062,3350,2026-07-14,Emerging,Other
8063,10084,2026-02-25,Growing,Canada
8064,3360,2026-04-29,Emerging,India
8065,6263,2026-08-18,Growing,Other
8066,7651,2026-01-17,Emerging,Nigeria
8067,12145,2026-03-07,Emerging,United Kingdom
8068,12207,2026-05-14,Emerging,Germany
8069,14999,2026-03-09,Growing,Germany
8070,6126,2026-02-27,Established,Canada
8071,13333,2026-03-10,Established,Other
8072,14483,2026-01-25,Emerging,United Kingdom
8073,5879,2026-03-02,Emerging,Nigeria
8074,9742,2026-01-10,Growing,United States
8075,13122,2026-06-21,Growing,India
8076,4078,2026-07-25,Emerging,Nigeria
8077,3224,2026-03-06,Established,India
8078,6687,2026-05-07,Emerging,United States
8079,4073,2026-07-20,Growing,Nigeria
8080,1029,2026-03-20,Emerging,India
8081,4874,2026-01-25,Emerging,India
8082,9497,2026-02-01,Emerging,India
8083,2328,2026-03-05,Top Creator,Other
8084,11134,2026-07-27,Emerging,United States
8085,13999,2026-02-02,Top Creator,India
8086,8771,2026-03-12,Emerging,United States
8087,10728,2026-08-03,Growing,United Kingdom
8088,3362,2026-04-24,Growing,United States
8089,4337,2026-01-28,Established,United Kingdom
8090,1553,2026-03-04,Growing,United States
8091,9878,2026-04-27,Growing,India
8092,9668,2026-04-21,Growing,Canada
8093,6910,2026-06-24,Top Creator,Nigeria
8094,14589,2026-05-24,Emerging,India
8095,2594,2026-04-18,Emerging,Other
8096,10163,2026-07-04,Growing,Nigeria
8097,3297,2026-07-12,Emerging,Nigeria
8098,4680,2026-05-08,Growing,United Kingdom
8099,5515,2026-05-14,Emerging,United Kingdom
8100,11499,2026-03-08,Emerging,United States
8101,2354,2026-03-27,Growing,Nigeria
8102,144,2026-01-28,Emerging,India
8103,9335,2026-07-01,Emerging,India
8104,9077,2026-05-28,Emerging,Other
8105,9407,2026-08-20,Emerging,United Kingdom
8106,3879,2026-01-07,Established,India
8107,7922,2026-02-17,Growing,United Kingdom
8108,1771,2026-04-23,Established,India
8109,6988,2026-02-28,Growing,United States
8110,5355,2026-03-10,Top Creator,India
8111,645,2026-08-08,Emerging,Nigeria
8112,11063,2026-05-28,Emerging,United Kingdom
8113,10853,2026-04-17,Emerging,Canada
8114,544,2026-04-13,Growing,United Kingdom
8115,6886,2026-04-28,Emerging,India
8116,11738,2026-05-10,Emerging,India
8117,3645,2026-07-31,Emerging,Other
8118,14743,2026-04-25,Emerging,United Kingdom
8119,12568,2026-03-22,Emerging,India
8120,2894,2026-08-15,Established,India
8121,1359,2026-03-04,Emerging,Germany
8122,6609,2026-03-17,Emerging,India
8123,443,2026-08-21,Emerging,India
8124,11224,2026-05-14,Emerging,Other
8125,11372,2026-01-04,Growing,United States
8126,12850,2026-03-19,Emerging,Other
8127,1941,2026-07-03,Emerging,India
8128,12467,2026-02-25,Growing,India
8129,11136,2026-03-15,Emerging,United Kingdom
8130,11504,2026-05-28,Emerging,Other
8131,11517,2026-04-16,Emerging,United States
8132,3041,2026-08-13,Emerging,United States
8133,9101,2026-08-12,Emerging,United Kingdom
8134,10485,2026-07-12,Emerging,India
8135,911,2026-07-10,Emerging,United States
8136,1183,2026-08-16,Emerging,Nigeria
8137,13949,2026-08-18,Emerging,United States
8138,12306,2026-05-07,Emerging,Canada
8139,14212,2026-03-16,Emerging,India
8140,12436,2026-03-30,Emerging,United States
8141,6823,2026-04-13,Growing,India
8142,13523,2026-08-14,Emerging,United Kingdom
8143,9649,2026-02-18,Growing,United States
8144,7865,2026-08-22,Emerging,United States
8145,5965,2026-05-27,Emerging,United Kingdom
8146,13163,2026-08-06,Growing,Other
8147,9396,2026-01-23,Emerging,Canada
8148,1309,2026-08-24,Emerging,Canada
8149,14848,2026-05-19,Growing,Nigeria
8150,6401,2026-06-27,Established,Other
8151,11910,2026-05-11,Emerging,India
8152,3794,2026-06-16,Established,India
8153,921,2026-02-04,Growing,India
8154,10851,2026-06-05,Emerging,India
8155,10430,2026-04-15,Growing,India
8156,1521,2026-05-08,Growing,Nigeria
8157,1905,2026-02-08,Emerging,India
8158,12013,2026-04-07,Established,United States
8159,9333,2026-07-23,Emerging,United Kingdom
8160,3673,2026-06-01,Emerging,India
8161,10966,2026-03-01,Growing,Other
8162,11639,2026-08-24,Growing,India
8163,14767,2026-07-31,Growing,Nigeria
8164,12831,2026-05-25,Emerging,United States
8165,9194,2026-03-28,Growing,United States
8166,13041,2026-07-05,Emerging,India
8167,3415,2026-01-18,Growing,United States
8168,2187,2026-04-28,Growing,Germany
8169,14204,2026-06-12,Growing,United States
8170,1762,2026-02-05,Emerging,United Kingdom
8171,4187,2026-03-27,Growing,Other
8172,14384,2026-03-12,Emerging,United States
8173,3733,2026-02-26,Established,India
8174,3663,2026-03-11,Emerging,United Kingdom
8175,12055,2026-01-26,Emerging,United States
8176,11531,2026-04-18,Emerging,Nigeria
8177,12111,2026-01-02,Growing,Germany
8178,8184,2026-08-21,Emerging,Nigeria
8179,809,2026-02-14,Emerging,United States
8180,9075,2026-05-12,Growing,Germany
8181,14706,2026-06-13,Emerging,India
8182,14785,2026-01-02,Emerging,United States
8183,8748,2026-02-25,Growing,United States
8184,4034,2026-03-18,Emerging,India
8185,1882,2026-06-16,Growing,India
8186,102,2026-02-17,Emerging,India
8187,13097,2026-01-10,Emerging,United States
8188,1156,2026-01-15,Emerging,India
8189,9041,2026-03-03,Emerging,India
8190,6818,2026-04-25,Growing,United Kingdom
8191,455,2026-08-01,Growing,Nigeria
8192,5084,2026-04-05,Emerging,United States
8193,6711,2026-01-23,Emerging,United Kingdom
8194,2960,2026-01-05,Established,Other
8195,3497,2026-06-18,Growing,India
8196,11140,2026-05-26,Growing,India
8197,4220,2026-02-04,Emerging,United Kingdom
8198,3693,2026-07-01,Growing,Nigeria
8199,731,2026-05-21,Emerging,Canada
8200,3323,2026-07-30,Emerging,United Kingdom
8201,10560,2026-05-08,Established,United States
8202,7083,2026-07-11,Emerging,United Kingdom
8203,593,2026-07-08,Emerging,India
8204,8985,2026-04-07,Emerging,United States
8205,3681,2026-06-07,Emerging,United States
8206,13071,2026-04-03,Emerging,Germany
8207,7715,2026-04-18,Emerging,India
8208,5187,2026-01-08,Growing,Germany
8209,13982,2026-07-02,Growing,India
8210,9661,2026-05-10,Growing,United States
8211,8340,2026-02-11,Emerging,Other
8212,5540,2026-01-07,Emerging,India
8213,10504,2026-03-20,Growing,India
8214,12226,2026-02-15,Emerging,Germany
8215,8279,2026-01-21,Established,India
8216,1543,2026-02-18,Emerging,Germany
8217,13244,2026-04-02,Established,India
8218,8912,2026-07-17,Growing,India
8219,8513,2026-06-02,Emerging,Canada
8220,7791,2026-03-02,Emerging,Nigeria
8221,3262,2026-04-15,Established,United Kingdom
8222,3120,2026-04-27,Emerging,Nigeria
8223,9667,2026-06-08,Emerging,United States
8224,8643,2026-03-19,Established,United States
8225,2670,2026-08-20,Established,India
8226,2025,2026-06-27,Emerging,United States
8227,10470,2026-04-27,Emerging,United Kingdom
8228,4715,2026-03-07,Emerging,Canada
8229,9687,2026-07-11,Emerging,India
8230,5025,2026-06-09,Growing,United States
8231,8565,2026-05-11,Emerging,Other
8232,6426,2026-02-05,Emerging,India
8233,13706,2026-03-23,Emerging,India
8234,3768,2026-07-05,Emerging,India
8235,11771,2026-05-13,Established,United Kingdom
8236,5287,2026-08-09,Growing,India
8237,8342,2026-08-13,Growing,India
8238,8682,2026-05-12,Established,United States
8239,12642,2026-04-20,Emerging,United States
8240,1027,2026-03-23,Emerging,United States
8241,13997,2026-07-03,Top Creator,Other
8242,13602,2026-02-27,Growing,United Kingdom
8243,5106,2026-04-15,Growing,India
8244,1962,2026-06-02,Growing,United States
8245,8230,2026-08-02,Emerging,Other
8246,7114,2026-05-25,Established,Other
8247,3289,2026-07-07,Growing,India
8248,14943,2026-02-05,Emerging,India
8249,8311,2026-06-01,Emerging,India
8250,10952,2026-02-06,Emerging,India
8251,8668,2026-07-08,Growing,India
8252,5356,2026-04-05,Emerging,India
8253,11836,2026-04-06,Emerging,United States
8254,7128,2026-04-22,Emerging,United Kingdom
8255,490,2026-06-19,Emerging,United States
8256,13024,2026-03-13,Growing,Nigeria
8257,14544,2026-05-05,Emerging,India
8258,1505,2026-04-27,Established,India
8259,1030,2026-04-01,Emerging,United States
8260,9679,2026-03-21,Growing,India
8261,3056,2026-06-03,Growing,United States
8262,12479,2026-05-05,Growing,Nigeria
8263,7959,2026-01-30,Established,Canada
8264,6432,2026-06-17,Emerging,Other
8265,6398,2026-05-22,Top Creator,Germany
8266,7915,2026-02-16,Emerging,United Kingdom
8267,8887,2026-03-20,Established,United States
8268,6035,2026-03-06,Emerging,United Kingdom
8269,10211,2026-03-28,Emerging,Nigeria
8270,3838,2026-05-11,Growing,Nigeria
8271,6709,2026-08-07,Growing,United States
8272,9986,2026-02-17,Emerging,India
8273,12028,2026-03-16,Growing,India
8274,7939,2026-03-31,Emerging,United States
8275,13189,2026-01-13,Emerging,United States
8276,5259,2026-04-26,Growing,Other
8277,14515,2026-05-24,Emerging,United States
8278,1668,2026-05-10,Emerging,United Kingdom
8279,11930,2026-02-28,Established,Canada
8280,11153,2026-01-14,Growing,United Kingdom
8281,10314,2026-07-07,Emerging,India
8282,10012,2026-07-26,Emerging,Nigeria
8283,56,2026-02-20,Growing,India
8284,14556,2026-05-07,Established,United Kingdom
8285,3585,2026-07-11,Growing,Canada
8286,12357,2026-04-04,Growing,Other
8287,12196,2026-04-10,Emerging,India
8288,14053,2026-06-27,Emerging,India
8289,8146,2026-05-16,Growing,Canada
8290,6318,2026-07-16,Growing,Germany
8291,6361,2026-02-01,Emerging,Nigeria
8292,1614,2026-03-06,Top Creator,United States
8293,3306,2026-04-19,Emerging,United States
8294,10881,2026-08-08,Emerging,United Kingdom
8295,3913,2026-04-19,Emerging,Other
8296,2869,2026-03-13,Growing,Canada
8297,14835,2026-01-29,Emerging,India
8298,12660,2026-03-04,Top Creator,Other
8299,5472,2026-04-22,Top Creator,India
8300,3477,2026-01-05,Emerging,United Kingdom
8301,8886,2026-04-18,Emerging,India
8302,3181,2026-04-13,Emerging,United States
8303,5485,2026-05-08,Emerging,India
8304,10770,2026-07-05,Emerging,United States
8305,5478,2026-03-22,Growing,India
8306,13940,2026-01-20,Emerging,Germany
8307,4197,2026-03-28,Top Creator,India
8308,6277,2026-07-08,Established,United Kingdom
8309,5309,2026-05-12,Growing,Germany
8310,6936,2026-07-09,Emerging,United Kingdom
8311,9432,2026-05-19,Growing,Nigeria
8312,2954,2026-07-15,Emerging,India
8313,9279,2026-02-03,Growing,Other
8314,13479,2026-08-22,Emerging,United States
8315,2672,2026-03-17,Emerging,Nigeria
8316,2289,2026-05-11,Emerging,Canada
8317,12516,2026-01-10,Emerging,Nigeria
8318,931,2026-01-30,Growing,United Kingdom
8319,6937,2026-08-13,Growing,Nigeria
8320,12310,2026-03-23,Emerging,India
8321,5516,2026-08-20,Emerging,Nigeria
8322,12741,2026-04-14,Established,United States
8323,6744,2026-03-22,Growing,United States
8324,11285,2026-07-01,Growing,Canada
8325,4451,2026-06-07,Growing,Other
8326,14972,2026-03-06,Emerging,India
8327,13378,2026-03-05,Emerging,United States
8328,6986,2026-07-16,Emerging,India
8329,3685,2026-06-12,Established,Canada
8330,2050,2026-05-17,Emerging,Other
8331,13077,2026-08-13,Established,United States
8332,12243,2026-06-18,Emerging,United States
8333,12829,2026-04-06,Growing,India
8334,5827,2026-01-18,Emerging,United States
8335,298,2026-05-24,Emerging,India
8336,8713,2026-07-02,Emerging,India
8337,2194,2026-01-14,Growing,United States
8338,6429,2026-03-16,Emerging,Germany
8339,6708,2026-03-13,Emerging,India
8340,9609,2026-04-11,Emerging,India
8341,2117,2026-06-04,Emerging,United States
8342,628,2026-01-10,Emerging,United Kingdom
8343,9858,2026-05-15,Growing,Germany
8344,2447,2026-03-23,Emerging,Canada
8345,6839,2026-06-26,Emerging,India
8346,528,2026-02-18,Emerging,Nigeria
8347,1533,2026-06-10,Emerging,India
8348,10833,2026-01-16,Growing,United States
8349,4584,2026-04-06,Emerging,India
8350,3010,2026-07-31,Top Creator,Nigeria
8351,7576,2026-04-20,Growing,Germany
8352,4382,2026-08-18,Emerging,United States
8353,6080,2026-03-07,Established,United States
8354,6179,2026-08-10,Established,United Kingdom
8355,11677,2026-06-02,Emerging,India
8356,6416,2026-07-03,Emerging,India
8357,1064,2026-04-21,Emerging,United States
8358,2733,2026-05-29,Emerging,Germany
8359,13104,2026-01-28,Growing,United States
8360,200,2026-03-27,Emerging,Nigeria
8361,1768,2026-02-09,Established,India
8362,2114,2026-06-19,Emerging,United States
8363,4251,2026-02-18,Growing,United States
8364,14780,2026-06-07,Emerging,Nigeria
8365,12899,2026-03-14,Growing,United States
8366,4589,2026-03-16,Growing,India
8367,5653,2026-07-01,Growing,United States
8368,8867,2026-03-02,Growing,United Kingdom
8369,14873,2026-08-17,Emerging,India
8370,13543,2026-01-31,Emerging,India
8371,14116,2026-03-08,Emerging,United States
8372,12836,2026-07-09,Growing,India
8373,12245,2026-07-03,Emerging,United Kingdom
8374,8227,2026-03-13,Emerging,India
8375,13828,2026-06-11,Growing,India
8376,13226,2026-03-14,Emerging,Other
8377,5767,2026-06-27,Emerging,United States
8378,5714,2026-02-15,Growing,India
8379,4185,2026-06-22,Top Creator,United States
8380,2726,2026-03-30,Emerging,Germany
8381,10165,2026-06-27,Established,India
8382,5665,2026-03-08,Emerging,United States
8383,599,2026-04-03,Emerging,Other
8384,2649,2026-01-08,Emerging,India
8385,13760,2026-06-25,Growing,Nigeria
8386,9825,2026-04-07,Established,United States
8387,8284,2026-03-18,Emerging,Other
8388,10704,2026-05-06,Growing,Other
8389,12380,2026-02-18,Emerging,United Kingdom
8390,7438,2026-03-26,Established,United States
8391,6697,2026-07-24,Emerging,India
8392,3556,2026-08-17,Growing,United States
8393,812,2026-03-11,Emerging,United Kingdom
8394,10063,2026-08-12,Established,India
8395,2042,2026-04-08,Emerging,Canada
8396,8032,2026-07-16,Emerging,Nigeria
8397,11680,2026-08-05,Growing,United States
8398,1266,2026-02-16,Established,United States
8399,13081,2026-04-13,Top Creator,Other
8400,9849,2026-04-25,Emerging,Germany
8401,10495,2026-02-28,Emerging,United States
8402,755,2026-01-25,Established,United States
8403,4522,2026-05-19,Emerging,India
8404,4693,2026-07-25,Growing,Canada
8405,12049,2026-07-13,Emerging,India
8406,12166,2026-04-25,Growing,United Kingdom
8407,11886,2026-02-08,Emerging,United States
8408,14820,2026-05-08,Growing,India
8409,11918,2026-06-07,Growing,Nigeria
8410,4204,2026-03-02,Growing,Nigeria
8411,9467,2026-03-24,Growing,India
8412,8441,2026-01-31,Growing,United Kingdom
8413,4046,2026-02-15,Growing,Canada
8414,3562,2026-01-24,Growing,India
8415,14446,2026-06-03,Growing,India
8416,10800,2026-03-14,Established,India
8417,14238,2026-03-18,Emerging,United Kingdom
8418,14450,2026-03-01,Growing,Other
8419,2491,2026-04-27,Established,Other
8420,14359,2026-02-12,Emerging,United States
8421,2091,2026-02-25,Growing,United States
8422,724,2026-01-17,Emerging,United States
8423,6347,2026-02-28,Emerging,United States
8424,6611,2026-02-07,Emerging,Germany
8425,3855,2026-01-11,Growing,Nigeria
8426,9973,2026-01-04,Emerging,Other
8427,11552,2026-01-22,Emerging,Other
8428,5877,2026-06-02,Emerging,Nigeria
8429,2731,2026-07-18,Emerging,Canada
8430,7828,2026-06-22,Growing,United States
8431,5594,2026-01-14,Emerging,Canada
8432,1048,2026-05-25,Established,Other
8433,2927,2026-06-18,Emerging,Other
8434,2872,2026-02-18,Emerging,Canada
8435,2051,2026-07-14,Emerging,Other
8436,5970,2026-06-01,Established,India
8437,11957,2026-06-30,Emerging,Other
8438,3573,2026-04-20,Growing,India
8439,12295,2026-04-30,Growing,United Kingdom
8440,14162,2026-01-07,Emerging,Germany
8441,1127,2026-04-09,Emerging,Canada
8442,5419,2026-01-09,Emerging,United States
8443,6702,2026-05-09,Growing,United States
8444,3627,2026-07-24,Emerging,India
8445,9150,2026-03-21,Emerging,India
8446,3719,2026-06-09,Growing,Canada
8447,12031,2026-07-15,Top Creator,Nigeria
8448,3119,2026-05-21,Growing,Other
8449,2224,2026-05-21,Emerging,United Kingdom
8450,8155,2026-07-16,Emerging,India
8451,10923,2026-04-30,Emerging,Other
8452,9267,2026-04-16,Emerging,Other
8453,5329,2026-08-15,Emerging,India
8454,2190,2026-08-06,Growing,India
8455,9984,2026-06-08,Growing,United States
8456,1219,2026-03-03,Established,India
8457,9032,2026-04-30,Emerging,Nigeria
8458,3195,2026-03-04,Emerging,India
8459,2034,2026-01-13,Emerging,United States
8460,610,2026-08-08,Established,United States
8461,1237,2026-01-04,Growing,United States
8462,9046,2026-01-17,Emerging,Canada
8463,8446,2026-07-28,Emerging,United States
8464,1467,2026-04-16,Emerging,India
8465,8457,2026-07-05,Established,India
8466,14197,2026-01-01,Emerging,Nigeria
8467,11923,2026-03-25,Emerging,United States
8468,14252,2026-05-12,Emerging,Canada
8469,13542,2026-07-05,Emerging,United States
8470,13389,2026-07-10,Top Creator,Nigeria
8471,13289,2026-01-01,Emerging,United States
8472,9845,2026-07-02,Emerging,Canada
8473,2938,2026-02-01,Emerging,United States
8474,4959,2026-08-02,Emerging,Nigeria
8475,728,2026-04-22,Growing,India
8476,3299,2026-04-11,Emerging,Other
8477,13535,2026-01-15,Growing,Germany
8478,6771,2026-01-09,Growing,India
8479,13420,2026-08-02,Emerging,India
8480,13314,2026-04-29,Growing,Canada
8481,9090,2026-01-19,Emerging,Other
8482,4069,2026-06-28,Emerging,India
8483,3680,2026-04-16,Emerging,United States
8484,8073,2026-03-28,Emerging,India
8485,8374,2026-07-10,Emerging,India
8486,4218,2026-06-17,Emerging,Other
8487,806,2026-05-25,Growing,India
8488,9685,2026-07-15,Emerging,United States
8489,9360,2026-05-14,Growing,Other
8490,10349,2026-04-30,Growing,Canada
8491,3385,2026-05-26,Emerging,Nigeria
8492,1439,2026-05-14,Emerging,United States
8493,7134,2026-08-08,Emerging,Nigeria
8494,11831,2026-03-14,Emerging,India
8495,3018,2026-04-28,Growing,India
8496,8741,2026-03-03,Emerging,United States
8497,9168,2026-06-03,Emerging,Nigeria
8498,4690,2026-01-09,Growing,Nigeria
8499,6846,2026-02-01,Growing,Nigeria
8500,5547,2026-03-24,Emerging,United States
8501,5987,2026-04-08,Emerging,Canada
8502,12972,2026-07-10,Emerging,Germany
8503,811,2026-02-05,Emerging,United Kingdom
8504,326,2026-01-11,Emerging,Other
8505,3977,2026-03-23,Growing,India
8506,9141,2026-05-24,Growing,United Kingdom
8507,6132,2026-08-12,Growing,India
8508,2879,2026-01-19,Growing,Canada
8509,13274,2026-06-02,Emerging,Other
8510,11833,2026-06-19,Emerging,United Kingdom
8511,14172,2026-05-27,Emerging,Germany
8512,4875,2026-04-04,Established,Nigeria
8513,6213,2026-04-20,Growing,India
8514,2469,2026-02-18,Emerging,Nigeria
8515,14071,2026-04-22,Emerging,United Kingdom
8516,14459,2026-05-10,Growing,Germany
8517,11945,2026-08-16,Growing,India
8518,963,2026-05-13,Growing,India
8519,11872,2026-05-17,Emerging,India
8520,4293,2026-06-07,Emerging,Germany
8521,13360,2026-04-13,Emerging,India
8522,13492,2026-04-20,Growing,United Kingdom
8523,9694,2026-04-23,Top Creator,United States
8524,1525,2026-06-28,Emerging,United States
8525,14506,2026-06-12,Growing,Nigeria
8526,603,2026-05-24,Emerging,India
8527,1128,2026-06-29,Emerging,India
8528,4699,2026-03-16,Emerging,India
8529,1278,2026-01-03,Growing,Nigeria
8530,2060,2026-01-05,Emerging,India
8531,74,2026-07-18,Growing,United States
8532,5172,2026-06-03,Emerging,United States
8533,13647,2026-03-28,Established,India
8534,12761,2026-05-22,Established,India
8535,10267,2026-03-05,Established,United Kingdom
8536,12039,2026-03-22,Emerging,Canada
8537,12108,2026-05-25,Growing,United States
8538,10383,2026-04-03,Growing,Nigeria
8539,10489,2026-01-24,Emerging,United States
8540,5654,2026-05-28,Emerging,Nigeria
8541,72,2026-04-21,Established,United Kingdom
8542,3744,2026-02-18,Growing,India
8543,3025,2026-01-30,Emerging,Canada
8544,10633,2026-03-22,Emerging,Nigeria
8545,13640,2026-05-17,Emerging,Other
8546,657,2026-07-08,Emerging,India
8547,9628,2026-01-28,Established,India
8548,13101,2026-03-14,Emerging,Nigeria
8549,12200,2026-04-29,Emerging,Other
8550,4471,2026-05-23,Emerging,Other
8551,11884,2026-06-28,Established,Nigeria
8552,4608,2026-05-15,Established,United States
8553,4267,2026-03-18,Emerging,Other
8554,5895,2026-04-16,Growing,Nigeria
8555,8765,2026-07-01,Established,United Kingdom
8556,14779,2026-02-10,Emerging,Canada
8557,2057,2026-07-26,Emerging,United Kingdom
8558,14451,2026-05-26,Emerging,India
8559,1788,2026-08-15,Emerging,United States
8560,10310,2026-03-10,Emerging,India
8561,2600,2026-07-20,Growing,India
8562,1577,2026-01-19,Established,Other
8563,649,2026-03-25,Growing,United States
8564,1862,2026-05-31,Emerging,India
8565,975,2026-03-26,Emerging,India
8566,12332,2026-03-21,Emerging,United States
8567,8785,2026-05-29,Emerging,India
8568,10264,2026-01-04,Emerging,United States
8569,7348,2026-03-12,Emerging,India
8570,14992,2026-01-16,Emerging,United States
8571,2661,2026-06-20,Emerging,India
8572,815,2026-07-08,Emerging,India
8573,12723,2026-05-20,Growing,India
8574,1988,2026-03-18,Growing,Other
8575,1883,2026-08-15,Growing,India
8576,5135,2026-01-06,Emerging,India
8577,6176,2026-07-06,Emerging,India
8578,11284,2026-05-28,Emerging,United States
8579,2504,2026-01-12,Emerging,India
8580,3208,2026-03-27,Emerging,India
8581,2203,2026-07-23,Emerging,Other
8582,14066,2026-05-15,Growing,United States
8583,13126,2026-01-20,Growing,United Kingdom
8584,720,2026-08-05,Emerging,India
8585,14774,2026-03-02,Emerging,Germany
8586,1492,2026-07-01,Emerging,India
8587,13661,2026-06-25,Emerging,United Kingdom
8588,14711,2026-04-21,Emerging,Canada
8589,3232,2026-06-22,Emerging,United Kingdom
8590,13231,2026-01-26,Growing,United States
8591,11253,2026-02-15,Established,United States
8592,7237,2026-01-18,Emerging,India
8593,2276,2026-03-13,Emerging,United Kingdom
8594,10359,2026-07-05,Growing,United States
8595,12992,2026-08-21,Emerging,United States
8596,9941,2026-03-27,Established,United Kingdom
8597,7707,2026-04-22,Emerging,India
8598,7099,2026-06-12,Growing,India
8599,3079,2026-06-07,Emerging,United States
8600,4395,2026-03-04,Growing,United States
8601,7934,2026-04-18,Emerging,India
8602,11151,2026-01-29,Emerging,India
8603,14434,2026-06-24,Established,Nigeria
8604,12688,2026-06-05,Growing,Other
8605,5094,2026-07-01,Established,Canada
8606,11028,2026-04-09,Emerging,Nigeria
8607,14086,2026-01-13,Growing,United Kingdom
8608,2210,2026-03-20,Emerging,India
8609,9232,2026-02-17,Emerging,United States
8610,11883,2026-01-20,Growing,India
8611,14722,2026-07-09,Emerging,United States
8612,12505,2026-08-02,Emerging,United States
8613,4031,2026-02-08,Emerging,India
8614,1778,2026-02-24,Emerging,India
8615,10644,2026-03-03,Emerging,Nigeria
8616,4076,2026-06-22,Growing,Canada
8617,10772,2026-02-11,Emerging,India
8618,3978,2026-02-27,Growing,India
8619,9315,2026-07-04,Emerging,Germany
8620,10971,2026-07-27,Emerging,Canada
8621,6107,2026-04-06,Growing,Canada
8622,10086,2026-08-05,Growing,India
8623,7690,2026-04-09,Emerging,United Kingdom
8624,7422,2026-02-13,Growing,Nigeria
8625,5266,2026-07-12,Growing,Other
8626,6021,2026-07-26,Established,United States
8627,10023,2026-04-29,Growing,Nigeria
8628,6891,2026-07-11,Growing,United States
8629,10574,2026-06-30,Growing,United Kingdom
8630,862,2026-07-22,Emerging,United States
8631,12450,2026-05-18,Growing,United States
8632,6135,2026-04-09,Emerging,United Kingdom
8633,6810,2026-08-21,Growing,United Kingdom
8634,4091,2026-06-13,Emerging,United States
8635,13407,2026-02-25,Growing,United States
8636,10176,2026-05-31,Emerging,United Kingdom
8637,353,2026-02-17,Growing,India
8638,12454,2026-05-17,Emerging,Other
8639,700,2026-07-20,Growing,Canada
8640,1753,2026-05-02,Emerging,India
8641,10528,2026-01-26,Emerging,Canada
8642,14955,2026-03-09,Emerging,United States
8643,3579,2026-01-30,Emerging,India
8644,13445,2026-03-01,Emerging,United States
8645,11049,2026-08-15,Emerging,India
8646,2799,2026-08-02,Emerging,Germany
8647,3982,2026-06-25,Established,Canada
8648,4193,2026-07-02,Emerging,United Kingdom
8649,4481,2026-02-04,Growing,Canada
8650,8158,2026-04-28,Emerging,United States
8651,9297,2026-03-26,Growing,Other
8652,14328,2026-01-25,Growing,United States
8653,14768,2026-03-05,Growing,India
8654,14525,2026-01-15,Emerging,India
8655,12644,2026-06-08,Established,United States
8656,11920,2026-02-28,Emerging,United States
8657,14481,2026-05-01,Growing,India
8658,13038,2026-01-14,Growing,India
8659,3205,2026-01-14,Established,Canada
8660,9919,2026-06-01,Emerging,Nigeria
8661,879,2026-04-28,Emerging,India
8662,6919,2026-03-28,Emerging,India
8663,12636,2026-06-27,Established,United States
8664,4178,2026-02-24,Emerging,United States
8665,2819,2026-03-18,Emerging,Other
8666,5729,2026-05-07,Emerging,United Kingdom
8667,3660,2026-01-24,Emerging,Germany
8668,14586,2026-01-31,Emerging,United States
8669,3274,2026-01-10,Growing,India
8670,14014,2026-01-19,Emerging,India
8671,14303,2026-03-31,Emerging,United States
8672,2392,2026-01-09,Emerging,Canada
8673,11422,2026-04-12,Growing,Germany
8674,6551,2026-08-08,Growing,India
8675,13974,2026-08-04,Growing,United States
8676,6821,2026-04-14,Growing,United States
8677,408,2026-06-07,Established,Nigeria
8678,8948,2026-06-03,Emerging,Germany
8679,10845,2026-06-26,Established,India
8680,14847,2026-03-11,Emerging,Germany
8681,6272,2026-06-25,Emerging,United States
8682,4126,2026-04-23,Emerging,Germany
8683,14814,2026-03-19,Emerging,United States
8684,10518,2026-08-22,Emerging,United States
8685,6148,2026-06-06,Established,Other
8686,10188,2026-06-14,Emerging,United States
8687,431,2026-07-11,Growing,United States
8688,10829,2026-08-17,Established,India
8689,14046,2026-05-11,Emerging,United States
8690,2823,2026-04-04,Emerging,Germany
8691,3583,2026-06-08,Growing,United Kingdom
8692,10621,2026-05-20,Emerging,Nigeria
8693,11781,2026-06-15,Growing,Nigeria
8694,9588,2026-05-23,Emerging,India
8695,2377,2026-03-31,Emerging,United Kingdom
8696,1652,2026-03-26,Growing,United States
8697,1569,2026-06-07,Top Creator,United States
8698,11830,2026-03-20,Emerging,Nigeria
8699,1637,2026-05-24,Growing,United States
8700,8071,2026-02-14,Emerging,United Kingdom
8701,7302,2026-02-11,Established,Nigeria
8702,2238,2026-01-22,Emerging,Nigeria
8703,12932,2026-07-22,Top Creator,Other
8704,8367,2026-07-07,Emerging,Canada
8705,10494,2026-01-16,Top Creator,United States
8706,6194,2026-05-26,Established,United Kingdom
8707,6634,2026-07-07,Established,India
8708,12546,2026-05-13,Established,India
8709,1411,2026-04-19,Established,United States
8710,5831,2026-05-19,Growing,Nigeria
8711,833,2026-07-19,Established,India
8712,1507,2026-06-18,Emerging,Nigeria
8713,5403,2026-08-16,Established,United States
8714,4463,2026-07-11,Emerging,United Kingdom
8715,6965,2026-04-14,Growing,United States
8716,9853,2026-07-20,Growing,Canada
8717,1672,2026-05-20,Growing,Germany
8718,7429,2026-05-15,Growing,United States
8719,2797,2026-01-21,Emerging,United States
8720,5974,2026-06-24,Growing,Germany
8721,3545,2026-02-26,Emerging,Nigeria
8722,11901,2026-04-23,Emerging,Canada
8723,7000,2026-03-31,Established,India
8724,9370,2026-03-11,Growing,India
8725,1477,2026-08-02,Established,Other
8726,4707,2026-08-12,Growing,India
8727,5992,2026-06-25,Emerging,Germany
8728,6484,2026-03-05,Emerging,Nigeria
8729,14403,2026-02-15,Emerging,India
8730,12842,2026-08-12,Emerging,Canada
8731,9499,2026-08-17,Emerging,Germany
8732,2382,2026-04-16,Established,Nigeria
8733,6066,2026-05-16,Emerging,Germany
8734,3584,2026-04-10,Growing,Canada
8735,3399,2026-06-21,Emerging,Germany
8736,2991,2026-02-05,Growing,United Kingdom
8737,7881,2026-01-01,Emerging,India
8738,12345,2026-02-11,Established,Canada
8739,493,2026-02-19,Emerging,India
8740,14799,2026-04-16,Growing,India
8741,2228,2026-04-29,Growing,United Kingdom
8742,2961,2026-06-21,Growing,United States
8743,10938,2026-05-01,Emerging,Canada
8744,1559,2026-08-12,Established,Germany
8745,4761,2026-03-22,Growing,United States
8746,8121,2026-02-12,Established,Germany
8747,2630,2026-06-20,Emerging,India
8748,13787,2026-06-26,Growing,India
8749,14713,2026-05-11,Growing,United States
8750,5519,2026-07-09,Emerging,Other
8751,8002,2026-07-15,Growing,India
8752,3230,2026-03-23,Growing,Nigeria
8753,14396,2026-03-01,Emerging,Other
8754,5234,2026-08-16,Emerging,United States
8755,2499,2026-02-08,Growing,Other
8756,10759,2026-03-08,Established,United States
8757,8430,2026-03-05,Established,India
8758,10488,2026-02-04,Established,United States
8759,4628,2026-01-13,Emerging,India
8760,13773,2026-02-10,Emerging,United States
8761,9093,2026-01-26,Emerging,Other
8762,2970,2026-02-13,Emerging,United States
8763,14696,2026-07-03,Emerging,United States
8764,12749,2026-01-19,Emerging,Nigeria
8765,4727,2026-08-06,Emerging,United States
8766,12832,2026-06-01,Growing,United States
8767,1112,2026-02-16,Emerging,Other
8768,2119,2026-07-07,Emerging,Germany
8769,4416,2026-03-06,Emerging,India
8770,8623,2026-03-20,Emerging,Germany
8771,14499,2026-05-25,Growing,Other
8772,2996,2026-02-16,Emerging,Germany
8773,1622,2026-08-17,Emerging,Nigeria
8774,7206,2026-04-16,Growing,India
8775,5396,2026-06-28,Emerging,India
8776,12671,2026-02-25,Growing,Other
8777,2575,2026-03-05,Emerging,India
8778,9036,2026-08-17,Emerging,India
8779,469,2026-06-23,Emerging,United States
8780,4272,2026-06-17,Emerging,India
8781,6252,2026-06-25,Emerging,United States
8782,9769,2026-05-25,Emerging,United States
8783,8673,2026-02-19,Emerging,Canada
8784,567,2026-04-02,Growing,Germany
8785,11615,2026-07-02,Emerging,India
8786,11966,2026-06-25,Emerging,India
8787,8061,2026-03-08,Top Creator,United Kingdom
8788,3086,2026-01-14,Emerging,Germany
8789,14702,2026-02-24,Emerging,India
8790,7171,2026-08-09,Established,Nigeria
8791,7976,2026-04-27,Emerging,Nigeria
8792,11750,2026-02-02,Established,India
8793,1522,2026-06-20,Emerging,Germany
8794,14582,2026-01-17,Emerging,United States
8795,7640,2026-01-27,Emerging,United Kingdom
8796,14737,2026-06-03,Growing,Germany
8797,11657,2026-03-26,Emerging,Other
8798,11598,2026-05-06,Emerging,India
8799,14676,2026-03-20,Top Creator,Canada
8800,13664,2026-07-25,Emerging,United States
8801,7759,2026-08-11,Growing,United States
8802,7971,2026-03-17,Growing,United Kingdom
8803,11040,2026-07-07,Emerging,India
8804,12514,2026-05-07,Growing,Other
8805,153,2026-03-03,Established,Canada
8806,4571,2026-01-20,Growing,Other
8807,8871,2026-03-21,Emerging,Canada
8808,11754,2026-04-11,Emerging,Canada
8809,9905,2026-07-29,Emerging,Other
8810,10986,2026-01-29,Growing,Germany
8811,10363,2026-08-05,Emerging,United States
8812,3077,2026-08-04,Emerging,Canada
8813,14994,2026-06-20,Emerging,Other
8814,2628,2026-08-11,Emerging,United Kingdom
8815,13919,2026-05-27,Growing,Nigeria
8816,11137,2026-01-24,Growing,Nigeria
8817,9933,2026-01-10,Emerging,India
8818,7297,2026-07-04,Emerging,Canada
8819,4357,2026-02-24,Established,Other
8820,11626,2026-06-12,Established,United States
8821,4937,2026-03-06,Growing,India
8822,9645,2026-06-23,Emerging,United States
8823,718,2026-01-13,Emerging,Nigeria
8824,6028,2026-05-24,Emerging,Other
8825,14921,2026-06-10,Established,India
8826,5420,2026-07-28,Emerging,India
8827,5218,2026-04-14,Established,United States
8828,13074,2026-05-08,Emerging,Other
8829,6745,2026-06-17,Emerging,India
8830,10419,2026-06-20,Emerging,United Kingdom
8831,8547,2026-03-13,Emerging,India
8832,8365,2026-01-30,Established,India
8833,11635,2026-02-09,Emerging,Nigeria
8834,14072,2026-03-30,Emerging,Nigeria
8835,10652,2026-05-14,Emerging,India
8836,150,2026-02-02,Emerging,Other
8837,10439,2026-05-09,Emerging,India
8838,13195,2026-03-05,Emerging,United Kingdom
8839,3723,2026-05-23,Emerging,Other
8840,12456,2026-04-21,Emerging,India
8841,5194,2026-04-04,Top Creator,Germany
8842,14520,2026-06-18,Emerging,Other
8843,11278,2026-02-06,Growing,United Kingdom
8844,6624,2026-08-12,Growing,United Kingdom
8845,1220,2026-04-04,Established,Other
8846,14795,2026-07-31,Emerging,India
8847,5936,2026-03-26,Emerging,India
8848,2795,2026-01-15,Emerging,India
8849,7469,2026-04-21,Emerging,United Kingdom
8850,4172,2026-02-20,Emerging,India
8851,2357,2026-06-10,Emerging,United States
8852,2123,2026-02-14,Growing,Canada
8853,8997,2026-01-15,Emerging,United States
8854,3962,2026-08-08,Established,India
8855,9469,2026-01-03,Emerging,Other
8856,7119,2026-04-09,Growing,India
8857,10720,2026-03-09,Growing,United States
8858,5462,2026-05-21,Emerging,India
8859,514,2026-02-01,Established,United States
8860,8665,2026-04-03,Emerging,Other
8861,7654,2026-04-20,Top Creator,Canada
8862,13869,2026-05-01,Emerging,United Kingdom
8863,2272,2026-01-15,Growing,United States
8864,9888,2026-07-16,Emerging,United Kingdom
8865,3607,2026-07-17,Emerging,United Kingdom
8866,13885,2026-05-29,Emerging,Nigeria
8867,9643,2026-03-29,Emerging,United States
8868,9517,2026-04-09,Emerging,India
8869,13739,2026-08-11,Growing,India
8870,5648,2026-06-06,Growing,Other
8871,8459,2026-03-23,Emerging,India
8872,4098,2026-04-30,Emerging,Nigeria
8873,8209,2026-04-09,Emerging,United States
8874,983,2026-01-04,Growing,United Kingdom
8875,14500,2026-05-06,Emerging,Other
8876,3808,2026-02-01,Growing,United Kingdom
8877,9108,2026-01-17,Growing,India
8878,13174,2026-03-13,Growing,United States
8879,3759,2026-03-12,Growing,India
8880,6991,2026-04-14,Top Creator,Nigeria
8881,12191,2026-07-21,Established,Nigeria
8882,4121,2026-05-07,Growing,United Kingdom
8883,9413,2026-06-10,Emerging,United States
8884,428,2026-05-27,Emerging,Other
8885,6286,2026-06-12,Emerging,Other
8886,187,2026-05-12,Emerging,India
8887,3766,2026-04-08,Growing,India
8888,1444,2026-02-15,Top Creator,Nigeria
8889,11942,2026-07-09,Emerging,India
8890,1855,2026-01-26,Emerging,India
8891,1279,2026-06-10,Emerging,India
8892,13767,2026-01-21,Established,United States
8893,6556,2026-07-11,Emerging,Nigeria
8894,5506,2026-05-01,Emerging,Nigeria
8895,11767,2026-08-17,Emerging,Other
8896,10539,2026-01-20,Established,United Kingdom
8897,7439,2026-07-08,Emerging,United States
8898,10346,2026-02-16,Growing,United Kingdom
8899,13136,2026-06-07,Emerging,Other
8900,9744,2026-02-11,Growing,United Kingdom
8901,6160,2026-08-17,Emerging,Nigeria
8902,95,2026-02-13,Established,India
8903,11774,2026-02-12,Growing,United States
8904,6485,2026-02-11,Emerging,Nigeria
8905,11885,2026-03-19,Emerging,India
8906,4676,2026-08-20,Emerging,United States
8907,6736,2026-03-23,Emerging,Canada
8908,8453,2026-04-16,Growing,India
8909,1580,2026-03-19,Top Creator,United Kingdom
8910,2403,2026-06-27,Growing,Nigeria
8911,4664,2026-03-12,Emerging,Other
8912,7498,2026-07-14,Growing,United States
8913,415,2026-01-27,Growing,Other
8914,6628,2026-04-19,Established,India
8915,14222,2026-08-11,Emerging,Other
8916,5366,2026-05-18,Emerging,India
8917,13135,2026-06-05,Emerging,Nigeria
8918,11824,2026-03-31,Emerging,Other
8919,11924,2026-05-26,Emerging,India
8920,8055,2026-05-20,Emerging,Germany
8921,9789,2026-08-09,Emerging,Other
8922,14587,2026-07-24,Emerging,India
8923,11589,2026-08-12,Emerging,United Kingdom
8924,9206,2026-05-11,Growing,Nigeria
8925,7920,2026-01-17,Emerging,United States
8926,2267,2026-03-05,Growing,United States
8927,3700,2026-03-14,Emerging,United Kingdom
8928,11860,2026-03-27,Emerging,United Kingdom
8929,9162,2026-02-14,Top Creator,United States
8930,7028,2026-04-21,Growing,United States
8931,6283,2026-07-14,Growing,Canada
8932,8583,2026-03-04,Growing,United Kingdom
8933,8891,2026-07-25,Emerging,Other
8934,12168,2026-04-23,Growing,United Kingdom
8935,10558,2026-03-06,Emerging,United States
8936,8960,2026-01-03,Established,United States
8937,10448,2026-01-06,Growing,Nigeria
8938,12046,2026-05-16,Growing,Canada
8939,10057,2026-03-29,Established,India
8940,3510,2026-01-14,Growing,United States
8941,12334,2026-03-06,Emerging,Canada
8942,1781,2026-05-30,Emerging,India
8943,13080,2026-03-22,Established,Other
8944,3505,2026-02-27,Emerging,Germany
8945,9915,2026-02-01,Emerging,India
8946,1691,2026-08-03,Emerging,United States
8947,1182,2026-04-21,Emerging,United States
8948,3346,2026-03-14,Growing,India
8949,9531,2026-03-26,Established,Nigeria
8950,12128,2026-02-25,Emerging,Nigeria
8951,6561,2026-06-01,Growing,Other
8952,936,2026-04-28,Emerging,United Kingdom
8953,9187,2026-06-05,Growing,Germany
8954,13533,2026-08-08,Growing,Nigeria
8955,9457,2026-02-22,Growing,United States
8956,12544,2026-03-18,Emerging,India
8957,5953,2026-05-18,Emerging,Canada
8958,11805,2026-05-05,Established,India
8959,13264,2026-08-22,Emerging,United Kingdom
8960,5882,2026-02-21,Emerging,Germany
8961,14555,2026-03-09,Emerging,United States
8962,6168,2026-01-11,Growing,Nigeria
8963,9031,2026-04-20,Growing,Germany
8964,6920,2026-06-25,Growing,Other
8965,11328,2026-07-13,Growing,India
8966,5775,2026-04-04,Growing,United States
8967,620,2026-06-25,Emerging,United States
8968,502,2026-01-20,Emerging,India
8969,664,2026-06-10,Emerging,India
8970,5138,2026-06-21,Emerging,India
8971,13143,2026-02-21,Emerging,Nigeria
8972,1656,2026-05-27,Growing,United States
8973,2841,2026-07-15,Established,Other
8974,9397,2026-08-14,Growing,India
8975,5210,2026-04-11,Emerging,United Kingdom
8976,7277,2026-06-22,Growing,Other
8977,4335,2026-05-01,Emerging,Other
8978,11611,2026-03-25,Growing,United States
8979,9167,2026-03-09,Established,India
8980,1938,2026-08-24,Growing,Germany
8981,11994,2026-05-02,Emerging,Other
8982,12978,2026-04-19,Emerging,Other
8983,10275,2026-06-04,Growing,India
8984,10820,2026-05-08,Emerging,United Kingdom
8985,13573,2026-03-16,Emerging,Nigeria
8986,10828,2026-07-30,Emerging,Germany
8987,2648,2026-05-09,Growing,Other
8988,9988,2026-05-05,Emerging,United Kingdom
8989,11310,2026-01-29,Emerging,India
8990,5657,2026-03-25,Emerging,India
8991,4671,2026-02-06,Emerging,United States
8992,12623,2026-03-10,Emerging,United Kingdom
8993,8692,2026-03-10,Growing,United Kingdom
8994,10695,2026-05-13,Growing,Other
8995,9998,2026-04-05,Established,Other
8996,8838,2026-07-26,Emerging,United States
8997,2529,2026-05-05,Emerging,India
8998,10001,2026-05-13,Emerging,Other
8999,3070,2026-02-18,Emerging,Other
9000,5616,2026-02-27,Emerging,Other
9001,12766,2026-07-23,Emerging,Germany
9002,6228,2026-03-11,Growing,India
9003,14717,2026-04-05,Emerging,Germany
9004,2916,2026-01-02,Emerging,India
9005,2406,2026-03-25,Growing,United States
9006,2216,2026-01-26,Growing,India
9007,6472,2026-04-05,Emerging,United Kingdom
9008,2967,2026-07-19,Established,Germany
9009,9684,2026-01-27,Emerging,United States
9010,6205,2026-03-02,Emerging,Nigeria
9011,5933,2026-02-14,Emerging,Germany
9012,8515,2026-06-01,Emerging,United Kingdom
9013,3939,2026-08-08,Emerging,Germany
9014,9451,2026-02-23,Growing,India
9015,5644,2026-06-20,Established,Other
9016,11795,2026-02-02,Emerging,United States
9017,12667,2026-03-16,Emerging,United States
9018,5262,2026-06-30,Established,Canada
9019,12549,2026-01-28,Emerging,India
9020,9393,2026-01-26,Emerging,India
9021,14447,2026-05-01,Emerging,Nigeria
9022,8228,2026-08-24,Emerging,Other
9023,13236,2026-03-14,Emerging,India
9024,9535,2026-07-24,Emerging,United States
9025,5254,2026-03-31,Emerging,United States
9026,387,2026-06-10,Top Creator,Nigeria
9027,6562,2026-04-09,Emerging,United States
9028,6651,2026-02-22,Growing,United States
9029,3084,2026-01-07,Emerging,United Kingdom
9030,10300,2026-03-25,Emerging,United Kingdom
9031,217,2026-04-02,Emerging,India
9032,6681,2026-05-07,Established,Nigeria
9033,2288,2026-07-18,Growing,India
9034,5552,2026-05-04,Emerging,Germany
9035,14531,2026-07-13,Established,India
9036,3959,2026-08-02,Growing,India
9037,6857,2026-05-09,Established,United States
9038,13150,2026-04-16,Growing,Nigeria
9039,8330,2026-08-14,Emerging,United States
9040,13759,2026-05-30,Growing,United Kingdom
9041,737,2026-07-08,Top Creator,United States
9042,8111,2026-05-01,Emerging,Germany
9043,13553,2026-03-02,Growing,Nigeria
9044,9288,2026-04-25,Emerging,Germany
9045,8262,2026-03-29,Emerging,India
9046,5655,2026-04-18,Emerging,India
9047,14227,2026-05-23,Emerging,India
9048,6389,2026-05-23,Growing,India
9049,6302,2026-06-15,Emerging,Germany
9050,907,2026-02-10,Emerging,United States
9051,13437,2026-03-05,Growing,Nigeria
9052,8077,2026-01-09,Established,United States
9053,10185,2026-04-23,Emerging,Other
9054,7912,2026-06-06,Emerging,India
9055,2547,2026-06-17,Emerging,United Kingdom
9056,4702,2026-01-03,Emerging,United Kingdom
9057,14703,2026-05-27,Growing,Canada
9058,7322,2026-05-04,Top Creator,Other
9059,526,2026-02-27,Emerging,Other
9060,712,2026-07-09,Emerging,United Kingdom
9061,11231,2026-04-02,Growing,Nigeria
9062,1869,2026-04-27,Emerging,United States
9063,13270,2026-05-03,Emerging,Canada
9064,10955,2026-06-25,Growing,India
9065,3427,2026-07-22,Emerging,Canada
9066,7596,2026-04-10,Emerging,Other
9067,13213,2026-06-05,Emerging,United States
9068,8187,2026-06-20,Established,United States
9069,10670,2026-04-16,Emerging,Other
9070,14669,2026-07-31,Emerging,United States
9071,4783,2026-01-30,Emerging,Other
9072,5455,2026-05-06,Emerging,United States
9073,6032,2026-03-14,Emerging,United States
9074,13845,2026-06-01,Established,India
9075,6715,2026-02-28,Emerging,United States
9076,5766,2026-03-02,Growing,United States
9077,10200,2026-02-06,Emerging,India
9078,14168,2026-01-30,Emerging,United States
9079,684,2026-06-11,Emerging,Other
9080,9539,2026-08-10,Emerging,United States
9081,5659,2026-04-21,Established,United Kingdom
9082,6255,2026-02-25,Emerging,India
9083,5379,2026-07-15,Growing,United States
9084,10487,2026-07-21,Established,United States
9085,1794,2026-08-14,Emerging,Other
9086,8166,2026-06-24,Emerging,India
9087,3684,2026-05-15,Emerging,United States
9088,4025,2026-06-30,Emerging,United States
9089,11888,2026-06-27,Growing,Other
9090,11305,2026-06-08,Established,United States
9091,7312,2026-01-27,Growing,Germany
9092,3747,2026-03-30,Emerging,Nigeria
9093,6464,2026-02-06,Emerging,United States
9094,1986,2026-01-11,Growing,United Kingdom
9095,13824,2026-05-11,Established,Other
9096,205,2026-03-03,Growing,Other
9097,2096,2026-07-24,Emerging,Nigeria
9098,3980,2026-07-04,Emerging,Other
9099,11067,2026-06-09,Established,Germany
9100,8492,2026-02-18,Emerging,Other
9101,551,2026-02-16,Emerging,Nigeria
9102,9597,2026-05-20,Growing,United Kingdom
9103,4873,2026-06-24,Emerging,Canada
9104,13237,2026-08-12,Emerging,India
9105,1207,2026-05-01,Emerging,Nigeria
9106,11821,2026-04-03,Established,Nigeria
9107,3648,2026-03-15,Emerging,Nigeria
9108,11854,2026-05-24,Established,United States
9109,10040,2026-01-03,Emerging,Nigeria
9110,8607,2026-01-17,Growing,Other
9111,12106,2026-06-03,Established,Nigeria
9112,8747,2026-08-04,Emerging,Nigeria
9113,1125,2026-01-08,Growing,Nigeria
9114,6899,2026-07-05,Emerging,India
9115,11452,2026-07-29,Emerging,United States
9116,4256,2026-02-20,Growing,Other
9117,14344,2026-03-02,Established,Nigeria
9118,7396,2026-04-21,Growing,India
9119,1694,2026-07-28,Emerging,India
9120,12447,2026-02-04,Emerging,Germany
9121,11692,2026-05-09,Established,India
9122,1734,2026-03-27,Emerging,Nigeria
9123,5016,2026-02-12,Emerging,Canada
9124,3779,2026-03-06,Emerging,United States
9125,11098,2026-06-08,Emerging,India
9126,4087,2026-04-30,Emerging,India
9127,7121,2026-06-13,Growing,India
9128,7411,2026-03-23,Established,India
9129,14971,2026-07-10,Growing,India
9130,14284,2026-04-22,Growing,United States
9131,239,2026-02-20,Emerging,India
9132,11403,2026-08-12,Emerging,India
9133,10414,2026-07-24,Growing,India
9134,12496,2026-01-08,Top Creator,India
9135,1339,2026-05-03,Emerging,Canada
9136,14501,2026-07-25,Top Creator,India
9137,12924,2026-01-10,Top Creator,United Kingdom
9138,14577,2026-05-14,Emerging,United States
9139,2779,2026-02-15,Established,United States
9140,7925,2026-06-25,Growing,United States
9141,12648,2026-07-08,Emerging,United States
9142,14489,2026-05-12,Emerging,United Kingdom
9143,5955,2026-06-13,Growing,United Kingdom
9144,3597,2026-04-26,Established,Germany
9145,5167,2026-08-03,Emerging,Germany
9146,10302,2026-07-10,Emerging,Germany
9147,11551,2026-01-30,Growing,Germany
9148,1824,2026-02-18,Emerging,India
9149,12378,2026-02-03,Established,India
9150,12820,2026-07-24,Established,United States
9151,5871,2026-05-20,Growing,United States
9152,13532,2026-03-30,Emerging,Other
9153,9923,2026-01-27,Established,India
9154,12801,2026-06-03,Growing,Germany
9155,859,2026-03-21,Emerging,Other
9156,13662,2026-05-06,Growing,United Kingdom
9157,1920,2026-02-24,Emerging,India
9158,4983,2026-03-25,Emerging,Other
9159,7474,2026-08-13,Emerging,Nigeria
9160,4931,2026-06-21,Emerging,United States
9161,7875,2026-05-05,Established,United States
9162,9912,2026-07-28,Emerging,Nigeria
9163,847,2026-06-10,Growing,Other
9164,3713,2026-08-07,Established,India
9165,11276,2026-04-20,Growing,Germany
9166,14897,2026-03-27,Growing,Germany
9167,3871,2026-04-14,Established,Canada
9168,10379,2026-01-08,Growing,United States
9169,13459,2026-02-10,Growing,United States
9170,8048,2026-03-24,Emerging,India
9171,12107,2026-02-22,Emerging,United Kingdom
9172,12561,2026-02-11,Emerging,United States
9173,558,2026-04-24,Emerging,Canada
9174,1263,2026-01-20,Emerging,Other
9175,1907,2026-04-30,Established,United States
9176,3517,2026-05-24,Established,India
9177,13563,2026-06-08,Emerging,Nigeria
9178,13814,2026-02-15,Emerging,India
9179,9925,2026-04-19,Established,India
9180,5385,2026-07-16,Growing,United Kingdom
9181,14644,2026-06-06,Growing,United Kingdom
9182,1735,2026-08-01,Emerging,Other
9183,3576,2026-06-01,Emerging,United States
9184,9507,2026-06-30,Emerging,India
9185,14562,2026-08-23,Emerging,Canada
9186,14980,2026-08-23,Established,India
9187,5954,2026-04-25,Emerging,United States
9188,5405,2026-01-16,Emerging,India
9189,830,2026-02-27,Growing,United Kingdom
9190,1879,2026-08-11,Emerging,India
9191,11506,2026-05-04,Emerging,Nigeria
9192,5862,2026-04-19,Established,India
9193,1185,2026-08-02,Growing,United States
9194,2070,2026-06-25,Top Creator,Canada
9195,8451,2026-04-13,Growing,Other
9196,11065,2026-05-10,Growing,Other
9197,6496,2026-01-20,Emerging,Nigeria
9198,11550,2026-03-24,Emerging,United States
9199,10451,2026-03-11,Emerging,United Kingdom
9200,11536,2026-03-20,Growing,India
9201,1864,2026-08-01,Emerging,Germany
9202,9014,2026-07-07,Established,India
9203,14740,2026-02-06,Growing,India
9204,2637,2026-05-08,Emerging,India
9205,8569,2026-01-01,Emerging,Canada
9206,6246,2026-03-20,Growing,United States
9207,871,2026-08-21,Growing,India
9208,7732,2026-03-27,Established,Nigeria
9209,6504,2026-08-17,Growing,United States
9210,10298,2026-02-12,Emerging,Other
9211,3767,2026-01-28,Growing,United States
9212,278,2026-02-22,Growing,United States
9213,14554,2026-05-26,Established,India
9214,11407,2026-05-22,Emerging,United Kingdom
9215,7244,2026-05-05,Growing,United States
9216,13006,2026-05-29,Established,United States
9217,7104,2026-04-10,Emerging,United States
9218,7500,2026-01-27,Growing,Germany
9219,3355,2026-03-19,Emerging,India
9220,7627,2026-03-02,Emerging,Nigeria
9221,2084,2026-02-14,Emerging,Nigeria
9222,9047,2026-04-27,Established,India
9223,13511,2026-01-15,Emerging,United States
9224,12228,2026-07-05,Top Creator,United Kingdom
9225,4348,2026-04-04,Growing,Canada
9226,5802,2026-04-23,Emerging,Canada
9227,7605,2026-02-07,Emerging,Nigeria
9228,6427,2026-07-01,Emerging,Germany
9229,11441,2026-08-01,Established,India
9230,10896,2026-01-22,Emerging,Nigeria
9231,11991,2026-03-12,Emerging,United States
9232,9073,2026-06-06,Emerging,Nigeria
9233,1420,2026-02-16,Emerging,India
9234,7530,2026-07-31,Growing,Canada
9235,13562,2026-08-05,Emerging,Nigeria
9236,8763,2026-05-26,Emerging,Other
9237,13035,2026-05-24,Emerging,Other
9238,13276,2026-03-08,Emerging,Nigeria
9239,10798,2026-02-26,Growing,Canada
9240,4134,2026-08-01,Growing,United Kingdom
9241,8927,2026-04-07,Growing,United Kingdom
9242,13883,2026-01-20,Emerging,Germany
9243,3877,2026-01-12,Emerging,Other
9244,3080,2026-07-25,Growing,United States
9245,147,2026-03-13,Emerging,India
9246,7888,2026-05-12,Emerging,United Kingdom
9247,14202,2026-07-18,Emerging,India
9248,6250,2026-02-15,Emerging,India
9249,2844,2026-02-23,Growing,India
9250,5638,2026-05-04,Emerging,Nigeria
9251,6226,2026-01-23,Emerging,Germany
9252,5744,2026-05-01,Growing,United Kingdom
9253,8027,2026-01-09,Established,Nigeria
9254,5656,2026-05-27,Emerging,Other
9255,10315,2026-08-18,Emerging,United Kingdom
9256,8965,2026-02-12,Emerging,United States
9257,10436,2026-03-14,Emerging,United States
9258,12158,2026-08-06,Emerging,Nigeria
9259,3928,2026-05-11,Emerging,United Kingdom
9260,5021,2026-08-16,Emerging,Other
9261,7216,2026-07-30,Growing,Other
9262,14978,2026-03-30,Emerging,Nigeria
9263,9681,2026-04-21,Established,India
9264,8383,2026-05-23,Emerging,United States
9265,11592,2026-08-23,Growing,India
9266,5890,2026-05-13,Top Creator,India
9267,355,2026-05-11,Established,Other
9268,11634,2026-04-02,Emerging,India
9269,14110,2026-02-25,Emerging,United States
9270,2931,2026-07-07,Established,United States
9271,7301,2026-02-17,Emerging,India
9272,3893,2026-04-11,Established,India
9273,6512,2026-08-24,Growing,Other
9274,12441,2026-06-25,Established,India
9275,14250,2026-06-24,Growing,United States
9276,7599,2026-04-06,Top Creator,Canada
9277,13392,2026-03-06,Emerging,United Kingdom
9278,12617,2026-01-15,Emerging,United States
9279,9830,2026-08-15,Emerging,Other
9280,32,2026-06-10,Emerging,India
9281,7290,2026-01-16,Emerging,United States
9282,9268,2026-08-04,Established,Other
9283,2315,2026-08-02,Growing,Germany
9284,7267,2026-04-26,Growing,Nigeria
9285,7539,2026-03-07,Emerging,India
9286,2259,2026-01-01,Top Creator,Germany
9287,7979,2026-06-29,Emerging,United States
9288,2926,2026-06-16,Emerging,Nigeria
9289,10677,2026-01-20,Growing,India
9290,10579,2026-05-26,Established,India
9291,8272,2026-04-01,Emerging,India
9292,9280,2026-06-18,Emerging,United Kingdom
9293,2590,2026-06-05,Emerging,India
9294,4182,2026-01-04,Emerging,India
9295,14421,2026-03-11,Growing,India
9296,3389,2026-08-20,Growing,United States
9297,10527,2026-02-18,Emerging,India
9298,386,2026-08-16,Emerging,Nigeria
9299,14952,2026-03-11,Emerging,Other
9300,11486,2026-07-25,Growing,Other
9301,11247,2026-07-26,Established,Germany
9302,12639,2026-06-03,Growing,India
9303,329,2026-08-05,Emerging,United States
9304,10101,2026-01-02,Emerging,Other
9305,13483,2026-03-01,Established,Canada
9306,11835,2026-05-20,Emerging,Other
9307,2148,2026-04-23,Emerging,United States
9308,8720,2026-07-12,Emerging,United States
9309,12202,2026-06-04,Emerging,India
9310,13825,2026-07-06,Established,United Kingdom
9311,7123,2026-07-17,Emerging,Nigeria
9312,7616,2026-04-14,Growing,India
9313,13273,2026-03-15,Emerging,United States
9314,368,2026-04-14,Emerging,Other
9315,5526,2026-07-21,Growing,United Kingdom
9316,2436,2026-02-24,Growing,India
9317,2652,2026-04-12,Emerging,United States
9318,8386,2026-02-21,Growing,Other
9319,12217,2026-02-20,Established,Other
9320,7541,2026-06-17,Established,United States
9321,6062,2026-05-08,Emerging,India
9322,13330,2026-04-10,Emerging,Germany
9323,3985,2026-01-17,Growing,India
9324,12979,2026-07-26,Growing,United Kingdom
9325,11332,2026-05-19,Emerging,United States
9326,2607,2026-02-04,Emerging,India
9327,9969,2026-05-13,Growing,Canada
9328,873,2026-01-14,Emerging,United Kingdom
9329,3813,2026-05-07,Emerging,Nigeria
9330,4586,2026-07-02,Growing,United Kingdom
9331,11241,2026-01-01,Growing,India
9332,935,2026-02-02,Emerging,United States
9333,9122,2026-02-21,Established,United States
9334,4458,2026-01-04,Emerging,India
9335,14028,2026-05-03,Emerging,United States
9336,4430,2026-05-06,Established,Nigeria
9337,6728,2026-07-29,Emerging,India
9338,11283,2026-03-13,Emerging,Canada
9339,12363,2026-04-25,Emerging,Nigeria
9340,13545,2026-01-12,Emerging,India
9341,7487,2026-01-04,Emerging,India
9342,4391,2026-06-05,Established,United Kingdom
9343,7437,2026-07-04,Emerging,Germany
9344,5940,2026-04-18,Emerging,India
9345,11955,2026-03-08,Established,Other
9346,7001,2026-07-24,Emerging,United States
9347,6316,2026-01-03,Growing,Canada
9348,11899,2026-07-18,Emerging,United States
9349,11715,2026-04-03,Established,India
9350,9538,2026-05-24,Emerging,United States
9351,4906,2026-05-10,Growing,Nigeria
9352,10069,2026-01-21,Growing,India
9353,10866,2026-06-25,Emerging,India
9354,9410,2026-01-02,Growing,India
9355,11990,2026-04-04,Growing,India
9356,13827,2026-02-21,Established,Nigeria
9357,14660,2026-03-22,Established,Nigeria
9358,8759,2026-07-08,Emerging,Canada
9359,8658,2026-05-10,Growing,United Kingdom
9360,12398,2026-06-16,Established,United Kingdom
9361,8901,2026-03-22,Emerging,India
9362,742,2026-07-18,Growing,India
9363,2850,2026-02-16,Emerging,United States
9364,1898,2026-02-06,Growing,United Kingdom
9365,13393,2026-04-30,Growing,United Kingdom
9366,10678,2026-02-27,Growing,India
9367,11390,2026-01-06,Top Creator,United Kingdom
9368,5674,2026-03-11,Emerging,India
9369,8750,2026-01-13,Growing,India
9370,225,2026-07-09,Emerging,Nigeria
9371,14557,2026-07-20,Top Creator,India
9372,3226,2026-08-01,Established,United States
9373,9592,2026-08-09,Top Creator,Other
9374,13656,2026-06-10,Top Creator,India
9375,14794,2026-03-28,Established,India
9376,4572,2026-06-18,Established,United States
9377,14532,2026-08-22,Emerging,Canada
9378,1766,2026-05-29,Emerging,United States
9379,12021,2026-07-09,Established,India
9380,9718,2026-05-25,Growing,Other
9381,4167,2026-02-21,Established,Other
9382,5233,2026-01-10,Growing,India
9383,4040,2026-08-07,Emerging,United States
9384,3841,2026-04-07,Established,Canada
9385,10370,2026-03-05,Growing,India
9386,12984,2026-06-10,Growing,United States
9387,210,2026-04-18,Emerging,India
9388,3468,2026-08-17,Growing,Nigeria
9389,515,2026-08-03,Emerging,India
9390,13675,2026-02-18,Growing,United States
9391,2511,2026-04-09,Established,India
9392,3725,2026-07-18,Emerging,India
9393,3265,2026-04-30,Emerging,India
9394,1471,2026-05-17,Emerging,Nigeria
9395,4485,2026-01-18,Growing,United States
9396,7572,2026-04-13,Established,United Kingdom
9397,8574,2026-06-21,Emerging,United States
9398,3914,2026-04-29,Emerging,United Kingdom
9399,2827,2026-04-18,Established,Other
9400,8429,2026-02-09,Emerging,India
9401,476,2026-07-13,Emerging,United States
9402,14961,2026-01-06,Emerging,India
9403,2383,2026-04-29,Established,India
9404,6370,2026-08-03,Emerging,Nigeria
9405,8793,2026-07-03,Emerging,United Kingdom
9406,4808,2026-01-18,Established,Canada
9407,3833,2026-01-26,Emerging,United States
9408,3529,2026-05-18,Growing,Other
9409,2597,2026-04-24,Emerging,Other
9410,11776,2026-04-25,Growing,Other
9411,706,2026-02-05,Emerging,United States
9412,13581,2026-04-22,Growing,United States
9413,11864,2026-07-03,Emerging,United States
9414,3220,2026-02-27,Growing,India
9415,2435,2026-05-27,Growing,United States
9416,3736,2026-01-21,Established,United States
9417,3403,2026-04-23,Emerging,India
9418,7832,2026-04-21,Growing,India
9419,7223,2026-07-12,Established,Other
9420,1399,2026-03-07,Emerging,Other
9421,7527,2026-07-27,Emerging,India
9422,8366,2026-01-18,Growing,India
9423,2812,2026-05-24,Emerging,Germany
9424,13162,2026-07-05,Emerging,India
9425,3353,2026-05-06,Emerging,United States
9426,10841,2026-04-16,Established,India
9427,10180,2026-05-10,Emerging,United Kingdom
9428,9680,2026-07-04,Emerging,India
9429,228,2026-07-24,Emerging,Canada
9430,7942,2026-01-01,Established,India
9431,3483,2026-08-12,Emerging,India
9432,4883,2026-02-11,Emerging,India
9433,14974,2026-08-23,Established,Germany
9434,9831,2026-08-21,Growing,Nigeria
9435,1599,2026-01-10,Growing,India
9436,11537,2026-03-21,Emerging,Nigeria
9437,12592,2026-01-25,Emerging,United Kingdom
9438,10140,2026-04-30,Established,Nigeria
9439,12934,2026-05-13,Top Creator,United States
9440,7631,2026-01-15,Growing,India
9441,7938,2026-01-18,Established,India
9442,12485,2026-02-06,Established,Nigeria
9443,6133,2026-02-27,Emerging,Canada
9444,6257,2026-07-06,Established,Other
9445,5607,2026-02-26,Emerging,India
9446,1871,2026-05-17,Established,United Kingdom
9447,7505,2026-05-24,Emerging,Canada
9448,2235,2026-06-24,Emerging,United Kingdom
9449,13753,2026-05-02,Growing,Canada
9450,5177,2026-01-29,Established,Nigeria
9451,3458,2026-04-28,Emerging,Other
9452,13460,2026-06-07,Emerging,United Kingdom
9453,6227,2026-04-29,Growing,Other
9454,3005,2026-01-12,Emerging,Germany
9455,4018,2026-02-07,Emerging,Nigeria
9456,9856,2026-01-19,Emerging,United States
9457,8522,2026-07-02,Emerging,Canada
9458,6790,2026-04-13,Growing,India
9459,10271,2026-04-07,Emerging,United States
9460,6494,2026-02-27,Growing,United States
9461,1012,2026-05-31,Emerging,Nigeria
9462,13747,2026-01-29,Established,India
9463,11596,2026-07-16,Growing,Nigeria
9464,27,2026-02-07,Emerging,India
9465,10512,2026-05-18,Emerging,United States
9466,4028,2026-08-16,Emerging,Germany
9467,14729,2026-05-08,Emerging,United States
9468,4507,2026-05-03,Emerging,United States
9469,2502,2026-07-05,Growing,India
9470,6359,2026-01-14,Established,United States
9471,9081,2026-04-17,Emerging,United Kingdom
9472,1780,2026-06-01,Emerging,United Kingdom
9473,6198,2026-05-08,Established,Nigeria
9474,10124,2026-02-10,Growing,India
9475,14778,2026-04-05,Emerging,United States
9476,14533,2026-04-22,Emerging,Canada
9477,12402,2026-02-17,Emerging,Nigeria
9478,497,2026-03-01,Emerging,India
9479,10701,2026-08-22,Established,India
9480,11000,2026-03-06,Growing,Other
9481,12944,2026-04-29,Established,United States
9482,12948,2026-06-14,Growing,Other
9483,8642,2026-08-24,Emerging,Germany
9484,10784,2026-06-29,Emerging,Nigeria
9485,9156,2026-03-31,Top Creator,India
9486,8717,2026-04-07,Emerging,Canada
9487,4662,2026-04-23,Emerging,Nigeria
9488,3351,2026-02-18,Emerging,India
9489,9771,2026-02-27,Emerging,Nigeria
9490,11879,2026-01-22,Emerging,United States
9491,6632,2026-07-30,Emerging,India
9492,5037,2026-07-14,Emerging,Canada
9493,13332,2026-07-22,Emerging,Other
9494,9589,2026-06-15,Emerging,United States
9495,10010,2026-07-13,Emerging,India
9496,868,2026-07-04,Emerging,India
9497,8619,2026-01-15,Growing,India
9498,4143,2026-07-20,Established,United States
9499,2500,2026-06-19,Growing,United States
9500,7856,2026-04-12,Established,Nigeria
9501,9723,2026-02-14,Growing,United Kingdom
9502,9683,2026-05-23,Established,United States
9503,4706,2026-06-22,Established,India
9504,12983,2026-07-15,Growing,United States
9505,14368,2026-07-04,Growing,United States
9506,10668,2026-04-24,Emerging,United States
9507,7468,2026-06-03,Emerging,Nigeria
9508,5141,2026-06-10,Emerging,Other
9509,11397,2026-03-07,Growing,India
9510,1885,2026-07-06,Emerging,India
9511,14470,2026-06-16,Growing,Other
9512,8839,2026-04-20,Emerging,Other
9513,5173,2026-05-14,Emerging,India
9514,9537,2026-05-03,Emerging,Other
9515,2734,2026-05-27,Growing,India
9516,3741,2026-08-06,Emerging,United Kingdom
9517,13262,2026-08-24,Emerging,India
9518,7063,2026-01-13,Growing,Nigeria
9519,14942,2026-04-24,Established,India
9520,6627,2026-05-21,Growing,India
9521,823,2026-02-08,Emerging,India
9522,8978,2026-08-14,Growing,Canada
9523,6801,2026-02-25,Growing,Nigeria
9524,3896,2026-06-25,Emerging,India
9525,6289,2026-05-24,Emerging,United States
9526,10803,2026-08-20,Established,Germany
9527,6451,2026-07-27,Established,India
9528,13785,2026-05-27,Emerging,United States
9529,9697,2026-05-04,Growing,United States
9530,7933,2026-03-07,Emerging,Canada
9531,14602,2026-06-22,Growing,United States
9532,4013,2026-03-08,Emerging,United States
9533,162,2026-07-12,Emerging,India
9534,9055,2026-05-29,Emerging,India
9535,5435,2026-03-06,Growing,Nigeria
9536,4352,2026-06-18,Emerging,United Kingdom
9537,14310,2026-02-28,Emerging,United States
9538,10083,2026-08-11,Growing,Nigeria
9539,6079,2026-03-23,Growing,India
9540,2410,2026-01-07,Established,United Kingdom
9541,747,2026-02-21,Emerging,Germany
9542,10885,2026-06-06,Growing,India
9543,6890,2026-05-28,Established,Nigeria
9544,2780,2026-04-18,Established,India
9545,13873,2026-05-02,Emerging,India
9546,10305,2026-07-29,Emerging,India
9547,9666,2026-08-11,Established,Nigeria
9548,13637,2026-05-21,Emerging,United Kingdom
9549,5807,2026-02-06,Growing,Germany
9550,5152,2026-01-16,Established,United States
9551,2481,2026-05-06,Growing,India
9552,2564,2026-03-17,Growing,United States
9553,8831,2026-05-26,Emerging,Canada
9554,10943,2026-04-01,Emerging,Other
9555,6057,2026-01-30,Growing,Other
9556,7234,2026-03-28,Growing,India
9557,1790,2026-03-22,Emerging,Nigeria
9558,4457,2026-02-14,Emerging,Nigeria
9559,13448,2026-03-06,Emerging,Other
9560,3890,2026-08-08,Growing,United States
9561,6320,2026-05-05,Emerging,Nigeria
9562,10378,2026-01-20,Emerging,Canada
9563,5550,2026-07-27,Emerging,India
9564,2612,2026-06-10,Growing,India
9565,4426,2026-06-12,Emerging,India
9566,11275,2026-03-23,Emerging,United States
9567,2264,2026-06-11,Emerging,Nigeria
9568,9920,2026-07-07,Established,Canada
9569,6592,2026-07-26,Emerging,United States
9570,10423,2026-08-03,Emerging,India
9571,9657,2026-07-20,Emerging,Nigeria
9572,14033,2026-02-10,Emerging,United Kingdom
9573,2345,2026-02-10,Growing,Other
9574,7178,2026-05-31,Emerging,India
9575,4985,2026-06-05,Established,India
9576,3244,2026-01-26,Growing,Other
9577,6280,2026-08-12,Growing,United States
9578,5015,2026-07-27,Emerging,India
9579,10228,2026-06-30,Emerging,Canada
9580,6713,2026-03-13,Growing,United Kingdom
9581,12650,2026-03-19,Emerging,India
9582,1942,2026-08-24,Emerging,Canada
9583,12825,2026-05-05,Emerging,United Kingdom
9584,11342,2026-08-15,Emerging,Canada
9585,9091,2026-03-31,Emerging,India
9586,2549,2026-07-03,Emerging,Nigeria
9587,9488,2026-01-26,Emerging,India
9588,7669,2026-01-22,Established,Other
9589,11314,2026-04-18,Growing,Nigeria
9590,8812,2026-07-04,Emerging,India
9591,5056,2026-02-25,Growing,India
9592,13214,2026-08-11,Established,India
9593,33,2026-07-23,Growing,United States
9594,14996,2026-07-28,Growing,United States
9595,2425,2026-01-14,Emerging,United States
9596,29,2026-07-11,Top Creator,India
9597,14720,2026-08-10,Emerging,United States
9598,14896,2026-08-05,Growing,Nigeria
9599,14724,2026-08-16,Emerging,Nigeria
9600,14178,2026-02-06,Emerging,United Kingdom
9601,1158,2026-08-05,Emerging,India
9602,14741,2026-08-07,Emerging,Nigeria
9603,7131,2026-02-09,Growing,Nigeria
9604,80,2026-03-22,Established,Other
9605,7993,2026-06-10,Emerging,Nigeria
9606,4024,2026-04-27,Growing,India
9607,14032,2026-01-06,Growing,United States
9608,2182,2026-01-17,Emerging,Canada
9609,6042,2026-04-28,Established,United States
9610,5790,2026-03-06,Emerging,United Kingdom
9611,14325,2026-06-27,Established,India
9612,2209,2026-04-21,Top Creator,India
9613,13652,2026-02-02,Emerging,Other
9614,10947,2026-07-29,Established,Other
9615,11654,2026-07-24,Growing,Canada
9616,10509,2026-03-10,Growing,Other
9617,8231,2026-03-26,Emerging,Canada
9618,7407,2026-01-09,Established,India
9619,2474,2026-07-08,Growing,India
9620,14448,2026-08-19,Emerging,Nigeria
9621,22,2026-02-22,Growing,Canada
9622,11073,2026-01-01,Growing,Other
9623,2781,2026-05-03,Emerging,Other
9624,12411,2026-08-19,Established,United States
9625,602,2026-06-03,Emerging,India
9626,12659,2026-03-11,Established,United Kingdom
9627,8656,2026-04-01,Emerging,India
9628,11130,2026-02-05,Established,India
9629,10761,2026-01-03,Established,Other
9630,7180,2026-04-04,Emerging,Other
9631,472,2026-02-01,Growing,United Kingdom
9632,395,2026-05-16,Emerging,India
9633,8848,2026-08-14,Emerging,India
9634,1619,2026-07-06,Emerging,Canada
9635,12271,2026-02-16,Emerging,United States
9636,9480,2026-03-18,Established,Other
9637,5116,2026-03-02,Emerging,India
9638,9960,2026-05-26,Emerging,Other
9639,12658,2026-06-28,Emerging,Nigeria
9640,1473,2026-01-29,Top Creator,Canada
9641,5299,2026-04-19,Emerging,United Kingdom
9642,14569,2026-07-26,Emerging,Germany
9643,10398,2026-05-31,Growing,United Kingdom
9644,4066,2026-06-25,Established,United States
9645,6804,2026-06-27,Established,Nigeria
9646,9277,2026-04-18,Growing,Other
9647,9065,2026-07-31,Emerging,United Kingdom
9648,9245,2026-05-23,Growing,United States
9649,4748,2026-05-25,Growing,Other
9650,5213,2026-06-19,Established,Nigeria
9651,8844,2026-04-29,Emerging,Nigeria
9652,11848,2026-08-14,Emerging,Other
9653,2810,2026-02-04,Emerging,Canada
9654,14748,2026-02-12,Growing,United States
9655,8107,2026-04-22,Growing,Canada
9656,1767,2026-01-11,Emerging,India
9657,11719,2026-01-07,Emerging,Other
9658,8648,2026-07-18,Established,India
9659,14793,2026-07-15,Emerging,Germany
9660,7567,2026-01-12,Growing,India
9661,9193,2026-07-20,Emerging,United Kingdom
9662,4724,2026-07-07,Growing,Nigeria
9663,10072,2026-01-04,Emerging,Canada
9664,9116,2026-04-17,Growing,United States
9665,3152,2026-01-31,Growing,United Kingdom
9666,2274,2026-07-27,Established,Other
9667,8983,2026-07-07,Emerging,India
9668,12574,2026-02-28,Growing,India
9669,10249,2026-08-14,Emerging,Other
9670,8790,2026-03-17,Top Creator,United Kingdom
9671,1139,2026-08-04,Growing,India
9672,2442,2026-02-22,Growing,United States
9673,13672,2026-08-06,Emerging,India
9674,2769,2026-02-17,Emerging,India
9675,1102,2026-03-31,Emerging,Other
9676,8644,2026-05-01,Emerging,India
9677,9857,2026-07-30,Emerging,India
9678,10172,2026-02-14,Emerging,India
9679,11736,2026-06-21,Emerging,India
9680,10452,2026-02-22,Emerging,United Kingdom
9681,3643,2026-03-05,Emerging,Canada
9682,4513,2026-06-09,Emerging,United States
9683,7170,2026-04-27,Established,India
9684,13924,2026-06-10,Established,India
9685,733,2026-01-19,Emerging,Nigeria
9686,710,2026-06-01,Growing,Nigeria
9687,5453,2026-05-02,Growing,Germany
9688,4183,2026-05-30,Emerging,Germany
9689,10862,2026-07-24,Growing,Nigeria
9690,9007,2026-02-05,Growing,India
9691,4387,2026-04-08,Growing,India
9692,7092,2026-02-13,Emerging,India
9693,14133,2026-03-02,Emerging,Other
9694,5292,2026-06-28,Emerging,Nigeria
9695,2379,2026-05-02,Growing,United States
9696,8461,2026-04-28,Growing,Nigeria
9697,3215,2026-08-18,Emerging,Other
9698,11087,2026-08-14,Emerging,Canada
9699,13571,2026-05-07,Emerging,United States
9700,10619,2026-05-24,Emerging,India
9701,5273,2026-04-26,Emerging,India
9702,7016,2026-08-01,Emerging,Other
9703,13181,2026-08-22,Emerging,United States
9704,13638,2026-01-19,Emerging,United Kingdom
9705,8611,2026-05-31,Emerging,United States
9706,1873,2026-06-25,Growing,Germany
9707,7018,2026-06-11,Top Creator,Germany
9708,1515,2026-05-15,Established,Canada
9709,13911,2026-06-01,Growing,Canada
9710,3091,2026-03-07,Growing,United States
9711,1955,2026-05-22,Growing,United States
9712,2565,2026-04-04,Emerging,Other
9713,9624,2026-06-18,Emerging,United States
9714,11182,2026-06-10,Emerging,India
9715,11646,2026-04-28,Growing,India
9716,12826,2026-04-22,Emerging,Nigeria
9717,4482,2026-03-28,Emerging,India
9718,14513,2026-02-20,Growing,India
9719,10916,2026-02-20,Emerging,India
9720,8704,2026-03-07,Emerging,India
9721,4224,2026-06-26,Established,Other
9722,14087,2026-03-13,Emerging,Germany
9723,643,2026-03-21,Emerging,United States
9724,11468,2026-04-08,Emerging,United States
9725,3662,2026-04-10,Growing,India
9726,4491,2026-06-24,Emerging,United States
9727,7699,2026-05-09,Established,India
9728,8638,2026-01-01,Emerging,Nigeria
9729,8946,2026-03-19,Emerging,United States
9730,4970,2026-01-12,Emerging,Other
9731,1596,2026-04-13,Growing,Nigeria
9732,5460,2026-08-09,Established,India
9733,12548,2026-01-15,Emerging,United States
9734,10428,2026-02-11,Emerging,United Kingdom
9735,8122,2026-03-19,Emerging,Canada
9736,12370,2026-06-07,Established,Other
9737,10393,2026-04-19,Emerging,United Kingdom
9738,14262,2026-02-15,Growing,India
9739,2002,2026-03-15,Emerging,India
9740,3206,2026-07-18,Growing,United States
9741,9099,2026-06-26,Established,United States
9742,10438,2026-06-04,Growing,Nigeria
9743,7674,2026-03-30,Established,Other
9744,5231,2026-05-21,Growing,Germany
9745,4303,2026-08-10,Top Creator,United Kingdom
9746,3263,2026-07-11,Growing,Nigeria
9747,4099,2026-02-21,Growing,Nigeria
9748,584,2026-04-06,Growing,Nigeria
9749,8528,2026-05-07,Emerging,Nigeria
9750,11216,2026-02-04,Emerging,Other
9751,8249,2026-08-23,Emerging,India
9752,1203,2026-02-28,Emerging,Other
9753,6181,2026-05-18,Established,India
9754,680,2026-04-03,Emerging,Nigeria
9755,2867,2026-05-05,Emerging,Nigeria
9756,13973,2026-08-12,Emerging,Other
9757,12030,2026-04-13,Growing,Other
9758,11093,2026-07-01,Growing,United States
9759,3294,2026-03-10,Growing,Canada
9760,12608,2026-02-01,Growing,Other
9761,4427,2026-06-20,Emerging,Germany
9762,4169,2026-05-30,Top Creator,Other
9763,13284,2026-04-09,Emerging,Other
9764,1120,2026-03-02,Emerging,Canada
9765,13309,2026-06-26,Established,Germany
9766,8405,2026-07-10,Emerging,United Kingdom
9767,12793,2026-07-24,Growing,Other
9768,4578,2026-05-27,Emerging,United States
9769,13541,2026-03-02,Emerging,United Kingdom
9770,8824,2026-06-18,Emerging,Other
9771,529,2026-06-29,Growing,Canada
9772,1371,2026-02-08,Emerging,Other
9773,11323,2026-02-28,Emerging,Other
9774,3170,2026-05-29,Growing,India
9775,8026,2026-06-26,Growing,Canada
9776,5158,2026-07-06,Emerging,India
9777,6896,2026-06-01,Emerging,United Kingdom
9778,11448,2026-04-03,Established,United States
9779,9117,2026-02-18,Emerging,India
9780,6673,2026-06-26,Top Creator,India
9781,6798,2026-03-26,Emerging,Germany
9782,4817,2026-06-18,Emerging,Nigeria
9783,14819,2026-08-24,Emerging,India
9784,12012,2026-03-21,Emerging,India
9785,10694,2026-08-24,Growing,Germany
9786,13427,2026-04-24,Growing,United Kingdom
9787,3300,2026-01-08,Emerging,Other
9788,11204,2026-08-06,Established,India
9789,13606,2026-06-21,Established,India
9790,1051,2026-03-25,Emerging,India
9791,10993,2026-03-08,Emerging,United States
9792,12728,2026-07-13,Emerging,United States
9793,6882,2026-01-25,Growing,Nigeria
9794,1655,2026-05-05,Growing,Canada
9795,10900,2026-07-18,Emerging,Other
9796,14132,2026-08-17,Growing,United States
9797,4801,2026-07-23,Top Creator,United States
9798,70,2026-03-25,Growing,Nigeria
9799,14180,2026-03-18,Growing,India
9800,5122,2026-02-07,Emerging,Nigeria
9801,2041,2026-04-11,Emerging,India
9802,7217,2026-05-13,Established,United States
9803,13926,2026-07-11,Growing,Other
9804,3101,2026-07-13,Growing,Canada
9805,853,2026-06-22,Emerging,Nigeria
9806,10661,2026-06-26,Growing,Nigeria
9807,1643,2026-08-11,Growing,Other
9808,2930,2026-01-24,Growing,United Kingdom
9809,4773,2026-06-09,Growing,United States
9810,3342,2026-08-11,Established,United States
9811,7342,2026-04-11,Emerging,Other
9812,13918,2026-01-21,Emerging,United Kingdom
9813,6557,2026-08-18,Established,India
9814,6859,2026-07-29,Emerging,United Kingdom
9815,7841,2026-01-14,Established,Other
9816,6055,2026-06-30,Emerging,United States
9817,12994,2026-04-18,Growing,United States
9818,9921,2026-06-12,Established,Canada
9819,11011,2026-05-07,Growing,Canada
9820,6360,2026-07-22,Growing,Nigeria
9821,8919,2026-01-23,Emerging,United States
9822,8006,2026-08-04,Emerging,Other
9823,5548,2026-06-28,Established,United States
9824,14746,2026-01-03,Growing,Other
9825,11947,2026-05-25,Emerging,India
9826,1162,2026-07-21,Growing,Germany
9827,8903,2026-05-20,Emerging,Nigeria
9828,2243,2026-05-06,Growing,Canada
9829,12971,2026-05-26,Emerging,United Kingdom
9830,1021,2026-06-15,Emerging,India
9831,10486,2026-01-24,Emerging,India
9832,9375,2026-08-04,Growing,Germany
9833,14214,2026-03-01,Growing,United Kingdom
9834,4803,2026-03-20,Emerging,Nigeria
9835,342,2026-01-02,Emerging,Other
9836,5133,2026-01-03,Emerging,Germany
9837,11101,2026-04-14,Emerging,India
9838,9851,2026-07-24,Established,United Kingdom
9839,5230,2026-04-18,Established,Canada
9840,11501,2026-08-11,Growing,United States
9841,13403,2026-07-06,Emerging,Nigeria
9842,13414,2026-07-22,Established,Canada
9843,5722,2026-03-15,Emerging,United States
9844,8439,2026-08-11,Growing,United Kingdom
9845,9606,2026-07-23,Growing,Other
9846,6563,2026-06-21,Emerging,Nigeria
9847,2454,2026-02-25,Growing,Other
9848,7889,2026-06-20,Emerging,India
9849,10535,2026-05-07,Emerging,Germany
9850,14281,2026-02-09,Emerging,India
9851,14593,2026-04-21,Growing,United Kingdom
9852,2338,2026-04-12,Emerging,United States
9853,2814,2026-06-13,Emerging,United States
9854,3249,2026-03-23,Established,United States
9855,11583,2026-04-21,Established,Germany
9856,14190,2026-06-03,Growing,United States
9857,7595,2026-07-08,Growing,Nigeria
9858,12205,2026-05-14,Established,United Kingdom
9859,11578,2026-07-02,Growing,Canada
9860,11978,2026-06-13,Emerging,India
9861,11553,2026-01-03,Emerging,Other
9862,3021,2026-04-14,Growing,India
9863,8604,2026-03-02,Growing,Other
9864,1117,2026-04-17,Established,India
9865,11206,2026-08-10,Growing,India
9866,1647,2026-01-07,Growing,United Kingdom
9867,1354,2026-06-28,Emerging,India
9868,108,2026-02-09,Growing,India
9869,1613,2026-01-08,Emerging,India
9870,11252,2026-07-18,Emerging,Nigeria
9871,3731,2026-05-08,Growing,Other
9872,4340,2026-07-17,Emerging,Canada
9873,11419,2026-08-17,Growing,India
9874,5342,2026-01-24,Growing,United Kingdom
9875,2256,2026-07-04,Emerging,Germany
9876,11365,2026-04-26,Emerging,United States
9877,9548,2026-02-13,Emerging,United States
9878,9863,2026-02-28,Emerging,Canada
9879,8584,2026-08-16,Emerging,United States
9880,8633,2026-07-08,Emerging,India
9881,1720,2026-02-11,Established,United Kingdom
9882,1347,2026-05-26,Emerging,United Kingdom
9883,11687,2026-08-06,Emerging,India
9884,9190,2026-06-17,Established,United States
9885,12340,2026-06-14,Growing,Canada
9886,3674,2026-08-05,Emerging,United States
9887,2770,2026-02-06,Growing,Canada
9888,11613,2026-03-08,Emerging,United States
9889,3795,2026-03-27,Emerging,India
9890,8958,2026-05-31,Growing,India
9891,13993,2026-08-14,Emerging,Nigeria
9892,6657,2026-07-27,Established,United Kingdom
9893,2074,2026-02-06,Emerging,Nigeria
9894,2009,2026-04-30,Growing,Nigeria
9895,814,2026-01-19,Established,Germany
9896,136,2026-06-12,Emerging,India
9897,2459,2026-07-21,Growing,India
9898,3754,2026-06-27,Top Creator,Germany
9899,14399,2026-01-07,Established,Nigeria
9900,4864,2026-08-23,Growing,United Kingdom
9901,14915,2026-05-25,Emerging,Canada
9902,8507,2026-07-24,Emerging,Nigeria
9903,2977,2026-08-03,Emerging,India
9904,9892,2026-08-04,Growing,Nigeria
9905,12307,2026-05-20,Emerging,Nigeria
9906,12147,2026-03-27,Established,India
9907,6204,2026-08-10,Emerging,United States
9908,6995,2026-01-11,Emerging,India
9909,5636,2026-07-27,Emerging,Canada
9910,1817,2026-04-12,Emerging,United Kingdom
9911,5012,2026-05-06,Emerging,United Kingdom
9912,9653,2026-05-30,Emerging,India
9913,9903,2026-07-30,Emerging,India
9914,11896,2026-02-23,Emerging,Nigeria
9915,4796,2026-03-23,Emerging,India
9916,6543,2026-05-07,Emerging,India
9917,10129,2026-04-30,Growing,United States
9918,12845,2026-01-03,Emerging,United States
9919,10392,2026-03-25,Emerging,Canada
9920,13342,2026-05-19,Emerging,Nigeria
9921,13615,2026-07-08,Emerging,Nigeria
9922,4027,2026-05-22,Emerging,Nigeria
9923,1140,2026-05-10,Growing,India
9924,1095,2026-01-22,Emerging,United Kingdom
9925,10545,2026-01-01,Emerging,Nigeria
9926,3151,2026-07-30,Emerging,Germany
9927,14735,2026-06-07,Emerging,Germany
9928,6997,2026-04-18,Emerging,United Kingdom
9929,3546,2026-06-22,Emerging,Nigeria
9930,3130,2026-07-07,Emerging,Other
9931,9602,2026-08-20,Emerging,United States
9932,9616,2026-06-12,Emerging,India
9933,523,2026-05-05,Growing,Germany
9934,11297,2026-06-26,Established,United Kingdom
9935,4166,2026-01-26,Emerging,Other
9936,7415,2026-05-06,Emerging,Germany
9937,11748,2026-08-20,Growing,Other
9938,882,2026-08-03,Emerging,Canada
9939,3441,2026-06-29,Growing,United Kingdom
9940,8318,2026-02-04,Emerging,United States
9941,10404,2026-06-05,Growing,United Kingdom
9942,12732,2026-01-29,Emerging,India
9943,6269,2026-07-01,Emerging,Canada
9944,13920,2026-03-30,Established,United Kingdom
9945,11577,2026-08-24,Emerging,United Kingdom
9946,14747,2026-05-02,Emerging,Germany
9947,7219,2026-08-02,Established,Germany
9948,7416,2026-03-16,Growing,India
9949,2296,2026-05-02,Growing,India
9950,9300,2026-05-12,Emerging,India
9951,7375,2026-05-30,Emerging,United States
9952,2501,2026-04-25,Emerging,Nigeria
9953,1930,2026-08-15,Growing,India
9954,6169,2026-02-23,Emerging,India
9955,2409,2026-05-07,Emerging,India
9956,12056,2026-03-12,Growing,United States
9957,6203,2026-07-14,Growing,United States
9958,10913,2026-06-02,Established,Germany
9959,9631,2026-03-17,Emerging,India
9960,3379,2026-08-14,Emerging,Other
9961,12350,2026-05-18,Established,United Kingdom
9962,5798,2026-05-14,Growing,United States
9963,14429,2026-01-24,Emerging,Germany
9964,3555,2026-08-04,Growing,United Kingdom
9965,4483,2026-05-14,Emerging,India
9966,13347,2026-04-02,Emerging,United Kingdom
9967,3542,2026-06-23,Emerging,United States
9968,11321,2026-06-15,Emerging,Germany
9969,10783,2026-04-14,Emerging,Other
9970,12016,2026-07-18,Emerging,India
9971,12347,2026-01-29,Emerging,United Kingdom
9972,435,2026-08-08,Emerging,India
9973,30,2026-07-07,Growing,United Kingdom
9974,12192,2026-03-15,Emerging,United States
9975,2708,2026-05-05,Established,India
9976,9900,2026-05-26,Growing,United Kingdom
9977,12851,2026-07-27,Emerging,Other
9978,2451,2026-05-30,Emerging,Other
9979,10220,2026-04-04,Emerging,India
9980,4966,2026-05-11,Emerging,Nigeria
9981,2468,2026-03-17,Emerging,Canada
9982,3954,2026-04-18,Emerging,Canada
9983,1100,2026-08-21,Emerging,United States
9984,4295,2026-08-03,Growing,Other
9985,6069,2026-07-23,Emerging,India
9986,9214,2026-03-24,Growing,India
9987,9976,2026-07-11,Emerging,United States
9988,14951,2026-04-05,Growing,Other
9989,3419,2026-05-06,Emerging,Nigeria
9990,11811,2026-01-20,Emerging,India
9991,826,2026-06-22,Emerging,United States
9992,5384,2026-06-18,Emerging,United States
9993,3500,2026-05-17,Emerging,United Kingdom
9994,11632,2026-06-14,Emerging,India
9995,5886,2026-02-15,Emerging,Other
9996,1667,2026-08-22,Growing,Nigeria
9997,4659,2026-04-24,Emerging,United Kingdom
9998,14956,2026-05-30,Growing,India
9999,10836,2026-01-26,Emerging,India
10000,3382,2026-01-15,Emerging,Nigeria
