transaction_id,user_id,transaction_date,package,amount_usd,credits_purchased
1,3851,2026-02-02,Max,199.99,3500
2,7953,2026-02-09,Popular,24.99,300
3,10503,2026-03-27,Studio,499.99,10000
4,7590,2026-06-16,Creator,49.99,700
5,14318,2026-07-16,Popular,24.99,300
6,11202,2026-02-16,Starter,9.99,110
7,8024,2026-03-09,Starter,9.99,110
8,12121,2026-03-30,Creator,49.99,700
9,8856,2026-02-07,Pro,99.99,1600
10,2340,2026-01-10,Mini,4.99,50
11,8105,2026-07-23,Creator,49.99,700
12,2163,2026-06-20,Popular,24.99,300
13,8645,2026-02-18,Max,199.99,3500
14,7317,2026-07-03,Creator,49.99,700
15,6122,2026-03-26,Creator,49.99,700
16,919,2026-03-04,Creator,49.99,700
17,13598,2026-07-02,Mini,4.99,50
18,452,2026-06-21,Mini,4.99,50
19,4677,2026-07-17,Popular,24.99,300
20,9419,2026-07-12,Pro,99.99,1600
21,4111,2026-06-20,Popular,24.99,300
22,7601,2026-04-05,Mini,4.99,50
23,11959,2026-04-19,Creator,49.99,700
24,372,2026-08-21,Starter,9.99,110
25,3327,2026-08-10,Creator,49.99,700
26,13754,2026-03-13,Creator,49.99,700
27,5075,2026-02-05,Popular,24.99,300
28,12759,2026-02-10,Starter,9.99,110
29,6696,2026-07-27,Popular,24.99,300
30,11481,2026-03-29,Popular,24.99,300
31,7269,2026-04-02,Max,199.99,3500
32,6446,2026-05-24,Starter,9.99,110
33,2296,2026-07-17,Popular,24.99,300
34,14911,2026-01-26,Popular,24.99,300
35,13272,2026-05-01,Starter,9.99,110
36,2271,2026-03-08,Popular,24.99,300
37,3261,2026-08-15,Creator,49.99,700
38,6978,2026-05-31,Mini,4.99,50
39,11084,2026-08-29,Pro,99.99,1600
40,337,2026-02-25,Mini,4.99,50
41,11373,2026-03-28,Popular,24.99,300
42,6938,2026-08-02,Starter,9.99,110
43,1383,2026-06-24,Creator,49.99,700
44,11951,2026-02-25,Max,199.99,3500
45,9994,2026-08-20,Max,199.99,3500
46,1378,2026-01-29,Popular,24.99,300
47,1819,2026-03-17,Pro,99.99,1600
48,605,2026-01-01,Starter,9.99,110
49,1966,2026-04-18,Mini,4.99,50
50,1362,2026-01-14,Creator,49.99,700
51,11330,2026-05-15,Starter,9.99,110
52,8460,2026-01-25,Mini,4.99,50
53,694,2026-08-21,Creator,49.99,700
54,6553,2026-03-17,Creator,49.99,700
55,13083,2026-06-30,Pro,99.99,1600
56,3967,2026-03-22,Max,199.99,3500
57,644,2026-02-06,Popular,24.99,300
58,3632,2026-01-24,Pro,99.99,1600
59,4051,2026-01-28,Starter,9.99,110
60,3841,2026-03-19,Mini,4.99,50
61,5061,2026-06-23,Creator,49.99,700
62,9611,2026-06-12,Popular,24.99,300
63,3405,2026-01-29,Pro,99.99,1600
64,12170,2026-01-09,Creator,49.99,700
65,8829,2026-05-02,Max,199.99,3500
66,9410,2026-07-13,Popular,24.99,300
67,9954,2026-04-09,Popular,24.99,300
68,8760,2026-04-19,Popular,24.99,300
69,12162,2026-08-21,Popular,24.99,300
70,11703,2026-05-20,Creator,49.99,700
71,14545,2026-06-23,Popular,24.99,300
72,13691,2026-03-14,Popular,24.99,300
73,480,2026-07-24,Mini,4.99,50
74,5400,2026-06-03,Popular,24.99,300
75,3290,2026-05-18,Creator,49.99,700
76,3798,2026-02-15,Starter,9.99,110
77,12411,2026-02-20,Pro,99.99,1600
78,2003,2026-02-11,Creator,49.99,700
79,7041,2026-07-10,Popular,24.99,300
80,7142,2026-07-05,Starter,9.99,110
81,9488,2026-01-05,Mini,4.99,50
82,13784,2026-08-14,Studio,499.99,10000
83,5279,2026-03-03,Creator,49.99,700
84,8277,2026-08-08,Starter,9.99,110
85,3940,2026-03-26,Pro,99.99,1600
86,1954,2026-03-19,Pro,99.99,1600
87,12294,2026-07-12,Popular,24.99,300
88,6920,2026-08-28,Creator,49.99,700
89,5322,2026-02-02,Starter,9.99,110
90,2132,2026-03-20,Mini,4.99,50
91,7300,2026-04-30,Popular,24.99,300
92,13703,2026-01-07,Creator,49.99,700
93,2592,2026-02-09,Max,199.99,3500
94,9328,2026-01-19,Starter,9.99,110
95,10322,2026-07-09,Starter,9.99,110
96,9441,2026-06-02,Mini,4.99,50
97,10910,2026-03-24,Popular,24.99,300
98,405,2026-08-24,Creator,49.99,700
99,3145,2026-05-25,Starter,9.99,110
100,12353,2026-02-06,Creator,49.99,700
101,573,2026-08-20,Max,199.99,3500
102,6819,2026-06-09,Mini,4.99,50
103,2427,2026-07-16,Mini,4.99,50
104,3312,2026-01-30,Mini,4.99,50
105,4370,2026-01-07,Max,199.99,3500
106,12550,2026-01-12,Popular,24.99,300
107,11157,2026-03-17,Mini,4.99,50
108,7714,2026-04-02,Pro,99.99,1600
109,3218,2026-04-08,Popular,24.99,300
110,6358,2026-01-09,Creator,49.99,700
111,7877,2026-06-12,Popular,24.99,300
112,13749,2026-03-12,Starter,9.99,110
113,12598,2026-01-18,Creator,49.99,700
114,4029,2026-01-04,Starter,9.99,110
115,684,2026-04-03,Max,199.99,3500
116,10961,2026-01-10,Studio,499.99,10000
117,9137,2026-01-01,Popular,24.99,300
118,8940,2026-04-09,Creator,49.99,700
119,4698,2026-03-22,Creator,49.99,700
120,5092,2026-07-26,Creator,49.99,700
121,12118,2026-04-24,Creator,49.99,700
122,12849,2026-01-24,Popular,24.99,300
123,8130,2026-06-30,Studio,499.99,10000
124,8493,2026-07-25,Starter,9.99,110
125,10148,2026-08-16,Starter,9.99,110
126,2142,2026-01-09,Max,199.99,3500
127,11128,2026-06-20,Popular,24.99,300
128,9094,2026-08-30,Pro,99.99,1600
129,12175,2026-03-04,Creator,49.99,700
130,12387,2026-04-22,Mini,4.99,50
131,5361,2026-06-11,Popular,24.99,300
132,8301,2026-08-30,Creator,49.99,700
133,7272,2026-04-07,Popular,24.99,300
134,13193,2026-08-01,Popular,24.99,300
135,2045,2026-04-13,Mini,4.99,50
136,11277,2026-07-15,Creator,49.99,700
137,10740,2026-05-06,Creator,49.99,700
138,1885,2026-06-21,Max,199.99,3500
139,3370,2026-07-06,Starter,9.99,110
140,9667,2026-04-25,Creator,49.99,700
141,11246,2026-03-31,Popular,24.99,300
142,14807,2026-01-15,Mini,4.99,50
143,12071,2026-08-26,Starter,9.99,110
144,7656,2026-08-23,Popular,24.99,300
145,3769,2026-05-26,Max,199.99,3500
146,12204,2026-06-05,Starter,9.99,110
147,11374,2026-05-16,Pro,99.99,1600
148,7639,2026-02-03,Popular,24.99,300
149,4691,2026-02-26,Max,199.99,3500
150,12325,2026-05-23,Max,199.99,3500
151,14999,2026-03-12,Starter,9.99,110
152,9475,2026-06-06,Mini,4.99,50
153,8603,2026-05-23,Popular,24.99,300
154,5813,2026-05-24,Pro,99.99,1600
155,7006,2026-01-24,Starter,9.99,110
156,13312,2026-05-29,Creator,49.99,700
157,4907,2026-08-15,Creator,49.99,700
158,10630,2026-02-22,Starter,9.99,110
159,7713,2026-05-09,Starter,9.99,110
160,11310,2026-03-15,Mini,4.99,50
161,10756,2026-08-15,Mini,4.99,50
162,2342,2026-07-21,Creator,49.99,700
163,11672,2026-08-13,Mini,4.99,50
164,4706,2026-06-17,Starter,9.99,110
165,13144,2026-03-20,Max,199.99,3500
166,37,2026-08-03,Starter,9.99,110
167,2565,2026-07-03,Max,199.99,3500
168,9712,2026-03-23,Creator,49.99,700
169,8054,2026-06-30,Starter,9.99,110
170,13947,2026-03-08,Starter,9.99,110
171,10413,2026-07-07,Creator,49.99,700
172,7236,2026-08-26,Creator,49.99,700
173,8080,2026-02-15,Max,199.99,3500
174,1460,2026-08-09,Popular,24.99,300
175,8066,2026-01-18,Studio,499.99,10000
176,3964,2026-08-14,Creator,49.99,700
177,3343,2026-08-12,Starter,9.99,110
178,10099,2026-08-26,Popular,24.99,300
179,7464,2026-08-15,Popular,24.99,300
180,3307,2026-03-12,Creator,49.99,700
181,12030,2026-06-13,Popular,24.99,300
182,5403,2026-08-25,Popular,24.99,300
183,11870,2026-04-24,Pro,99.99,1600
184,12525,2026-07-11,Pro,99.99,1600
185,6781,2026-07-08,Popular,24.99,300
186,6085,2026-07-07,Mini,4.99,50
187,14794,2026-04-26,Starter,9.99,110
188,7956,2026-04-14,Starter,9.99,110
189,11090,2026-08-06,Pro,99.99,1600
190,12174,2026-07-03,Starter,9.99,110
191,11491,2026-06-02,Creator,49.99,700
192,5452,2026-06-27,Mini,4.99,50
193,7913,2026-04-28,Mini,4.99,50
194,2061,2026-07-25,Creator,49.99,700
195,5226,2026-04-24,Creator,49.99,700
196,9798,2026-01-08,Popular,24.99,300
197,6521,2026-01-12,Creator,49.99,700
198,10331,2026-03-03,Starter,9.99,110
199,5919,2026-01-12,Popular,24.99,300
200,9935,2026-07-09,Popular,24.99,300
201,8795,2026-06-18,Mini,4.99,50
202,2111,2026-02-16,Mini,4.99,50
203,12714,2026-03-17,Starter,9.99,110
204,6412,2026-02-17,Popular,24.99,300
205,9769,2026-04-11,Popular,24.99,300
206,6952,2026-08-28,Pro,99.99,1600
207,14850,2026-04-28,Starter,9.99,110
208,2215,2026-04-08,Popular,24.99,300
209,3521,2026-06-25,Starter,9.99,110
210,2166,2026-04-01,Popular,24.99,300
211,5905,2026-02-20,Popular,24.99,300
212,1138,2026-07-05,Max,199.99,3500
213,9067,2026-06-12,Mini,4.99,50
214,13877,2026-02-03,Creator,49.99,700
215,1410,2026-04-27,Max,199.99,3500
216,13216,2026-02-06,Popular,24.99,300
217,8281,2026-05-29,Starter,9.99,110
218,13365,2026-06-28,Creator,49.99,700
219,14493,2026-08-17,Popular,24.99,300
220,4272,2026-02-02,Creator,49.99,700
221,8231,2026-08-20,Starter,9.99,110
222,3513,2026-05-06,Starter,9.99,110
223,583,2026-07-17,Popular,24.99,300
224,10492,2026-04-22,Studio,499.99,10000
225,10526,2026-02-05,Popular,24.99,300
226,8337,2026-06-08,Creator,49.99,700
227,7086,2026-08-06,Popular,24.99,300
228,1978,2026-01-28,Pro,99.99,1600
229,5680,2026-06-18,Popular,24.99,300
230,2909,2026-06-19,Creator,49.99,700
231,6532,2026-04-09,Creator,49.99,700
232,10423,2026-02-11,Creator,49.99,700
233,5828,2026-01-21,Starter,9.99,110
234,14392,2026-08-11,Starter,9.99,110
235,1194,2026-03-20,Pro,99.99,1600
236,1810,2026-06-27,Mini,4.99,50
237,14932,2026-05-30,Studio,499.99,10000
238,4761,2026-05-07,Popular,24.99,300
239,11967,2026-04-08,Creator,49.99,700
240,10502,2026-02-05,Creator,49.99,700
241,3374,2026-07-09,Popular,24.99,300
242,1112,2026-05-23,Popular,24.99,300
243,791,2026-04-28,Pro,99.99,1600
244,11195,2026-07-23,Mini,4.99,50
245,3742,2026-08-31,Pro,99.99,1600
246,3836,2026-03-15,Popular,24.99,300
247,1871,2026-02-07,Creator,49.99,700
248,7455,2026-01-18,Creator,49.99,700
249,14565,2026-01-18,Pro,99.99,1600
250,3809,2026-06-22,Creator,49.99,700
251,7316,2026-04-20,Mini,4.99,50
252,1736,2026-05-31,Pro,99.99,1600
253,9655,2026-02-13,Mini,4.99,50
254,161,2026-03-02,Popular,24.99,300
255,7815,2026-02-13,Mini,4.99,50
256,2044,2026-07-13,Popular,24.99,300
257,2155,2026-06-20,Max,199.99,3500
258,12749,2026-05-01,Max,199.99,3500
259,8467,2026-02-12,Starter,9.99,110
260,9042,2026-04-20,Popular,24.99,300
261,5227,2026-06-01,Creator,49.99,700
262,10169,2026-01-13,Pro,99.99,1600
263,13303,2026-03-29,Creator,49.99,700
264,2420,2026-02-01,Popular,24.99,300
265,8929,2026-08-02,Starter,9.99,110
266,7148,2026-03-13,Starter,9.99,110
267,12089,2026-07-22,Starter,9.99,110
268,6429,2026-03-16,Starter,9.99,110
269,9415,2026-07-06,Creator,49.99,700
270,7166,2026-05-28,Creator,49.99,700
271,2116,2026-07-10,Studio,499.99,10000
272,254,2026-08-16,Pro,99.99,1600
273,5994,2026-01-15,Starter,9.99,110
274,10542,2026-04-14,Creator,49.99,700
275,7516,2026-01-25,Starter,9.99,110
276,5738,2026-05-03,Max,199.99,3500
277,14551,2026-07-30,Creator,49.99,700
278,6763,2026-01-27,Starter,9.99,110
279,5210,2026-02-16,Popular,24.99,300
280,11914,2026-04-19,Max,199.99,3500
281,2419,2026-01-03,Popular,24.99,300
282,569,2026-08-03,Mini,4.99,50
283,14809,2026-01-03,Starter,9.99,110
284,3955,2026-02-06,Creator,49.99,700
285,11626,2026-02-21,Starter,9.99,110
286,4458,2026-08-31,Max,199.99,3500
287,13108,2026-01-20,Popular,24.99,300
288,8498,2026-06-15,Popular,24.99,300
289,10448,2026-01-26,Starter,9.99,110
290,2436,2026-02-03,Studio,499.99,10000
291,10149,2026-04-10,Starter,9.99,110
292,105,2026-07-29,Starter,9.99,110
293,4794,2026-03-21,Mini,4.99,50
294,11990,2026-04-24,Starter,9.99,110
295,11548,2026-03-22,Popular,24.99,300
296,14354,2026-03-08,Popular,24.99,300
297,5124,2026-02-06,Starter,9.99,110
298,5799,2026-08-12,Starter,9.99,110
299,5693,2026-05-02,Pro,99.99,1600
300,6522,2026-03-13,Starter,9.99,110
301,11769,2026-03-23,Pro,99.99,1600
302,8079,2026-07-05,Max,199.99,3500
303,5887,2026-04-13,Popular,24.99,300
304,9971,2026-07-31,Popular,24.99,300
305,11632,2026-06-15,Max,199.99,3500
306,7222,2026-06-25,Max,199.99,3500
307,2144,2026-01-13,Popular,24.99,300
308,6259,2026-04-05,Starter,9.99,110
309,93,2026-06-11,Popular,24.99,300
310,14203,2026-03-03,Popular,24.99,300
311,180,2026-02-19,Max,199.99,3500
312,7685,2026-03-19,Max,199.99,3500
313,10169,2026-02-18,Popular,24.99,300
314,6669,2026-06-12,Starter,9.99,110
315,5632,2026-07-15,Max,199.99,3500
316,2449,2026-01-02,Starter,9.99,110
317,14779,2026-08-02,Pro,99.99,1600
318,6246,2026-02-05,Popular,24.99,300
319,2942,2026-07-27,Popular,24.99,300
320,11222,2026-01-11,Creator,49.99,700
321,5984,2026-04-16,Mini,4.99,50
322,3012,2026-06-28,Starter,9.99,110
323,8848,2026-06-08,Starter,9.99,110
324,13128,2026-07-12,Mini,4.99,50
325,12470,2026-01-03,Starter,9.99,110
326,14662,2026-07-02,Starter,9.99,110
327,14609,2026-08-20,Studio,499.99,10000
328,8437,2026-07-29,Creator,49.99,700
329,8077,2026-07-30,Creator,49.99,700
330,2895,2026-02-01,Creator,49.99,700
331,5150,2026-07-20,Starter,9.99,110
332,1624,2026-05-15,Max,199.99,3500
333,13292,2026-05-23,Mini,4.99,50
334,8578,2026-05-26,Studio,499.99,10000
335,7927,2026-02-27,Starter,9.99,110
336,7735,2026-05-27,Starter,9.99,110
337,12930,2026-07-30,Creator,49.99,700
338,9964,2026-01-26,Studio,499.99,10000
339,5233,2026-06-27,Starter,9.99,110
340,13734,2026-03-26,Mini,4.99,50
341,3371,2026-03-12,Mini,4.99,50
342,7762,2026-07-24,Pro,99.99,1600
343,5669,2026-08-09,Max,199.99,3500
344,14396,2026-06-11,Popular,24.99,300
345,13220,2026-06-03,Creator,49.99,700
346,7092,2026-05-01,Max,199.99,3500
347,3633,2026-05-07,Starter,9.99,110
348,10900,2026-03-21,Starter,9.99,110
349,11275,2026-03-23,Mini,4.99,50
350,5859,2026-05-09,Starter,9.99,110
351,12852,2026-08-28,Popular,24.99,300
352,4430,2026-05-11,Creator,49.99,700
353,7876,2026-05-08,Popular,24.99,300
354,4845,2026-05-31,Starter,9.99,110
355,24,2026-02-05,Max,199.99,3500
356,10333,2026-03-25,Starter,9.99,110
357,5472,2026-05-19,Popular,24.99,300
358,1641,2026-07-26,Mini,4.99,50
359,10086,2026-01-23,Starter,9.99,110
360,6597,2026-05-31,Creator,49.99,700
361,12476,2026-07-05,Creator,49.99,700
362,2048,2026-01-07,Max,199.99,3500
363,7329,2026-03-06,Creator,49.99,700
364,8113,2026-02-11,Popular,24.99,300
365,7288,2026-02-06,Starter,9.99,110
366,8644,2026-02-01,Starter,9.99,110
367,4348,2026-04-28,Starter,9.99,110
368,9842,2026-03-29,Pro,99.99,1600
369,11643,2026-08-15,Starter,9.99,110
370,9614,2026-05-06,Popular,24.99,300
371,12160,2026-07-31,Creator,49.99,700
372,11601,2026-08-20,Max,199.99,3500
373,1926,2026-06-23,Creator,49.99,700
374,2675,2026-05-31,Starter,9.99,110
375,13103,2026-05-19,Popular,24.99,300
376,10147,2026-07-10,Creator,49.99,700
377,6561,2026-01-22,Popular,24.99,300
378,495,2026-08-28,Pro,99.99,1600
379,12244,2026-07-16,Mini,4.99,50
380,4781,2026-04-08,Creator,49.99,700
381,2829,2026-06-30,Mini,4.99,50
382,794,2026-01-25,Popular,24.99,300
383,13726,2026-02-23,Popular,24.99,300
384,428,2026-02-17,Popular,24.99,300
385,2636,2026-01-28,Popular,24.99,300
386,6452,2026-03-04,Starter,9.99,110
387,2981,2026-07-18,Creator,49.99,700
388,7878,2026-07-25,Creator,49.99,700
389,7590,2026-07-06,Pro,99.99,1600
390,1318,2026-02-01,Pro,99.99,1600
391,14461,2026-06-17,Pro,99.99,1600
392,1451,2026-06-05,Starter,9.99,110
393,63,2026-03-16,Pro,99.99,1600
394,11735,2026-08-17,Starter,9.99,110
395,9951,2026-06-15,Max,199.99,3500
396,4086,2026-06-07,Starter,9.99,110
397,10236,2026-02-06,Creator,49.99,700
398,8884,2026-02-15,Popular,24.99,300
399,374,2026-08-14,Popular,24.99,300
400,5734,2026-04-15,Mini,4.99,50
401,12515,2026-05-31,Creator,49.99,700
402,12847,2026-07-05,Popular,24.99,300
403,2526,2026-07-25,Starter,9.99,110
404,8377,2026-02-12,Mini,4.99,50
405,3962,2026-05-16,Popular,24.99,300
406,9589,2026-07-23,Creator,49.99,700
407,7312,2026-01-27,Starter,9.99,110
408,1355,2026-01-23,Pro,99.99,1600
409,1118,2026-04-02,Creator,49.99,700
410,8838,2026-05-15,Max,199.99,3500
411,12314,2026-04-30,Creator,49.99,700
412,13882,2026-05-31,Pro,99.99,1600
413,2560,2026-08-20,Creator,49.99,700
414,1656,2026-01-30,Starter,9.99,110
415,13480,2026-02-06,Creator,49.99,700
416,12539,2026-08-08,Popular,24.99,300
417,13089,2026-05-21,Creator,49.99,700
418,203,2026-06-09,Starter,9.99,110
419,5272,2026-01-19,Creator,49.99,700
420,4943,2026-07-23,Popular,24.99,300
421,9208,2026-03-29,Creator,49.99,700
422,13259,2026-04-02,Popular,24.99,300
423,6930,2026-06-29,Starter,9.99,110
424,3594,2026-01-20,Popular,24.99,300
425,5366,2026-06-08,Popular,24.99,300
426,13195,2026-07-01,Starter,9.99,110
427,8790,2026-06-28,Popular,24.99,300
428,8104,2026-03-16,Pro,99.99,1600
429,10898,2026-01-21,Pro,99.99,1600
430,301,2026-05-09,Creator,49.99,700
431,5436,2026-07-27,Starter,9.99,110
432,10956,2026-05-10,Popular,24.99,300
433,11524,2026-05-21,Max,199.99,3500
434,13999,2026-01-06,Popular,24.99,300
435,10815,2026-07-08,Studio,499.99,10000
436,8070,2026-04-15,Studio,499.99,10000
437,449,2026-03-14,Starter,9.99,110
438,5853,2026-05-03,Popular,24.99,300
439,6723,2026-02-21,Max,199.99,3500
440,941,2026-08-30,Studio,499.99,10000
441,2732,2026-05-31,Max,199.99,3500
442,8272,2026-08-12,Studio,499.99,10000
443,6916,2026-05-10,Studio,499.99,10000
444,8380,2026-02-19,Max,199.99,3500
445,3011,2026-05-22,Starter,9.99,110
446,5566,2026-01-24,Creator,49.99,700
447,4106,2026-06-29,Popular,24.99,300
448,10489,2026-08-01,Starter,9.99,110
449,12377,2026-08-09,Mini,4.99,50
450,11352,2026-03-28,Pro,99.99,1600
451,11317,2026-06-13,Starter,9.99,110
452,3821,2026-08-08,Pro,99.99,1600
453,8933,2026-06-15,Starter,9.99,110
454,1656,2026-08-08,Max,199.99,3500
455,8504,2026-06-01,Max,199.99,3500
456,4350,2026-04-06,Pro,99.99,1600
457,10626,2026-05-05,Starter,9.99,110
458,4946,2026-08-08,Studio,499.99,10000
459,10059,2026-06-04,Mini,4.99,50
460,8813,2026-06-28,Max,199.99,3500
461,6027,2026-06-15,Pro,99.99,1600
462,4780,2026-03-22,Starter,9.99,110
463,13380,2026-07-13,Pro,99.99,1600
464,8517,2026-08-15,Max,199.99,3500
465,4571,2026-06-26,Pro,99.99,1600
466,9008,2026-07-25,Popular,24.99,300
467,23,2026-08-13,Max,199.99,3500
468,5455,2026-05-03,Creator,49.99,700
469,3215,2026-05-08,Starter,9.99,110
470,4435,2026-07-05,Popular,24.99,300
471,6179,2026-06-12,Popular,24.99,300
472,5793,2026-04-24,Pro,99.99,1600
473,13335,2026-06-26,Pro,99.99,1600
474,14786,2026-04-21,Starter,9.99,110
475,14739,2026-06-16,Pro,99.99,1600
476,953,2026-04-23,Max,199.99,3500
477,9829,2026-04-23,Mini,4.99,50
478,5141,2026-05-04,Starter,9.99,110
479,2703,2026-02-28,Starter,9.99,110
480,1313,2026-06-20,Creator,49.99,700
481,11480,2026-04-06,Starter,9.99,110
482,5597,2026-06-20,Popular,24.99,300
483,1354,2026-07-24,Creator,49.99,700
484,1470,2026-05-09,Starter,9.99,110
485,10693,2026-07-31,Popular,24.99,300
486,6750,2026-05-06,Studio,499.99,10000
487,2955,2026-02-02,Mini,4.99,50
488,7780,2026-04-01,Starter,9.99,110
489,10677,2026-07-20,Pro,99.99,1600
490,4410,2026-05-12,Creator,49.99,700
491,11911,2026-05-09,Pro,99.99,1600
492,8951,2026-08-20,Starter,9.99,110
493,12118,2026-01-22,Max,199.99,3500
494,11088,2026-08-10,Mini,4.99,50
495,14673,2026-06-05,Creator,49.99,700
496,9054,2026-06-12,Studio,499.99,10000
497,980,2026-04-20,Starter,9.99,110
498,14914,2026-08-17,Popular,24.99,300
499,801,2026-03-31,Mini,4.99,50
500,8660,2026-08-03,Creator,49.99,700
501,7547,2026-03-14,Starter,9.99,110
502,2829,2026-03-18,Max,199.99,3500
503,4194,2026-02-19,Starter,9.99,110
504,6866,2026-06-24,Max,199.99,3500
505,3752,2026-02-08,Pro,99.99,1600
506,6860,2026-05-10,Popular,24.99,300
507,348,2026-07-20,Popular,24.99,300
508,3218,2026-03-19,Popular,24.99,300
509,9973,2026-08-07,Max,199.99,3500
510,595,2026-04-25,Popular,24.99,300
511,14975,2026-07-01,Mini,4.99,50
512,4243,2026-08-16,Starter,9.99,110
513,11720,2026-04-25,Creator,49.99,700
514,2846,2026-04-30,Popular,24.99,300
515,10667,2026-01-07,Creator,49.99,700
516,9228,2026-08-04,Starter,9.99,110
517,4015,2026-03-03,Pro,99.99,1600
518,14550,2026-04-04,Starter,9.99,110
519,14446,2026-05-15,Starter,9.99,110
520,5660,2026-04-07,Popular,24.99,300
521,8752,2026-04-23,Pro,99.99,1600
522,8478,2026-01-22,Creator,49.99,700
523,7785,2026-01-17,Starter,9.99,110
524,6371,2026-01-15,Creator,49.99,700
525,10065,2026-07-18,Starter,9.99,110
526,12588,2026-06-23,Max,199.99,3500
527,14346,2026-06-25,Pro,99.99,1600
528,7655,2026-03-31,Popular,24.99,300
529,8747,2026-07-10,Starter,9.99,110
530,8965,2026-03-11,Popular,24.99,300
531,6226,2026-04-04,Studio,499.99,10000
532,12711,2026-05-26,Starter,9.99,110
533,4243,2026-07-06,Starter,9.99,110
534,9092,2026-06-27,Max,199.99,3500
535,8263,2026-02-08,Starter,9.99,110
536,467,2026-06-24,Studio,499.99,10000
537,8232,2026-06-14,Starter,9.99,110
538,9164,2026-03-22,Starter,9.99,110
539,10347,2026-02-23,Starter,9.99,110
540,425,2026-02-04,Popular,24.99,300
541,12631,2026-06-23,Mini,4.99,50
542,9342,2026-01-14,Mini,4.99,50
543,8432,2026-04-23,Starter,9.99,110
544,10980,2026-05-16,Creator,49.99,700
545,2461,2026-05-13,Max,199.99,3500
546,3382,2026-07-16,Popular,24.99,300
547,12627,2026-07-08,Starter,9.99,110
548,8566,2026-08-02,Max,199.99,3500
549,12342,2026-05-10,Starter,9.99,110
550,13743,2026-04-20,Starter,9.99,110
551,5014,2026-01-13,Starter,9.99,110
552,4316,2026-08-08,Starter,9.99,110
553,12943,2026-02-23,Pro,99.99,1600
554,10951,2026-03-30,Starter,9.99,110
555,5284,2026-05-15,Creator,49.99,700
556,7339,2026-06-13,Popular,24.99,300
557,9448,2026-03-13,Starter,9.99,110
558,3970,2026-08-29,Creator,49.99,700
559,13342,2026-06-27,Creator,49.99,700
560,10541,2026-05-24,Popular,24.99,300
561,8498,2026-02-12,Popular,24.99,300
562,9597,2026-02-13,Mini,4.99,50
563,6631,2026-08-31,Mini,4.99,50
564,12128,2026-07-26,Pro,99.99,1600
565,627,2026-05-08,Pro,99.99,1600
566,4289,2026-07-22,Popular,24.99,300
567,11274,2026-01-14,Creator,49.99,700
568,13015,2026-02-26,Pro,99.99,1600
569,8595,2026-02-27,Mini,4.99,50
570,14877,2026-03-31,Studio,499.99,10000
571,11565,2026-06-11,Studio,499.99,10000
572,413,2026-05-04,Popular,24.99,300
573,11564,2026-01-07,Starter,9.99,110
574,12578,2026-07-05,Starter,9.99,110
575,2920,2026-04-15,Starter,9.99,110
576,11891,2026-06-30,Starter,9.99,110
577,10608,2026-06-09,Studio,499.99,10000
578,14936,2026-05-16,Popular,24.99,300
579,14310,2026-03-24,Starter,9.99,110
580,13710,2026-02-17,Pro,99.99,1600
581,1092,2026-08-07,Starter,9.99,110
582,1988,2026-05-16,Popular,24.99,300
583,11232,2026-03-16,Pro,99.99,1600
584,1454,2026-03-15,Popular,24.99,300
585,3080,2026-08-25,Max,199.99,3500
586,12445,2026-08-25,Popular,24.99,300
587,4310,2026-04-29,Max,199.99,3500
588,3656,2026-05-17,Creator,49.99,700
589,10483,2026-02-27,Popular,24.99,300
590,10501,2026-03-24,Mini,4.99,50
591,2186,2026-05-16,Popular,24.99,300
592,14095,2026-08-19,Creator,49.99,700
593,4571,2026-01-18,Mini,4.99,50
594,12057,2026-06-03,Mini,4.99,50
595,10682,2026-01-01,Studio,499.99,10000
596,7953,2026-01-05,Studio,499.99,10000
597,5760,2026-08-21,Mini,4.99,50
598,14924,2026-03-20,Starter,9.99,110
599,14811,2026-03-08,Starter,9.99,110
600,12210,2026-04-04,Pro,99.99,1600
601,14642,2026-03-09,Creator,49.99,700
602,9392,2026-02-05,Popular,24.99,300
603,5552,2026-03-20,Mini,4.99,50
604,2983,2026-03-26,Max,199.99,3500
605,929,2026-05-12,Starter,9.99,110
606,3691,2026-08-14,Pro,99.99,1600
607,14701,2026-05-30,Studio,499.99,10000
608,1157,2026-02-21,Creator,49.99,700
609,9475,2026-08-13,Starter,9.99,110
610,311,2026-03-13,Starter,9.99,110
611,12179,2026-02-01,Popular,24.99,300
612,12061,2026-03-15,Max,199.99,3500
613,2032,2026-04-05,Mini,4.99,50
614,1912,2026-04-30,Mini,4.99,50
615,12270,2026-03-09,Pro,99.99,1600
616,3469,2026-06-28,Popular,24.99,300
617,8547,2026-01-05,Popular,24.99,300
618,6249,2026-04-13,Popular,24.99,300
619,9752,2026-05-06,Mini,4.99,50
620,666,2026-02-17,Mini,4.99,50
621,7543,2026-07-31,Popular,24.99,300
622,60,2026-01-30,Popular,24.99,300
623,6803,2026-05-30,Starter,9.99,110
624,14402,2026-06-23,Max,199.99,3500
625,13408,2026-08-08,Starter,9.99,110
626,12696,2026-01-01,Popular,24.99,300
627,8666,2026-07-19,Max,199.99,3500
628,8600,2026-06-19,Starter,9.99,110
629,9814,2026-03-14,Creator,49.99,700
630,13146,2026-04-29,Creator,49.99,700
631,6747,2026-08-31,Popular,24.99,300
632,13181,2026-08-15,Mini,4.99,50
633,12172,2026-03-04,Popular,24.99,300
634,10625,2026-07-25,Creator,49.99,700
635,6598,2026-01-20,Creator,49.99,700
636,11836,2026-01-17,Starter,9.99,110
637,7852,2026-05-15,Pro,99.99,1600
638,2532,2026-02-12,Popular,24.99,300
639,8831,2026-05-22,Pro,99.99,1600
640,13759,2026-07-26,Starter,9.99,110
641,14754,2026-04-02,Starter,9.99,110
642,4592,2026-05-08,Starter,9.99,110
643,2871,2026-01-07,Popular,24.99,300
644,11748,2026-02-21,Creator,49.99,700
645,4841,2026-04-30,Starter,9.99,110
646,6103,2026-01-04,Starter,9.99,110
647,93,2026-04-06,Pro,99.99,1600
648,1541,2026-07-12,Creator,49.99,700
649,4660,2026-07-27,Creator,49.99,700
650,960,2026-06-04,Popular,24.99,300
651,11464,2026-07-23,Starter,9.99,110
652,2813,2026-05-25,Pro,99.99,1600
653,12188,2026-06-20,Creator,49.99,700
654,783,2026-07-03,Creator,49.99,700
655,4932,2026-08-02,Starter,9.99,110
656,14855,2026-03-22,Starter,9.99,110
657,367,2026-03-22,Starter,9.99,110
658,1919,2026-07-06,Starter,9.99,110
659,3642,2026-04-03,Popular,24.99,300
660,14788,2026-08-18,Max,199.99,3500
661,12288,2026-08-22,Creator,49.99,700
662,9757,2026-04-10,Studio,499.99,10000
663,11905,2026-02-13,Creator,49.99,700
664,3344,2026-01-09,Mini,4.99,50
665,14271,2026-01-16,Mini,4.99,50
666,9017,2026-01-14,Mini,4.99,50
667,5502,2026-06-15,Starter,9.99,110
668,6301,2026-01-24,Popular,24.99,300
669,8118,2026-03-13,Max,199.99,3500
670,3640,2026-02-04,Popular,24.99,300
671,10369,2026-05-27,Creator,49.99,700
672,12106,2026-02-26,Starter,9.99,110
673,2137,2026-03-20,Popular,24.99,300
674,2252,2026-01-19,Creator,49.99,700
675,1402,2026-02-06,Creator,49.99,700
676,9497,2026-08-26,Creator,49.99,700
677,14108,2026-04-01,Starter,9.99,110
678,14877,2026-04-22,Creator,49.99,700
679,2589,2026-03-14,Max,199.99,3500
680,12331,2026-03-18,Mini,4.99,50
681,13675,2026-01-03,Starter,9.99,110
682,14094,2026-05-31,Popular,24.99,300
683,7572,2026-06-15,Pro,99.99,1600
684,2326,2026-03-06,Creator,49.99,700
685,6537,2026-03-20,Mini,4.99,50
686,1356,2026-08-25,Starter,9.99,110
687,1159,2026-05-11,Max,199.99,3500
688,10682,2026-08-15,Popular,24.99,300
689,9858,2026-02-07,Pro,99.99,1600
690,14972,2026-05-15,Creator,49.99,700
691,1773,2026-03-23,Popular,24.99,300
692,10293,2026-06-13,Popular,24.99,300
693,5728,2026-02-18,Starter,9.99,110
694,8813,2026-06-05,Starter,9.99,110
695,10142,2026-06-04,Starter,9.99,110
696,10690,2026-03-30,Pro,99.99,1600
697,3508,2026-04-22,Creator,49.99,700
698,1689,2026-07-17,Pro,99.99,1600
699,13787,2026-02-28,Popular,24.99,300
700,13294,2026-08-08,Mini,4.99,50
701,14448,2026-08-11,Mini,4.99,50
702,8496,2026-06-25,Creator,49.99,700
703,8033,2026-06-26,Pro,99.99,1600
704,8210,2026-01-30,Popular,24.99,300
705,3832,2026-08-17,Max,199.99,3500
706,2850,2026-04-30,Mini,4.99,50
707,6316,2026-05-13,Starter,9.99,110
708,7207,2026-05-07,Starter,9.99,110
709,2747,2026-02-19,Starter,9.99,110
710,10695,2026-08-27,Pro,99.99,1600
711,7024,2026-01-26,Starter,9.99,110
712,5563,2026-02-01,Popular,24.99,300
713,3468,2026-07-02,Starter,9.99,110
714,12999,2026-06-04,Studio,499.99,10000
715,5914,2026-08-25,Popular,24.99,300
716,9424,2026-05-14,Pro,99.99,1600
717,9848,2026-04-25,Pro,99.99,1600
718,9715,2026-01-21,Creator,49.99,700
719,10203,2026-05-30,Popular,24.99,300
720,4608,2026-06-23,Popular,24.99,300
721,1137,2026-07-10,Creator,49.99,700
722,3043,2026-04-13,Max,199.99,3500
723,2967,2026-03-22,Pro,99.99,1600
724,10239,2026-08-30,Pro,99.99,1600
725,3031,2026-01-13,Popular,24.99,300
726,12977,2026-08-15,Creator,49.99,700
727,4266,2026-07-06,Popular,24.99,300
728,6864,2026-06-21,Creator,49.99,700
729,5625,2026-01-09,Studio,499.99,10000
730,3570,2026-05-25,Starter,9.99,110
731,1576,2026-05-28,Creator,49.99,700
732,11905,2026-04-10,Max,199.99,3500
733,2683,2026-03-04,Pro,99.99,1600
734,7211,2026-01-13,Starter,9.99,110
735,3734,2026-05-12,Pro,99.99,1600
736,246,2026-08-13,Max,199.99,3500
737,9549,2026-05-07,Mini,4.99,50
738,9585,2026-06-21,Mini,4.99,50
739,2560,2026-01-29,Popular,24.99,300
740,2451,2026-08-31,Starter,9.99,110
741,11782,2026-07-12,Popular,24.99,300
742,11041,2026-03-11,Starter,9.99,110
743,11155,2026-03-29,Starter,9.99,110
744,1555,2026-05-28,Starter,9.99,110
745,12648,2026-07-02,Max,199.99,3500
746,14764,2026-02-03,Studio,499.99,10000
747,310,2026-03-21,Creator,49.99,700
748,10396,2026-05-27,Creator,49.99,700
749,3076,2026-02-25,Popular,24.99,300
750,14792,2026-08-20,Starter,9.99,110
751,1434,2026-06-06,Starter,9.99,110
752,13526,2026-01-11,Creator,49.99,700
753,14392,2026-05-02,Creator,49.99,700
754,11329,2026-08-18,Starter,9.99,110
755,11691,2026-06-28,Max,199.99,3500
756,1052,2026-04-21,Popular,24.99,300
757,11001,2026-02-07,Studio,499.99,10000
758,296,2026-03-29,Pro,99.99,1600
759,7694,2026-01-04,Max,199.99,3500
760,12273,2026-02-03,Mini,4.99,50
761,13921,2026-08-24,Creator,49.99,700
762,5839,2026-05-02,Mini,4.99,50
763,8269,2026-07-24,Starter,9.99,110
764,13411,2026-04-08,Mini,4.99,50
765,5435,2026-07-18,Starter,9.99,110
766,507,2026-08-13,Popular,24.99,300
767,13583,2026-06-03,Mini,4.99,50
768,7404,2026-05-19,Starter,9.99,110
769,1473,2026-02-08,Creator,49.99,700
770,4054,2026-03-05,Popular,24.99,300
771,1777,2026-04-21,Creator,49.99,700
772,11692,2026-03-06,Pro,99.99,1600
773,7557,2026-07-29,Max,199.99,3500
774,4474,2026-05-26,Studio,499.99,10000
775,10020,2026-01-07,Popular,24.99,300
776,8636,2026-06-10,Starter,9.99,110
777,11897,2026-08-12,Starter,9.99,110
778,8580,2026-02-20,Popular,24.99,300
779,10015,2026-03-10,Studio,499.99,10000
780,7068,2026-05-06,Pro,99.99,1600
781,11905,2026-03-29,Pro,99.99,1600
782,5230,2026-03-23,Mini,4.99,50
783,750,2026-08-23,Popular,24.99,300
784,7573,2026-06-08,Starter,9.99,110
785,2259,2026-07-11,Popular,24.99,300
786,10136,2026-01-10,Pro,99.99,1600
787,1857,2026-03-10,Popular,24.99,300
788,12134,2026-05-16,Popular,24.99,300
789,1052,2026-05-12,Pro,99.99,1600
790,11624,2026-08-10,Starter,9.99,110
791,5991,2026-03-29,Starter,9.99,110
792,8525,2026-06-11,Starter,9.99,110
793,13669,2026-05-16,Creator,49.99,700
794,9234,2026-03-16,Studio,499.99,10000
795,3823,2026-03-28,Popular,24.99,300
796,1406,2026-03-10,Starter,9.99,110
797,11661,2026-07-25,Popular,24.99,300
798,2329,2026-06-17,Starter,9.99,110
799,201,2026-03-15,Starter,9.99,110
800,5016,2026-04-27,Popular,24.99,300
801,8633,2026-05-21,Popular,24.99,300
802,8983,2026-07-23,Max,199.99,3500
803,3129,2026-03-10,Max,199.99,3500
804,12352,2026-06-16,Mini,4.99,50
805,12419,2026-07-26,Starter,9.99,110
806,8619,2026-04-14,Creator,49.99,700
807,1515,2026-03-18,Starter,9.99,110
808,8641,2026-02-02,Pro,99.99,1600
809,9195,2026-05-19,Creator,49.99,700
810,10830,2026-06-01,Creator,49.99,700
811,4339,2026-08-13,Creator,49.99,700
812,8300,2026-04-06,Popular,24.99,300
813,1874,2026-08-26,Creator,49.99,700
814,7290,2026-05-01,Starter,9.99,110
815,2341,2026-06-03,Pro,99.99,1600
816,3579,2026-05-22,Creator,49.99,700
817,9449,2026-05-11,Creator,49.99,700
818,5243,2026-04-03,Creator,49.99,700
819,5094,2026-01-05,Starter,9.99,110
820,1009,2026-03-17,Pro,99.99,1600
821,8721,2026-02-14,Creator,49.99,700
822,2147,2026-06-08,Studio,499.99,10000
823,6281,2026-08-09,Creator,49.99,700
824,9193,2026-07-26,Mini,4.99,50
825,10377,2026-01-16,Creator,49.99,700
826,14667,2026-02-26,Popular,24.99,300
827,4843,2026-06-27,Creator,49.99,700
828,4854,2026-06-05,Starter,9.99,110
829,4890,2026-03-07,Starter,9.99,110
830,14984,2026-05-03,Max,199.99,3500
831,14203,2026-03-23,Creator,49.99,700
832,9132,2026-02-28,Creator,49.99,700
833,6674,2026-08-01,Starter,9.99,110
834,11282,2026-04-14,Starter,9.99,110
835,134,2026-07-08,Creator,49.99,700
836,14418,2026-02-24,Creator,49.99,700
837,2852,2026-07-20,Creator,49.99,700
838,9089,2026-03-03,Popular,24.99,300
839,1075,2026-08-04,Starter,9.99,110
840,8505,2026-07-29,Max,199.99,3500
841,4233,2026-01-07,Popular,24.99,300
842,12957,2026-08-16,Starter,9.99,110
843,4938,2026-08-04,Popular,24.99,300
844,6493,2026-07-03,Starter,9.99,110
845,1692,2026-05-18,Starter,9.99,110
846,390,2026-01-18,Starter,9.99,110
847,7344,2026-02-16,Pro,99.99,1600
848,13905,2026-08-07,Popular,24.99,300
849,11513,2026-01-23,Starter,9.99,110
850,3727,2026-04-28,Mini,4.99,50
851,8526,2026-03-20,Pro,99.99,1600
852,6595,2026-04-16,Popular,24.99,300
853,1543,2026-08-22,Creator,49.99,700
854,14001,2026-03-21,Mini,4.99,50
855,12312,2026-02-01,Max,199.99,3500
856,3025,2026-03-09,Creator,49.99,700
857,1453,2026-02-16,Pro,99.99,1600
858,3092,2026-01-27,Creator,49.99,700
859,791,2026-05-02,Mini,4.99,50
860,12309,2026-01-24,Mini,4.99,50
861,3404,2026-07-03,Max,199.99,3500
862,1542,2026-08-13,Pro,99.99,1600
863,4709,2026-07-26,Studio,499.99,10000
864,14848,2026-04-02,Creator,49.99,700
865,4502,2026-08-01,Pro,99.99,1600
866,14272,2026-04-19,Popular,24.99,300
867,13361,2026-04-25,Studio,499.99,10000
868,3496,2026-05-02,Mini,4.99,50
869,5336,2026-06-22,Popular,24.99,300
870,533,2026-07-01,Max,199.99,3500
871,14755,2026-05-19,Starter,9.99,110
872,5564,2026-05-10,Mini,4.99,50
873,14218,2026-02-04,Starter,9.99,110
874,3798,2026-04-23,Mini,4.99,50
875,681,2026-02-18,Creator,49.99,700
876,608,2026-06-21,Creator,49.99,700
877,4692,2026-01-26,Creator,49.99,700
878,230,2026-06-18,Popular,24.99,300
879,2666,2026-04-03,Mini,4.99,50
880,7380,2026-03-04,Popular,24.99,300
881,4003,2026-04-30,Starter,9.99,110
882,4389,2026-08-19,Studio,499.99,10000
883,8221,2026-04-25,Starter,9.99,110
884,13555,2026-04-28,Creator,49.99,700
885,11617,2026-05-27,Creator,49.99,700
886,9065,2026-01-20,Starter,9.99,110
887,4073,2026-07-18,Starter,9.99,110
888,5206,2026-08-06,Popular,24.99,300
889,13784,2026-05-11,Starter,9.99,110
890,5434,2026-06-09,Mini,4.99,50
891,3395,2026-01-31,Starter,9.99,110
892,9629,2026-06-11,Creator,49.99,700
893,10052,2026-07-03,Starter,9.99,110
894,5089,2026-06-09,Popular,24.99,300
895,14988,2026-08-26,Creator,49.99,700
896,14703,2026-08-16,Popular,24.99,300
897,12029,2026-08-27,Starter,9.99,110
898,9439,2026-01-31,Creator,49.99,700
899,4930,2026-07-19,Creator,49.99,700
900,11956,2026-02-10,Studio,499.99,10000
901,5096,2026-02-14,Max,199.99,3500
902,10854,2026-01-15,Max,199.99,3500
903,10701,2026-02-17,Starter,9.99,110
904,3906,2026-02-19,Mini,4.99,50
905,2976,2026-04-07,Starter,9.99,110
906,13471,2026-05-08,Creator,49.99,700
907,5542,2026-08-19,Popular,24.99,300
908,8473,2026-03-06,Studio,499.99,10000
909,1488,2026-05-05,Pro,99.99,1600
910,10626,2026-03-28,Starter,9.99,110
911,8598,2026-08-30,Creator,49.99,700
912,10103,2026-05-15,Studio,499.99,10000
913,7436,2026-07-28,Creator,49.99,700
914,12933,2026-07-05,Max,199.99,3500
915,9343,2026-03-09,Starter,9.99,110
916,4143,2026-04-28,Starter,9.99,110
917,13744,2026-08-19,Max,199.99,3500
918,8602,2026-03-15,Pro,99.99,1600
919,7868,2026-05-23,Max,199.99,3500
920,13767,2026-05-04,Studio,499.99,10000
921,9232,2026-07-26,Starter,9.99,110
922,10230,2026-08-14,Studio,499.99,10000
923,13347,2026-08-13,Popular,24.99,300
924,5015,2026-02-20,Mini,4.99,50
925,11715,2026-04-07,Popular,24.99,300
926,1634,2026-04-08,Max,199.99,3500
927,11021,2026-01-20,Creator,49.99,700
928,5753,2026-02-26,Starter,9.99,110
929,4512,2026-06-24,Popular,24.99,300
930,11838,2026-08-14,Starter,9.99,110
931,832,2026-01-06,Starter,9.99,110
932,5328,2026-02-22,Creator,49.99,700
933,1638,2026-06-28,Starter,9.99,110
934,6883,2026-06-14,Starter,9.99,110
935,5808,2026-04-09,Pro,99.99,1600
936,12951,2026-05-08,Pro,99.99,1600
937,516,2026-06-14,Starter,9.99,110
938,2384,2026-06-18,Creator,49.99,700
939,718,2026-07-24,Studio,499.99,10000
940,8133,2026-07-05,Pro,99.99,1600
941,10057,2026-07-04,Starter,9.99,110
942,792,2026-06-06,Starter,9.99,110
943,1587,2026-04-05,Popular,24.99,300
944,11724,2026-07-21,Starter,9.99,110
945,12654,2026-02-08,Pro,99.99,1600
946,6128,2026-02-15,Starter,9.99,110
947,6140,2026-03-23,Creator,49.99,700
948,4849,2026-08-23,Creator,49.99,700
949,6900,2026-07-03,Starter,9.99,110
950,13098,2026-02-16,Pro,99.99,1600
951,4654,2026-07-11,Starter,9.99,110
952,8279,2026-02-26,Creator,49.99,700
953,13996,2026-02-25,Studio,499.99,10000
954,14224,2026-03-13,Starter,9.99,110
955,7522,2026-05-24,Pro,99.99,1600
956,14412,2026-08-01,Starter,9.99,110
957,6058,2026-02-26,Popular,24.99,300
958,10839,2026-07-21,Popular,24.99,300
959,12367,2026-07-01,Max,199.99,3500
960,5139,2026-08-30,Popular,24.99,300
961,4117,2026-01-28,Starter,9.99,110
962,11650,2026-06-10,Starter,9.99,110
963,3629,2026-01-25,Max,199.99,3500
964,12665,2026-01-30,Creator,49.99,700
965,1148,2026-01-20,Popular,24.99,300
966,14807,2026-05-18,Starter,9.99,110
967,12035,2026-07-04,Creator,49.99,700
968,10121,2026-05-25,Mini,4.99,50
969,6816,2026-07-03,Starter,9.99,110
970,25,2026-03-11,Creator,49.99,700
971,13609,2026-04-12,Popular,24.99,300
972,4845,2026-02-01,Pro,99.99,1600
973,14050,2026-08-24,Pro,99.99,1600
974,350,2026-01-16,Popular,24.99,300
975,9539,2026-01-18,Creator,49.99,700
976,5981,2026-07-26,Creator,49.99,700
977,8755,2026-05-07,Mini,4.99,50
978,1582,2026-08-07,Mini,4.99,50
979,14255,2026-06-19,Creator,49.99,700
980,710,2026-02-05,Starter,9.99,110
981,7317,2026-04-12,Mini,4.99,50
982,7186,2026-04-24,Studio,499.99,10000
983,14720,2026-07-03,Starter,9.99,110
984,8697,2026-01-19,Starter,9.99,110
985,13673,2026-04-05,Popular,24.99,300
986,7576,2026-02-16,Popular,24.99,300
987,2857,2026-04-02,Popular,24.99,300
988,4086,2026-08-31,Pro,99.99,1600
989,2581,2026-04-21,Mini,4.99,50
990,1043,2026-07-28,Starter,9.99,110
991,5228,2026-01-10,Studio,499.99,10000
992,10958,2026-06-24,Popular,24.99,300
993,5366,2026-08-15,Creator,49.99,700
994,9967,2026-01-05,Mini,4.99,50
995,2773,2026-04-26,Pro,99.99,1600
996,1511,2026-03-25,Popular,24.99,300
997,1158,2026-01-16,Starter,9.99,110
998,555,2026-06-12,Popular,24.99,300
999,5517,2026-01-30,Starter,9.99,110
1000,1278,2026-04-26,Starter,9.99,110
1001,7865,2026-07-11,Pro,99.99,1600
1002,7853,2026-03-13,Popular,24.99,300
1003,9791,2026-08-04,Starter,9.99,110
1004,10878,2026-04-24,Starter,9.99,110
1005,4562,2026-07-09,Mini,4.99,50
1006,10638,2026-08-26,Creator,49.99,700
1007,3696,2026-04-09,Starter,9.99,110
1008,10155,2026-01-23,Popular,24.99,300
1009,5291,2026-06-09,Max,199.99,3500
1010,9218,2026-01-26,Popular,24.99,300
1011,5889,2026-06-06,Popular,24.99,300
1012,6420,2026-04-26,Mini,4.99,50
1013,8242,2026-06-06,Mini,4.99,50
1014,8679,2026-04-14,Creator,49.99,700
1015,1788,2026-03-19,Starter,9.99,110
1016,8248,2026-08-06,Creator,49.99,700
1017,5702,2026-03-29,Max,199.99,3500
1018,5802,2026-06-27,Popular,24.99,300
1019,14099,2026-01-06,Starter,9.99,110
1020,3071,2026-08-30,Creator,49.99,700
1021,2817,2026-02-05,Max,199.99,3500
1022,11137,2026-01-01,Creator,49.99,700
1023,12493,2026-07-06,Creator,49.99,700
1024,14310,2026-01-20,Popular,24.99,300
1025,14767,2026-02-06,Popular,24.99,300
1026,3679,2026-06-09,Studio,499.99,10000
1027,11645,2026-02-10,Starter,9.99,110
1028,13882,2026-03-14,Popular,24.99,300
1029,8530,2026-02-13,Starter,9.99,110
1030,3367,2026-02-24,Pro,99.99,1600
1031,8835,2026-01-30,Studio,499.99,10000
1032,8605,2026-06-19,Mini,4.99,50
1033,916,2026-01-02,Starter,9.99,110
1034,5134,2026-03-11,Creator,49.99,700
1035,13271,2026-04-25,Popular,24.99,300
1036,6474,2026-05-08,Starter,9.99,110
1037,1084,2026-06-05,Popular,24.99,300
1038,12621,2026-07-13,Mini,4.99,50
1039,5985,2026-02-05,Popular,24.99,300
1040,14930,2026-01-26,Creator,49.99,700
1041,3582,2026-02-27,Mini,4.99,50
1042,6293,2026-01-16,Starter,9.99,110
1043,13559,2026-05-22,Starter,9.99,110
1044,8351,2026-05-05,Pro,99.99,1600
1045,6144,2026-03-03,Studio,499.99,10000
1046,6745,2026-04-04,Starter,9.99,110
1047,1469,2026-05-30,Popular,24.99,300
1048,13834,2026-01-03,Starter,9.99,110
1049,2137,2026-03-16,Pro,99.99,1600
1050,10230,2026-05-11,Popular,24.99,300
1051,10026,2026-08-20,Starter,9.99,110
1052,6137,2026-08-17,Mini,4.99,50
1053,6661,2026-03-23,Mini,4.99,50
1054,12134,2026-02-06,Pro,99.99,1600
1055,10085,2026-01-29,Mini,4.99,50
1056,10865,2026-01-12,Max,199.99,3500
1057,6484,2026-03-16,Max,199.99,3500
1058,672,2026-06-13,Creator,49.99,700
1059,10412,2026-06-06,Creator,49.99,700
1060,10962,2026-08-20,Creator,49.99,700
1061,1993,2026-08-12,Mini,4.99,50
1062,13930,2026-08-10,Starter,9.99,110
1063,116,2026-01-12,Max,199.99,3500
1064,857,2026-02-25,Pro,99.99,1600
1065,5218,2026-08-11,Max,199.99,3500
1066,5431,2026-07-20,Popular,24.99,300
1067,10783,2026-08-25,Pro,99.99,1600
1068,5507,2026-05-17,Popular,24.99,300
1069,1641,2026-04-04,Starter,9.99,110
1070,4550,2026-04-16,Pro,99.99,1600
1071,14779,2026-08-17,Popular,24.99,300
1072,12144,2026-08-13,Pro,99.99,1600
1073,11612,2026-06-24,Mini,4.99,50
1074,11752,2026-08-19,Max,199.99,3500
1075,9282,2026-07-05,Mini,4.99,50
1076,12865,2026-02-26,Max,199.99,3500
1077,2753,2026-08-24,Popular,24.99,300
1078,3340,2026-01-11,Studio,499.99,10000
1079,8328,2026-01-15,Studio,499.99,10000
1080,9281,2026-01-30,Mini,4.99,50
1081,5508,2026-04-25,Popular,24.99,300
1082,7560,2026-06-21,Pro,99.99,1600
1083,4115,2026-01-13,Max,199.99,3500
1084,7961,2026-06-19,Starter,9.99,110
1085,9001,2026-07-15,Starter,9.99,110
1086,514,2026-05-27,Max,199.99,3500
1087,13565,2026-01-08,Starter,9.99,110
1088,8008,2026-06-03,Creator,49.99,700
1089,2683,2026-04-21,Pro,99.99,1600
1090,6861,2026-03-09,Popular,24.99,300
1091,13824,2026-07-18,Mini,4.99,50
1092,13016,2026-03-20,Popular,24.99,300
1093,2001,2026-07-09,Popular,24.99,300
1094,467,2026-02-24,Mini,4.99,50
1095,12446,2026-06-23,Creator,49.99,700
1096,2219,2026-05-29,Creator,49.99,700
1097,9533,2026-07-11,Creator,49.99,700
1098,4641,2026-02-28,Starter,9.99,110
1099,12032,2026-03-21,Popular,24.99,300
1100,4147,2026-05-21,Max,199.99,3500
1101,11724,2026-02-02,Mini,4.99,50
1102,13740,2026-08-06,Starter,9.99,110
1103,8341,2026-07-30,Creator,49.99,700
1104,2578,2026-05-25,Mini,4.99,50
1105,6692,2026-02-08,Creator,49.99,700
1106,5826,2026-07-17,Pro,99.99,1600
1107,2227,2026-04-01,Popular,24.99,300
1108,5611,2026-05-23,Creator,49.99,700
1109,5436,2026-02-09,Creator,49.99,700
1110,1586,2026-06-23,Creator,49.99,700
1111,1311,2026-01-04,Pro,99.99,1600
1112,1767,2026-08-07,Starter,9.99,110
1113,1477,2026-02-06,Creator,49.99,700
1114,3626,2026-05-09,Mini,4.99,50
1115,5019,2026-04-07,Creator,49.99,700
1116,3324,2026-01-20,Starter,9.99,110
1117,1841,2026-02-01,Pro,99.99,1600
1118,4389,2026-06-23,Pro,99.99,1600
1119,7461,2026-04-29,Popular,24.99,300
1120,2814,2026-08-10,Starter,9.99,110
1121,5930,2026-06-13,Starter,9.99,110
1122,9380,2026-06-04,Max,199.99,3500
1123,1484,2026-08-24,Popular,24.99,300
1124,13765,2026-03-16,Starter,9.99,110
1125,4190,2026-08-31,Mini,4.99,50
1126,2606,2026-01-08,Starter,9.99,110
1127,12545,2026-08-07,Starter,9.99,110
1128,3188,2026-04-26,Max,199.99,3500
1129,2654,2026-05-17,Pro,99.99,1600
1130,9130,2026-08-31,Creator,49.99,700
1131,11419,2026-03-30,Popular,24.99,300
1132,118,2026-05-20,Studio,499.99,10000
1133,6087,2026-06-06,Mini,4.99,50
1134,13405,2026-05-02,Studio,499.99,10000
1135,8402,2026-02-23,Creator,49.99,700
1136,14841,2026-04-02,Starter,9.99,110
1137,10817,2026-07-17,Creator,49.99,700
1138,6211,2026-05-15,Starter,9.99,110
1139,12336,2026-05-19,Creator,49.99,700
1140,4941,2026-02-10,Creator,49.99,700
1141,10868,2026-05-25,Popular,24.99,300
1142,14367,2026-05-18,Popular,24.99,300
1143,10487,2026-07-19,Starter,9.99,110
1144,2303,2026-02-04,Popular,24.99,300
1145,10591,2026-01-11,Starter,9.99,110
1146,11655,2026-03-15,Popular,24.99,300
1147,12579,2026-03-26,Pro,99.99,1600
1148,5504,2026-04-21,Creator,49.99,700
1149,12271,2026-05-29,Pro,99.99,1600
1150,10643,2026-08-17,Mini,4.99,50
1151,10939,2026-02-10,Starter,9.99,110
1152,5834,2026-05-27,Creator,49.99,700
1153,2825,2026-07-21,Popular,24.99,300
1154,6316,2026-08-13,Pro,99.99,1600
1155,10907,2026-05-27,Pro,99.99,1600
1156,6126,2026-01-26,Studio,499.99,10000
1157,8659,2026-03-06,Starter,9.99,110
1158,10062,2026-04-18,Creator,49.99,700
1159,908,2026-08-06,Studio,499.99,10000
1160,14080,2026-01-27,Studio,499.99,10000
1161,7861,2026-05-11,Popular,24.99,300
1162,10519,2026-01-02,Popular,24.99,300
1163,8030,2026-05-24,Popular,24.99,300
1164,6891,2026-07-11,Starter,9.99,110
1165,1223,2026-07-03,Mini,4.99,50
1166,4264,2026-05-26,Pro,99.99,1600
1167,1683,2026-08-08,Starter,9.99,110
1168,10970,2026-04-23,Mini,4.99,50
1169,7731,2026-03-24,Starter,9.99,110
1170,9489,2026-07-03,Max,199.99,3500
1171,8529,2026-05-31,Popular,24.99,300
1172,13831,2026-04-03,Starter,9.99,110
1173,6158,2026-06-01,Creator,49.99,700
1174,9903,2026-03-21,Pro,99.99,1600
1175,6444,2026-08-18,Creator,49.99,700
1176,9750,2026-04-29,Starter,9.99,110
1177,5187,2026-01-27,Creator,49.99,700
1178,6485,2026-05-11,Mini,4.99,50
1179,7605,2026-01-22,Max,199.99,3500
1180,12645,2026-03-04,Popular,24.99,300
1181,9361,2026-02-19,Mini,4.99,50
1182,11914,2026-03-31,Popular,24.99,300
1183,13063,2026-07-28,Popular,24.99,300
1184,5938,2026-01-24,Popular,24.99,300
1185,9827,2026-04-24,Studio,499.99,10000
1186,3706,2026-03-07,Starter,9.99,110
1187,8864,2026-06-26,Starter,9.99,110
1188,5303,2026-07-25,Popular,24.99,300
1189,8441,2026-05-21,Creator,49.99,700
1190,1841,2026-06-28,Creator,49.99,700
1191,11294,2026-05-03,Popular,24.99,300
1192,7382,2026-05-20,Creator,49.99,700
1193,4247,2026-05-01,Popular,24.99,300
1194,11264,2026-07-31,Starter,9.99,110
1195,5042,2026-03-10,Max,199.99,3500
1196,759,2026-08-11,Starter,9.99,110
1197,12980,2026-08-29,Creator,49.99,700
1198,10990,2026-07-12,Max,199.99,3500
1199,486,2026-08-24,Starter,9.99,110
1200,1726,2026-01-12,Popular,24.99,300
1201,2241,2026-03-06,Popular,24.99,300
1202,3608,2026-06-01,Max,199.99,3500
1203,4511,2026-07-05,Creator,49.99,700
1204,11520,2026-07-30,Creator,49.99,700
1205,4982,2026-05-22,Pro,99.99,1600
1206,4323,2026-08-01,Popular,24.99,300
1207,13889,2026-08-13,Starter,9.99,110
1208,4164,2026-01-03,Mini,4.99,50
1209,1603,2026-04-30,Starter,9.99,110
1210,12731,2026-04-18,Creator,49.99,700
1211,14235,2026-08-13,Popular,24.99,300
1212,4155,2026-08-25,Studio,499.99,10000
1213,9551,2026-07-24,Popular,24.99,300
1214,13196,2026-04-12,Popular,24.99,300
1215,10786,2026-01-30,Mini,4.99,50
1216,5438,2026-03-04,Creator,49.99,700
1217,8619,2026-07-01,Pro,99.99,1600
1218,8333,2026-04-22,Pro,99.99,1600
1219,14607,2026-04-04,Starter,9.99,110
1220,14496,2026-07-03,Studio,499.99,10000
1221,7899,2026-04-12,Creator,49.99,700
1222,11507,2026-04-18,Popular,24.99,300
1223,8794,2026-03-18,Pro,99.99,1600
1224,615,2026-06-15,Creator,49.99,700
1225,8582,2026-08-16,Starter,9.99,110
1226,3970,2026-05-24,Starter,9.99,110
1227,5907,2026-04-08,Pro,99.99,1600
1228,12839,2026-08-01,Mini,4.99,50
1229,6097,2026-01-15,Mini,4.99,50
1230,2540,2026-04-30,Creator,49.99,700
1231,843,2026-06-12,Mini,4.99,50
1232,361,2026-07-01,Starter,9.99,110
1233,11190,2026-05-07,Popular,24.99,300
1234,4774,2026-02-24,Studio,499.99,10000
1235,3181,2026-07-29,Popular,24.99,300
1236,12188,2026-03-15,Pro,99.99,1600
1237,12122,2026-05-03,Creator,49.99,700
1238,6459,2026-06-28,Max,199.99,3500
1239,14242,2026-01-22,Popular,24.99,300
1240,12892,2026-05-19,Creator,49.99,700
1241,8618,2026-03-02,Creator,49.99,700
1242,14460,2026-08-26,Starter,9.99,110
1243,9671,2026-02-10,Starter,9.99,110
1244,3364,2026-07-08,Popular,24.99,300
1245,1165,2026-05-30,Pro,99.99,1600
1246,1632,2026-05-20,Starter,9.99,110
1247,7752,2026-07-27,Max,199.99,3500
1248,10753,2026-08-16,Pro,99.99,1600
1249,5815,2026-08-01,Pro,99.99,1600
1250,2409,2026-03-28,Creator,49.99,700
1251,14759,2026-04-04,Creator,49.99,700
1252,628,2026-04-13,Mini,4.99,50
1253,6790,2026-01-02,Mini,4.99,50
1254,6348,2026-08-12,Pro,99.99,1600
1255,1756,2026-07-30,Starter,9.99,110
1256,9758,2026-03-24,Starter,9.99,110
1257,9922,2026-01-19,Starter,9.99,110
1258,12585,2026-02-06,Popular,24.99,300
1259,10017,2026-05-05,Starter,9.99,110
1260,5934,2026-08-20,Starter,9.99,110
1261,14339,2026-06-22,Pro,99.99,1600
1262,8834,2026-08-21,Mini,4.99,50
1263,14842,2026-01-18,Starter,9.99,110
1264,4588,2026-05-18,Pro,99.99,1600
1265,13993,2026-04-30,Starter,9.99,110
1266,1214,2026-01-21,Mini,4.99,50
1267,6530,2026-07-29,Popular,24.99,300
1268,6621,2026-05-27,Popular,24.99,300
1269,8771,2026-07-31,Creator,49.99,700
1270,835,2026-07-25,Mini,4.99,50
1271,7378,2026-08-09,Starter,9.99,110
1272,14639,2026-05-22,Mini,4.99,50
1273,4236,2026-03-12,Max,199.99,3500
1274,6984,2026-02-04,Creator,49.99,700
1275,380,2026-01-28,Popular,24.99,300
1276,6875,2026-03-26,Pro,99.99,1600
1277,4812,2026-05-27,Pro,99.99,1600
1278,6146,2026-05-27,Creator,49.99,700
1279,4910,2026-04-20,Creator,49.99,700
1280,3699,2026-01-26,Creator,49.99,700
1281,8405,2026-01-17,Pro,99.99,1600
1282,7634,2026-05-16,Mini,4.99,50
1283,13799,2026-04-13,Mini,4.99,50
1284,2584,2026-02-12,Starter,9.99,110
1285,8320,2026-01-19,Max,199.99,3500
1286,13409,2026-04-11,Pro,99.99,1600
1287,5914,2026-04-30,Studio,499.99,10000
1288,1201,2026-01-03,Starter,9.99,110
1289,4825,2026-02-14,Popular,24.99,300
1290,14377,2026-01-13,Creator,49.99,700
1291,11379,2026-06-05,Mini,4.99,50
1292,14308,2026-03-09,Mini,4.99,50
1293,8786,2026-01-31,Pro,99.99,1600
1294,9161,2026-03-30,Creator,49.99,700
1295,7706,2026-05-26,Creator,49.99,700
1296,5161,2026-08-26,Pro,99.99,1600
1297,7949,2026-07-18,Popular,24.99,300
1298,8124,2026-04-13,Starter,9.99,110
1299,10537,2026-03-09,Pro,99.99,1600
1300,10366,2026-07-17,Creator,49.99,700
1301,10052,2026-08-26,Mini,4.99,50
1302,7636,2026-04-10,Creator,49.99,700
1303,9080,2026-03-22,Popular,24.99,300
1304,11243,2026-04-30,Creator,49.99,700
1305,9424,2026-04-23,Mini,4.99,50
1306,13840,2026-08-19,Starter,9.99,110
1307,10686,2026-01-28,Starter,9.99,110
1308,4967,2026-07-20,Popular,24.99,300
1309,8793,2026-03-23,Popular,24.99,300
1310,12029,2026-08-04,Popular,24.99,300
1311,904,2026-05-29,Creator,49.99,700
1312,3353,2026-05-08,Starter,9.99,110
1313,546,2026-04-07,Creator,49.99,700
1314,12882,2026-03-11,Starter,9.99,110
1315,14844,2026-07-05,Starter,9.99,110
1316,2506,2026-08-16,Mini,4.99,50
1317,11557,2026-08-26,Popular,24.99,300
1318,8614,2026-07-19,Starter,9.99,110
1319,5911,2026-07-08,Creator,49.99,700
1320,5909,2026-02-21,Studio,499.99,10000
1321,8815,2026-03-04,Creator,49.99,700
1322,12334,2026-08-13,Pro,99.99,1600
1323,10013,2026-04-28,Starter,9.99,110
1324,12788,2026-04-24,Creator,49.99,700
1325,9304,2026-07-02,Pro,99.99,1600
1326,1763,2026-03-20,Mini,4.99,50
1327,4169,2026-05-29,Mini,4.99,50
1328,3839,2026-08-05,Creator,49.99,700
1329,2576,2026-02-17,Starter,9.99,110
1330,13183,2026-07-01,Starter,9.99,110
1331,7544,2026-08-12,Starter,9.99,110
1332,6059,2026-05-05,Starter,9.99,110
1333,11446,2026-06-20,Studio,499.99,10000
1334,599,2026-03-09,Starter,9.99,110
1335,9754,2026-06-01,Creator,49.99,700
1336,3511,2026-06-05,Starter,9.99,110
1337,13435,2026-07-08,Popular,24.99,300
1338,14432,2026-01-23,Creator,49.99,700
1339,13618,2026-03-21,Popular,24.99,300
1340,2831,2026-08-17,Mini,4.99,50
1341,6313,2026-01-16,Popular,24.99,300
1342,11014,2026-07-23,Creator,49.99,700
1343,14121,2026-03-24,Popular,24.99,300
1344,11779,2026-07-18,Creator,49.99,700
1345,9756,2026-05-20,Max,199.99,3500
1346,10045,2026-02-19,Starter,9.99,110
1347,12571,2026-05-10,Mini,4.99,50
1348,2146,2026-03-20,Pro,99.99,1600
1349,13430,2026-06-15,Creator,49.99,700
1350,5311,2026-03-13,Max,199.99,3500
1351,7732,2026-08-31,Max,199.99,3500
1352,10852,2026-05-22,Max,199.99,3500
1353,6855,2026-02-26,Studio,499.99,10000
1354,9343,2026-03-13,Pro,99.99,1600
1355,8653,2026-01-15,Creator,49.99,700
1356,6125,2026-06-22,Creator,49.99,700
1357,14530,2026-08-30,Creator,49.99,700
1358,11053,2026-06-10,Starter,9.99,110
1359,12280,2026-01-31,Creator,49.99,700
1360,71,2026-06-19,Mini,4.99,50
1361,4952,2026-06-21,Creator,49.99,700
1362,5159,2026-05-15,Starter,9.99,110
1363,3179,2026-01-27,Studio,499.99,10000
1364,13092,2026-07-01,Creator,49.99,700
1365,7720,2026-08-26,Popular,24.99,300
1366,10635,2026-01-12,Pro,99.99,1600
1367,12454,2026-07-12,Starter,9.99,110
1368,6108,2026-02-04,Starter,9.99,110
1369,1253,2026-06-25,Mini,4.99,50
1370,510,2026-04-14,Mini,4.99,50
1371,263,2026-08-18,Studio,499.99,10000
1372,12384,2026-02-11,Starter,9.99,110
1373,935,2026-08-10,Mini,4.99,50
1374,12888,2026-06-21,Popular,24.99,300
1375,9591,2026-04-03,Popular,24.99,300
1376,11135,2026-08-20,Pro,99.99,1600
1377,11747,2026-08-10,Popular,24.99,300
1378,3173,2026-02-25,Max,199.99,3500
1379,12126,2026-01-21,Pro,99.99,1600
1380,13016,2026-01-06,Popular,24.99,300
1381,8622,2026-04-18,Pro,99.99,1600
1382,11795,2026-01-05,Starter,9.99,110
1383,13329,2026-02-05,Creator,49.99,700
1384,13452,2026-05-17,Popular,24.99,300
1385,5036,2026-03-01,Mini,4.99,50
1386,3270,2026-04-23,Pro,99.99,1600
1387,2563,2026-05-09,Creator,49.99,700
1388,165,2026-03-31,Pro,99.99,1600
1389,3291,2026-06-05,Mini,4.99,50
1390,562,2026-05-17,Pro,99.99,1600
1391,11387,2026-04-16,Starter,9.99,110
1392,14399,2026-05-04,Popular,24.99,300
1393,2917,2026-08-27,Mini,4.99,50
1394,5665,2026-06-11,Mini,4.99,50
1395,6728,2026-07-20,Creator,49.99,700
1396,783,2026-06-23,Studio,499.99,10000
1397,10460,2026-04-02,Starter,9.99,110
1398,2239,2026-01-26,Starter,9.99,110
1399,12352,2026-07-21,Creator,49.99,700
1400,9687,2026-07-15,Starter,9.99,110
1401,1863,2026-08-06,Pro,99.99,1600
1402,9216,2026-07-17,Pro,99.99,1600
1403,13161,2026-03-14,Starter,9.99,110
1404,7768,2026-04-29,Starter,9.99,110
1405,1456,2026-05-24,Starter,9.99,110
1406,13206,2026-04-17,Starter,9.99,110
1407,3939,2026-06-03,Mini,4.99,50
1408,11076,2026-03-14,Popular,24.99,300
1409,6795,2026-08-16,Pro,99.99,1600
1410,1149,2026-08-25,Popular,24.99,300
1411,6346,2026-03-23,Pro,99.99,1600
1412,4438,2026-07-06,Studio,499.99,10000
1413,3931,2026-05-07,Mini,4.99,50
1414,14380,2026-08-04,Popular,24.99,300
1415,7972,2026-05-09,Creator,49.99,700
1416,2465,2026-04-17,Mini,4.99,50
1417,1845,2026-01-08,Pro,99.99,1600
1418,11867,2026-01-02,Starter,9.99,110
1419,7594,2026-04-03,Pro,99.99,1600
1420,11808,2026-06-14,Starter,9.99,110
1421,8327,2026-07-20,Creator,49.99,700
1422,10119,2026-07-22,Popular,24.99,300
1423,9571,2026-02-04,Mini,4.99,50
1424,11627,2026-04-24,Starter,9.99,110
1425,11183,2026-06-12,Max,199.99,3500
1426,6084,2026-02-16,Creator,49.99,700
1427,998,2026-07-17,Creator,49.99,700
1428,7136,2026-03-10,Creator,49.99,700
1429,13556,2026-08-21,Mini,4.99,50
1430,7753,2026-06-10,Starter,9.99,110
1431,1731,2026-03-05,Starter,9.99,110
1432,12598,2026-02-16,Studio,499.99,10000
1433,9327,2026-04-15,Popular,24.99,300
1434,12654,2026-04-01,Popular,24.99,300
1435,10052,2026-06-15,Max,199.99,3500
1436,7123,2026-08-18,Pro,99.99,1600
1437,10002,2026-02-03,Starter,9.99,110
1438,10960,2026-06-03,Creator,49.99,700
1439,3284,2026-05-16,Pro,99.99,1600
1440,13571,2026-02-12,Max,199.99,3500
1441,5721,2026-05-07,Pro,99.99,1600
1442,13594,2026-07-05,Creator,49.99,700
1443,5333,2026-07-26,Max,199.99,3500
1444,8741,2026-03-11,Mini,4.99,50
1445,7929,2026-05-29,Starter,9.99,110
1446,2148,2026-06-27,Pro,99.99,1600
1447,10352,2026-01-06,Popular,24.99,300
1448,7582,2026-05-12,Starter,9.99,110
1449,4684,2026-04-15,Starter,9.99,110
1450,13527,2026-05-31,Mini,4.99,50
1451,249,2026-06-18,Starter,9.99,110
1452,10583,2026-04-13,Mini,4.99,50
1453,4703,2026-07-23,Starter,9.99,110
1454,6980,2026-04-27,Mini,4.99,50
1455,4268,2026-05-02,Creator,49.99,700
1456,13544,2026-01-12,Starter,9.99,110
1457,13952,2026-08-16,Popular,24.99,300
1458,3775,2026-07-17,Studio,499.99,10000
1459,6671,2026-04-22,Pro,99.99,1600
1460,4544,2026-01-26,Pro,99.99,1600
1461,5500,2026-03-21,Studio,499.99,10000
1462,12250,2026-03-19,Studio,499.99,10000
1463,12882,2026-04-29,Starter,9.99,110
1464,9425,2026-07-08,Mini,4.99,50
1465,11397,2026-03-03,Studio,499.99,10000
1466,14900,2026-07-03,Starter,9.99,110
1467,11271,2026-05-16,Creator,49.99,700
1468,4928,2026-07-07,Starter,9.99,110
1469,12272,2026-06-06,Creator,49.99,700
1470,9666,2026-08-20,Starter,9.99,110
1471,4078,2026-06-29,Studio,499.99,10000
1472,3561,2026-04-21,Pro,99.99,1600
1473,13133,2026-06-01,Starter,9.99,110
1474,14756,2026-05-17,Creator,49.99,700
1475,4842,2026-05-22,Starter,9.99,110
1476,13783,2026-05-21,Starter,9.99,110
1477,12930,2026-02-13,Popular,24.99,300
1478,6065,2026-04-02,Pro,99.99,1600
1479,2981,2026-03-24,Popular,24.99,300
1480,12753,2026-06-11,Pro,99.99,1600
1481,3361,2026-06-06,Creator,49.99,700
1482,9799,2026-01-16,Creator,49.99,700
1483,1460,2026-03-03,Max,199.99,3500
1484,980,2026-02-09,Creator,49.99,700
1485,10174,2026-08-06,Creator,49.99,700
1486,9294,2026-02-21,Starter,9.99,110
1487,8925,2026-02-12,Popular,24.99,300
1488,5253,2026-05-02,Studio,499.99,10000
1489,5727,2026-04-27,Max,199.99,3500
1490,4598,2026-07-04,Starter,9.99,110
1491,4679,2026-03-05,Studio,499.99,10000
1492,8298,2026-01-10,Popular,24.99,300
1493,14606,2026-05-31,Starter,9.99,110
1494,8022,2026-08-29,Max,199.99,3500
1495,10009,2026-01-06,Creator,49.99,700
1496,12559,2026-04-09,Popular,24.99,300
1497,7179,2026-08-23,Creator,49.99,700
1498,8416,2026-04-17,Starter,9.99,110
1499,4953,2026-04-25,Starter,9.99,110
1500,6415,2026-03-17,Starter,9.99,110
1501,12467,2026-08-24,Starter,9.99,110
1502,8961,2026-05-14,Creator,49.99,700
1503,3303,2026-08-12,Max,199.99,3500
1504,6154,2026-02-08,Studio,499.99,10000
1505,6493,2026-08-10,Creator,49.99,700
1506,11230,2026-08-05,Studio,499.99,10000
1507,12432,2026-03-01,Popular,24.99,300
1508,5309,2026-03-11,Popular,24.99,300
1509,2520,2026-07-21,Pro,99.99,1600
1510,4824,2026-07-06,Max,199.99,3500
1511,13850,2026-03-30,Starter,9.99,110
1512,10985,2026-02-02,Starter,9.99,110
1513,7263,2026-07-13,Popular,24.99,300
1514,12784,2026-08-05,Studio,499.99,10000
1515,14476,2026-03-13,Pro,99.99,1600
1516,12010,2026-04-02,Pro,99.99,1600
1517,5630,2026-08-31,Pro,99.99,1600
1518,6527,2026-02-20,Starter,9.99,110
1519,6464,2026-05-02,Mini,4.99,50
1520,13328,2026-01-06,Creator,49.99,700
1521,8764,2026-05-22,Creator,49.99,700
1522,1408,2026-04-22,Starter,9.99,110
1523,10750,2026-05-16,Popular,24.99,300
1524,1675,2026-05-13,Max,199.99,3500
1525,9240,2026-04-02,Starter,9.99,110
1526,9943,2026-05-18,Creator,49.99,700
1527,14372,2026-01-29,Starter,9.99,110
1528,10199,2026-02-15,Creator,49.99,700
1529,11479,2026-08-08,Mini,4.99,50
1530,3828,2026-07-26,Popular,24.99,300
1531,4512,2026-04-09,Mini,4.99,50
1532,4851,2026-08-19,Pro,99.99,1600
1533,10405,2026-07-05,Popular,24.99,300
1534,6672,2026-05-07,Studio,499.99,10000
1535,1041,2026-02-18,Pro,99.99,1600
1536,9742,2026-01-21,Creator,49.99,700
1537,2635,2026-06-30,Popular,24.99,300
1538,9147,2026-02-06,Starter,9.99,110
1539,11272,2026-07-26,Creator,49.99,700
1540,1180,2026-06-22,Starter,9.99,110
1541,9100,2026-07-24,Studio,499.99,10000
1542,4872,2026-04-08,Popular,24.99,300
1543,12082,2026-02-19,Popular,24.99,300
1544,13955,2026-05-26,Creator,49.99,700
1545,9342,2026-06-20,Starter,9.99,110
1546,12587,2026-06-06,Mini,4.99,50
1547,14906,2026-02-16,Creator,49.99,700
1548,2928,2026-07-30,Popular,24.99,300
1549,11820,2026-03-30,Starter,9.99,110
1550,4987,2026-08-11,Pro,99.99,1600
1551,8700,2026-08-25,Pro,99.99,1600
1552,767,2026-03-21,Studio,499.99,10000
1553,9726,2026-04-14,Creator,49.99,700
1554,8366,2026-06-22,Max,199.99,3500
1555,3762,2026-07-01,Studio,499.99,10000
1556,8543,2026-08-10,Pro,99.99,1600
1557,1711,2026-07-30,Creator,49.99,700
1558,10526,2026-05-20,Starter,9.99,110
1559,12135,2026-04-01,Starter,9.99,110
1560,11069,2026-08-06,Mini,4.99,50
1561,8373,2026-06-04,Max,199.99,3500
1562,4851,2026-06-21,Popular,24.99,300
1563,14456,2026-05-03,Starter,9.99,110
1564,8341,2026-02-28,Starter,9.99,110
1565,13382,2026-07-03,Mini,4.99,50
1566,5728,2026-02-07,Starter,9.99,110
1567,7341,2026-01-04,Creator,49.99,700
1568,9518,2026-06-05,Creator,49.99,700
1569,8,2026-02-24,Mini,4.99,50
1570,413,2026-01-01,Studio,499.99,10000
1571,11834,2026-01-13,Popular,24.99,300
1572,12653,2026-07-01,Starter,9.99,110
1573,13978,2026-07-17,Popular,24.99,300
1574,4306,2026-07-28,Popular,24.99,300
1575,4993,2026-07-22,Studio,499.99,10000
1576,423,2026-03-04,Starter,9.99,110
1577,9811,2026-02-25,Mini,4.99,50
1578,9395,2026-07-06,Pro,99.99,1600
1579,9502,2026-04-01,Creator,49.99,700
1580,7508,2026-04-20,Creator,49.99,700
1581,13853,2026-01-01,Starter,9.99,110
1582,13324,2026-03-11,Popular,24.99,300
1583,4678,2026-02-15,Popular,24.99,300
1584,10368,2026-06-02,Starter,9.99,110
1585,2340,2026-07-14,Mini,4.99,50
1586,884,2026-07-14,Studio,499.99,10000
1587,5583,2026-08-30,Creator,49.99,700
1588,5587,2026-06-27,Popular,24.99,300
1589,5304,2026-08-23,Popular,24.99,300
1590,10716,2026-04-05,Popular,24.99,300
1591,2521,2026-02-01,Creator,49.99,700
1592,4544,2026-02-13,Pro,99.99,1600
1593,6715,2026-07-31,Starter,9.99,110
1594,13841,2026-04-11,Popular,24.99,300
1595,3602,2026-02-24,Studio,499.99,10000
1596,4200,2026-05-05,Creator,49.99,700
1597,4585,2026-05-06,Starter,9.99,110
1598,7575,2026-01-03,Creator,49.99,700
1599,2842,2026-08-03,Max,199.99,3500
1600,5513,2026-02-26,Popular,24.99,300
1601,12660,2026-06-04,Popular,24.99,300
1602,11613,2026-04-16,Starter,9.99,110
1603,14160,2026-04-14,Starter,9.99,110
1604,9277,2026-07-25,Mini,4.99,50
1605,11348,2026-04-06,Starter,9.99,110
1606,14805,2026-03-19,Mini,4.99,50
1607,7600,2026-04-24,Creator,49.99,700
1608,9551,2026-08-11,Studio,499.99,10000
1609,10649,2026-05-02,Creator,49.99,700
1610,607,2026-04-16,Starter,9.99,110
1611,9985,2026-03-21,Pro,99.99,1600
1612,12438,2026-02-15,Max,199.99,3500
1613,12278,2026-04-24,Max,199.99,3500
1614,13598,2026-08-07,Creator,49.99,700
1615,2637,2026-03-31,Popular,24.99,300
1616,12709,2026-03-24,Studio,499.99,10000
1617,10739,2026-07-15,Popular,24.99,300
1618,4809,2026-03-21,Pro,99.99,1600
1619,2822,2026-03-31,Popular,24.99,300
1620,3390,2026-02-09,Starter,9.99,110
1621,834,2026-08-26,Mini,4.99,50
1622,2112,2026-05-10,Mini,4.99,50
1623,3008,2026-07-22,Max,199.99,3500
1624,10306,2026-08-27,Popular,24.99,300
1625,8668,2026-01-11,Popular,24.99,300
1626,4753,2026-04-30,Popular,24.99,300
1627,9028,2026-01-09,Popular,24.99,300
1628,12131,2026-07-22,Pro,99.99,1600
1629,9785,2026-05-06,Creator,49.99,700
1630,14413,2026-01-13,Creator,49.99,700
1631,14234,2026-05-15,Mini,4.99,50
1632,12039,2026-04-23,Mini,4.99,50
1633,6750,2026-04-09,Max,199.99,3500
1634,5081,2026-08-03,Popular,24.99,300
1635,11195,2026-02-15,Pro,99.99,1600
1636,14983,2026-01-13,Creator,49.99,700
1637,7601,2026-05-29,Popular,24.99,300
1638,3317,2026-05-11,Pro,99.99,1600
1639,12332,2026-05-02,Mini,4.99,50
1640,14165,2026-01-28,Popular,24.99,300
1641,8454,2026-05-13,Starter,9.99,110
1642,8919,2026-04-23,Popular,24.99,300
1643,9181,2026-01-07,Mini,4.99,50
1644,6757,2026-03-20,Creator,49.99,700
1645,11469,2026-01-10,Pro,99.99,1600
1646,4491,2026-05-05,Starter,9.99,110
1647,11978,2026-01-22,Popular,24.99,300
1648,1427,2026-05-21,Starter,9.99,110
1649,265,2026-01-04,Starter,9.99,110
1650,363,2026-02-19,Starter,9.99,110
1651,7010,2026-07-18,Creator,49.99,700
1652,3754,2026-04-25,Max,199.99,3500
1653,1063,2026-03-03,Popular,24.99,300
1654,12021,2026-02-14,Popular,24.99,300
1655,13213,2026-06-21,Popular,24.99,300
1656,8849,2026-07-21,Popular,24.99,300
1657,1644,2026-02-22,Max,199.99,3500
1658,13111,2026-03-25,Popular,24.99,300
1659,1951,2026-02-22,Popular,24.99,300
1660,3772,2026-03-01,Popular,24.99,300
1661,12822,2026-01-31,Popular,24.99,300
1662,5481,2026-02-04,Starter,9.99,110
1663,14227,2026-04-16,Starter,9.99,110
1664,4172,2026-02-02,Pro,99.99,1600
1665,2737,2026-08-30,Starter,9.99,110
1666,10496,2026-02-01,Starter,9.99,110
1667,2946,2026-06-22,Pro,99.99,1600
1668,10612,2026-07-06,Starter,9.99,110
1669,12740,2026-07-22,Pro,99.99,1600
1670,6008,2026-01-24,Popular,24.99,300
1671,14607,2026-04-20,Popular,24.99,300
1672,1914,2026-07-11,Starter,9.99,110
1673,10531,2026-03-10,Starter,9.99,110
1674,4620,2026-08-20,Popular,24.99,300
1675,8543,2026-01-08,Creator,49.99,700
1676,5625,2026-04-11,Creator,49.99,700
1677,3058,2026-06-05,Popular,24.99,300
1678,8599,2026-08-10,Starter,9.99,110
1679,11127,2026-02-21,Creator,49.99,700
1680,13797,2026-08-08,Popular,24.99,300
1681,7323,2026-03-01,Starter,9.99,110
1682,3494,2026-05-27,Popular,24.99,300
1683,4150,2026-03-23,Popular,24.99,300
1684,5510,2026-04-13,Popular,24.99,300
1685,139,2026-03-04,Max,199.99,3500
1686,13209,2026-05-13,Max,199.99,3500
1687,4818,2026-03-07,Creator,49.99,700
1688,10832,2026-04-01,Max,199.99,3500
1689,10784,2026-02-23,Starter,9.99,110
1690,6067,2026-08-29,Starter,9.99,110
1691,3010,2026-04-29,Pro,99.99,1600
1692,3370,2026-01-28,Mini,4.99,50
1693,10569,2026-05-29,Mini,4.99,50
1694,1128,2026-05-12,Max,199.99,3500
1695,1696,2026-08-30,Popular,24.99,300
1696,6917,2026-08-14,Starter,9.99,110
1697,3322,2026-08-08,Starter,9.99,110
1698,11476,2026-08-14,Pro,99.99,1600
1699,6159,2026-05-22,Starter,9.99,110
1700,12418,2026-08-20,Popular,24.99,300
1701,9641,2026-08-08,Max,199.99,3500
1702,6857,2026-03-13,Popular,24.99,300
1703,7402,2026-02-27,Popular,24.99,300
1704,13097,2026-06-02,Studio,499.99,10000
1705,14334,2026-05-03,Popular,24.99,300
1706,2181,2026-05-06,Creator,49.99,700
1707,4316,2026-01-22,Popular,24.99,300
1708,2478,2026-06-09,Starter,9.99,110
1709,13800,2026-05-22,Starter,9.99,110
1710,2295,2026-03-17,Creator,49.99,700
1711,9832,2026-01-06,Starter,9.99,110
1712,14467,2026-07-24,Studio,499.99,10000
1713,8836,2026-05-05,Popular,24.99,300
1714,6431,2026-08-18,Popular,24.99,300
1715,1760,2026-04-07,Pro,99.99,1600
1716,9986,2026-02-17,Starter,9.99,110
1717,13174,2026-06-19,Starter,9.99,110
1718,12644,2026-03-27,Starter,9.99,110
1719,12025,2026-05-09,Popular,24.99,300
1720,5715,2026-03-21,Max,199.99,3500
1721,9874,2026-06-04,Starter,9.99,110
1722,6438,2026-05-30,Creator,49.99,700
1723,2807,2026-01-02,Pro,99.99,1600
1724,6019,2026-03-09,Mini,4.99,50
1725,10652,2026-08-22,Popular,24.99,300
1726,14648,2026-03-06,Creator,49.99,700
1727,6356,2026-04-03,Popular,24.99,300
1728,12223,2026-05-05,Starter,9.99,110
1729,294,2026-02-02,Mini,4.99,50
1730,10638,2026-08-20,Creator,49.99,700
1731,2107,2026-01-09,Mini,4.99,50
1732,11674,2026-01-12,Creator,49.99,700
1733,13557,2026-04-29,Creator,49.99,700
1734,5717,2026-03-22,Mini,4.99,50
1735,14667,2026-04-09,Popular,24.99,300
1736,10271,2026-02-11,Mini,4.99,50
1737,2996,2026-04-29,Max,199.99,3500
1738,4694,2026-02-21,Studio,499.99,10000
1739,6777,2026-08-27,Mini,4.99,50
1740,6959,2026-06-17,Starter,9.99,110
1741,12232,2026-06-06,Mini,4.99,50
1742,5146,2026-03-04,Mini,4.99,50
1743,1291,2026-02-04,Studio,499.99,10000
1744,5628,2026-05-19,Mini,4.99,50
1745,14797,2026-07-30,Mini,4.99,50
1746,14308,2026-07-25,Creator,49.99,700
1747,14695,2026-06-03,Creator,49.99,700
1748,3464,2026-05-12,Creator,49.99,700
1749,5980,2026-01-14,Creator,49.99,700
1750,2820,2026-08-06,Max,199.99,3500
1751,5051,2026-08-12,Max,199.99,3500
1752,2556,2026-04-29,Pro,99.99,1600
1753,13350,2026-07-06,Starter,9.99,110
1754,9005,2026-08-23,Pro,99.99,1600
1755,10008,2026-05-29,Studio,499.99,10000
1756,5068,2026-03-02,Popular,24.99,300
1757,8156,2026-04-07,Starter,9.99,110
1758,13918,2026-05-22,Mini,4.99,50
1759,8350,2026-06-07,Mini,4.99,50
1760,11108,2026-04-07,Mini,4.99,50
1761,4587,2026-06-17,Starter,9.99,110
1762,9452,2026-02-12,Max,199.99,3500
1763,4188,2026-04-24,Starter,9.99,110
1764,10255,2026-04-21,Mini,4.99,50
1765,9053,2026-05-22,Creator,49.99,700
1766,6915,2026-02-24,Popular,24.99,300
1767,10147,2026-01-31,Mini,4.99,50
1768,1051,2026-01-21,Max,199.99,3500
1769,16,2026-04-29,Popular,24.99,300
1770,9170,2026-06-05,Creator,49.99,700
1771,3416,2026-08-29,Pro,99.99,1600
1772,6683,2026-07-18,Mini,4.99,50
1773,1812,2026-06-17,Max,199.99,3500
1774,2077,2026-08-08,Pro,99.99,1600
1775,3624,2026-08-11,Pro,99.99,1600
1776,823,2026-06-14,Max,199.99,3500
1777,14159,2026-08-05,Pro,99.99,1600
1778,4142,2026-04-17,Max,199.99,3500
1779,13650,2026-07-29,Pro,99.99,1600
1780,13743,2026-04-14,Max,199.99,3500
1781,1276,2026-03-02,Pro,99.99,1600
1782,3232,2026-03-27,Starter,9.99,110
1783,3153,2026-04-07,Starter,9.99,110
1784,10663,2026-01-28,Studio,499.99,10000
1785,12406,2026-03-22,Popular,24.99,300
1786,5677,2026-04-26,Starter,9.99,110
1787,13439,2026-03-24,Starter,9.99,110
1788,9970,2026-02-26,Mini,4.99,50
1789,9900,2026-06-12,Mini,4.99,50
1790,13041,2026-03-03,Starter,9.99,110
1791,13739,2026-02-26,Popular,24.99,300
1792,9687,2026-04-14,Max,199.99,3500
1793,11205,2026-04-29,Creator,49.99,700
1794,3236,2026-06-12,Starter,9.99,110
1795,7987,2026-07-04,Starter,9.99,110
1796,3028,2026-05-17,Creator,49.99,700
1797,297,2026-03-12,Pro,99.99,1600
1798,1852,2026-05-18,Max,199.99,3500
1799,5859,2026-05-21,Popular,24.99,300
1800,4737,2026-01-16,Max,199.99,3500
1801,5131,2026-04-30,Popular,24.99,300
1802,11129,2026-02-21,Pro,99.99,1600
1803,6535,2026-04-16,Creator,49.99,700
1804,9029,2026-08-15,Studio,499.99,10000
1805,4486,2026-05-01,Studio,499.99,10000
1806,3548,2026-04-07,Pro,99.99,1600
1807,9224,2026-01-31,Creator,49.99,700
1808,4519,2026-07-29,Creator,49.99,700
1809,6207,2026-05-27,Popular,24.99,300
1810,14058,2026-03-30,Creator,49.99,700
1811,11014,2026-03-20,Starter,9.99,110
1812,10631,2026-04-30,Starter,9.99,110
1813,5729,2026-04-27,Max,199.99,3500
1814,9739,2026-05-03,Starter,9.99,110
1815,1910,2026-03-26,Creator,49.99,700
1816,11080,2026-07-19,Popular,24.99,300
1817,7388,2026-08-01,Mini,4.99,50
1818,14435,2026-07-03,Max,199.99,3500
1819,3950,2026-02-18,Creator,49.99,700
1820,312,2026-08-22,Starter,9.99,110
1821,6578,2026-01-18,Pro,99.99,1600
1822,10470,2026-03-19,Creator,49.99,700
1823,8062,2026-07-16,Creator,49.99,700
1824,1936,2026-07-27,Starter,9.99,110
1825,18,2026-08-16,Pro,99.99,1600
1826,11150,2026-01-19,Popular,24.99,300
1827,7068,2026-08-19,Mini,4.99,50
1828,7644,2026-07-03,Popular,24.99,300
1829,9279,2026-03-11,Pro,99.99,1600
1830,13085,2026-02-10,Creator,49.99,700
1831,6735,2026-07-05,Popular,24.99,300
1832,3823,2026-05-30,Starter,9.99,110
1833,12834,2026-08-19,Pro,99.99,1600
1834,2362,2026-07-26,Creator,49.99,700
1835,7712,2026-08-09,Popular,24.99,300
1836,5407,2026-03-04,Popular,24.99,300
1837,1649,2026-01-06,Starter,9.99,110
1838,64,2026-06-14,Popular,24.99,300
1839,2304,2026-02-02,Starter,9.99,110
1840,6313,2026-04-03,Popular,24.99,300
1841,9908,2026-05-23,Starter,9.99,110
1842,10734,2026-05-25,Creator,49.99,700
1843,12123,2026-05-21,Popular,24.99,300
1844,8958,2026-02-15,Pro,99.99,1600
1845,8826,2026-01-04,Starter,9.99,110
1846,1711,2026-01-05,Starter,9.99,110
1847,8728,2026-07-16,Creator,49.99,700
1848,9304,2026-07-28,Popular,24.99,300
1849,4203,2026-08-19,Popular,24.99,300
1850,13184,2026-04-04,Popular,24.99,300
1851,12525,2026-06-16,Mini,4.99,50
1852,10359,2026-03-09,Starter,9.99,110
1853,7299,2026-02-22,Starter,9.99,110
1854,14541,2026-03-11,Max,199.99,3500
1855,10120,2026-01-16,Creator,49.99,700
1856,878,2026-02-27,Popular,24.99,300
1857,3030,2026-07-10,Starter,9.99,110
1858,3005,2026-02-22,Starter,9.99,110
1859,11974,2026-02-14,Popular,24.99,300
1860,13278,2026-04-15,Pro,99.99,1600
1861,2904,2026-03-25,Studio,499.99,10000
1862,2944,2026-08-08,Popular,24.99,300
1863,14949,2026-06-29,Popular,24.99,300
1864,3068,2026-03-14,Creator,49.99,700
1865,1738,2026-08-03,Creator,49.99,700
1866,12145,2026-07-29,Studio,499.99,10000
1867,13561,2026-02-19,Popular,24.99,300
1868,7308,2026-02-23,Starter,9.99,110
1869,12927,2026-08-14,Max,199.99,3500
1870,7756,2026-01-16,Creator,49.99,700
1871,1983,2026-04-09,Starter,9.99,110
1872,187,2026-05-20,Max,199.99,3500
1873,13468,2026-08-21,Starter,9.99,110
1874,3034,2026-02-04,Creator,49.99,700
1875,7466,2026-08-06,Mini,4.99,50
1876,13610,2026-08-08,Starter,9.99,110
1877,6281,2026-04-22,Starter,9.99,110
1878,9720,2026-06-30,Popular,24.99,300
1879,10782,2026-03-03,Starter,9.99,110
1880,4576,2026-06-14,Creator,49.99,700
1881,6752,2026-03-12,Popular,24.99,300
1882,802,2026-05-29,Popular,24.99,300
1883,7015,2026-07-27,Popular,24.99,300
1884,4732,2026-03-20,Creator,49.99,700
1885,2747,2026-04-06,Starter,9.99,110
1886,13534,2026-06-27,Creator,49.99,700
1887,5997,2026-04-18,Creator,49.99,700
1888,14698,2026-08-17,Popular,24.99,300
1889,1875,2026-08-18,Popular,24.99,300
1890,3358,2026-04-30,Max,199.99,3500
1891,7472,2026-06-28,Starter,9.99,110
1892,6024,2026-04-20,Max,199.99,3500
1893,488,2026-05-07,Creator,49.99,700
1894,2003,2026-08-06,Popular,24.99,300
1895,10851,2026-07-13,Starter,9.99,110
1896,8988,2026-06-03,Mini,4.99,50
1897,7407,2026-04-30,Popular,24.99,300
1898,5295,2026-03-10,Popular,24.99,300
1899,6158,2026-05-09,Mini,4.99,50
1900,5694,2026-05-29,Popular,24.99,300
1901,7133,2026-08-20,Creator,49.99,700
1902,1594,2026-07-19,Popular,24.99,300
1903,8804,2026-08-19,Pro,99.99,1600
1904,10348,2026-03-20,Studio,499.99,10000
1905,8322,2026-01-04,Popular,24.99,300
1906,2263,2026-03-09,Mini,4.99,50
1907,13819,2026-05-01,Starter,9.99,110
1908,1865,2026-05-20,Popular,24.99,300
1909,2134,2026-05-07,Mini,4.99,50
1910,8432,2026-05-24,Starter,9.99,110
1911,4821,2026-07-05,Creator,49.99,700
1912,8642,2026-01-20,Pro,99.99,1600
1913,10785,2026-04-24,Max,199.99,3500
1914,11273,2026-04-15,Creator,49.99,700
1915,9939,2026-05-16,Popular,24.99,300
1916,2161,2026-02-20,Starter,9.99,110
1917,8600,2026-06-01,Studio,499.99,10000
1918,13407,2026-01-22,Pro,99.99,1600
1919,100,2026-06-24,Creator,49.99,700
1920,12522,2026-01-10,Popular,24.99,300
1921,1070,2026-02-26,Creator,49.99,700
1922,14638,2026-03-11,Creator,49.99,700
1923,11200,2026-07-26,Pro,99.99,1600
1924,7169,2026-02-20,Creator,49.99,700
1925,12669,2026-03-11,Popular,24.99,300
1926,14001,2026-05-04,Starter,9.99,110
1927,8561,2026-03-15,Max,199.99,3500
1928,11852,2026-07-17,Creator,49.99,700
1929,7550,2026-02-21,Mini,4.99,50
1930,1267,2026-04-17,Pro,99.99,1600
1931,913,2026-03-01,Starter,9.99,110
1932,4587,2026-05-23,Popular,24.99,300
1933,12292,2026-08-13,Creator,49.99,700
1934,124,2026-06-02,Mini,4.99,50
1935,12062,2026-05-17,Pro,99.99,1600
1936,1569,2026-07-13,Popular,24.99,300
1937,13779,2026-06-15,Mini,4.99,50
1938,11696,2026-05-04,Starter,9.99,110
1939,10261,2026-08-07,Mini,4.99,50
1940,12314,2026-08-15,Starter,9.99,110
1941,195,2026-03-17,Mini,4.99,50
1942,11558,2026-07-22,Creator,49.99,700
1943,8326,2026-03-12,Pro,99.99,1600
1944,13517,2026-03-16,Mini,4.99,50
1945,9681,2026-02-22,Creator,49.99,700
1946,4980,2026-07-31,Pro,99.99,1600
1947,13862,2026-05-25,Max,199.99,3500
1948,9424,2026-07-29,Creator,49.99,700
1949,7064,2026-01-10,Popular,24.99,300
1950,4363,2026-02-05,Creator,49.99,700
1951,12049,2026-02-21,Mini,4.99,50
1952,6645,2026-08-09,Starter,9.99,110
1953,2534,2026-05-30,Creator,49.99,700
1954,7082,2026-02-19,Popular,24.99,300
1955,2225,2026-02-09,Creator,49.99,700
1956,5575,2026-07-16,Popular,24.99,300
1957,1226,2026-07-02,Popular,24.99,300
1958,2835,2026-01-04,Studio,499.99,10000
1959,13493,2026-04-06,Mini,4.99,50
1960,10730,2026-06-21,Starter,9.99,110
1961,13263,2026-08-24,Popular,24.99,300
1962,12339,2026-05-26,Pro,99.99,1600
1963,2055,2026-02-06,Starter,9.99,110
1964,1523,2026-08-26,Starter,9.99,110
1965,6883,2026-03-12,Max,199.99,3500
1966,10338,2026-06-28,Popular,24.99,300
1967,7129,2026-01-28,Popular,24.99,300
1968,14612,2026-05-19,Starter,9.99,110
1969,8610,2026-06-15,Studio,499.99,10000
1970,12087,2026-01-09,Popular,24.99,300
1971,5649,2026-08-23,Pro,99.99,1600
1972,13896,2026-03-06,Mini,4.99,50
1973,13698,2026-05-13,Mini,4.99,50
1974,678,2026-01-29,Creator,49.99,700
1975,148,2026-02-10,Popular,24.99,300
1976,10768,2026-01-20,Pro,99.99,1600
1977,3355,2026-08-10,Creator,49.99,700
1978,13818,2026-03-13,Creator,49.99,700
1979,13782,2026-04-04,Max,199.99,3500
1980,9763,2026-03-14,Mini,4.99,50
1981,6577,2026-07-05,Max,199.99,3500
1982,8149,2026-01-27,Popular,24.99,300
1983,14848,2026-01-13,Starter,9.99,110
1984,13757,2026-07-14,Starter,9.99,110
1985,11528,2026-02-23,Starter,9.99,110
1986,3094,2026-03-24,Max,199.99,3500
1987,5137,2026-07-28,Mini,4.99,50
1988,96,2026-05-19,Creator,49.99,700
1989,6534,2026-05-26,Creator,49.99,700
1990,6275,2026-02-27,Mini,4.99,50
1991,14837,2026-07-10,Starter,9.99,110
1992,1545,2026-01-05,Popular,24.99,300
1993,178,2026-01-21,Starter,9.99,110
1994,9330,2026-06-30,Creator,49.99,700
1995,385,2026-07-10,Pro,99.99,1600
1996,1438,2026-02-14,Creator,49.99,700
1997,7412,2026-08-18,Popular,24.99,300
1998,9554,2026-05-10,Creator,49.99,700
1999,4315,2026-01-23,Pro,99.99,1600
2000,4742,2026-01-13,Pro,99.99,1600
2001,14611,2026-02-24,Pro,99.99,1600
2002,871,2026-03-17,Starter,9.99,110
2003,11311,2026-07-27,Popular,24.99,300
2004,10551,2026-08-21,Creator,49.99,700
2005,1867,2026-08-27,Max,199.99,3500
2006,5819,2026-08-19,Popular,24.99,300
2007,10013,2026-06-15,Popular,24.99,300
2008,8602,2026-03-23,Popular,24.99,300
2009,5260,2026-07-23,Max,199.99,3500
2010,9559,2026-06-01,Pro,99.99,1600
2011,11637,2026-05-01,Popular,24.99,300
2012,9778,2026-08-02,Starter,9.99,110
2013,4867,2026-01-13,Studio,499.99,10000
2014,2345,2026-04-13,Mini,4.99,50
2015,8179,2026-01-16,Pro,99.99,1600
2016,6471,2026-07-21,Creator,49.99,700
2017,6600,2026-07-25,Pro,99.99,1600
2018,2746,2026-01-15,Mini,4.99,50
2019,5448,2026-08-30,Starter,9.99,110
2020,7386,2026-08-09,Studio,499.99,10000
2021,10493,2026-05-29,Creator,49.99,700
2022,7661,2026-08-14,Pro,99.99,1600
2023,10021,2026-01-14,Creator,49.99,700
2024,4907,2026-02-09,Starter,9.99,110
2025,12099,2026-08-02,Mini,4.99,50
2026,3188,2026-04-09,Popular,24.99,300
2027,13886,2026-02-13,Popular,24.99,300
2028,7771,2026-05-18,Popular,24.99,300
2029,3339,2026-07-21,Starter,9.99,110
2030,13488,2026-05-17,Starter,9.99,110
2031,12383,2026-02-21,Creator,49.99,700
2032,986,2026-03-30,Popular,24.99,300
2033,9405,2026-01-17,Starter,9.99,110
2034,11200,2026-02-10,Starter,9.99,110
2035,2310,2026-03-10,Popular,24.99,300
2036,2518,2026-08-27,Starter,9.99,110
2037,6396,2026-01-06,Starter,9.99,110
2038,11606,2026-01-20,Starter,9.99,110
2039,8970,2026-08-29,Popular,24.99,300
2040,5993,2026-08-26,Mini,4.99,50
2041,1231,2026-02-02,Creator,49.99,700
2042,8106,2026-05-18,Starter,9.99,110
2043,11901,2026-01-13,Popular,24.99,300
2044,11033,2026-02-28,Starter,9.99,110
2045,842,2026-01-09,Creator,49.99,700
2046,10590,2026-02-19,Mini,4.99,50
2047,9947,2026-07-07,Creator,49.99,700
2048,2984,2026-05-17,Popular,24.99,300
2049,7977,2026-04-28,Pro,99.99,1600
2050,5811,2026-03-18,Pro,99.99,1600
2051,9098,2026-01-18,Starter,9.99,110
2052,11794,2026-03-09,Starter,9.99,110
2053,10423,2026-05-08,Popular,24.99,300
2054,14176,2026-06-25,Mini,4.99,50
2055,9711,2026-05-17,Creator,49.99,700
2056,13191,2026-08-04,Creator,49.99,700
2057,1977,2026-04-03,Studio,499.99,10000
2058,5123,2026-02-27,Starter,9.99,110
2059,5687,2026-06-26,Starter,9.99,110
2060,7286,2026-02-10,Popular,24.99,300
2061,11174,2026-07-08,Popular,24.99,300
2062,6138,2026-03-22,Creator,49.99,700
2063,13662,2026-02-21,Starter,9.99,110
2064,14255,2026-07-29,Starter,9.99,110
2065,9576,2026-04-11,Pro,99.99,1600
2066,3468,2026-01-12,Starter,9.99,110
2067,14105,2026-02-14,Mini,4.99,50
2068,4486,2026-07-15,Pro,99.99,1600
2069,13103,2026-01-31,Popular,24.99,300
2070,14965,2026-01-05,Pro,99.99,1600
2071,1878,2026-08-25,Mini,4.99,50
2072,11280,2026-08-16,Creator,49.99,700
2073,502,2026-02-04,Popular,24.99,300
2074,6143,2026-05-11,Max,199.99,3500
2075,11783,2026-07-28,Popular,24.99,300
2076,7812,2026-04-20,Max,199.99,3500
2077,14992,2026-01-14,Studio,499.99,10000
2078,13070,2026-04-23,Popular,24.99,300
2079,2958,2026-01-01,Creator,49.99,700
2080,6581,2026-03-28,Starter,9.99,110
2081,12926,2026-07-10,Popular,24.99,300
2082,7185,2026-05-17,Mini,4.99,50
2083,5241,2026-03-08,Creator,49.99,700
2084,7687,2026-03-01,Creator,49.99,700
2085,1476,2026-07-22,Mini,4.99,50
2086,4166,2026-01-30,Starter,9.99,110
2087,4553,2026-06-03,Pro,99.99,1600
2088,11683,2026-05-30,Starter,9.99,110
2089,11080,2026-06-25,Max,199.99,3500
2090,4521,2026-04-28,Pro,99.99,1600
2091,7665,2026-08-29,Mini,4.99,50
2092,2190,2026-07-10,Creator,49.99,700
2093,12966,2026-07-21,Popular,24.99,300
2094,11046,2026-01-18,Starter,9.99,110
2095,5686,2026-04-28,Mini,4.99,50
2096,14448,2026-02-12,Starter,9.99,110
2097,13978,2026-01-07,Starter,9.99,110
2098,5358,2026-05-29,Popular,24.99,300
2099,4875,2026-08-13,Starter,9.99,110
2100,11547,2026-04-06,Max,199.99,3500
2101,3587,2026-07-09,Mini,4.99,50
2102,8465,2026-07-31,Studio,499.99,10000
2103,8790,2026-08-11,Creator,49.99,700
2104,4391,2026-08-19,Creator,49.99,700
2105,13279,2026-08-30,Creator,49.99,700
2106,418,2026-06-03,Creator,49.99,700
2107,13077,2026-02-23,Creator,49.99,700
2108,10471,2026-07-02,Pro,99.99,1600
2109,6070,2026-06-08,Popular,24.99,300
2110,10164,2026-07-31,Mini,4.99,50
2111,14195,2026-06-10,Creator,49.99,700
2112,9069,2026-04-14,Pro,99.99,1600
2113,14786,2026-02-06,Starter,9.99,110
2114,8888,2026-02-20,Popular,24.99,300
2115,4626,2026-02-01,Pro,99.99,1600
2116,464,2026-06-12,Creator,49.99,700
2117,182,2026-04-11,Max,199.99,3500
2118,8183,2026-01-02,Starter,9.99,110
2119,12005,2026-05-26,Creator,49.99,700
2120,13860,2026-05-06,Popular,24.99,300
2121,14231,2026-01-04,Starter,9.99,110
2122,7117,2026-06-30,Mini,4.99,50
2123,10579,2026-07-13,Starter,9.99,110
2124,14254,2026-04-21,Pro,99.99,1600
2125,10010,2026-03-07,Starter,9.99,110
2126,8065,2026-05-21,Creator,49.99,700
2127,157,2026-03-21,Creator,49.99,700
2128,1403,2026-06-30,Popular,24.99,300
2129,14352,2026-06-01,Max,199.99,3500
2130,9732,2026-03-06,Creator,49.99,700
2131,6985,2026-04-22,Starter,9.99,110
2132,5220,2026-07-09,Mini,4.99,50
2133,3211,2026-03-27,Starter,9.99,110
2134,6496,2026-04-27,Mini,4.99,50
2135,1819,2026-02-14,Popular,24.99,300
2136,8148,2026-01-17,Creator,49.99,700
2137,45,2026-05-11,Popular,24.99,300
2138,6455,2026-03-05,Starter,9.99,110
2139,5842,2026-07-19,Max,199.99,3500
2140,7668,2026-08-02,Mini,4.99,50
2141,3050,2026-05-05,Mini,4.99,50
2142,3103,2026-02-14,Pro,99.99,1600
2143,1798,2026-01-28,Pro,99.99,1600
2144,11738,2026-08-29,Creator,49.99,700
2145,11648,2026-08-22,Max,199.99,3500
2146,14246,2026-01-11,Mini,4.99,50
2147,997,2026-04-09,Studio,499.99,10000
2148,12002,2026-08-25,Starter,9.99,110
2149,6129,2026-06-14,Starter,9.99,110
2150,13155,2026-07-02,Popular,24.99,300
2151,1053,2026-05-04,Mini,4.99,50
2152,6115,2026-05-06,Creator,49.99,700
2153,5573,2026-07-23,Max,199.99,3500
2154,7588,2026-04-11,Popular,24.99,300
2155,3395,2026-07-10,Pro,99.99,1600
2156,4896,2026-07-02,Creator,49.99,700
2157,13829,2026-06-02,Mini,4.99,50
2158,11386,2026-04-14,Studio,499.99,10000
2159,11416,2026-04-09,Starter,9.99,110
2160,8514,2026-07-14,Mini,4.99,50
2161,10495,2026-05-05,Pro,99.99,1600
2162,11653,2026-05-13,Pro,99.99,1600
2163,4549,2026-03-20,Creator,49.99,700
2164,2979,2026-07-09,Popular,24.99,300
2165,7035,2026-03-08,Mini,4.99,50
2166,3682,2026-07-15,Studio,499.99,10000
2167,390,2026-06-09,Creator,49.99,700
2168,14628,2026-02-18,Starter,9.99,110
2169,14494,2026-01-20,Mini,4.99,50
2170,10402,2026-08-20,Mini,4.99,50
2171,10159,2026-05-31,Max,199.99,3500
2172,62,2026-04-22,Pro,99.99,1600
2173,12565,2026-07-17,Mini,4.99,50
2174,8754,2026-05-22,Mini,4.99,50
2175,10874,2026-05-17,Pro,99.99,1600
2176,573,2026-07-01,Max,199.99,3500
2177,10871,2026-07-24,Popular,24.99,300
2178,9609,2026-05-07,Max,199.99,3500
2179,4527,2026-08-29,Creator,49.99,700
2180,1072,2026-07-10,Studio,499.99,10000
2181,3487,2026-01-03,Starter,9.99,110
2182,9995,2026-03-21,Creator,49.99,700
2183,11088,2026-05-24,Popular,24.99,300
2184,3787,2026-05-11,Popular,24.99,300
2185,12990,2026-04-02,Starter,9.99,110
2186,9625,2026-08-10,Pro,99.99,1600
2187,110,2026-03-30,Creator,49.99,700
2188,13349,2026-06-29,Popular,24.99,300
2189,1159,2026-08-26,Starter,9.99,110
2190,7405,2026-05-10,Pro,99.99,1600
2191,1183,2026-05-30,Mini,4.99,50
2192,14220,2026-01-15,Max,199.99,3500
2193,10839,2026-05-19,Pro,99.99,1600
2194,12846,2026-02-14,Popular,24.99,300
2195,7505,2026-07-08,Mini,4.99,50
2196,5490,2026-02-03,Creator,49.99,700
2197,12852,2026-01-28,Max,199.99,3500
2198,8244,2026-01-03,Mini,4.99,50
2199,4283,2026-08-10,Starter,9.99,110
2200,12572,2026-06-14,Max,199.99,3500
2201,1007,2026-02-24,Starter,9.99,110
2202,3042,2026-04-11,Starter,9.99,110
2203,5056,2026-08-01,Studio,499.99,10000
2204,11530,2026-02-23,Popular,24.99,300
2205,7945,2026-07-09,Starter,9.99,110
2206,8623,2026-08-04,Studio,499.99,10000
2207,13345,2026-08-03,Starter,9.99,110
2208,7247,2026-05-14,Creator,49.99,700
2209,1318,2026-01-21,Max,199.99,3500
2210,13794,2026-01-24,Popular,24.99,300
2211,11176,2026-07-16,Popular,24.99,300
2212,12882,2026-04-01,Creator,49.99,700
2213,3363,2026-02-20,Creator,49.99,700
2214,4347,2026-04-27,Popular,24.99,300
2215,5910,2026-07-06,Starter,9.99,110
2216,7259,2026-01-22,Creator,49.99,700
2217,2089,2026-05-22,Creator,49.99,700
2218,4607,2026-06-16,Mini,4.99,50
2219,11753,2026-06-13,Max,199.99,3500
2220,2777,2026-07-03,Popular,24.99,300
2221,13528,2026-04-22,Pro,99.99,1600
2222,7118,2026-01-21,Creator,49.99,700
2223,1336,2026-01-10,Mini,4.99,50
2224,12836,2026-05-11,Starter,9.99,110
2225,9034,2026-02-16,Popular,24.99,300
2226,3817,2026-06-24,Popular,24.99,300
2227,7181,2026-06-25,Starter,9.99,110
2228,203,2026-08-26,Studio,499.99,10000
2229,2492,2026-01-08,Popular,24.99,300
2230,14719,2026-02-04,Popular,24.99,300
2231,5371,2026-06-15,Creator,49.99,700
2232,5531,2026-08-15,Popular,24.99,300
2233,12883,2026-05-27,Popular,24.99,300
2234,5733,2026-08-18,Mini,4.99,50
2235,3724,2026-02-25,Mini,4.99,50
2236,14952,2026-08-21,Creator,49.99,700
2237,7340,2026-02-04,Mini,4.99,50
2238,4535,2026-01-20,Starter,9.99,110
2239,2682,2026-04-05,Starter,9.99,110
2240,2674,2026-02-10,Starter,9.99,110
2241,7757,2026-04-02,Starter,9.99,110
2242,12816,2026-07-26,Starter,9.99,110
2243,14645,2026-01-24,Starter,9.99,110
2244,5610,2026-06-01,Creator,49.99,700
2245,12208,2026-05-19,Studio,499.99,10000
2246,89,2026-02-26,Pro,99.99,1600
2247,14687,2026-02-02,Pro,99.99,1600
2248,242,2026-06-05,Max,199.99,3500
2249,51,2026-01-19,Pro,99.99,1600
2250,3905,2026-08-11,Popular,24.99,300
2251,5994,2026-07-08,Max,199.99,3500
2252,10825,2026-01-16,Pro,99.99,1600
2253,2204,2026-02-15,Starter,9.99,110
2254,7393,2026-04-04,Pro,99.99,1600
2255,14381,2026-02-15,Max,199.99,3500
2256,3446,2026-01-02,Starter,9.99,110
2257,11598,2026-05-17,Creator,49.99,700
2258,9056,2026-07-30,Pro,99.99,1600
2259,12563,2026-04-24,Starter,9.99,110
2260,12628,2026-07-07,Pro,99.99,1600
2261,4989,2026-03-07,Max,199.99,3500
2262,4558,2026-07-23,Mini,4.99,50
2263,6050,2026-03-25,Starter,9.99,110
2264,1961,2026-04-17,Studio,499.99,10000
2265,1063,2026-07-26,Popular,24.99,300
2266,4873,2026-07-18,Popular,24.99,300
2267,9880,2026-05-26,Starter,9.99,110
2268,12829,2026-01-17,Max,199.99,3500
2269,10805,2026-02-12,Creator,49.99,700
2270,8989,2026-07-13,Mini,4.99,50
2271,13405,2026-08-29,Creator,49.99,700
2272,9231,2026-08-20,Starter,9.99,110
2273,2657,2026-08-31,Pro,99.99,1600
2274,12231,2026-06-08,Max,199.99,3500
2275,2244,2026-03-29,Popular,24.99,300
2276,5935,2026-08-14,Starter,9.99,110
2277,2102,2026-06-27,Mini,4.99,50
2278,14541,2026-08-06,Max,199.99,3500
2279,10364,2026-06-17,Starter,9.99,110
2280,13497,2026-08-22,Starter,9.99,110
2281,757,2026-04-25,Creator,49.99,700
2282,12366,2026-01-22,Creator,49.99,700
2283,14222,2026-06-26,Pro,99.99,1600
2284,10157,2026-04-19,Starter,9.99,110
2285,6633,2026-03-22,Popular,24.99,300
2286,10615,2026-07-16,Starter,9.99,110
2287,10234,2026-05-26,Mini,4.99,50
2288,10151,2026-04-10,Mini,4.99,50
2289,2187,2026-02-15,Mini,4.99,50
2290,13242,2026-08-16,Popular,24.99,300
2291,10558,2026-07-11,Pro,99.99,1600
2292,14821,2026-06-11,Creator,49.99,700
2293,5504,2026-07-26,Starter,9.99,110
2294,11706,2026-03-13,Starter,9.99,110
2295,8097,2026-05-13,Mini,4.99,50
2296,4740,2026-03-30,Starter,9.99,110
2297,2955,2026-04-03,Starter,9.99,110
2298,9253,2026-03-15,Creator,49.99,700
2299,2000,2026-02-25,Mini,4.99,50
2300,7223,2026-05-02,Max,199.99,3500
2301,2451,2026-03-16,Mini,4.99,50
2302,3271,2026-03-08,Pro,99.99,1600
2303,7083,2026-06-19,Starter,9.99,110
2304,11137,2026-06-05,Popular,24.99,300
2305,8314,2026-04-26,Popular,24.99,300
2306,13500,2026-01-09,Popular,24.99,300
2307,405,2026-01-19,Creator,49.99,700
2308,5495,2026-03-19,Max,199.99,3500
2309,3521,2026-03-03,Creator,49.99,700
2310,10358,2026-02-17,Pro,99.99,1600
2311,14996,2026-03-08,Max,199.99,3500
2312,1293,2026-02-27,Pro,99.99,1600
2313,10726,2026-07-02,Starter,9.99,110
2314,42,2026-06-15,Mini,4.99,50
2315,6929,2026-07-27,Max,199.99,3500
2316,2782,2026-05-01,Pro,99.99,1600
2317,13958,2026-01-09,Pro,99.99,1600
2318,2132,2026-02-07,Pro,99.99,1600
2319,4458,2026-07-24,Mini,4.99,50
2320,13312,2026-08-11,Mini,4.99,50
2321,5860,2026-07-13,Pro,99.99,1600
2322,7785,2026-05-19,Creator,49.99,700
2323,7169,2026-05-03,Starter,9.99,110
2324,10277,2026-05-07,Popular,24.99,300
2325,7709,2026-05-16,Mini,4.99,50
2326,5666,2026-08-08,Starter,9.99,110
2327,13539,2026-05-07,Mini,4.99,50
2328,8013,2026-08-20,Starter,9.99,110
2329,6887,2026-03-03,Studio,499.99,10000
2330,4324,2026-07-17,Creator,49.99,700
2331,7298,2026-06-16,Creator,49.99,700
2332,3551,2026-02-08,Popular,24.99,300
2333,11607,2026-08-23,Popular,24.99,300
2334,14408,2026-08-07,Mini,4.99,50
2335,554,2026-03-30,Studio,499.99,10000
2336,8376,2026-08-18,Pro,99.99,1600
2337,6126,2026-03-12,Starter,9.99,110
2338,352,2026-05-14,Popular,24.99,300
2339,4074,2026-06-14,Popular,24.99,300
2340,4591,2026-02-19,Starter,9.99,110
2341,2365,2026-07-28,Pro,99.99,1600
2342,2716,2026-04-11,Popular,24.99,300
2343,5479,2026-06-08,Studio,499.99,10000
2344,4098,2026-08-02,Creator,49.99,700
2345,7533,2026-02-20,Pro,99.99,1600
2346,7859,2026-01-19,Popular,24.99,300
2347,342,2026-02-09,Starter,9.99,110
2348,9225,2026-06-08,Mini,4.99,50
2349,5085,2026-03-02,Starter,9.99,110
2350,4982,2026-08-31,Max,199.99,3500
2351,12754,2026-08-18,Pro,99.99,1600
2352,1443,2026-01-29,Starter,9.99,110
2353,9167,2026-05-30,Max,199.99,3500
2354,14485,2026-02-15,Pro,99.99,1600
2355,11388,2026-06-16,Starter,9.99,110
2356,2035,2026-05-09,Max,199.99,3500
2357,5536,2026-03-12,Pro,99.99,1600
2358,9458,2026-02-05,Starter,9.99,110
2359,13845,2026-08-23,Popular,24.99,300
2360,10310,2026-05-25,Studio,499.99,10000
2361,10872,2026-05-23,Pro,99.99,1600
2362,3792,2026-08-31,Popular,24.99,300
2363,10904,2026-03-26,Mini,4.99,50
2364,1621,2026-02-27,Pro,99.99,1600
2365,6548,2026-04-15,Popular,24.99,300
2366,618,2026-05-27,Creator,49.99,700
2367,5665,2026-01-27,Creator,49.99,700
2368,964,2026-01-05,Pro,99.99,1600
2369,13585,2026-03-16,Popular,24.99,300
2370,13138,2026-04-23,Pro,99.99,1600
2371,7813,2026-04-27,Popular,24.99,300
2372,3184,2026-05-14,Popular,24.99,300
2373,3659,2026-04-30,Max,199.99,3500
2374,12481,2026-05-24,Max,199.99,3500
2375,2681,2026-02-21,Max,199.99,3500
2376,1151,2026-05-23,Studio,499.99,10000
2377,8165,2026-02-25,Creator,49.99,700
2378,4703,2026-06-17,Studio,499.99,10000
2379,4904,2026-07-16,Mini,4.99,50
2380,1545,2026-05-11,Starter,9.99,110
2381,8295,2026-08-02,Starter,9.99,110
2382,1724,2026-06-12,Starter,9.99,110
2383,3495,2026-03-26,Starter,9.99,110
2384,14113,2026-02-14,Starter,9.99,110
2385,575,2026-03-09,Mini,4.99,50
2386,1265,2026-01-10,Max,199.99,3500
2387,14943,2026-02-05,Starter,9.99,110
2388,1774,2026-03-01,Pro,99.99,1600
2389,2964,2026-04-01,Studio,499.99,10000
2390,9885,2026-06-19,Popular,24.99,300
2391,7578,2026-01-01,Creator,49.99,700
2392,2935,2026-04-07,Pro,99.99,1600
2393,7212,2026-02-07,Popular,24.99,300
2394,13121,2026-07-31,Starter,9.99,110
2395,13996,2026-03-23,Starter,9.99,110
2396,3093,2026-07-01,Starter,9.99,110
2397,14236,2026-01-18,Studio,499.99,10000
2398,10997,2026-02-08,Max,199.99,3500
2399,12054,2026-05-24,Starter,9.99,110
2400,11366,2026-08-18,Starter,9.99,110
2401,14126,2026-01-17,Creator,49.99,700
2402,3464,2026-07-21,Max,199.99,3500
2403,14792,2026-02-15,Starter,9.99,110
2404,10844,2026-08-12,Max,199.99,3500
2405,416,2026-02-28,Creator,49.99,700
2406,8223,2026-06-24,Max,199.99,3500
2407,5621,2026-03-08,Mini,4.99,50
2408,4520,2026-08-11,Popular,24.99,300
2409,14282,2026-02-01,Pro,99.99,1600
2410,9976,2026-02-21,Starter,9.99,110
2411,9068,2026-06-16,Popular,24.99,300
2412,1979,2026-04-01,Max,199.99,3500
2413,1829,2026-02-16,Creator,49.99,700
2414,14061,2026-06-06,Popular,24.99,300
2415,4968,2026-01-01,Max,199.99,3500
2416,7472,2026-08-08,Max,199.99,3500
2417,6862,2026-02-05,Popular,24.99,300
2418,11225,2026-04-25,Popular,24.99,300
2419,10624,2026-01-02,Creator,49.99,700
2420,11431,2026-01-11,Creator,49.99,700
2421,7675,2026-03-22,Starter,9.99,110
2422,5498,2026-07-01,Pro,99.99,1600
2423,7392,2026-08-04,Creator,49.99,700
2424,707,2026-03-23,Mini,4.99,50
2425,3603,2026-08-21,Pro,99.99,1600
2426,8692,2026-04-11,Creator,49.99,700
2427,209,2026-06-04,Creator,49.99,700
2428,13014,2026-03-26,Popular,24.99,300
2429,4151,2026-05-05,Creator,49.99,700
2430,7068,2026-01-27,Starter,9.99,110
2431,5152,2026-07-31,Creator,49.99,700
2432,11285,2026-04-18,Starter,9.99,110
2433,2331,2026-04-17,Popular,24.99,300
2434,14873,2026-04-09,Starter,9.99,110
2435,1918,2026-07-02,Popular,24.99,300
2436,9232,2026-01-19,Starter,9.99,110
2437,13828,2026-01-14,Popular,24.99,300
2438,8783,2026-07-29,Max,199.99,3500
2439,11809,2026-01-03,Popular,24.99,300
2440,7281,2026-03-12,Popular,24.99,300
2441,11080,2026-04-06,Starter,9.99,110
2442,12245,2026-02-22,Popular,24.99,300
2443,14657,2026-06-24,Starter,9.99,110
2444,10327,2026-05-15,Creator,49.99,700
2445,8861,2026-06-11,Popular,24.99,300
2446,12693,2026-01-22,Max,199.99,3500
2447,12704,2026-02-11,Creator,49.99,700
2448,9355,2026-05-05,Mini,4.99,50
2449,6014,2026-04-10,Mini,4.99,50
2450,11463,2026-07-29,Popular,24.99,300
2451,12526,2026-06-17,Popular,24.99,300
2452,1556,2026-05-19,Pro,99.99,1600
2453,6760,2026-03-09,Popular,24.99,300
2454,9426,2026-07-21,Starter,9.99,110
2455,3056,2026-03-23,Mini,4.99,50
2456,12024,2026-01-31,Mini,4.99,50
2457,14650,2026-06-10,Starter,9.99,110
2458,12500,2026-07-12,Starter,9.99,110
2459,5107,2026-05-09,Mini,4.99,50
2460,4874,2026-08-13,Popular,24.99,300
2461,7053,2026-01-23,Pro,99.99,1600
2462,13340,2026-06-09,Starter,9.99,110
2463,9252,2026-07-01,Mini,4.99,50
2464,4406,2026-05-04,Starter,9.99,110
2465,11121,2026-05-12,Mini,4.99,50
2466,8618,2026-07-28,Mini,4.99,50
2467,7852,2026-05-22,Creator,49.99,700
2468,6685,2026-01-09,Starter,9.99,110
2469,323,2026-06-11,Studio,499.99,10000
2470,14550,2026-04-09,Mini,4.99,50
2471,9079,2026-06-24,Mini,4.99,50
2472,7543,2026-05-23,Creator,49.99,700
2473,704,2026-02-07,Pro,99.99,1600
2474,14355,2026-01-23,Pro,99.99,1600
2475,9149,2026-01-14,Pro,99.99,1600
2476,151,2026-05-20,Max,199.99,3500
2477,5533,2026-06-02,Pro,99.99,1600
2478,12046,2026-08-04,Popular,24.99,300
2479,14010,2026-04-10,Popular,24.99,300
2480,7387,2026-07-03,Studio,499.99,10000
2481,5674,2026-07-27,Starter,9.99,110
2482,5686,2026-03-28,Pro,99.99,1600
2483,7209,2026-03-25,Creator,49.99,700
2484,10970,2026-07-26,Studio,499.99,10000
2485,10417,2026-01-30,Max,199.99,3500
2486,12102,2026-07-23,Creator,49.99,700
2487,8354,2026-03-29,Pro,99.99,1600
2488,5123,2026-08-13,Popular,24.99,300
2489,5137,2026-03-11,Creator,49.99,700
2490,1455,2026-04-28,Starter,9.99,110
2491,8865,2026-03-05,Max,199.99,3500
2492,12571,2026-04-21,Creator,49.99,700
2493,10474,2026-03-21,Popular,24.99,300
2494,3544,2026-02-12,Creator,49.99,700
2495,2848,2026-04-02,Starter,9.99,110
2496,2625,2026-05-16,Pro,99.99,1600
2497,13494,2026-03-12,Starter,9.99,110
2498,9920,2026-04-03,Pro,99.99,1600
2499,12294,2026-01-20,Max,199.99,3500
2500,707,2026-02-23,Starter,9.99,110
2501,7512,2026-08-02,Creator,49.99,700
2502,2112,2026-03-29,Creator,49.99,700
2503,8928,2026-02-10,Starter,9.99,110
2504,7523,2026-06-25,Popular,24.99,300
2505,13816,2026-03-27,Starter,9.99,110
2506,6682,2026-08-13,Pro,99.99,1600
2507,10183,2026-05-14,Popular,24.99,300
2508,5549,2026-04-13,Creator,49.99,700
2509,13140,2026-05-13,Popular,24.99,300
2510,7163,2026-05-22,Popular,24.99,300
2511,14623,2026-08-12,Creator,49.99,700
2512,5991,2026-07-08,Starter,9.99,110
2513,9045,2026-06-14,Popular,24.99,300
2514,5439,2026-03-05,Studio,499.99,10000
2515,618,2026-06-23,Starter,9.99,110
2516,5079,2026-04-12,Pro,99.99,1600
2517,6405,2026-05-12,Creator,49.99,700
2518,5755,2026-02-22,Starter,9.99,110
2519,6322,2026-01-08,Studio,499.99,10000
2520,11702,2026-02-07,Pro,99.99,1600
2521,9320,2026-03-06,Popular,24.99,300
2522,8757,2026-07-23,Starter,9.99,110
2523,7734,2026-04-26,Studio,499.99,10000
2524,1270,2026-01-21,Starter,9.99,110
2525,934,2026-03-29,Max,199.99,3500
2526,10102,2026-07-02,Max,199.99,3500
2527,7128,2026-07-28,Starter,9.99,110
2528,5780,2026-02-21,Starter,9.99,110
2529,3631,2026-02-03,Starter,9.99,110
2530,1175,2026-04-05,Pro,99.99,1600
2531,6667,2026-07-26,Creator,49.99,700
2532,3675,2026-06-16,Starter,9.99,110
2533,176,2026-06-04,Creator,49.99,700
2534,4902,2026-08-11,Popular,24.99,300
2535,11964,2026-02-04,Popular,24.99,300
2536,765,2026-04-08,Studio,499.99,10000
2537,12301,2026-02-26,Creator,49.99,700
2538,2917,2026-02-19,Starter,9.99,110
2539,551,2026-03-24,Studio,499.99,10000
2540,3631,2026-03-01,Pro,99.99,1600
2541,5114,2026-01-11,Pro,99.99,1600
2542,14727,2026-06-01,Max,199.99,3500
2543,4404,2026-07-01,Popular,24.99,300
2544,2665,2026-04-05,Starter,9.99,110
2545,11276,2026-01-20,Mini,4.99,50
2546,7757,2026-05-03,Pro,99.99,1600
2547,8072,2026-06-05,Creator,49.99,700
2548,8140,2026-06-18,Pro,99.99,1600
2549,281,2026-06-14,Pro,99.99,1600
2550,5006,2026-04-04,Starter,9.99,110
2551,7635,2026-04-22,Starter,9.99,110
2552,8510,2026-06-28,Starter,9.99,110
2553,5758,2026-03-07,Starter,9.99,110
2554,12391,2026-02-02,Popular,24.99,300
2555,10518,2026-01-02,Starter,9.99,110
2556,1666,2026-03-07,Popular,24.99,300
2557,2080,2026-06-15,Creator,49.99,700
2558,5455,2026-07-18,Max,199.99,3500
2559,12009,2026-01-07,Mini,4.99,50
2560,1246,2026-08-07,Mini,4.99,50
2561,11287,2026-04-08,Starter,9.99,110
2562,1277,2026-04-21,Popular,24.99,300
2563,6877,2026-06-30,Mini,4.99,50
2564,2515,2026-01-29,Starter,9.99,110
2565,8025,2026-01-17,Creator,49.99,700
2566,13423,2026-04-26,Starter,9.99,110
2567,84,2026-07-18,Starter,9.99,110
2568,12150,2026-08-05,Creator,49.99,700
2569,10545,2026-04-26,Creator,49.99,700
2570,3702,2026-03-16,Max,199.99,3500
2571,14940,2026-03-15,Pro,99.99,1600
2572,2389,2026-02-14,Popular,24.99,300
2573,3440,2026-08-14,Mini,4.99,50
2574,9504,2026-05-15,Pro,99.99,1600
2575,10832,2026-06-08,Starter,9.99,110
2576,9681,2026-05-12,Max,199.99,3500
2577,977,2026-05-15,Max,199.99,3500
2578,10028,2026-06-29,Creator,49.99,700
2579,10040,2026-05-02,Studio,499.99,10000
2580,8487,2026-03-21,Popular,24.99,300
2581,8728,2026-01-28,Max,199.99,3500
2582,14742,2026-06-21,Starter,9.99,110
2583,3019,2026-01-04,Creator,49.99,700
2584,9326,2026-03-22,Popular,24.99,300
2585,9580,2026-06-24,Studio,499.99,10000
2586,7858,2026-08-21,Creator,49.99,700
2587,5794,2026-04-13,Starter,9.99,110
2588,8978,2026-06-25,Creator,49.99,700
2589,2702,2026-03-04,Creator,49.99,700
2590,11861,2026-05-31,Popular,24.99,300
2591,8519,2026-02-16,Starter,9.99,110
2592,9880,2026-05-15,Creator,49.99,700
2593,3222,2026-03-18,Creator,49.99,700
2594,10760,2026-02-03,Creator,49.99,700
2595,8721,2026-05-29,Popular,24.99,300
2596,6267,2026-03-14,Popular,24.99,300
2597,13177,2026-04-07,Starter,9.99,110
2598,12936,2026-06-02,Starter,9.99,110
2599,10123,2026-02-17,Popular,24.99,300
2600,5636,2026-03-23,Starter,9.99,110
2601,14710,2026-06-15,Starter,9.99,110
2602,2416,2026-08-08,Pro,99.99,1600
2603,7398,2026-05-31,Mini,4.99,50
2604,3698,2026-08-18,Max,199.99,3500
2605,4475,2026-03-13,Starter,9.99,110
2606,12037,2026-04-12,Pro,99.99,1600
2607,10816,2026-05-07,Popular,24.99,300
2608,9026,2026-07-30,Popular,24.99,300
2609,1420,2026-07-05,Mini,4.99,50
2610,11697,2026-01-20,Starter,9.99,110
2611,10376,2026-06-07,Pro,99.99,1600
2612,10899,2026-06-20,Starter,9.99,110
2613,5102,2026-08-10,Mini,4.99,50
2614,5709,2026-04-25,Creator,49.99,700
2615,3372,2026-06-21,Mini,4.99,50
2616,11810,2026-06-20,Creator,49.99,700
2617,1358,2026-05-25,Popular,24.99,300
2618,14952,2026-05-01,Mini,4.99,50
2619,4416,2026-08-02,Mini,4.99,50
2620,3040,2026-04-20,Popular,24.99,300
2621,8271,2026-05-01,Creator,49.99,700
2622,11611,2026-04-20,Pro,99.99,1600
2623,8292,2026-01-17,Studio,499.99,10000
2624,13161,2026-01-17,Studio,499.99,10000
2625,9807,2026-06-24,Popular,24.99,300
2626,8167,2026-07-08,Pro,99.99,1600
2627,120,2026-08-07,Popular,24.99,300
2628,7728,2026-01-28,Creator,49.99,700
2629,3245,2026-01-22,Pro,99.99,1600
2630,5144,2026-02-17,Max,199.99,3500
2631,14041,2026-08-19,Popular,24.99,300
2632,14941,2026-08-02,Creator,49.99,700
2633,1252,2026-04-04,Starter,9.99,110
2634,4942,2026-08-06,Popular,24.99,300
2635,3789,2026-03-02,Creator,49.99,700
2636,6458,2026-06-27,Popular,24.99,300
2637,9539,2026-02-11,Popular,24.99,300
2638,6845,2026-05-25,Starter,9.99,110
2639,2786,2026-01-29,Popular,24.99,300
2640,13493,2026-07-11,Mini,4.99,50
2641,1099,2026-01-11,Popular,24.99,300
2642,10212,2026-03-23,Creator,49.99,700
2643,14955,2026-07-23,Starter,9.99,110
2644,8000,2026-01-04,Pro,99.99,1600
2645,12431,2026-04-29,Starter,9.99,110
2646,1840,2026-07-17,Starter,9.99,110
2647,10658,2026-07-21,Mini,4.99,50
2648,3573,2026-02-04,Creator,49.99,700
2649,13161,2026-08-04,Studio,499.99,10000
2650,2585,2026-08-02,Pro,99.99,1600
2651,4172,2026-04-15,Pro,99.99,1600
2652,2925,2026-01-08,Starter,9.99,110
2653,5204,2026-04-16,Max,199.99,3500
2654,2150,2026-03-16,Max,199.99,3500
2655,5987,2026-03-07,Popular,24.99,300
2656,7158,2026-03-04,Mini,4.99,50
2657,2912,2026-08-13,Popular,24.99,300
2658,6439,2026-07-25,Popular,24.99,300
2659,3232,2026-04-16,Studio,499.99,10000
2660,12912,2026-05-10,Pro,99.99,1600
2661,10528,2026-07-17,Popular,24.99,300
2662,395,2026-04-28,Starter,9.99,110
2663,9979,2026-07-09,Pro,99.99,1600
2664,10395,2026-05-09,Starter,9.99,110
2665,4217,2026-07-25,Studio,499.99,10000
2666,8229,2026-01-20,Popular,24.99,300
2667,4246,2026-02-06,Max,199.99,3500
2668,8566,2026-06-02,Pro,99.99,1600
2669,8734,2026-03-16,Pro,99.99,1600
2670,6586,2026-05-27,Creator,49.99,700
2671,1502,2026-05-02,Popular,24.99,300
2672,865,2026-03-07,Popular,24.99,300
2673,11609,2026-03-12,Creator,49.99,700
2674,7314,2026-03-02,Max,199.99,3500
2675,11260,2026-04-21,Popular,24.99,300
2676,13459,2026-04-15,Popular,24.99,300
2677,7766,2026-08-13,Pro,99.99,1600
2678,783,2026-05-02,Creator,49.99,700
2679,6530,2026-08-04,Mini,4.99,50
2680,8384,2026-07-11,Studio,499.99,10000
2681,2822,2026-01-06,Creator,49.99,700
2682,3150,2026-05-31,Max,199.99,3500
2683,8989,2026-02-03,Popular,24.99,300
2684,10700,2026-03-08,Starter,9.99,110
2685,7457,2026-04-19,Mini,4.99,50
2686,12017,2026-07-10,Max,199.99,3500
2687,763,2026-05-17,Starter,9.99,110
2688,11920,2026-02-01,Creator,49.99,700
2689,5302,2026-03-27,Creator,49.99,700
2690,12379,2026-04-24,Popular,24.99,300
2691,13580,2026-07-12,Creator,49.99,700
2692,2874,2026-03-02,Popular,24.99,300
2693,3198,2026-07-04,Mini,4.99,50
2694,3040,2026-04-19,Starter,9.99,110
2695,5954,2026-01-28,Pro,99.99,1600
2696,3542,2026-01-04,Pro,99.99,1600
2697,1583,2026-07-28,Pro,99.99,1600
2698,3921,2026-07-18,Popular,24.99,300
2699,3096,2026-06-26,Pro,99.99,1600
2700,2126,2026-01-31,Popular,24.99,300
2701,1216,2026-04-13,Popular,24.99,300
2702,2633,2026-05-09,Pro,99.99,1600
2703,6453,2026-04-14,Creator,49.99,700
2704,1193,2026-07-30,Mini,4.99,50
2705,9386,2026-02-15,Popular,24.99,300
2706,12264,2026-06-17,Starter,9.99,110
2707,9073,2026-06-20,Mini,4.99,50
2708,2982,2026-06-08,Mini,4.99,50
2709,7927,2026-08-25,Starter,9.99,110
2710,5205,2026-07-11,Popular,24.99,300
2711,4370,2026-06-07,Popular,24.99,300
2712,8054,2026-05-22,Studio,499.99,10000
2713,3987,2026-06-20,Starter,9.99,110
2714,11788,2026-03-12,Max,199.99,3500
2715,8889,2026-01-13,Popular,24.99,300
2716,10413,2026-01-06,Popular,24.99,300
2717,11383,2026-01-17,Starter,9.99,110
2718,3399,2026-01-10,Starter,9.99,110
2719,3537,2026-03-17,Popular,24.99,300
2720,7989,2026-07-22,Creator,49.99,700
2721,1828,2026-05-03,Starter,9.99,110
2722,7782,2026-05-11,Starter,9.99,110
2723,9586,2026-08-18,Pro,99.99,1600
2724,8906,2026-01-31,Studio,499.99,10000
2725,12388,2026-01-16,Popular,24.99,300
2726,13763,2026-08-02,Creator,49.99,700
2727,8109,2026-05-01,Popular,24.99,300
2728,4814,2026-08-24,Creator,49.99,700
2729,8019,2026-06-03,Mini,4.99,50
2730,7956,2026-05-29,Starter,9.99,110
2731,11387,2026-06-28,Starter,9.99,110
2732,7208,2026-05-22,Mini,4.99,50
2733,7290,2026-07-29,Popular,24.99,300
2734,14453,2026-01-28,Creator,49.99,700
2735,3644,2026-05-28,Popular,24.99,300
2736,2989,2026-06-13,Creator,49.99,700
2737,14589,2026-02-19,Creator,49.99,700
2738,11805,2026-08-15,Pro,99.99,1600
2739,11241,2026-02-24,Popular,24.99,300
2740,10490,2026-06-09,Creator,49.99,700
2741,12038,2026-01-11,Popular,24.99,300
2742,9923,2026-08-21,Creator,49.99,700
2743,4908,2026-03-11,Creator,49.99,700
2744,195,2026-07-09,Mini,4.99,50
2745,1838,2026-01-04,Creator,49.99,700
2746,14181,2026-07-31,Creator,49.99,700
2747,197,2026-01-28,Starter,9.99,110
2748,5219,2026-04-28,Popular,24.99,300
2749,5378,2026-02-17,Creator,49.99,700
2750,9753,2026-07-09,Popular,24.99,300
2751,3879,2026-04-30,Creator,49.99,700
2752,12939,2026-07-05,Creator,49.99,700
2753,6264,2026-04-23,Studio,499.99,10000
2754,10120,2026-03-27,Popular,24.99,300
2755,7924,2026-03-14,Starter,9.99,110
2756,14303,2026-05-24,Creator,49.99,700
2757,8126,2026-01-10,Creator,49.99,700
2758,6387,2026-03-03,Popular,24.99,300
2759,6266,2026-01-13,Popular,24.99,300
2760,4576,2026-05-16,Creator,49.99,700
2761,6674,2026-04-14,Starter,9.99,110
2762,9787,2026-05-11,Starter,9.99,110
2763,7503,2026-02-18,Popular,24.99,300
2764,13946,2026-03-08,Starter,9.99,110
2765,4127,2026-06-17,Studio,499.99,10000
2766,2731,2026-02-18,Creator,49.99,700
2767,8201,2026-04-06,Pro,99.99,1600
2768,13805,2026-01-24,Pro,99.99,1600
2769,3457,2026-02-24,Max,199.99,3500
2770,4947,2026-04-19,Popular,24.99,300
2771,11501,2026-05-23,Popular,24.99,300
2772,4272,2026-06-15,Pro,99.99,1600
2773,9314,2026-02-20,Mini,4.99,50
2774,6358,2026-04-09,Starter,9.99,110
2775,3876,2026-04-08,Creator,49.99,700
2776,11819,2026-03-03,Max,199.99,3500
2777,11404,2026-05-03,Starter,9.99,110
2778,8196,2026-04-10,Popular,24.99,300
2779,3904,2026-01-17,Popular,24.99,300
2780,5880,2026-05-15,Starter,9.99,110
2781,7849,2026-05-30,Pro,99.99,1600
2782,12744,2026-07-08,Creator,49.99,700
2783,1435,2026-06-07,Starter,9.99,110
2784,14236,2026-05-11,Creator,49.99,700
2785,6004,2026-05-13,Creator,49.99,700
2786,12940,2026-02-25,Starter,9.99,110
2787,9863,2026-02-16,Studio,499.99,10000
2788,371,2026-06-07,Popular,24.99,300
2789,7762,2026-02-25,Mini,4.99,50
2790,1905,2026-02-13,Starter,9.99,110
2791,10106,2026-07-24,Popular,24.99,300
2792,3540,2026-06-18,Starter,9.99,110
2793,5466,2026-05-14,Studio,499.99,10000
2794,9234,2026-03-24,Popular,24.99,300
2795,7128,2026-08-24,Mini,4.99,50
2796,11069,2026-02-08,Popular,24.99,300
2797,10485,2026-05-23,Pro,99.99,1600
2798,9926,2026-05-25,Max,199.99,3500
2799,10415,2026-02-06,Mini,4.99,50
2800,11647,2026-03-08,Creator,49.99,700
2801,6861,2026-06-04,Pro,99.99,1600
2802,5152,2026-04-14,Popular,24.99,300
2803,14808,2026-01-13,Creator,49.99,700
2804,1204,2026-06-12,Creator,49.99,700
2805,12387,2026-04-16,Starter,9.99,110
2806,12427,2026-02-07,Pro,99.99,1600
2807,9394,2026-01-14,Popular,24.99,300
2808,14976,2026-05-08,Popular,24.99,300
2809,12147,2026-01-18,Pro,99.99,1600
2810,11887,2026-08-03,Starter,9.99,110
2811,398,2026-02-24,Starter,9.99,110
2812,3405,2026-02-08,Max,199.99,3500
2813,5148,2026-07-12,Starter,9.99,110
2814,2583,2026-07-07,Creator,49.99,700
2815,918,2026-04-30,Popular,24.99,300
2816,14839,2026-04-27,Starter,9.99,110
2817,8617,2026-06-09,Popular,24.99,300
2818,12596,2026-03-10,Creator,49.99,700
2819,9838,2026-02-22,Starter,9.99,110
2820,5368,2026-07-16,Popular,24.99,300
2821,11929,2026-01-20,Studio,499.99,10000
2822,4629,2026-01-09,Pro,99.99,1600
2823,1675,2026-05-28,Starter,9.99,110
2824,10268,2026-06-07,Pro,99.99,1600
2825,9410,2026-07-20,Creator,49.99,700
2826,13036,2026-07-25,Popular,24.99,300
2827,10211,2026-01-11,Popular,24.99,300
2828,7035,2026-02-10,Creator,49.99,700
2829,3219,2026-08-25,Popular,24.99,300
2830,3411,2026-02-19,Max,199.99,3500
2831,10583,2026-03-15,Creator,49.99,700
2832,6863,2026-01-10,Pro,99.99,1600
2833,2609,2026-02-01,Max,199.99,3500
2834,2403,2026-08-15,Max,199.99,3500
2835,4509,2026-05-28,Max,199.99,3500
2836,3346,2026-01-20,Studio,499.99,10000
2837,4487,2026-01-29,Pro,99.99,1600
2838,9024,2026-08-06,Max,199.99,3500
2839,12448,2026-05-26,Creator,49.99,700
2840,9305,2026-05-07,Starter,9.99,110
2841,8812,2026-05-11,Creator,49.99,700
2842,11888,2026-08-16,Starter,9.99,110
2843,2164,2026-05-21,Creator,49.99,700
2844,6031,2026-08-13,Popular,24.99,300
2845,12441,2026-08-21,Starter,9.99,110
2846,7413,2026-07-15,Starter,9.99,110
2847,8541,2026-03-02,Popular,24.99,300
2848,2438,2026-03-06,Pro,99.99,1600
2849,3712,2026-05-16,Popular,24.99,300
2850,2871,2026-02-26,Popular,24.99,300
2851,3108,2026-08-29,Pro,99.99,1600
2852,9922,2026-04-16,Studio,499.99,10000
2853,8085,2026-03-27,Mini,4.99,50
2854,12975,2026-02-25,Popular,24.99,300
2855,12024,2026-02-19,Popular,24.99,300
2856,1143,2026-07-03,Creator,49.99,700
2857,1608,2026-03-08,Mini,4.99,50
2858,12557,2026-01-04,Mini,4.99,50
2859,14969,2026-05-12,Creator,49.99,700
2860,1369,2026-08-27,Mini,4.99,50
2861,5039,2026-07-19,Max,199.99,3500
2862,8560,2026-06-06,Starter,9.99,110
2863,12698,2026-06-15,Starter,9.99,110
2864,12565,2026-08-09,Creator,49.99,700
2865,4814,2026-05-25,Studio,499.99,10000
2866,13225,2026-08-02,Mini,4.99,50
2867,12590,2026-06-06,Starter,9.99,110
2868,291,2026-02-28,Mini,4.99,50
2869,1480,2026-01-23,Creator,49.99,700
2870,8773,2026-08-12,Creator,49.99,700
2871,4735,2026-01-31,Mini,4.99,50
2872,819,2026-04-26,Studio,499.99,10000
2873,2911,2026-02-27,Starter,9.99,110
2874,6717,2026-02-28,Mini,4.99,50
2875,7131,2026-05-08,Starter,9.99,110
2876,11837,2026-07-22,Starter,9.99,110
2877,6813,2026-01-18,Pro,99.99,1600
2878,4999,2026-03-18,Studio,499.99,10000
2879,13138,2026-06-01,Studio,499.99,10000
2880,2723,2026-03-26,Starter,9.99,110
2881,12516,2026-03-09,Pro,99.99,1600
2882,8901,2026-05-02,Mini,4.99,50
2883,3098,2026-03-13,Starter,9.99,110
2884,3806,2026-02-18,Popular,24.99,300
2885,5730,2026-02-24,Starter,9.99,110
2886,14220,2026-02-06,Popular,24.99,300
2887,9253,2026-04-25,Popular,24.99,300
2888,83,2026-08-19,Popular,24.99,300
2889,11790,2026-07-06,Popular,24.99,300
2890,14969,2026-01-26,Max,199.99,3500
2891,3086,2026-01-25,Starter,9.99,110
2892,1628,2026-01-28,Popular,24.99,300
2893,13458,2026-08-09,Pro,99.99,1600
2894,13877,2026-03-29,Creator,49.99,700
2895,313,2026-01-16,Starter,9.99,110
2896,692,2026-04-03,Creator,49.99,700
2897,6122,2026-03-13,Popular,24.99,300
2898,10141,2026-01-02,Starter,9.99,110
2899,4303,2026-01-09,Pro,99.99,1600
2900,3390,2026-03-21,Popular,24.99,300
2901,3678,2026-06-03,Pro,99.99,1600
2902,9828,2026-07-24,Mini,4.99,50
2903,4466,2026-02-17,Studio,499.99,10000
2904,8216,2026-07-30,Creator,49.99,700
2905,9657,2026-04-16,Starter,9.99,110
2906,503,2026-02-13,Max,199.99,3500
2907,14236,2026-08-24,Max,199.99,3500
2908,900,2026-02-07,Starter,9.99,110
2909,6515,2026-04-23,Pro,99.99,1600
2910,7890,2026-01-01,Starter,9.99,110
2911,11799,2026-08-23,Starter,9.99,110
2912,2382,2026-06-01,Mini,4.99,50
2913,8492,2026-04-04,Starter,9.99,110
2914,284,2026-01-25,Creator,49.99,700
2915,14029,2026-02-11,Max,199.99,3500
2916,11620,2026-04-30,Popular,24.99,300
2917,14379,2026-04-06,Popular,24.99,300
2918,8074,2026-08-09,Max,199.99,3500
2919,13328,2026-08-24,Starter,9.99,110
2920,14944,2026-04-25,Pro,99.99,1600
2921,8196,2026-01-04,Studio,499.99,10000
2922,13399,2026-03-18,Starter,9.99,110
2923,3736,2026-02-15,Starter,9.99,110
2924,398,2026-01-23,Popular,24.99,300
2925,9311,2026-05-28,Pro,99.99,1600
2926,4561,2026-03-23,Creator,49.99,700
2927,13170,2026-08-07,Max,199.99,3500
2928,583,2026-07-16,Pro,99.99,1600
2929,2553,2026-07-23,Creator,49.99,700
2930,9408,2026-01-02,Creator,49.99,700
2931,13369,2026-07-07,Popular,24.99,300
2932,14021,2026-02-14,Starter,9.99,110
2933,897,2026-08-07,Starter,9.99,110
2934,10199,2026-02-25,Creator,49.99,700
2935,7277,2026-07-11,Pro,99.99,1600
2936,7742,2026-08-26,Popular,24.99,300
2937,14930,2026-03-21,Creator,49.99,700
2938,2419,2026-07-07,Pro,99.99,1600
2939,12419,2026-08-06,Max,199.99,3500
2940,5055,2026-08-21,Popular,24.99,300
2941,6991,2026-08-10,Creator,49.99,700
2942,2281,2026-02-27,Mini,4.99,50
2943,5286,2026-05-17,Starter,9.99,110
2944,9477,2026-02-08,Popular,24.99,300
2945,6385,2026-05-31,Mini,4.99,50
2946,7375,2026-04-24,Starter,9.99,110
2947,10892,2026-06-28,Mini,4.99,50
2948,12095,2026-03-13,Max,199.99,3500
2949,7429,2026-08-21,Mini,4.99,50
2950,2117,2026-06-04,Creator,49.99,700
2951,14464,2026-01-21,Starter,9.99,110
2952,13167,2026-06-13,Starter,9.99,110
2953,3073,2026-07-31,Creator,49.99,700
2954,7184,2026-05-10,Studio,499.99,10000
2955,2696,2026-06-22,Starter,9.99,110
2956,12718,2026-06-30,Pro,99.99,1600
2957,13018,2026-01-29,Popular,24.99,300
2958,4984,2026-01-26,Creator,49.99,700
2959,3539,2026-08-03,Starter,9.99,110
2960,13029,2026-01-03,Popular,24.99,300
2961,4933,2026-03-05,Starter,9.99,110
2962,14296,2026-07-04,Starter,9.99,110
2963,6587,2026-06-19,Starter,9.99,110
2964,5350,2026-02-20,Creator,49.99,700
2965,2807,2026-02-09,Starter,9.99,110
2966,3141,2026-06-25,Popular,24.99,300
2967,10762,2026-01-05,Mini,4.99,50
2968,12768,2026-03-30,Max,199.99,3500
2969,14897,2026-01-22,Popular,24.99,300
2970,7856,2026-02-04,Pro,99.99,1600
2971,10552,2026-02-02,Creator,49.99,700
2972,12823,2026-08-03,Creator,49.99,700
2973,10304,2026-03-09,Max,199.99,3500
2974,12011,2026-04-26,Starter,9.99,110
2975,12848,2026-03-16,Starter,9.99,110
2976,2227,2026-07-29,Mini,4.99,50
2977,7434,2026-03-09,Max,199.99,3500
2978,7587,2026-06-29,Max,199.99,3500
2979,14621,2026-06-13,Pro,99.99,1600
2980,13333,2026-02-17,Starter,9.99,110
2981,698,2026-02-11,Popular,24.99,300
2982,10778,2026-03-27,Studio,499.99,10000
2983,5417,2026-07-14,Studio,499.99,10000
2984,1028,2026-05-10,Pro,99.99,1600
2985,3992,2026-03-28,Starter,9.99,110
2986,1650,2026-02-12,Starter,9.99,110
2987,5528,2026-08-15,Max,199.99,3500
2988,10887,2026-03-04,Pro,99.99,1600
2989,7430,2026-01-26,Mini,4.99,50
2990,3025,2026-05-30,Starter,9.99,110
2991,9332,2026-02-18,Max,199.99,3500
2992,7435,2026-01-01,Popular,24.99,300
2993,986,2026-01-24,Studio,499.99,10000
2994,6458,2026-07-05,Starter,9.99,110
2995,14031,2026-04-07,Pro,99.99,1600
2996,6711,2026-03-02,Creator,49.99,700
2997,10119,2026-07-09,Popular,24.99,300
2998,890,2026-05-07,Starter,9.99,110
2999,10244,2026-08-21,Starter,9.99,110
3000,9058,2026-02-14,Max,199.99,3500
3001,11605,2026-08-24,Mini,4.99,50
3002,8472,2026-04-13,Mini,4.99,50
3003,7998,2026-01-24,Popular,24.99,300
3004,12325,2026-02-26,Mini,4.99,50
3005,1704,2026-04-21,Mini,4.99,50
3006,3744,2026-02-10,Starter,9.99,110
3007,3005,2026-02-11,Popular,24.99,300
3008,8943,2026-05-11,Creator,49.99,700
3009,4250,2026-03-14,Max,199.99,3500
3010,1051,2026-06-18,Creator,49.99,700
3011,10188,2026-05-12,Creator,49.99,700
3012,10565,2026-07-12,Max,199.99,3500
3013,13868,2026-08-29,Pro,99.99,1600
3014,6775,2026-07-12,Popular,24.99,300
3015,4212,2026-06-22,Studio,499.99,10000
3016,12623,2026-03-10,Popular,24.99,300
3017,9154,2026-03-01,Max,199.99,3500
3018,3203,2026-07-22,Max,199.99,3500
3019,11088,2026-01-02,Pro,99.99,1600
3020,8677,2026-02-16,Mini,4.99,50
3021,11483,2026-02-04,Starter,9.99,110
3022,8061,2026-02-07,Max,199.99,3500
3023,1254,2026-04-08,Popular,24.99,300
3024,10748,2026-07-15,Starter,9.99,110
3025,1466,2026-08-17,Mini,4.99,50
3026,2140,2026-07-04,Starter,9.99,110
3027,6771,2026-02-05,Mini,4.99,50
3028,6845,2026-04-07,Mini,4.99,50
3029,6329,2026-08-14,Max,199.99,3500
3030,1834,2026-07-17,Popular,24.99,300
3031,11719,2026-06-13,Max,199.99,3500
3032,3156,2026-04-29,Mini,4.99,50
3033,675,2026-08-14,Starter,9.99,110
3034,997,2026-05-10,Creator,49.99,700
3035,2369,2026-07-23,Pro,99.99,1600
3036,6758,2026-03-06,Creator,49.99,700
3037,13222,2026-05-02,Pro,99.99,1600
3038,780,2026-05-14,Pro,99.99,1600
3039,14613,2026-05-21,Creator,49.99,700
3040,14582,2026-01-31,Mini,4.99,50
3041,5352,2026-02-09,Creator,49.99,700
3042,3627,2026-05-21,Mini,4.99,50
3043,6166,2026-07-02,Starter,9.99,110
3044,3850,2026-02-11,Creator,49.99,700
3045,13588,2026-06-28,Mini,4.99,50
3046,10446,2026-03-27,Starter,9.99,110
3047,7674,2026-01-30,Starter,9.99,110
3048,13885,2026-08-24,Starter,9.99,110
3049,12176,2026-05-13,Starter,9.99,110
3050,11640,2026-08-31,Studio,499.99,10000
3051,1053,2026-04-01,Max,199.99,3500
3052,5434,2026-06-15,Starter,9.99,110
3053,5247,2026-02-10,Pro,99.99,1600
3054,10231,2026-01-03,Max,199.99,3500
3055,12915,2026-01-21,Starter,9.99,110
3056,11909,2026-02-24,Max,199.99,3500
3057,12596,2026-02-01,Studio,499.99,10000
3058,3704,2026-03-12,Starter,9.99,110
3059,8748,2026-04-18,Starter,9.99,110
3060,10142,2026-07-25,Starter,9.99,110
3061,297,2026-03-04,Creator,49.99,700
3062,1591,2026-02-08,Max,199.99,3500
3063,8000,2026-05-06,Popular,24.99,300
3064,8292,2026-02-02,Popular,24.99,300
3065,309,2026-06-24,Starter,9.99,110
3066,5387,2026-08-09,Mini,4.99,50
3067,8963,2026-01-24,Popular,24.99,300
3068,9661,2026-08-23,Mini,4.99,50
3069,12748,2026-01-17,Creator,49.99,700
3070,3107,2026-05-06,Popular,24.99,300
3071,14797,2026-02-10,Popular,24.99,300
3072,13809,2026-06-13,Creator,49.99,700
3073,1728,2026-04-30,Starter,9.99,110
3074,5889,2026-02-27,Starter,9.99,110
3075,9464,2026-07-17,Starter,9.99,110
3076,13901,2026-07-28,Studio,499.99,10000
3077,1296,2026-03-03,Starter,9.99,110
3078,7031,2026-08-25,Creator,49.99,700
3079,248,2026-02-23,Mini,4.99,50
3080,9585,2026-03-13,Popular,24.99,300
3081,6349,2026-05-21,Creator,49.99,700
3082,11244,2026-05-23,Starter,9.99,110
3083,6100,2026-08-06,Mini,4.99,50
3084,1673,2026-02-04,Pro,99.99,1600
3085,11405,2026-05-31,Pro,99.99,1600
3086,10566,2026-04-03,Max,199.99,3500
3087,11885,2026-06-27,Popular,24.99,300
3088,9412,2026-04-05,Starter,9.99,110
3089,9370,2026-06-27,Starter,9.99,110
3090,11461,2026-02-23,Popular,24.99,300
3091,9959,2026-02-27,Studio,499.99,10000
3092,11066,2026-08-18,Mini,4.99,50
3093,1996,2026-02-17,Mini,4.99,50
3094,9065,2026-05-12,Creator,49.99,700
3095,1051,2026-05-29,Pro,99.99,1600
3096,907,2026-01-21,Max,199.99,3500
3097,11238,2026-07-25,Creator,49.99,700
3098,1052,2026-08-19,Max,199.99,3500
3099,5945,2026-01-17,Starter,9.99,110
3100,2958,2026-05-05,Starter,9.99,110
3101,10838,2026-02-05,Pro,99.99,1600
3102,3852,2026-08-26,Popular,24.99,300
3103,4668,2026-04-19,Pro,99.99,1600
3104,7209,2026-06-14,Studio,499.99,10000
3105,1554,2026-04-20,Pro,99.99,1600
3106,10587,2026-08-20,Creator,49.99,700
3107,3561,2026-03-15,Creator,49.99,700
3108,11203,2026-08-13,Creator,49.99,700
3109,10444,2026-06-20,Starter,9.99,110
3110,3502,2026-07-05,Studio,499.99,10000
3111,12013,2026-02-21,Pro,99.99,1600
3112,1247,2026-02-11,Creator,49.99,700
3113,6901,2026-05-09,Mini,4.99,50
3114,518,2026-03-04,Popular,24.99,300
3115,6394,2026-02-21,Starter,9.99,110
3116,6359,2026-03-18,Starter,9.99,110
3117,13756,2026-03-15,Max,199.99,3500
3118,12173,2026-07-16,Starter,9.99,110
3119,12169,2026-02-13,Popular,24.99,300
3120,1529,2026-08-28,Popular,24.99,300
3121,2184,2026-01-24,Popular,24.99,300
3122,7720,2026-04-23,Mini,4.99,50
3123,3862,2026-01-04,Mini,4.99,50
3124,12290,2026-03-14,Creator,49.99,700
3125,2179,2026-01-12,Studio,499.99,10000
3126,9456,2026-01-11,Mini,4.99,50
3127,6899,2026-03-24,Starter,9.99,110
3128,11379,2026-06-07,Starter,9.99,110
3129,410,2026-07-07,Creator,49.99,700
3130,1887,2026-01-22,Creator,49.99,700
3131,925,2026-04-20,Starter,9.99,110
3132,1908,2026-07-01,Mini,4.99,50
3133,8297,2026-03-07,Mini,4.99,50
3134,8786,2026-04-11,Creator,49.99,700
3135,7705,2026-04-01,Popular,24.99,300
3136,6258,2026-05-11,Creator,49.99,700
3137,7369,2026-06-02,Starter,9.99,110
3138,1131,2026-02-12,Starter,9.99,110
3139,207,2026-05-03,Starter,9.99,110
3140,4575,2026-03-16,Popular,24.99,300
3141,7408,2026-08-21,Pro,99.99,1600
3142,4187,2026-06-06,Starter,9.99,110
3143,13963,2026-01-10,Pro,99.99,1600
3144,10872,2026-04-30,Popular,24.99,300
3145,10772,2026-07-01,Popular,24.99,300
3146,5406,2026-02-24,Studio,499.99,10000
3147,3866,2026-04-12,Pro,99.99,1600
3148,127,2026-06-07,Mini,4.99,50
3149,1013,2026-08-02,Pro,99.99,1600
3150,9639,2026-03-14,Studio,499.99,10000
3151,13480,2026-06-01,Popular,24.99,300
3152,2250,2026-01-25,Max,199.99,3500
3153,14940,2026-01-15,Creator,49.99,700
3154,11785,2026-01-05,Creator,49.99,700
3155,5448,2026-04-01,Max,199.99,3500
3156,8814,2026-03-24,Creator,49.99,700
3157,14525,2026-08-03,Max,199.99,3500
3158,4779,2026-08-13,Popular,24.99,300
3159,1013,2026-01-29,Popular,24.99,300
3160,5323,2026-08-28,Starter,9.99,110
3161,11498,2026-02-10,Starter,9.99,110
3162,2720,2026-06-05,Popular,24.99,300
3163,9124,2026-02-09,Max,199.99,3500
3164,9937,2026-02-24,Pro,99.99,1600
3165,2266,2026-07-13,Pro,99.99,1600
3166,13563,2026-04-19,Starter,9.99,110
3167,14224,2026-01-04,Max,199.99,3500
3168,1422,2026-07-20,Mini,4.99,50
3169,11098,2026-01-30,Popular,24.99,300
3170,10718,2026-05-18,Starter,9.99,110
3171,9445,2026-06-21,Starter,9.99,110
3172,11683,2026-02-03,Pro,99.99,1600
3173,10209,2026-01-12,Creator,49.99,700
3174,9434,2026-07-12,Pro,99.99,1600
3175,993,2026-04-18,Creator,49.99,700
3176,9707,2026-02-03,Popular,24.99,300
3177,10721,2026-03-30,Creator,49.99,700
3178,14638,2026-08-20,Popular,24.99,300
3179,7876,2026-02-03,Pro,99.99,1600
3180,1415,2026-08-23,Mini,4.99,50
3181,4037,2026-07-24,Starter,9.99,110
3182,2021,2026-05-27,Mini,4.99,50
3183,14910,2026-03-08,Starter,9.99,110
3184,9137,2026-01-23,Popular,24.99,300
3185,1232,2026-07-18,Creator,49.99,700
3186,7415,2026-05-15,Starter,9.99,110
3187,2864,2026-02-01,Popular,24.99,300
3188,8444,2026-01-20,Popular,24.99,300
3189,8844,2026-08-24,Popular,24.99,300
3190,11055,2026-01-08,Popular,24.99,300
3191,7862,2026-03-05,Starter,9.99,110
3192,2038,2026-06-13,Mini,4.99,50
3193,8490,2026-03-12,Popular,24.99,300
3194,5486,2026-03-15,Starter,9.99,110
3195,5342,2026-05-01,Pro,99.99,1600
3196,2378,2026-06-14,Mini,4.99,50
3197,14847,2026-08-15,Mini,4.99,50
3198,2083,2026-05-19,Max,199.99,3500
3199,11090,2026-04-10,Starter,9.99,110
3200,6103,2026-07-05,Pro,99.99,1600
3201,5704,2026-06-17,Creator,49.99,700
3202,1843,2026-01-05,Pro,99.99,1600
3203,3001,2026-04-12,Pro,99.99,1600
3204,1044,2026-08-05,Popular,24.99,300
3205,9565,2026-01-20,Max,199.99,3500
3206,4025,2026-06-14,Creator,49.99,700
3207,7570,2026-02-27,Mini,4.99,50
3208,8345,2026-01-30,Popular,24.99,300
3209,6557,2026-06-05,Starter,9.99,110
3210,7922,2026-07-21,Mini,4.99,50
3211,9618,2026-03-23,Mini,4.99,50
3212,4689,2026-07-01,Mini,4.99,50
3213,6037,2026-08-31,Starter,9.99,110
3214,11313,2026-02-11,Pro,99.99,1600
3215,10587,2026-04-04,Popular,24.99,300
3216,3973,2026-01-14,Popular,24.99,300
3217,11262,2026-06-10,Creator,49.99,700
3218,11164,2026-04-17,Mini,4.99,50
3219,6881,2026-02-18,Popular,24.99,300
3220,6116,2026-07-31,Starter,9.99,110
3221,12907,2026-04-30,Starter,9.99,110
3222,11838,2026-05-25,Studio,499.99,10000
3223,290,2026-07-03,Creator,49.99,700
3224,10329,2026-02-07,Popular,24.99,300
3225,4303,2026-03-24,Popular,24.99,300
3226,11592,2026-02-19,Max,199.99,3500
3227,3057,2026-06-17,Starter,9.99,110
3228,13312,2026-03-29,Pro,99.99,1600
3229,3515,2026-08-21,Creator,49.99,700
3230,11589,2026-08-12,Mini,4.99,50
3231,4223,2026-03-14,Starter,9.99,110
3232,9043,2026-08-13,Pro,99.99,1600
3233,11521,2026-01-18,Creator,49.99,700
3234,5090,2026-04-04,Pro,99.99,1600
3235,8771,2026-04-10,Creator,49.99,700
3236,1982,2026-06-08,Mini,4.99,50
3237,8466,2026-01-09,Popular,24.99,300
3238,10969,2026-06-15,Popular,24.99,300
3239,3187,2026-01-23,Popular,24.99,300
3240,944,2026-03-21,Studio,499.99,10000
3241,929,2026-07-01,Creator,49.99,700
3242,10980,2026-07-31,Mini,4.99,50
3243,5378,2026-07-11,Popular,24.99,300
3244,524,2026-04-13,Creator,49.99,700
3245,4348,2026-03-18,Starter,9.99,110
3246,36,2026-05-25,Starter,9.99,110
3247,1530,2026-03-12,Popular,24.99,300
3248,4090,2026-05-09,Max,199.99,3500
3249,14250,2026-01-10,Max,199.99,3500
3250,220,2026-04-28,Starter,9.99,110
3251,1966,2026-07-27,Popular,24.99,300
3252,11932,2026-07-13,Studio,499.99,10000
3253,10634,2026-02-19,Creator,49.99,700
3254,13034,2026-02-01,Mini,4.99,50
3255,12086,2026-07-05,Mini,4.99,50
3256,11833,2026-03-10,Starter,9.99,110
3257,4777,2026-08-23,Mini,4.99,50
3258,6296,2026-02-07,Creator,49.99,700
3259,8260,2026-04-13,Popular,24.99,300
3260,10850,2026-01-02,Creator,49.99,700
3261,1997,2026-07-06,Starter,9.99,110
3262,12710,2026-05-14,Popular,24.99,300
3263,7764,2026-02-15,Studio,499.99,10000
3264,62,2026-04-16,Creator,49.99,700
3265,9955,2026-02-15,Starter,9.99,110
3266,852,2026-08-01,Popular,24.99,300
3267,6773,2026-04-27,Popular,24.99,300
3268,263,2026-02-02,Pro,99.99,1600
3269,2755,2026-05-13,Starter,9.99,110
3270,7360,2026-07-11,Starter,9.99,110
3271,250,2026-06-10,Creator,49.99,700
3272,12510,2026-08-21,Creator,49.99,700
3273,7349,2026-03-10,Starter,9.99,110
3274,11621,2026-02-28,Mini,4.99,50
3275,1015,2026-06-23,Popular,24.99,300
3276,14201,2026-07-02,Starter,9.99,110
3277,7661,2026-02-11,Pro,99.99,1600
3278,9548,2026-07-04,Studio,499.99,10000
3279,4973,2026-06-17,Popular,24.99,300
3280,2497,2026-06-15,Studio,499.99,10000
3281,162,2026-06-08,Popular,24.99,300
3282,12191,2026-08-14,Starter,9.99,110
3283,2719,2026-08-24,Creator,49.99,700
3284,8220,2026-01-21,Max,199.99,3500
3285,2284,2026-07-24,Popular,24.99,300
3286,7928,2026-05-24,Creator,49.99,700
3287,226,2026-06-21,Popular,24.99,300
3288,10690,2026-01-01,Pro,99.99,1600
3289,8913,2026-06-19,Pro,99.99,1600
3290,10526,2026-01-08,Studio,499.99,10000
3291,11257,2026-02-12,Popular,24.99,300
3292,10132,2026-05-03,Max,199.99,3500
3293,13680,2026-04-05,Popular,24.99,300
3294,12935,2026-01-14,Creator,49.99,700
3295,8185,2026-07-30,Creator,49.99,700
3296,7720,2026-01-20,Studio,499.99,10000
3297,6219,2026-02-06,Creator,49.99,700
3298,6712,2026-01-24,Mini,4.99,50
3299,5300,2026-02-14,Creator,49.99,700
3300,2531,2026-01-28,Popular,24.99,300
3301,10992,2026-02-21,Starter,9.99,110
3302,6531,2026-08-30,Max,199.99,3500
3303,7254,2026-05-12,Popular,24.99,300
3304,14745,2026-05-24,Creator,49.99,700
3305,11100,2026-05-22,Pro,99.99,1600
3306,13779,2026-03-10,Popular,24.99,300
3307,395,2026-06-29,Popular,24.99,300
3308,12169,2026-03-10,Popular,24.99,300
3309,1436,2026-02-28,Creator,49.99,700
3310,1464,2026-08-01,Creator,49.99,700
3311,4427,2026-03-05,Popular,24.99,300
3312,10433,2026-08-10,Pro,99.99,1600
3313,13576,2026-05-06,Mini,4.99,50
3314,12252,2026-08-30,Mini,4.99,50
3315,3401,2026-03-20,Popular,24.99,300
3316,10978,2026-07-17,Creator,49.99,700
3317,14536,2026-08-25,Popular,24.99,300
3318,8721,2026-08-22,Mini,4.99,50
3319,3738,2026-06-30,Creator,49.99,700
3320,7676,2026-03-21,Max,199.99,3500
3321,6574,2026-07-30,Creator,49.99,700
3322,3698,2026-04-06,Mini,4.99,50
3323,548,2026-07-15,Pro,99.99,1600
3324,11469,2026-05-09,Starter,9.99,110
3325,14656,2026-02-21,Popular,24.99,300
3326,3097,2026-05-10,Starter,9.99,110
3327,1513,2026-07-02,Starter,9.99,110
3328,11836,2026-08-21,Studio,499.99,10000
3329,4972,2026-02-07,Creator,49.99,700
3330,9596,2026-07-11,Starter,9.99,110
3331,11591,2026-08-03,Creator,49.99,700
3332,850,2026-04-24,Starter,9.99,110
3333,2607,2026-02-27,Mini,4.99,50
3334,14382,2026-05-23,Studio,499.99,10000
3335,5240,2026-06-08,Creator,49.99,700
3336,4254,2026-08-08,Starter,9.99,110
3337,3815,2026-02-03,Creator,49.99,700
3338,10978,2026-05-04,Popular,24.99,300
3339,12878,2026-07-20,Popular,24.99,300
3340,895,2026-01-15,Popular,24.99,300
3341,803,2026-06-20,Popular,24.99,300
3342,10346,2026-06-12,Popular,24.99,300
3343,3099,2026-02-03,Starter,9.99,110
3344,11413,2026-02-22,Creator,49.99,700
3345,83,2026-06-30,Starter,9.99,110
3346,984,2026-06-26,Popular,24.99,300
3347,6682,2026-02-02,Creator,49.99,700
3348,2167,2026-04-13,Mini,4.99,50
3349,3717,2026-08-02,Popular,24.99,300
3350,12345,2026-07-20,Popular,24.99,300
3351,11015,2026-07-23,Pro,99.99,1600
3352,10471,2026-01-30,Popular,24.99,300
3353,7343,2026-08-06,Max,199.99,3500
3354,6771,2026-06-27,Max,199.99,3500
3355,12226,2026-03-05,Starter,9.99,110
3356,9805,2026-01-03,Mini,4.99,50
3357,8371,2026-07-18,Mini,4.99,50
3358,13492,2026-07-27,Popular,24.99,300
3359,5900,2026-07-02,Starter,9.99,110
3360,11689,2026-02-06,Max,199.99,3500
3361,8076,2026-01-02,Creator,49.99,700
3362,10081,2026-08-22,Starter,9.99,110
3363,5237,2026-07-10,Popular,24.99,300
3364,10902,2026-07-25,Popular,24.99,300
3365,8492,2026-05-10,Popular,24.99,300
3366,5288,2026-04-11,Starter,9.99,110
3367,3606,2026-05-19,Max,199.99,3500
3368,9862,2026-06-20,Mini,4.99,50
3369,5779,2026-07-13,Pro,99.99,1600
3370,12803,2026-02-22,Starter,9.99,110
3371,13371,2026-04-29,Popular,24.99,300
3372,3516,2026-07-21,Popular,24.99,300
3373,12136,2026-01-01,Creator,49.99,700
3374,13621,2026-03-17,Mini,4.99,50
3375,4237,2026-06-09,Max,199.99,3500
3376,2073,2026-08-09,Pro,99.99,1600
3377,6459,2026-04-29,Max,199.99,3500
3378,9681,2026-04-06,Pro,99.99,1600
3379,6743,2026-08-05,Max,199.99,3500
3380,9301,2026-02-16,Creator,49.99,700
3381,6700,2026-08-25,Creator,49.99,700
3382,2085,2026-05-21,Pro,99.99,1600
3383,8492,2026-06-29,Popular,24.99,300
3384,8911,2026-05-18,Popular,24.99,300
3385,11482,2026-01-11,Pro,99.99,1600
3386,5178,2026-07-15,Popular,24.99,300
3387,7948,2026-05-09,Creator,49.99,700
3388,4719,2026-04-23,Popular,24.99,300
3389,4622,2026-06-05,Mini,4.99,50
3390,2336,2026-02-16,Mini,4.99,50
3391,4545,2026-05-14,Starter,9.99,110
3392,11903,2026-08-19,Starter,9.99,110
3393,2079,2026-02-21,Starter,9.99,110
3394,7962,2026-08-17,Popular,24.99,300
3395,7792,2026-05-20,Starter,9.99,110
3396,9293,2026-01-20,Creator,49.99,700
3397,9743,2026-05-14,Pro,99.99,1600
3398,6423,2026-04-30,Creator,49.99,700
3399,6944,2026-08-28,Popular,24.99,300
3400,6078,2026-05-05,Popular,24.99,300
3401,3359,2026-07-07,Popular,24.99,300
3402,3974,2026-07-28,Popular,24.99,300
3403,2631,2026-07-15,Studio,499.99,10000
3404,13767,2026-05-04,Studio,499.99,10000
3405,11333,2026-07-17,Max,199.99,3500
3406,2830,2026-08-19,Starter,9.99,110
3407,1622,2026-07-25,Starter,9.99,110
3408,14915,2026-02-26,Pro,99.99,1600
3409,2719,2026-04-03,Starter,9.99,110
3410,13655,2026-06-13,Creator,49.99,700
3411,7813,2026-05-22,Starter,9.99,110
3412,497,2026-08-04,Creator,49.99,700
3413,12437,2026-04-11,Creator,49.99,700
3414,1664,2026-05-03,Popular,24.99,300
3415,14096,2026-06-15,Creator,49.99,700
3416,6693,2026-01-07,Starter,9.99,110
3417,7449,2026-05-18,Mini,4.99,50
3418,11164,2026-01-23,Starter,9.99,110
3419,2989,2026-04-16,Pro,99.99,1600
3420,6341,2026-03-03,Starter,9.99,110
3421,13296,2026-04-17,Popular,24.99,300
3422,6311,2026-02-01,Starter,9.99,110
3423,13049,2026-08-23,Starter,9.99,110
3424,11671,2026-02-13,Popular,24.99,300
3425,530,2026-05-31,Starter,9.99,110
3426,8214,2026-06-25,Mini,4.99,50
3427,1502,2026-03-02,Starter,9.99,110
3428,800,2026-06-10,Pro,99.99,1600
3429,63,2026-01-20,Popular,24.99,300
3430,14989,2026-05-29,Creator,49.99,700
3431,10695,2026-06-30,Popular,24.99,300
3432,8693,2026-01-04,Popular,24.99,300
3433,12684,2026-03-14,Starter,9.99,110
3434,6989,2026-08-22,Starter,9.99,110
3435,14791,2026-01-24,Creator,49.99,700
3436,4539,2026-02-06,Mini,4.99,50
3437,174,2026-06-06,Max,199.99,3500
3438,11475,2026-07-18,Creator,49.99,700
3439,10848,2026-05-15,Popular,24.99,300
3440,5281,2026-05-05,Max,199.99,3500
3441,7860,2026-04-30,Pro,99.99,1600
3442,14817,2026-03-10,Mini,4.99,50
3443,196,2026-07-02,Mini,4.99,50
3444,9718,2026-06-05,Pro,99.99,1600
3445,9449,2026-05-17,Starter,9.99,110
3446,858,2026-07-03,Starter,9.99,110
3447,1259,2026-08-27,Popular,24.99,300
3448,8583,2026-01-08,Starter,9.99,110
3449,2069,2026-07-17,Creator,49.99,700
3450,3264,2026-08-01,Max,199.99,3500
3451,6795,2026-07-11,Popular,24.99,300
3452,9423,2026-06-02,Studio,499.99,10000
3453,1624,2026-01-24,Creator,49.99,700
3454,6350,2026-05-30,Max,199.99,3500
3455,4635,2026-06-30,Popular,24.99,300
3456,2063,2026-03-19,Mini,4.99,50
3457,13032,2026-05-01,Popular,24.99,300
3458,10355,2026-05-14,Creator,49.99,700
3459,4870,2026-03-26,Starter,9.99,110
3460,11209,2026-08-03,Popular,24.99,300
3461,4130,2026-02-20,Mini,4.99,50
3462,3774,2026-04-23,Starter,9.99,110
3463,4831,2026-06-28,Starter,9.99,110
3464,11656,2026-07-11,Creator,49.99,700
3465,2537,2026-07-11,Creator,49.99,700
3466,1538,2026-01-02,Starter,9.99,110
3467,6815,2026-02-18,Max,199.99,3500
3468,1588,2026-03-15,Starter,9.99,110
3469,8449,2026-08-20,Starter,9.99,110
3470,8091,2026-01-16,Max,199.99,3500
3471,13748,2026-05-25,Starter,9.99,110
3472,9814,2026-05-03,Creator,49.99,700
3473,13895,2026-01-14,Starter,9.99,110
3474,4373,2026-04-06,Popular,24.99,300
3475,3695,2026-03-08,Pro,99.99,1600
3476,11360,2026-06-18,Popular,24.99,300
3477,2368,2026-04-05,Starter,9.99,110
3478,2841,2026-08-06,Max,199.99,3500
3479,4987,2026-07-02,Popular,24.99,300
3480,10688,2026-05-06,Creator,49.99,700
3481,11036,2026-03-17,Creator,49.99,700
3482,11594,2026-04-04,Mini,4.99,50
3483,10058,2026-05-07,Starter,9.99,110
3484,1624,2026-06-24,Starter,9.99,110
3485,2757,2026-06-13,Creator,49.99,700
3486,12595,2026-08-29,Starter,9.99,110
3487,3045,2026-05-07,Popular,24.99,300
3488,12229,2026-06-09,Creator,49.99,700
3489,1266,2026-01-02,Studio,499.99,10000
3490,3402,2026-02-02,Starter,9.99,110
3491,2139,2026-03-04,Popular,24.99,300
3492,10547,2026-04-06,Starter,9.99,110
3493,4027,2026-07-23,Mini,4.99,50
3494,3226,2026-06-16,Mini,4.99,50
3495,12480,2026-02-05,Max,199.99,3500
3496,644,2026-06-13,Mini,4.99,50
3497,8184,2026-05-30,Pro,99.99,1600
3498,6401,2026-03-19,Pro,99.99,1600
3499,11509,2026-07-14,Starter,9.99,110
3500,12921,2026-06-06,Popular,24.99,300
3501,2161,2026-08-11,Creator,49.99,700
3502,7612,2026-07-19,Pro,99.99,1600
3503,11994,2026-02-12,Mini,4.99,50
3504,115,2026-03-20,Starter,9.99,110
3505,9551,2026-04-29,Creator,49.99,700
3506,4975,2026-05-28,Pro,99.99,1600
3507,3973,2026-07-19,Max,199.99,3500
3508,9390,2026-07-30,Pro,99.99,1600
3509,10598,2026-07-09,Creator,49.99,700
3510,1429,2026-08-26,Mini,4.99,50
3511,13652,2026-01-16,Starter,9.99,110
3512,6135,2026-06-11,Pro,99.99,1600
3513,8333,2026-05-05,Creator,49.99,700
3514,1670,2026-04-24,Popular,24.99,300
3515,14952,2026-03-11,Max,199.99,3500
3516,123,2026-06-10,Creator,49.99,700
3517,4014,2026-08-21,Starter,9.99,110
3518,14625,2026-01-18,Starter,9.99,110
3519,7882,2026-08-01,Starter,9.99,110
3520,5696,2026-07-19,Pro,99.99,1600
3521,4572,2026-06-28,Popular,24.99,300
3522,1319,2026-08-26,Max,199.99,3500
3523,10800,2026-02-21,Max,199.99,3500
3524,7591,2026-05-27,Pro,99.99,1600
3525,6322,2026-08-08,Max,199.99,3500
3526,7719,2026-02-01,Starter,9.99,110
3527,14122,2026-06-05,Starter,9.99,110
3528,13566,2026-04-30,Starter,9.99,110
3529,4867,2026-04-26,Studio,499.99,10000
3530,930,2026-08-19,Starter,9.99,110
3531,12188,2026-03-09,Starter,9.99,110
3532,7670,2026-01-01,Popular,24.99,300
3533,12915,2026-04-03,Mini,4.99,50
3534,9331,2026-01-20,Mini,4.99,50
3535,14506,2026-02-01,Starter,9.99,110
3536,13451,2026-08-15,Starter,9.99,110
3537,12697,2026-02-05,Starter,9.99,110
3538,3224,2026-02-11,Pro,99.99,1600
3539,11244,2026-04-17,Studio,499.99,10000
3540,14827,2026-01-18,Studio,499.99,10000
3541,4333,2026-07-31,Starter,9.99,110
3542,3170,2026-07-14,Pro,99.99,1600
3543,6107,2026-02-02,Popular,24.99,300
3544,5979,2026-03-28,Max,199.99,3500
3545,7318,2026-01-13,Popular,24.99,300
3546,8743,2026-03-16,Max,199.99,3500
3547,9401,2026-01-24,Starter,9.99,110
3548,6750,2026-01-29,Pro,99.99,1600
3549,1072,2026-08-09,Max,199.99,3500
3550,2525,2026-05-14,Pro,99.99,1600
3551,5368,2026-02-11,Starter,9.99,110
3552,1244,2026-06-07,Studio,499.99,10000
3553,7779,2026-08-07,Creator,49.99,700
3554,2194,2026-01-15,Creator,49.99,700
3555,3330,2026-06-22,Popular,24.99,300
3556,3064,2026-04-10,Mini,4.99,50
3557,1097,2026-01-03,Max,199.99,3500
3558,6750,2026-01-01,Starter,9.99,110
3559,14868,2026-01-14,Pro,99.99,1600
3560,4074,2026-08-26,Creator,49.99,700
3561,2237,2026-03-25,Mini,4.99,50
3562,120,2026-02-01,Pro,99.99,1600
3563,3807,2026-08-09,Max,199.99,3500
3564,9343,2026-05-21,Starter,9.99,110
3565,12874,2026-08-01,Max,199.99,3500
3566,12617,2026-01-19,Pro,99.99,1600
3567,6646,2026-05-24,Starter,9.99,110
3568,14611,2026-07-09,Max,199.99,3500
3569,11423,2026-06-04,Creator,49.99,700
3570,5844,2026-03-02,Pro,99.99,1600
3571,5592,2026-01-12,Starter,9.99,110
3572,12932,2026-06-08,Popular,24.99,300
3573,8777,2026-07-28,Popular,24.99,300
3574,5172,2026-08-18,Starter,9.99,110
3575,10004,2026-01-20,Creator,49.99,700
3576,1352,2026-04-25,Creator,49.99,700
3577,14760,2026-01-06,Popular,24.99,300
3578,8011,2026-03-19,Mini,4.99,50
3579,14984,2026-08-30,Max,199.99,3500
3580,7170,2026-08-23,Starter,9.99,110
3581,12525,2026-07-08,Mini,4.99,50
3582,9895,2026-03-27,Creator,49.99,700
3583,12124,2026-01-01,Popular,24.99,300
3584,14900,2026-08-01,Studio,499.99,10000
3585,13266,2026-07-22,Creator,49.99,700
3586,7384,2026-06-22,Mini,4.99,50
3587,14599,2026-03-12,Pro,99.99,1600
3588,11743,2026-03-25,Studio,499.99,10000
3589,327,2026-03-03,Starter,9.99,110
3590,11215,2026-06-03,Popular,24.99,300
3591,3941,2026-05-01,Pro,99.99,1600
3592,7909,2026-07-25,Creator,49.99,700
3593,11241,2026-05-30,Popular,24.99,300
3594,6143,2026-06-27,Popular,24.99,300
3595,6678,2026-02-01,Starter,9.99,110
3596,2893,2026-04-06,Max,199.99,3500
3597,4903,2026-08-17,Pro,99.99,1600
3598,11050,2026-04-16,Creator,49.99,700
3599,5478,2026-07-29,Studio,499.99,10000
3600,1599,2026-05-07,Pro,99.99,1600
3601,13465,2026-07-09,Max,199.99,3500
3602,9768,2026-03-14,Creator,49.99,700
3603,7146,2026-06-13,Mini,4.99,50
3604,14042,2026-02-14,Mini,4.99,50
3605,3598,2026-07-29,Popular,24.99,300
3606,6907,2026-02-05,Studio,499.99,10000
3607,8963,2026-02-27,Starter,9.99,110
3608,10560,2026-05-24,Creator,49.99,700
3609,8694,2026-04-16,Popular,24.99,300
3610,1986,2026-05-02,Popular,24.99,300
3611,11780,2026-06-13,Mini,4.99,50
3612,3295,2026-03-12,Starter,9.99,110
3613,7445,2026-01-09,Max,199.99,3500
3614,2101,2026-03-02,Starter,9.99,110
3615,9151,2026-06-04,Creator,49.99,700
3616,2893,2026-04-11,Starter,9.99,110
3617,5629,2026-03-02,Creator,49.99,700
3618,10190,2026-02-27,Creator,49.99,700
3619,11326,2026-08-19,Popular,24.99,300
3620,1323,2026-04-15,Creator,49.99,700
3621,1625,2026-05-16,Starter,9.99,110
3622,732,2026-05-18,Max,199.99,3500
3623,5131,2026-07-07,Studio,499.99,10000
3624,4790,2026-04-12,Popular,24.99,300
3625,7998,2026-07-25,Mini,4.99,50
3626,12174,2026-07-07,Creator,49.99,700
3627,425,2026-07-02,Pro,99.99,1600
3628,6341,2026-03-03,Studio,499.99,10000
3629,6759,2026-06-30,Max,199.99,3500
3630,1582,2026-06-06,Starter,9.99,110
3631,9220,2026-01-14,Mini,4.99,50
3632,4261,2026-04-27,Popular,24.99,300
3633,10802,2026-01-14,Starter,9.99,110
3634,3918,2026-04-26,Starter,9.99,110
3635,4036,2026-06-01,Starter,9.99,110
3636,259,2026-02-19,Creator,49.99,700
3637,1833,2026-03-13,Studio,499.99,10000
3638,1030,2026-02-20,Mini,4.99,50
3639,4988,2026-08-06,Pro,99.99,1600
3640,1554,2026-01-30,Studio,499.99,10000
3641,10930,2026-05-31,Creator,49.99,700
3642,9435,2026-05-26,Popular,24.99,300
3643,11764,2026-06-19,Pro,99.99,1600
3644,12822,2026-03-03,Creator,49.99,700
3645,2257,2026-04-23,Starter,9.99,110
3646,9163,2026-02-23,Popular,24.99,300
3647,11012,2026-02-15,Max,199.99,3500
3648,14263,2026-02-20,Starter,9.99,110
3649,10844,2026-05-16,Max,199.99,3500
3650,10489,2026-08-25,Popular,24.99,300
3651,4199,2026-02-07,Studio,499.99,10000
3652,9931,2026-03-13,Popular,24.99,300
3653,6746,2026-04-19,Starter,9.99,110
3654,4512,2026-02-28,Creator,49.99,700
3655,10228,2026-01-09,Starter,9.99,110
3656,2158,2026-05-07,Popular,24.99,300
3657,13380,2026-03-10,Creator,49.99,700
3658,2731,2026-01-17,Starter,9.99,110
3659,11227,2026-07-31,Max,199.99,3500
3660,12437,2026-04-21,Popular,24.99,300
3661,3670,2026-05-07,Mini,4.99,50
3662,7421,2026-07-15,Popular,24.99,300
3663,3892,2026-01-27,Popular,24.99,300
3664,14255,2026-06-05,Starter,9.99,110
3665,7095,2026-04-27,Mini,4.99,50
3666,14361,2026-05-30,Starter,9.99,110
3667,8280,2026-07-19,Popular,24.99,300
3668,4928,2026-04-30,Creator,49.99,700
3669,9715,2026-03-16,Popular,24.99,300
3670,4668,2026-08-30,Max,199.99,3500
3671,4646,2026-06-18,Popular,24.99,300
3672,11564,2026-05-13,Starter,9.99,110
3673,5805,2026-07-27,Mini,4.99,50
3674,9326,2026-02-08,Starter,9.99,110
3675,11154,2026-07-25,Max,199.99,3500
3676,14462,2026-02-27,Creator,49.99,700
3677,14745,2026-02-18,Starter,9.99,110
3678,14806,2026-06-23,Max,199.99,3500
3679,11739,2026-05-02,Popular,24.99,300
3680,10047,2026-04-26,Studio,499.99,10000
3681,12485,2026-05-06,Creator,49.99,700
3682,14935,2026-02-20,Starter,9.99,110
3683,6297,2026-07-10,Starter,9.99,110
3684,10987,2026-04-25,Popular,24.99,300
3685,179,2026-07-03,Popular,24.99,300
3686,3078,2026-06-25,Mini,4.99,50
3687,10823,2026-01-27,Popular,24.99,300
3688,4257,2026-01-16,Starter,9.99,110
3689,10924,2026-03-30,Mini,4.99,50
3690,3469,2026-05-01,Starter,9.99,110
3691,6259,2026-07-26,Popular,24.99,300
3692,3675,2026-02-11,Studio,499.99,10000
3693,14108,2026-07-25,Creator,49.99,700
3694,1448,2026-02-02,Starter,9.99,110
3695,9694,2026-05-12,Creator,49.99,700
3696,11305,2026-06-01,Pro,99.99,1600
3697,12103,2026-08-23,Popular,24.99,300
3698,12081,2026-01-08,Max,199.99,3500
3699,3506,2026-04-09,Popular,24.99,300
3700,3823,2026-01-06,Pro,99.99,1600
3701,969,2026-03-06,Starter,9.99,110
3702,4080,2026-01-30,Starter,9.99,110
3703,4426,2026-06-28,Max,199.99,3500
3704,3796,2026-05-25,Studio,499.99,10000
3705,6975,2026-05-20,Pro,99.99,1600
3706,2937,2026-06-03,Popular,24.99,300
3707,11585,2026-07-10,Pro,99.99,1600
3708,9044,2026-06-08,Creator,49.99,700
3709,4428,2026-08-03,Max,199.99,3500
3710,5329,2026-01-13,Max,199.99,3500
3711,11906,2026-05-19,Popular,24.99,300
3712,1198,2026-07-30,Starter,9.99,110
3713,6462,2026-08-18,Creator,49.99,700
3714,8674,2026-07-21,Studio,499.99,10000
3715,3239,2026-01-17,Mini,4.99,50
3716,1317,2026-05-18,Popular,24.99,300
3717,7296,2026-07-22,Pro,99.99,1600
3718,14109,2026-03-02,Starter,9.99,110
3719,7750,2026-03-22,Creator,49.99,700
3720,1486,2026-07-25,Creator,49.99,700
3721,6928,2026-02-07,Pro,99.99,1600
3722,7684,2026-06-09,Pro,99.99,1600
3723,6868,2026-04-01,Creator,49.99,700
3724,3849,2026-05-11,Max,199.99,3500
3725,4248,2026-07-04,Popular,24.99,300
3726,2526,2026-01-18,Creator,49.99,700
3727,5023,2026-03-13,Creator,49.99,700
3728,9012,2026-04-08,Pro,99.99,1600
3729,2571,2026-03-06,Popular,24.99,300
3730,3155,2026-05-19,Mini,4.99,50
3731,7200,2026-02-24,Popular,24.99,300
3732,14475,2026-07-22,Creator,49.99,700
3733,14349,2026-07-19,Popular,24.99,300
3734,13154,2026-03-23,Studio,499.99,10000
3735,1233,2026-04-07,Max,199.99,3500
3736,5942,2026-05-22,Popular,24.99,300
3737,8358,2026-06-08,Starter,9.99,110
3738,9459,2026-01-14,Pro,99.99,1600
3739,8187,2026-04-13,Studio,499.99,10000
3740,4868,2026-07-20,Creator,49.99,700
3741,13439,2026-03-18,Mini,4.99,50
3742,2643,2026-08-26,Pro,99.99,1600
3743,12684,2026-06-24,Popular,24.99,300
3744,10433,2026-06-01,Starter,9.99,110
3745,490,2026-04-17,Popular,24.99,300
3746,5523,2026-03-12,Starter,9.99,110
3747,1021,2026-06-19,Creator,49.99,700
3748,5468,2026-05-15,Pro,99.99,1600
3749,2373,2026-05-25,Max,199.99,3500
3750,12308,2026-02-19,Creator,49.99,700
3751,12790,2026-02-10,Max,199.99,3500
3752,3027,2026-08-24,Studio,499.99,10000
3753,7922,2026-01-20,Pro,99.99,1600
3754,9191,2026-02-13,Popular,24.99,300
3755,4562,2026-04-28,Mini,4.99,50
3756,2322,2026-07-23,Popular,24.99,300
3757,4399,2026-08-20,Creator,49.99,700
3758,13508,2026-06-03,Mini,4.99,50
3759,3512,2026-08-30,Popular,24.99,300
3760,8399,2026-04-07,Mini,4.99,50
3761,124,2026-06-30,Creator,49.99,700
3762,3694,2026-06-05,Creator,49.99,700
3763,9880,2026-01-15,Popular,24.99,300
3764,4177,2026-03-20,Starter,9.99,110
3765,10709,2026-02-28,Mini,4.99,50
3766,13677,2026-01-15,Mini,4.99,50
3767,12341,2026-03-06,Studio,499.99,10000
3768,12708,2026-06-11,Starter,9.99,110
3769,7857,2026-07-01,Creator,49.99,700
3770,10957,2026-03-19,Pro,99.99,1600
3771,5246,2026-08-30,Popular,24.99,300
3772,10500,2026-05-26,Starter,9.99,110
3773,159,2026-08-23,Mini,4.99,50
3774,8871,2026-02-04,Popular,24.99,300
3775,9185,2026-06-13,Creator,49.99,700
3776,7491,2026-03-31,Popular,24.99,300
3777,3531,2026-06-11,Creator,49.99,700
3778,4076,2026-08-06,Creator,49.99,700
3779,6324,2026-08-31,Creator,49.99,700
3780,13226,2026-01-14,Mini,4.99,50
3781,6347,2026-05-01,Max,199.99,3500
3782,7386,2026-03-08,Max,199.99,3500
3783,6699,2026-03-31,Pro,99.99,1600
3784,7609,2026-02-10,Popular,24.99,300
3785,9732,2026-06-25,Max,199.99,3500
3786,2770,2026-05-22,Creator,49.99,700
3787,1039,2026-05-16,Max,199.99,3500
3788,10911,2026-08-25,Popular,24.99,300
3789,3120,2026-06-14,Creator,49.99,700
3790,12818,2026-04-14,Mini,4.99,50
3791,2188,2026-05-02,Popular,24.99,300
3792,7230,2026-08-09,Starter,9.99,110
3793,11946,2026-02-19,Pro,99.99,1600
3794,5024,2026-03-14,Studio,499.99,10000
3795,2415,2026-01-14,Starter,9.99,110
3796,14952,2026-02-08,Max,199.99,3500
3797,12702,2026-07-28,Creator,49.99,700
3798,14399,2026-05-01,Max,199.99,3500
3799,10740,2026-08-10,Starter,9.99,110
3800,9962,2026-05-09,Max,199.99,3500
3801,10997,2026-02-28,Starter,9.99,110
3802,4361,2026-06-09,Popular,24.99,300
3803,10884,2026-02-20,Starter,9.99,110
3804,13337,2026-02-14,Creator,49.99,700
3805,8704,2026-08-17,Popular,24.99,300
3806,14152,2026-07-11,Starter,9.99,110
3807,1439,2026-03-31,Mini,4.99,50
3808,969,2026-01-29,Max,199.99,3500
3809,12290,2026-07-14,Starter,9.99,110
3810,13400,2026-04-01,Mini,4.99,50
3811,1698,2026-07-22,Popular,24.99,300
3812,13399,2026-05-02,Starter,9.99,110
3813,331,2026-06-03,Popular,24.99,300
3814,7874,2026-08-08,Popular,24.99,300
3815,9320,2026-05-20,Max,199.99,3500
3816,14513,2026-08-06,Mini,4.99,50
3817,10798,2026-06-02,Creator,49.99,700
3818,3418,2026-08-14,Popular,24.99,300
3819,14079,2026-07-17,Starter,9.99,110
3820,9286,2026-06-24,Creator,49.99,700
3821,900,2026-02-03,Popular,24.99,300
3822,279,2026-01-14,Max,199.99,3500
3823,13961,2026-02-23,Mini,4.99,50
3824,7416,2026-06-08,Creator,49.99,700
3825,825,2026-03-20,Pro,99.99,1600
3826,8847,2026-06-03,Starter,9.99,110
3827,12198,2026-04-30,Popular,24.99,300
3828,13371,2026-08-31,Popular,24.99,300
3829,8009,2026-03-18,Pro,99.99,1600
3830,13839,2026-03-04,Pro,99.99,1600
3831,10340,2026-02-27,Mini,4.99,50
3832,8066,2026-03-19,Starter,9.99,110
3833,2999,2026-06-21,Starter,9.99,110
3834,3004,2026-04-24,Pro,99.99,1600
3835,9113,2026-04-01,Mini,4.99,50
3836,5545,2026-07-10,Popular,24.99,300
3837,795,2026-07-01,Studio,499.99,10000
3838,3018,2026-01-31,Starter,9.99,110
3839,3663,2026-04-28,Creator,49.99,700
3840,3047,2026-04-23,Starter,9.99,110
3841,6468,2026-01-12,Creator,49.99,700
3842,4241,2026-07-14,Pro,99.99,1600
3843,6518,2026-03-26,Starter,9.99,110
3844,7951,2026-03-03,Popular,24.99,300
3845,10804,2026-06-23,Starter,9.99,110
3846,3931,2026-02-04,Mini,4.99,50
3847,3594,2026-01-26,Max,199.99,3500
3848,7496,2026-03-06,Creator,49.99,700
3849,4264,2026-04-14,Popular,24.99,300
3850,6962,2026-02-28,Creator,49.99,700
3851,9238,2026-07-18,Popular,24.99,300
3852,2353,2026-07-15,Pro,99.99,1600
3853,3517,2026-03-10,Creator,49.99,700
3854,9681,2026-08-08,Popular,24.99,300
3855,11623,2026-05-31,Mini,4.99,50
3856,1231,2026-05-07,Starter,9.99,110
3857,1478,2026-02-17,Max,199.99,3500
3858,14002,2026-05-18,Pro,99.99,1600
3859,6636,2026-08-27,Popular,24.99,300
3860,1401,2026-08-09,Popular,24.99,300
3861,14253,2026-02-05,Creator,49.99,700
3862,342,2026-03-29,Studio,499.99,10000
3863,8078,2026-05-04,Popular,24.99,300
3864,3323,2026-03-02,Creator,49.99,700
3865,5592,2026-07-08,Starter,9.99,110
3866,9238,2026-01-31,Starter,9.99,110
3867,10937,2026-04-18,Popular,24.99,300
3868,747,2026-01-01,Starter,9.99,110
3869,6824,2026-01-15,Starter,9.99,110
3870,12268,2026-06-23,Creator,49.99,700
3871,5354,2026-03-15,Creator,49.99,700
3872,13766,2026-02-17,Starter,9.99,110
3873,9671,2026-04-05,Max,199.99,3500
3874,8696,2026-05-23,Popular,24.99,300
3875,1498,2026-04-30,Pro,99.99,1600
3876,7541,2026-04-10,Studio,499.99,10000
3877,12941,2026-03-07,Starter,9.99,110
3878,6992,2026-08-02,Popular,24.99,300
3879,12251,2026-02-28,Creator,49.99,700
3880,121,2026-04-15,Max,199.99,3500
3881,9407,2026-03-24,Creator,49.99,700
3882,6017,2026-05-21,Studio,499.99,10000
3883,14484,2026-05-17,Popular,24.99,300
3884,12325,2026-07-28,Popular,24.99,300
3885,67,2026-06-11,Starter,9.99,110
3886,206,2026-07-18,Mini,4.99,50
3887,8725,2026-04-20,Starter,9.99,110
3888,4355,2026-03-23,Mini,4.99,50
3889,12257,2026-07-28,Starter,9.99,110
3890,4589,2026-01-13,Popular,24.99,300
3891,7043,2026-02-13,Popular,24.99,300
3892,8922,2026-04-04,Popular,24.99,300
3893,14210,2026-07-08,Popular,24.99,300
3894,7951,2026-01-31,Pro,99.99,1600
3895,14088,2026-03-03,Starter,9.99,110
3896,10143,2026-04-03,Max,199.99,3500
3897,7473,2026-06-16,Mini,4.99,50
3898,5688,2026-03-08,Pro,99.99,1600
3899,8118,2026-04-05,Studio,499.99,10000
3900,5349,2026-04-09,Mini,4.99,50
3901,6143,2026-07-09,Popular,24.99,300
3902,199,2026-04-04,Max,199.99,3500
3903,1006,2026-06-25,Pro,99.99,1600
3904,3528,2026-06-12,Creator,49.99,700
3905,7853,2026-05-01,Popular,24.99,300
3906,6131,2026-06-11,Starter,9.99,110
3907,2136,2026-05-30,Starter,9.99,110
3908,12632,2026-01-26,Popular,24.99,300
3909,4794,2026-08-10,Starter,9.99,110
3910,682,2026-03-03,Mini,4.99,50
3911,7806,2026-08-17,Popular,24.99,300
3912,288,2026-02-14,Studio,499.99,10000
3913,1567,2026-07-18,Studio,499.99,10000
3914,3237,2026-04-04,Max,199.99,3500
3915,12324,2026-06-19,Creator,49.99,700
3916,10718,2026-02-02,Creator,49.99,700
3917,14280,2026-04-09,Creator,49.99,700
3918,5137,2026-08-26,Studio,499.99,10000
3919,7945,2026-05-06,Mini,4.99,50
3920,13915,2026-03-07,Pro,99.99,1600
3921,8276,2026-06-28,Creator,49.99,700
3922,13315,2026-04-28,Creator,49.99,700
3923,822,2026-04-30,Starter,9.99,110
3924,10324,2026-08-05,Popular,24.99,300
3925,6288,2026-03-31,Popular,24.99,300
3926,10441,2026-06-02,Starter,9.99,110
3927,12677,2026-02-08,Starter,9.99,110
3928,14706,2026-08-17,Max,199.99,3500
3929,10267,2026-02-27,Pro,99.99,1600
3930,13624,2026-03-19,Starter,9.99,110
3931,3965,2026-05-21,Starter,9.99,110
3932,6136,2026-07-04,Studio,499.99,10000
3933,1266,2026-01-11,Creator,49.99,700
3934,5296,2026-01-30,Creator,49.99,700
3935,2340,2026-05-05,Pro,99.99,1600
3936,11042,2026-07-08,Popular,24.99,300
3937,4841,2026-07-18,Starter,9.99,110
3938,7789,2026-07-27,Max,199.99,3500
3939,14555,2026-07-10,Pro,99.99,1600
3940,6976,2026-01-11,Popular,24.99,300
3941,4519,2026-02-12,Mini,4.99,50
3942,3862,2026-01-09,Starter,9.99,110
3943,10062,2026-01-25,Mini,4.99,50
3944,9783,2026-07-22,Starter,9.99,110
3945,11049,2026-01-16,Max,199.99,3500
3946,11155,2026-02-21,Mini,4.99,50
3947,469,2026-01-25,Popular,24.99,300
3948,10029,2026-06-29,Studio,499.99,10000
3949,11127,2026-02-03,Popular,24.99,300
3950,9779,2026-07-04,Max,199.99,3500
3951,9868,2026-02-14,Pro,99.99,1600
3952,10426,2026-06-04,Pro,99.99,1600
3953,4406,2026-07-11,Creator,49.99,700
3954,1598,2026-04-10,Starter,9.99,110
3955,12149,2026-04-16,Starter,9.99,110
3956,11584,2026-02-14,Mini,4.99,50
3957,3587,2026-03-10,Creator,49.99,700
3958,13798,2026-02-08,Creator,49.99,700
3959,3670,2026-05-18,Studio,499.99,10000
3960,5213,2026-04-19,Starter,9.99,110
3961,12130,2026-01-09,Max,199.99,3500
3962,13419,2026-05-14,Mini,4.99,50
3963,2951,2026-07-18,Mini,4.99,50
3964,13362,2026-01-25,Max,199.99,3500
3965,3651,2026-01-13,Creator,49.99,700
3966,14510,2026-07-24,Popular,24.99,300
3967,14800,2026-06-02,Starter,9.99,110
3968,1051,2026-05-08,Mini,4.99,50
3969,697,2026-06-24,Popular,24.99,300
3970,12276,2026-06-05,Creator,49.99,700
3971,5221,2026-04-09,Creator,49.99,700
3972,3303,2026-06-08,Popular,24.99,300
3973,7721,2026-07-11,Pro,99.99,1600
3974,4513,2026-07-30,Starter,9.99,110
3975,6330,2026-05-24,Popular,24.99,300
3976,2768,2026-06-18,Starter,9.99,110
3977,1572,2026-06-13,Starter,9.99,110
3978,1085,2026-08-03,Starter,9.99,110
3979,3832,2026-04-06,Popular,24.99,300
3980,1939,2026-07-09,Pro,99.99,1600
3981,3754,2026-07-31,Popular,24.99,300
3982,3476,2026-05-08,Pro,99.99,1600
3983,7047,2026-06-17,Studio,499.99,10000
3984,13489,2026-06-22,Creator,49.99,700
3985,3535,2026-03-30,Popular,24.99,300
3986,13596,2026-06-28,Creator,49.99,700
3987,9877,2026-05-18,Mini,4.99,50
3988,11855,2026-02-03,Pro,99.99,1600
3989,11069,2026-03-10,Max,199.99,3500
3990,3558,2026-05-10,Creator,49.99,700
3991,11525,2026-02-12,Starter,9.99,110
3992,10481,2026-07-30,Pro,99.99,1600
3993,13421,2026-05-26,Starter,9.99,110
3994,10118,2026-06-29,Pro,99.99,1600
3995,2106,2026-02-09,Popular,24.99,300
3996,11495,2026-03-14,Mini,4.99,50
3997,56,2026-03-09,Max,199.99,3500
3998,11466,2026-03-17,Starter,9.99,110
3999,1670,2026-01-21,Starter,9.99,110
4000,11775,2026-03-18,Studio,499.99,10000
4001,13204,2026-03-29,Pro,99.99,1600
4002,8541,2026-04-29,Mini,4.99,50
4003,10333,2026-08-20,Starter,9.99,110
4004,5227,2026-03-11,Starter,9.99,110
4005,3675,2026-07-13,Pro,99.99,1600
4006,11553,2026-01-15,Starter,9.99,110
4007,6528,2026-04-23,Popular,24.99,300
4008,14191,2026-06-12,Mini,4.99,50
4009,10928,2026-03-09,Popular,24.99,300
4010,3455,2026-03-05,Studio,499.99,10000
4011,257,2026-04-03,Creator,49.99,700
4012,5970,2026-04-25,Studio,499.99,10000
4013,6536,2026-05-29,Starter,9.99,110
4014,14052,2026-06-11,Starter,9.99,110
4015,12074,2026-02-16,Mini,4.99,50
4016,11723,2026-05-04,Studio,499.99,10000
4017,8430,2026-05-28,Popular,24.99,300
4018,2492,2026-01-03,Pro,99.99,1600
4019,429,2026-05-10,Max,199.99,3500
4020,10538,2026-01-19,Starter,9.99,110
4021,12300,2026-04-25,Creator,49.99,700
4022,10951,2026-04-03,Mini,4.99,50
4023,11281,2026-05-12,Pro,99.99,1600
4024,13156,2026-01-21,Starter,9.99,110
4025,12074,2026-06-25,Popular,24.99,300
4026,3047,2026-01-11,Max,199.99,3500
4027,8805,2026-07-22,Starter,9.99,110
4028,849,2026-02-24,Studio,499.99,10000
4029,4167,2026-08-11,Mini,4.99,50
4030,2315,2026-07-16,Starter,9.99,110
4031,6917,2026-07-23,Starter,9.99,110
4032,6699,2026-04-27,Starter,9.99,110
4033,1827,2026-08-12,Starter,9.99,110
4034,14698,2026-05-05,Starter,9.99,110
4035,1726,2026-08-06,Max,199.99,3500
4036,13203,2026-01-28,Pro,99.99,1600
4037,6354,2026-04-29,Starter,9.99,110
4038,10181,2026-01-13,Creator,49.99,700
4039,7138,2026-01-05,Creator,49.99,700
4040,13102,2026-02-07,Creator,49.99,700
4041,9808,2026-05-18,Creator,49.99,700
4042,124,2026-08-22,Starter,9.99,110
4043,13682,2026-04-26,Starter,9.99,110
4044,9837,2026-08-04,Popular,24.99,300
4045,7648,2026-01-25,Creator,49.99,700
4046,7552,2026-01-08,Pro,99.99,1600
4047,4566,2026-07-06,Starter,9.99,110
4048,14208,2026-07-06,Pro,99.99,1600
4049,14658,2026-05-31,Studio,499.99,10000
4050,6278,2026-08-05,Starter,9.99,110
4051,10228,2026-04-30,Popular,24.99,300
4052,3012,2026-01-08,Starter,9.99,110
4053,3427,2026-08-31,Studio,499.99,10000
4054,6337,2026-02-01,Pro,99.99,1600
4055,10182,2026-03-27,Creator,49.99,700
4056,11968,2026-04-12,Starter,9.99,110
4057,9890,2026-04-23,Popular,24.99,300
4058,5941,2026-04-15,Popular,24.99,300
4059,13208,2026-07-31,Studio,499.99,10000
4060,1452,2026-06-03,Popular,24.99,300
4061,5866,2026-03-03,Studio,499.99,10000
4062,6467,2026-03-05,Starter,9.99,110
4063,5399,2026-03-13,Popular,24.99,300
4064,4776,2026-08-10,Popular,24.99,300
4065,10882,2026-08-27,Creator,49.99,700
4066,8465,2026-06-03,Creator,49.99,700
4067,4391,2026-03-24,Popular,24.99,300
4068,3700,2026-02-18,Creator,49.99,700
4069,11954,2026-04-05,Max,199.99,3500
4070,9753,2026-02-01,Max,199.99,3500
4071,2257,2026-07-28,Mini,4.99,50
4072,7539,2026-06-20,Max,199.99,3500
4073,178,2026-01-19,Popular,24.99,300
4074,5248,2026-07-08,Starter,9.99,110
4075,12862,2026-01-23,Mini,4.99,50
4076,1456,2026-08-01,Pro,99.99,1600
4077,11800,2026-07-05,Popular,24.99,300
4078,13640,2026-02-15,Creator,49.99,700
4079,14582,2026-01-24,Starter,9.99,110
4080,4991,2026-03-03,Max,199.99,3500
4081,7651,2026-05-23,Pro,99.99,1600
4082,2782,2026-03-05,Creator,49.99,700
4083,11585,2026-06-01,Creator,49.99,700
4084,6834,2026-05-30,Starter,9.99,110
4085,5090,2026-02-13,Studio,499.99,10000
4086,7391,2026-06-11,Starter,9.99,110
4087,623,2026-04-05,Creator,49.99,700
4088,14528,2026-07-09,Mini,4.99,50
4089,11997,2026-02-23,Creator,49.99,700
4090,4281,2026-03-20,Pro,99.99,1600
4091,3886,2026-07-05,Creator,49.99,700
4092,5515,2026-06-17,Starter,9.99,110
4093,1485,2026-07-20,Mini,4.99,50
4094,8558,2026-08-18,Mini,4.99,50
4095,12290,2026-02-24,Popular,24.99,300
4096,11409,2026-05-09,Creator,49.99,700
4097,492,2026-06-24,Popular,24.99,300
4098,4054,2026-05-05,Max,199.99,3500
4099,7757,2026-05-05,Starter,9.99,110
4100,14723,2026-03-30,Popular,24.99,300
4101,8016,2026-06-21,Starter,9.99,110
4102,10056,2026-08-30,Popular,24.99,300
4103,10376,2026-07-06,Max,199.99,3500
4104,13051,2026-04-24,Mini,4.99,50
4105,10189,2026-05-07,Popular,24.99,300
4106,4515,2026-06-17,Creator,49.99,700
4107,14567,2026-01-28,Pro,99.99,1600
4108,11096,2026-01-09,Popular,24.99,300
4109,6713,2026-03-05,Creator,49.99,700
4110,3184,2026-04-03,Creator,49.99,700
4111,7275,2026-03-01,Starter,9.99,110
4112,7236,2026-07-19,Creator,49.99,700
4113,7105,2026-01-17,Pro,99.99,1600
4114,11491,2026-04-26,Max,199.99,3500
4115,8861,2026-08-08,Pro,99.99,1600
4116,5657,2026-02-13,Popular,24.99,300
4117,8115,2026-02-10,Starter,9.99,110
4118,13976,2026-07-03,Starter,9.99,110
4119,6306,2026-04-25,Max,199.99,3500
4120,9546,2026-06-08,Starter,9.99,110
4121,3162,2026-04-29,Creator,49.99,700
4122,9181,2026-03-08,Mini,4.99,50
4123,10308,2026-03-22,Starter,9.99,110
4124,3555,2026-01-31,Starter,9.99,110
4125,9866,2026-07-15,Creator,49.99,700
4126,12884,2026-07-10,Popular,24.99,300
4127,12767,2026-05-27,Popular,24.99,300
4128,14452,2026-08-01,Starter,9.99,110
4129,6214,2026-04-08,Starter,9.99,110
4130,9483,2026-07-16,Mini,4.99,50
4131,2964,2026-02-06,Studio,499.99,10000
4132,6610,2026-07-11,Creator,49.99,700
4133,11557,2026-06-21,Starter,9.99,110
4134,2268,2026-06-26,Creator,49.99,700
4135,6295,2026-06-28,Pro,99.99,1600
4136,11836,2026-02-27,Creator,49.99,700
4137,8750,2026-03-04,Mini,4.99,50
4138,12062,2026-04-07,Starter,9.99,110
4139,11488,2026-05-17,Creator,49.99,700
4140,9983,2026-04-15,Mini,4.99,50
4141,6573,2026-08-09,Starter,9.99,110
4142,9772,2026-02-14,Creator,49.99,700
4143,8773,2026-08-31,Starter,9.99,110
4144,4331,2026-01-01,Creator,49.99,700
4145,4854,2026-06-17,Popular,24.99,300
4146,6071,2026-08-04,Max,199.99,3500
4147,3001,2026-07-13,Starter,9.99,110
4148,6576,2026-02-12,Starter,9.99,110
4149,4843,2026-07-26,Creator,49.99,700
4150,3138,2026-01-26,Max,199.99,3500
4151,5624,2026-07-27,Creator,49.99,700
4152,6058,2026-08-20,Max,199.99,3500
4153,5096,2026-03-02,Popular,24.99,300
4154,10004,2026-06-18,Studio,499.99,10000
4155,7361,2026-08-15,Popular,24.99,300
4156,3006,2026-05-04,Starter,9.99,110
4157,6925,2026-06-09,Mini,4.99,50
4158,11362,2026-05-02,Creator,49.99,700
4159,14701,2026-03-04,Starter,9.99,110
4160,11844,2026-04-03,Creator,49.99,700
4161,1465,2026-05-10,Creator,49.99,700
4162,5416,2026-08-01,Starter,9.99,110
4163,2870,2026-08-06,Starter,9.99,110
4164,4682,2026-05-20,Mini,4.99,50
4165,394,2026-06-18,Starter,9.99,110
4166,263,2026-07-23,Popular,24.99,300
4167,1821,2026-01-20,Starter,9.99,110
4168,1882,2026-02-22,Creator,49.99,700
4169,12278,2026-03-06,Mini,4.99,50
4170,5335,2026-06-28,Studio,499.99,10000
4171,11137,2026-06-23,Starter,9.99,110
4172,558,2026-08-28,Pro,99.99,1600
4173,7136,2026-05-23,Creator,49.99,700
4174,7209,2026-08-01,Pro,99.99,1600
4175,4380,2026-06-13,Starter,9.99,110
4176,6323,2026-08-04,Creator,49.99,700
4177,5293,2026-01-13,Creator,49.99,700
4178,14205,2026-05-30,Max,199.99,3500
4179,4115,2026-05-31,Max,199.99,3500
4180,7616,2026-01-26,Mini,4.99,50
4181,8595,2026-06-12,Popular,24.99,300
4182,3721,2026-06-17,Mini,4.99,50
4183,7949,2026-06-01,Creator,49.99,700
4184,1573,2026-05-16,Pro,99.99,1600
4185,12276,2026-05-11,Popular,24.99,300
4186,5437,2026-08-15,Starter,9.99,110
4187,9068,2026-05-05,Max,199.99,3500
4188,12963,2026-05-15,Studio,499.99,10000
4189,7713,2026-07-26,Creator,49.99,700
4190,10932,2026-01-20,Popular,24.99,300
4191,2476,2026-06-02,Creator,49.99,700
4192,11249,2026-04-04,Starter,9.99,110
4193,5715,2026-08-13,Mini,4.99,50
4194,8329,2026-01-26,Starter,9.99,110
4195,2353,2026-05-10,Starter,9.99,110
4196,12578,2026-02-16,Max,199.99,3500
4197,9808,2026-03-28,Max,199.99,3500
4198,12285,2026-06-01,Popular,24.99,300
4199,10351,2026-08-22,Popular,24.99,300
4200,5230,2026-03-30,Mini,4.99,50
4201,473,2026-03-26,Pro,99.99,1600
4202,10470,2026-07-25,Pro,99.99,1600
4203,613,2026-05-29,Pro,99.99,1600
4204,1459,2026-01-16,Creator,49.99,700
4205,5407,2026-01-05,Creator,49.99,700
4206,5405,2026-06-14,Starter,9.99,110
4207,4696,2026-05-12,Mini,4.99,50
4208,5691,2026-04-23,Pro,99.99,1600
4209,4177,2026-05-30,Studio,499.99,10000
4210,14161,2026-04-25,Pro,99.99,1600
4211,12693,2026-04-18,Starter,9.99,110
4212,3192,2026-03-09,Studio,499.99,10000
4213,781,2026-08-16,Studio,499.99,10000
4214,8405,2026-01-10,Popular,24.99,300
4215,5253,2026-03-11,Starter,9.99,110
4216,7414,2026-08-15,Starter,9.99,110
4217,7023,2026-05-14,Popular,24.99,300
4218,11451,2026-03-04,Starter,9.99,110
4219,8190,2026-04-21,Starter,9.99,110
4220,4338,2026-04-21,Starter,9.99,110
4221,10865,2026-08-23,Pro,99.99,1600
4222,7942,2026-06-03,Popular,24.99,300
4223,12670,2026-02-08,Mini,4.99,50
4224,1642,2026-01-30,Popular,24.99,300
4225,3762,2026-08-24,Popular,24.99,300
4226,367,2026-06-15,Starter,9.99,110
4227,5938,2026-08-22,Starter,9.99,110
4228,8566,2026-02-12,Max,199.99,3500
4229,9052,2026-06-07,Starter,9.99,110
4230,8388,2026-07-05,Popular,24.99,300
4231,1579,2026-08-30,Popular,24.99,300
4232,12856,2026-08-30,Max,199.99,3500
4233,7785,2026-06-15,Starter,9.99,110
4234,6591,2026-07-27,Mini,4.99,50
4235,8747,2026-01-23,Starter,9.99,110
4236,8402,2026-07-20,Studio,499.99,10000
4237,10182,2026-05-03,Starter,9.99,110
4238,14846,2026-04-04,Popular,24.99,300
4239,13993,2026-04-17,Pro,99.99,1600
4240,693,2026-04-02,Popular,24.99,300
4241,1754,2026-08-04,Creator,49.99,700
4242,1106,2026-06-03,Pro,99.99,1600
4243,13808,2026-04-16,Creator,49.99,700
4244,9043,2026-04-11,Popular,24.99,300
4245,262,2026-06-15,Popular,24.99,300
4246,6823,2026-06-14,Pro,99.99,1600
4247,6809,2026-03-15,Popular,24.99,300
4248,8909,2026-05-23,Pro,99.99,1600
4249,4751,2026-04-10,Max,199.99,3500
4250,1529,2026-01-29,Pro,99.99,1600
4251,6480,2026-02-14,Max,199.99,3500
4252,8510,2026-06-14,Starter,9.99,110
4253,9990,2026-08-11,Popular,24.99,300
4254,756,2026-03-21,Starter,9.99,110
4255,14509,2026-02-16,Max,199.99,3500
4256,9551,2026-03-05,Starter,9.99,110
4257,5777,2026-06-11,Creator,49.99,700
4258,10424,2026-03-30,Starter,9.99,110
4259,14204,2026-03-06,Popular,24.99,300
4260,7916,2026-01-10,Creator,49.99,700
4261,3877,2026-06-08,Pro,99.99,1600
4262,2347,2026-05-04,Max,199.99,3500
4263,4067,2026-06-22,Starter,9.99,110
4264,1946,2026-07-06,Max,199.99,3500
4265,11907,2026-07-05,Popular,24.99,300
4266,7941,2026-07-19,Max,199.99,3500
4267,13366,2026-08-29,Popular,24.99,300
4268,9233,2026-08-28,Popular,24.99,300
4269,1958,2026-02-07,Starter,9.99,110
4270,7718,2026-08-30,Starter,9.99,110
4271,13687,2026-03-28,Starter,9.99,110
4272,2276,2026-07-03,Starter,9.99,110
4273,7321,2026-01-20,Creator,49.99,700
4274,11368,2026-08-05,Creator,49.99,700
4275,11856,2026-05-27,Popular,24.99,300
4276,7671,2026-05-10,Popular,24.99,300
4277,8387,2026-02-03,Creator,49.99,700
4278,4980,2026-06-19,Mini,4.99,50
4279,8324,2026-06-23,Creator,49.99,700
4280,12106,2026-04-19,Starter,9.99,110
4281,9260,2026-03-24,Max,199.99,3500
4282,11551,2026-06-19,Pro,99.99,1600
4283,2917,2026-03-12,Starter,9.99,110
4284,4711,2026-08-11,Mini,4.99,50
4285,8174,2026-04-13,Mini,4.99,50
4286,13436,2026-04-09,Starter,9.99,110
4287,11025,2026-05-13,Max,199.99,3500
4288,14653,2026-06-24,Starter,9.99,110
4289,7941,2026-03-18,Creator,49.99,700
4290,7389,2026-07-14,Studio,499.99,10000
4291,2876,2026-06-11,Mini,4.99,50
4292,8997,2026-06-10,Popular,24.99,300
4293,2154,2026-08-09,Starter,9.99,110
4294,13568,2026-03-21,Popular,24.99,300
4295,11632,2026-01-12,Starter,9.99,110
4296,6620,2026-04-15,Popular,24.99,300
4297,12053,2026-06-11,Creator,49.99,700
4298,5116,2026-06-04,Studio,499.99,10000
4299,6567,2026-03-24,Popular,24.99,300
4300,2767,2026-05-02,Starter,9.99,110
4301,1039,2026-07-28,Starter,9.99,110
4302,14569,2026-03-13,Creator,49.99,700
4303,665,2026-04-07,Popular,24.99,300
4304,13664,2026-04-19,Mini,4.99,50
4305,12305,2026-06-29,Creator,49.99,700
4306,8433,2026-04-05,Pro,99.99,1600
4307,1039,2026-07-22,Starter,9.99,110
4308,10889,2026-04-20,Popular,24.99,300
4309,2642,2026-06-26,Popular,24.99,300
4310,6532,2026-01-18,Mini,4.99,50
4311,2507,2026-02-02,Starter,9.99,110
4312,7136,2026-03-24,Starter,9.99,110
4313,10829,2026-02-12,Mini,4.99,50
4314,156,2026-02-05,Starter,9.99,110
4315,12948,2026-01-01,Creator,49.99,700
4316,8381,2026-08-21,Popular,24.99,300
4317,12490,2026-07-20,Studio,499.99,10000
4318,9848,2026-02-14,Creator,49.99,700
4319,11660,2026-04-01,Starter,9.99,110
4320,2934,2026-01-22,Starter,9.99,110
4321,11319,2026-08-09,Studio,499.99,10000
4322,8085,2026-08-11,Creator,49.99,700
4323,12064,2026-04-23,Max,199.99,3500
4324,6467,2026-05-26,Mini,4.99,50
4325,6005,2026-01-16,Popular,24.99,300
4326,3613,2026-02-01,Creator,49.99,700
4327,10396,2026-07-28,Creator,49.99,700
4328,5219,2026-06-05,Creator,49.99,700
4329,9753,2026-06-17,Popular,24.99,300
4330,11465,2026-07-27,Pro,99.99,1600
4331,3279,2026-05-28,Studio,499.99,10000
4332,12435,2026-05-09,Creator,49.99,700
4333,9550,2026-05-09,Popular,24.99,300
4334,12741,2026-06-10,Max,199.99,3500
4335,3794,2026-08-21,Creator,49.99,700
4336,6974,2026-04-12,Creator,49.99,700
4337,4436,2026-02-19,Starter,9.99,110
4338,3711,2026-03-09,Starter,9.99,110
4339,11337,2026-07-03,Starter,9.99,110
4340,3427,2026-04-26,Max,199.99,3500
4341,261,2026-03-04,Studio,499.99,10000
4342,389,2026-02-04,Popular,24.99,300
4343,8324,2026-07-21,Max,199.99,3500
4344,12985,2026-03-03,Starter,9.99,110
4345,10403,2026-07-30,Starter,9.99,110
4346,10079,2026-08-29,Popular,24.99,300
4347,2978,2026-01-22,Creator,49.99,700
4348,2966,2026-02-22,Popular,24.99,300
4349,12340,2026-03-01,Max,199.99,3500
4350,11207,2026-07-29,Creator,49.99,700
4351,6829,2026-03-23,Mini,4.99,50
4352,14516,2026-01-21,Creator,49.99,700
4353,8736,2026-07-25,Starter,9.99,110
4354,13185,2026-03-13,Starter,9.99,110
4355,5368,2026-05-02,Studio,499.99,10000
4356,10648,2026-01-18,Max,199.99,3500
4357,11418,2026-01-07,Pro,99.99,1600
4358,116,2026-05-05,Mini,4.99,50
4359,5685,2026-08-03,Creator,49.99,700
4360,5423,2026-08-28,Mini,4.99,50
4361,4279,2026-05-19,Popular,24.99,300
4362,5459,2026-05-15,Studio,499.99,10000
4363,9208,2026-03-11,Starter,9.99,110
4364,1157,2026-02-10,Mini,4.99,50
4365,7902,2026-08-14,Creator,49.99,700
4366,1267,2026-03-11,Creator,49.99,700
4367,10510,2026-07-29,Creator,49.99,700
4368,3360,2026-02-15,Starter,9.99,110
4369,4298,2026-07-09,Popular,24.99,300
4370,2432,2026-05-07,Popular,24.99,300
4371,12751,2026-04-16,Creator,49.99,700
4372,4413,2026-05-25,Mini,4.99,50
4373,6303,2026-08-17,Popular,24.99,300
4374,12816,2026-06-21,Pro,99.99,1600
4375,12628,2026-04-27,Starter,9.99,110
4376,276,2026-02-08,Mini,4.99,50
4377,11317,2026-02-16,Creator,49.99,700
4378,9894,2026-01-05,Popular,24.99,300
4379,9180,2026-06-16,Popular,24.99,300
4380,12316,2026-04-23,Popular,24.99,300
4381,795,2026-04-26,Pro,99.99,1600
4382,580,2026-04-18,Popular,24.99,300
4383,4114,2026-03-16,Studio,499.99,10000
4384,1360,2026-06-05,Popular,24.99,300
4385,12854,2026-05-06,Creator,49.99,700
4386,5081,2026-07-30,Pro,99.99,1600
4387,9510,2026-01-04,Mini,4.99,50
4388,7087,2026-01-18,Max,199.99,3500
4389,651,2026-08-06,Pro,99.99,1600
4390,6149,2026-03-06,Mini,4.99,50
4391,5554,2026-01-19,Starter,9.99,110
4392,4416,2026-03-11,Creator,49.99,700
4393,13790,2026-06-11,Pro,99.99,1600
4394,14475,2026-02-14,Max,199.99,3500
4395,14273,2026-01-04,Pro,99.99,1600
4396,232,2026-02-05,Starter,9.99,110
4397,13061,2026-05-28,Studio,499.99,10000
4398,7252,2026-06-22,Mini,4.99,50
4399,11213,2026-05-29,Popular,24.99,300
4400,6687,2026-05-04,Creator,49.99,700
4401,3079,2026-07-08,Starter,9.99,110
4402,4976,2026-06-08,Starter,9.99,110
4403,10219,2026-07-13,Starter,9.99,110
4404,11729,2026-02-16,Max,199.99,3500
4405,10316,2026-01-02,Studio,499.99,10000
4406,2177,2026-06-11,Popular,24.99,300
4407,11111,2026-08-22,Mini,4.99,50
4408,1055,2026-07-22,Mini,4.99,50
4409,4083,2026-04-27,Popular,24.99,300
4410,5076,2026-03-04,Creator,49.99,700
4411,10972,2026-02-18,Pro,99.99,1600
4412,5232,2026-03-26,Pro,99.99,1600
4413,12805,2026-06-27,Max,199.99,3500
4414,9365,2026-01-12,Max,199.99,3500
4415,12401,2026-04-05,Pro,99.99,1600
4416,8547,2026-05-21,Max,199.99,3500
4417,9476,2026-01-26,Pro,99.99,1600
4418,10756,2026-08-15,Popular,24.99,300
4419,9662,2026-08-03,Starter,9.99,110
4420,14231,2026-01-15,Popular,24.99,300
4421,11018,2026-05-31,Max,199.99,3500
4422,4041,2026-04-10,Starter,9.99,110
4423,7844,2026-08-14,Pro,99.99,1600
4424,10668,2026-08-19,Popular,24.99,300
4425,8052,2026-04-13,Max,199.99,3500
4426,14638,2026-05-01,Popular,24.99,300
4427,3979,2026-05-01,Creator,49.99,700
4428,10627,2026-05-18,Creator,49.99,700
4429,13160,2026-05-11,Popular,24.99,300
4430,828,2026-01-29,Popular,24.99,300
4431,5492,2026-03-16,Popular,24.99,300
4432,7940,2026-01-04,Starter,9.99,110
4433,14687,2026-01-28,Starter,9.99,110
4434,2048,2026-01-17,Creator,49.99,700
4435,9107,2026-01-17,Popular,24.99,300
4436,7414,2026-08-03,Starter,9.99,110
4437,2861,2026-01-07,Mini,4.99,50
4438,5304,2026-02-19,Starter,9.99,110
4439,1088,2026-08-30,Popular,24.99,300
4440,14691,2026-04-15,Pro,99.99,1600
4441,8190,2026-03-07,Pro,99.99,1600
4442,13055,2026-06-08,Popular,24.99,300
4443,11391,2026-06-08,Pro,99.99,1600
4444,11100,2026-06-27,Creator,49.99,700
4445,9258,2026-04-18,Max,199.99,3500
4446,376,2026-04-05,Popular,24.99,300
4447,14754,2026-07-08,Starter,9.99,110
4448,8549,2026-06-06,Creator,49.99,700
4449,1951,2026-08-25,Studio,499.99,10000
4450,12506,2026-01-11,Mini,4.99,50
4451,5119,2026-08-22,Starter,9.99,110
4452,13512,2026-08-20,Mini,4.99,50
4453,1478,2026-07-24,Mini,4.99,50
4454,6465,2026-03-26,Max,199.99,3500
4455,8673,2026-05-27,Popular,24.99,300
4456,8532,2026-07-30,Pro,99.99,1600
4457,12487,2026-02-28,Creator,49.99,700
4458,11701,2026-05-20,Mini,4.99,50
4459,9333,2026-07-22,Creator,49.99,700
4460,7767,2026-04-29,Pro,99.99,1600
4461,2866,2026-07-06,Creator,49.99,700
4462,5453,2026-02-10,Popular,24.99,300
4463,8249,2026-02-25,Popular,24.99,300
4464,5642,2026-06-14,Starter,9.99,110
4465,6547,2026-01-05,Pro,99.99,1600
4466,6236,2026-07-16,Starter,9.99,110
4467,2113,2026-04-29,Max,199.99,3500
4468,8926,2026-04-12,Popular,24.99,300
4469,37,2026-01-21,Starter,9.99,110
4470,14268,2026-04-18,Mini,4.99,50
4471,5274,2026-05-23,Starter,9.99,110
4472,12327,2026-06-08,Pro,99.99,1600
4473,10918,2026-04-10,Popular,24.99,300
4474,14501,2026-07-28,Popular,24.99,300
4475,9469,2026-08-10,Starter,9.99,110
4476,14855,2026-04-15,Popular,24.99,300
4477,13933,2026-07-01,Starter,9.99,110
4478,3376,2026-07-18,Popular,24.99,300
4479,8014,2026-03-01,Max,199.99,3500
4480,13408,2026-03-02,Creator,49.99,700
4481,622,2026-05-27,Max,199.99,3500
4482,877,2026-05-25,Mini,4.99,50
4483,3469,2026-01-19,Mini,4.99,50
4484,5630,2026-04-12,Creator,49.99,700
4485,1757,2026-04-20,Max,199.99,3500
4486,1004,2026-07-27,Creator,49.99,700
4487,14872,2026-05-08,Pro,99.99,1600
4488,2747,2026-02-20,Creator,49.99,700
4489,6940,2026-01-19,Starter,9.99,110
4490,2738,2026-02-03,Max,199.99,3500
4491,12079,2026-05-25,Pro,99.99,1600
4492,7145,2026-03-29,Mini,4.99,50
4493,11819,2026-02-02,Starter,9.99,110
4494,5454,2026-04-29,Creator,49.99,700
4495,5347,2026-08-08,Max,199.99,3500
4496,10705,2026-06-21,Mini,4.99,50
4497,12587,2026-07-08,Mini,4.99,50
4498,1013,2026-06-30,Max,199.99,3500
4499,11254,2026-01-01,Starter,9.99,110
4500,4124,2026-07-17,Studio,499.99,10000
4501,2003,2026-08-29,Max,199.99,3500
4502,14489,2026-01-23,Starter,9.99,110
4503,5721,2026-03-10,Pro,99.99,1600
4504,14125,2026-06-24,Popular,24.99,300
4505,748,2026-08-25,Creator,49.99,700
4506,535,2026-08-05,Starter,9.99,110
4507,9358,2026-05-01,Starter,9.99,110
4508,4396,2026-02-09,Mini,4.99,50
4509,4708,2026-03-28,Popular,24.99,300
4510,2802,2026-05-29,Popular,24.99,300
4511,9162,2026-06-02,Mini,4.99,50
4512,7985,2026-02-27,Popular,24.99,300
4513,416,2026-07-24,Mini,4.99,50
4514,3994,2026-03-03,Starter,9.99,110
4515,12686,2026-05-14,Mini,4.99,50
4516,9791,2026-08-08,Popular,24.99,300
4517,14479,2026-06-13,Creator,49.99,700
4518,8181,2026-01-01,Max,199.99,3500
4519,4931,2026-06-25,Pro,99.99,1600
4520,4173,2026-08-12,Creator,49.99,700
4521,10455,2026-08-27,Starter,9.99,110
4522,12129,2026-06-03,Starter,9.99,110
4523,6728,2026-04-25,Max,199.99,3500
4524,7112,2026-04-20,Starter,9.99,110
4525,11420,2026-04-12,Popular,24.99,300
4526,4759,2026-04-18,Mini,4.99,50
4527,4768,2026-03-07,Starter,9.99,110
4528,1186,2026-03-03,Mini,4.99,50
4529,1975,2026-03-28,Mini,4.99,50
4530,14299,2026-08-04,Creator,49.99,700
4531,4234,2026-07-15,Pro,99.99,1600
4532,10313,2026-02-09,Creator,49.99,700
4533,11070,2026-04-15,Pro,99.99,1600
4534,1910,2026-07-12,Starter,9.99,110
4535,1896,2026-08-02,Popular,24.99,300
4536,5186,2026-05-28,Starter,9.99,110
4537,6891,2026-08-10,Pro,99.99,1600
4538,1763,2026-06-03,Mini,4.99,50
4539,9780,2026-08-11,Popular,24.99,300
4540,3341,2026-04-28,Creator,49.99,700
4541,4381,2026-03-15,Popular,24.99,300
4542,14633,2026-05-27,Starter,9.99,110
4543,11848,2026-07-19,Popular,24.99,300
4544,2567,2026-01-20,Mini,4.99,50
4545,8827,2026-08-27,Popular,24.99,300
4546,4591,2026-01-23,Popular,24.99,300
4547,4140,2026-01-08,Max,199.99,3500
4548,9314,2026-02-20,Popular,24.99,300
4549,8348,2026-02-14,Pro,99.99,1600
4550,2361,2026-05-16,Starter,9.99,110
4551,13400,2026-05-17,Starter,9.99,110
4552,12618,2026-01-31,Pro,99.99,1600
4553,8388,2026-04-27,Pro,99.99,1600
4554,4410,2026-01-11,Mini,4.99,50
4555,13339,2026-08-02,Popular,24.99,300
4556,4755,2026-03-15,Popular,24.99,300
4557,2167,2026-07-15,Pro,99.99,1600
4558,4807,2026-07-11,Starter,9.99,110
4559,8553,2026-08-08,Popular,24.99,300
4560,2840,2026-03-09,Popular,24.99,300
4561,4785,2026-04-02,Creator,49.99,700
4562,6333,2026-07-03,Mini,4.99,50
4563,3567,2026-01-30,Creator,49.99,700
4564,14158,2026-03-31,Starter,9.99,110
4565,7896,2026-04-10,Studio,499.99,10000
4566,9816,2026-02-01,Popular,24.99,300
4567,10787,2026-01-25,Starter,9.99,110
4568,990,2026-02-04,Max,199.99,3500
4569,4436,2026-04-11,Max,199.99,3500
4570,3952,2026-06-26,Creator,49.99,700
4571,11367,2026-06-15,Mini,4.99,50
4572,5196,2026-02-22,Mini,4.99,50
4573,12050,2026-05-15,Popular,24.99,300
4574,8527,2026-04-17,Pro,99.99,1600
4575,10524,2026-08-01,Popular,24.99,300
4576,1740,2026-08-07,Starter,9.99,110
4577,3058,2026-02-02,Starter,9.99,110
4578,10588,2026-05-26,Starter,9.99,110
4579,2092,2026-08-18,Studio,499.99,10000
4580,14006,2026-05-04,Max,199.99,3500
4581,4244,2026-07-23,Creator,49.99,700
4582,4262,2026-08-26,Studio,499.99,10000
4583,10847,2026-08-30,Pro,99.99,1600
4584,9011,2026-01-23,Popular,24.99,300
4585,7384,2026-07-22,Popular,24.99,300
4586,4054,2026-06-29,Pro,99.99,1600
4587,10861,2026-03-22,Creator,49.99,700
4588,5969,2026-04-02,Creator,49.99,700
4589,7667,2026-07-24,Pro,99.99,1600
4590,955,2026-03-16,Starter,9.99,110
4591,12149,2026-08-25,Mini,4.99,50
4592,5452,2026-03-26,Starter,9.99,110
4593,13654,2026-03-07,Popular,24.99,300
4594,235,2026-01-21,Creator,49.99,700
4595,6670,2026-04-06,Pro,99.99,1600
4596,5725,2026-08-26,Mini,4.99,50
4597,9432,2026-07-30,Mini,4.99,50
4598,7777,2026-04-08,Popular,24.99,300
4599,5399,2026-03-19,Max,199.99,3500
4600,4310,2026-07-30,Starter,9.99,110
4601,9477,2026-05-04,Popular,24.99,300
4602,5206,2026-06-05,Max,199.99,3500
4603,8025,2026-06-19,Mini,4.99,50
4604,8800,2026-03-02,Starter,9.99,110
4605,13508,2026-03-22,Creator,49.99,700
4606,1832,2026-02-09,Studio,499.99,10000
4607,197,2026-05-09,Creator,49.99,700
4608,4812,2026-02-09,Mini,4.99,50
4609,13471,2026-02-27,Creator,49.99,700
4610,11899,2026-02-21,Creator,49.99,700
4611,6317,2026-05-08,Creator,49.99,700
4612,4690,2026-06-26,Mini,4.99,50
4613,3539,2026-05-24,Pro,99.99,1600
4614,5389,2026-06-20,Starter,9.99,110
4615,8826,2026-06-22,Popular,24.99,300
4616,11931,2026-02-27,Max,199.99,3500
4617,9082,2026-03-05,Popular,24.99,300
4618,4926,2026-01-23,Popular,24.99,300
4619,1991,2026-03-23,Mini,4.99,50
4620,127,2026-01-08,Creator,49.99,700
4621,9996,2026-04-02,Max,199.99,3500
4622,3235,2026-03-29,Starter,9.99,110
4623,5099,2026-08-09,Starter,9.99,110
4624,5337,2026-02-06,Creator,49.99,700
4625,7880,2026-05-16,Pro,99.99,1600
4626,1585,2026-01-13,Max,199.99,3500
4627,2031,2026-01-04,Mini,4.99,50
4628,553,2026-08-30,Popular,24.99,300
4629,2396,2026-05-07,Creator,49.99,700
4630,2876,2026-07-14,Pro,99.99,1600
4631,11146,2026-04-09,Popular,24.99,300
4632,13537,2026-05-24,Starter,9.99,110
4633,6314,2026-02-25,Creator,49.99,700
4634,6442,2026-03-30,Pro,99.99,1600
4635,7951,2026-06-03,Pro,99.99,1600
4636,12841,2026-03-01,Starter,9.99,110
4637,9161,2026-01-01,Pro,99.99,1600
4638,12800,2026-05-27,Studio,499.99,10000
4639,10660,2026-04-22,Pro,99.99,1600
4640,9156,2026-02-25,Studio,499.99,10000
4641,3358,2026-06-21,Popular,24.99,300
4642,5016,2026-06-21,Popular,24.99,300
4643,7667,2026-07-04,Mini,4.99,50
4644,7135,2026-01-16,Popular,24.99,300
4645,2726,2026-03-15,Pro,99.99,1600
4646,1813,2026-06-21,Mini,4.99,50
4647,14078,2026-01-26,Popular,24.99,300
4648,3317,2026-04-23,Creator,49.99,700
4649,7972,2026-04-17,Starter,9.99,110
4650,12056,2026-07-31,Popular,24.99,300
4651,11332,2026-03-14,Starter,9.99,110
4652,3870,2026-06-29,Starter,9.99,110
4653,4403,2026-06-09,Max,199.99,3500
4654,4589,2026-05-13,Max,199.99,3500
4655,4297,2026-06-10,Popular,24.99,300
4656,10831,2026-04-11,Max,199.99,3500
4657,4056,2026-05-21,Starter,9.99,110
4658,10717,2026-08-02,Mini,4.99,50
4659,10612,2026-08-11,Popular,24.99,300
4660,14181,2026-06-12,Popular,24.99,300
4661,13322,2026-05-17,Creator,49.99,700
4662,2290,2026-06-08,Creator,49.99,700
4663,4009,2026-02-19,Mini,4.99,50
4664,12904,2026-02-02,Studio,499.99,10000
4665,212,2026-03-06,Studio,499.99,10000
4666,5384,2026-06-04,Max,199.99,3500
4667,8585,2026-07-30,Creator,49.99,700
4668,9331,2026-06-26,Pro,99.99,1600
4669,768,2026-02-06,Starter,9.99,110
4670,12527,2026-02-01,Starter,9.99,110
4671,8938,2026-06-21,Creator,49.99,700
4672,3582,2026-07-31,Creator,49.99,700
4673,2203,2026-06-11,Creator,49.99,700
4674,4331,2026-06-21,Starter,9.99,110
4675,12194,2026-06-25,Max,199.99,3500
4676,10571,2026-01-31,Popular,24.99,300
4677,3408,2026-05-27,Mini,4.99,50
4678,8606,2026-01-09,Starter,9.99,110
4679,5273,2026-02-05,Starter,9.99,110
4680,14723,2026-04-05,Studio,499.99,10000
4681,10028,2026-06-15,Popular,24.99,300
4682,8083,2026-06-08,Popular,24.99,300
4683,10618,2026-06-12,Mini,4.99,50
4684,14351,2026-07-11,Studio,499.99,10000
4685,3219,2026-06-04,Starter,9.99,110
4686,4634,2026-05-28,Max,199.99,3500
4687,1672,2026-04-26,Max,199.99,3500
4688,6981,2026-04-14,Mini,4.99,50
4689,12050,2026-03-16,Popular,24.99,300
4690,7146,2026-06-15,Creator,49.99,700
4691,10640,2026-06-14,Popular,24.99,300
4692,114,2026-01-03,Starter,9.99,110
4693,9519,2026-01-26,Creator,49.99,700
4694,821,2026-02-10,Mini,4.99,50
4695,10619,2026-03-19,Mini,4.99,50
4696,6808,2026-01-14,Creator,49.99,700
4697,952,2026-04-14,Popular,24.99,300
4698,10162,2026-05-01,Popular,24.99,300
4699,4375,2026-08-01,Starter,9.99,110
4700,13914,2026-08-26,Starter,9.99,110
4701,11068,2026-05-20,Popular,24.99,300
4702,11920,2026-04-02,Creator,49.99,700
4703,8076,2026-02-18,Popular,24.99,300
4704,7991,2026-01-24,Popular,24.99,300
4705,6468,2026-01-23,Pro,99.99,1600
4706,12163,2026-06-14,Creator,49.99,700
4707,6523,2026-01-11,Creator,49.99,700
4708,7272,2026-05-02,Max,199.99,3500
4709,8312,2026-01-28,Pro,99.99,1600
4710,12339,2026-01-26,Pro,99.99,1600
4711,1570,2026-04-09,Max,199.99,3500
4712,5390,2026-04-02,Starter,9.99,110
4713,4731,2026-06-02,Popular,24.99,300
4714,4298,2026-04-27,Pro,99.99,1600
4715,6006,2026-07-06,Popular,24.99,300
4716,2721,2026-06-02,Creator,49.99,700
4717,13758,2026-04-06,Creator,49.99,700
4718,8619,2026-05-03,Pro,99.99,1600
4719,4697,2026-08-06,Creator,49.99,700
4720,5880,2026-01-05,Studio,499.99,10000
4721,11991,2026-02-08,Popular,24.99,300
4722,12437,2026-06-27,Max,199.99,3500
4723,12180,2026-05-30,Starter,9.99,110
4724,348,2026-05-05,Starter,9.99,110
4725,12811,2026-03-16,Starter,9.99,110
4726,8517,2026-08-26,Creator,49.99,700
4727,8181,2026-05-15,Starter,9.99,110
4728,5797,2026-04-06,Starter,9.99,110
4729,7559,2026-03-28,Pro,99.99,1600
4730,2773,2026-05-26,Starter,9.99,110
4731,7646,2026-05-04,Starter,9.99,110
4732,13143,2026-01-26,Creator,49.99,700
4733,9244,2026-06-10,Creator,49.99,700
4734,1443,2026-07-19,Popular,24.99,300
4735,11605,2026-08-20,Max,199.99,3500
4736,14751,2026-02-04,Starter,9.99,110
4737,11358,2026-01-31,Popular,24.99,300
4738,801,2026-07-17,Starter,9.99,110
4739,6751,2026-01-25,Creator,49.99,700
4740,5519,2026-02-03,Popular,24.99,300
4741,3578,2026-01-22,Pro,99.99,1600
4742,3231,2026-08-21,Starter,9.99,110
4743,7145,2026-03-11,Starter,9.99,110
4744,493,2026-07-01,Creator,49.99,700
4745,14919,2026-05-01,Studio,499.99,10000
4746,7290,2026-01-28,Pro,99.99,1600
4747,7557,2026-06-07,Mini,4.99,50
4748,2741,2026-08-25,Starter,9.99,110
4749,6414,2026-01-21,Creator,49.99,700
4750,13944,2026-07-15,Starter,9.99,110
4751,3289,2026-07-26,Pro,99.99,1600
4752,8746,2026-02-02,Popular,24.99,300
4753,5373,2026-02-01,Mini,4.99,50
4754,9237,2026-04-23,Popular,24.99,300
4755,13318,2026-03-27,Starter,9.99,110
4756,344,2026-07-23,Popular,24.99,300
4757,9537,2026-06-30,Pro,99.99,1600
4758,14244,2026-08-18,Popular,24.99,300
4759,8634,2026-08-09,Studio,499.99,10000
4760,6260,2026-03-11,Mini,4.99,50
4761,2243,2026-02-05,Starter,9.99,110
4762,12367,2026-02-17,Pro,99.99,1600
4763,10049,2026-01-08,Max,199.99,3500
4764,10368,2026-03-05,Popular,24.99,300
4765,13668,2026-04-26,Starter,9.99,110
4766,2572,2026-07-05,Pro,99.99,1600
4767,12946,2026-04-06,Starter,9.99,110
4768,9699,2026-07-01,Mini,4.99,50
4769,1687,2026-06-18,Popular,24.99,300
4770,1717,2026-02-12,Pro,99.99,1600
4771,6868,2026-07-06,Pro,99.99,1600
4772,1355,2026-07-07,Popular,24.99,300
4773,3230,2026-08-05,Mini,4.99,50
4774,4108,2026-08-09,Popular,24.99,300
4775,11111,2026-04-18,Creator,49.99,700
4776,1468,2026-01-19,Starter,9.99,110
4777,12193,2026-06-15,Max,199.99,3500
4778,7007,2026-03-12,Studio,499.99,10000
4779,3809,2026-07-13,Pro,99.99,1600
4780,5202,2026-06-29,Popular,24.99,300
4781,13678,2026-06-17,Pro,99.99,1600
4782,12732,2026-05-04,Max,199.99,3500
4783,13215,2026-08-01,Pro,99.99,1600
4784,4906,2026-03-13,Pro,99.99,1600
4785,13008,2026-05-13,Mini,4.99,50
4786,6746,2026-06-03,Starter,9.99,110
4787,1669,2026-01-22,Creator,49.99,700
4788,9660,2026-04-27,Starter,9.99,110
4789,1594,2026-04-15,Popular,24.99,300
4790,10570,2026-08-25,Starter,9.99,110
4791,5508,2026-07-01,Mini,4.99,50
4792,13047,2026-08-18,Starter,9.99,110
4793,7310,2026-04-14,Mini,4.99,50
4794,9026,2026-01-06,Studio,499.99,10000
4795,9644,2026-05-12,Creator,49.99,700
4796,11787,2026-05-13,Popular,24.99,300
4797,4580,2026-05-21,Starter,9.99,110
4798,11419,2026-04-19,Creator,49.99,700
4799,8510,2026-07-14,Pro,99.99,1600
4800,13416,2026-06-16,Popular,24.99,300
4801,10374,2026-01-25,Starter,9.99,110
4802,3680,2026-08-05,Creator,49.99,700
4803,5508,2026-03-01,Max,199.99,3500
4804,11874,2026-06-19,Popular,24.99,300
4805,8595,2026-01-31,Mini,4.99,50
4806,2143,2026-07-17,Creator,49.99,700
4807,14598,2026-04-09,Popular,24.99,300
4808,217,2026-07-06,Pro,99.99,1600
4809,6213,2026-05-30,Max,199.99,3500
4810,12692,2026-07-23,Popular,24.99,300
4811,7669,2026-05-21,Studio,499.99,10000
4812,2189,2026-06-10,Creator,49.99,700
4813,1362,2026-03-12,Starter,9.99,110
4814,12000,2026-04-29,Starter,9.99,110
4815,14133,2026-05-15,Creator,49.99,700
4816,14561,2026-04-20,Max,199.99,3500
4817,8088,2026-08-16,Max,199.99,3500
4818,11774,2026-08-15,Starter,9.99,110
4819,4733,2026-08-18,Pro,99.99,1600
4820,3586,2026-02-12,Pro,99.99,1600
4821,6255,2026-04-03,Mini,4.99,50
4822,5392,2026-03-14,Max,199.99,3500
4823,2694,2026-02-26,Starter,9.99,110
4824,1860,2026-06-07,Creator,49.99,700
4825,4110,2026-08-11,Popular,24.99,300
4826,2703,2026-05-21,Pro,99.99,1600
4827,7900,2026-01-13,Starter,9.99,110
4828,10634,2026-08-15,Popular,24.99,300
4829,8110,2026-04-27,Popular,24.99,300
4830,6754,2026-06-04,Max,199.99,3500
4831,12606,2026-04-10,Creator,49.99,700
4832,11675,2026-08-14,Pro,99.99,1600
4833,12012,2026-08-27,Starter,9.99,110
4834,2037,2026-07-09,Popular,24.99,300
4835,9389,2026-03-04,Studio,499.99,10000
4836,126,2026-05-23,Starter,9.99,110
4837,8877,2026-03-02,Starter,9.99,110
4838,7463,2026-08-16,Starter,9.99,110
4839,6948,2026-02-15,Creator,49.99,700
4840,12755,2026-01-02,Popular,24.99,300
4841,11270,2026-01-20,Creator,49.99,700
4842,5144,2026-04-21,Starter,9.99,110
4843,14407,2026-02-08,Starter,9.99,110
4844,1757,2026-04-23,Mini,4.99,50
4845,12808,2026-03-25,Starter,9.99,110
4846,8768,2026-08-28,Pro,99.99,1600
4847,6735,2026-08-19,Creator,49.99,700
4848,7190,2026-03-15,Creator,49.99,700
4849,14019,2026-02-24,Pro,99.99,1600
4850,6117,2026-03-11,Pro,99.99,1600
4851,10194,2026-08-10,Starter,9.99,110
4852,9359,2026-05-08,Popular,24.99,300
4853,437,2026-02-03,Creator,49.99,700
4854,1821,2026-05-18,Starter,9.99,110
4855,55,2026-01-16,Pro,99.99,1600
4856,11114,2026-07-25,Popular,24.99,300
4857,5192,2026-06-26,Pro,99.99,1600
4858,5920,2026-08-28,Pro,99.99,1600
4859,10957,2026-02-08,Starter,9.99,110
4860,13643,2026-02-18,Pro,99.99,1600
4861,9418,2026-06-26,Starter,9.99,110
4862,1573,2026-07-22,Popular,24.99,300
4863,6271,2026-05-16,Mini,4.99,50
4864,5519,2026-01-02,Starter,9.99,110
4865,1342,2026-05-17,Mini,4.99,50
4866,8108,2026-01-06,Creator,49.99,700
4867,12277,2026-04-18,Popular,24.99,300
4868,14730,2026-07-01,Creator,49.99,700
4869,9975,2026-02-17,Starter,9.99,110
4870,8121,2026-06-18,Popular,24.99,300
4871,5303,2026-03-15,Max,199.99,3500
4872,6883,2026-04-27,Popular,24.99,300
4873,4658,2026-01-23,Popular,24.99,300
4874,9998,2026-08-24,Studio,499.99,10000
4875,7618,2026-03-21,Starter,9.99,110
4876,1506,2026-01-10,Creator,49.99,700
4877,9172,2026-03-10,Popular,24.99,300
4878,9042,2026-04-20,Popular,24.99,300
4879,14083,2026-01-02,Max,199.99,3500
4880,6491,2026-02-04,Starter,9.99,110
4881,8529,2026-06-22,Max,199.99,3500
4882,2885,2026-03-14,Creator,49.99,700
4883,1583,2026-02-15,Creator,49.99,700
4884,123,2026-05-16,Starter,9.99,110
4885,1681,2026-01-29,Starter,9.99,110
4886,6878,2026-01-26,Starter,9.99,110
4887,6335,2026-03-02,Creator,49.99,700
4888,4788,2026-05-16,Pro,99.99,1600
4889,3983,2026-06-11,Popular,24.99,300
4890,11737,2026-01-16,Mini,4.99,50
4891,5131,2026-01-12,Popular,24.99,300
4892,9632,2026-07-05,Mini,4.99,50
4893,1430,2026-06-11,Max,199.99,3500
4894,3740,2026-05-23,Pro,99.99,1600
4895,14295,2026-06-07,Creator,49.99,700
4896,9103,2026-01-25,Popular,24.99,300
4897,2277,2026-05-07,Max,199.99,3500
4898,12435,2026-01-08,Popular,24.99,300
4899,14334,2026-03-20,Starter,9.99,110
4900,5702,2026-06-05,Creator,49.99,700
4901,3950,2026-01-05,Creator,49.99,700
4902,6851,2026-03-19,Popular,24.99,300
4903,3326,2026-03-23,Popular,24.99,300
4904,3624,2026-01-21,Creator,49.99,700
4905,14749,2026-08-13,Popular,24.99,300
4906,7753,2026-07-20,Studio,499.99,10000
4907,12493,2026-04-26,Creator,49.99,700
4908,10725,2026-01-22,Pro,99.99,1600
4909,8796,2026-07-15,Pro,99.99,1600
4910,413,2026-02-23,Popular,24.99,300
4911,464,2026-06-13,Pro,99.99,1600
4912,13532,2026-04-04,Creator,49.99,700
4913,8817,2026-05-30,Popular,24.99,300
4914,13251,2026-07-17,Popular,24.99,300
4915,2025,2026-04-28,Starter,9.99,110
4916,11440,2026-05-28,Studio,499.99,10000
4917,14598,2026-03-15,Starter,9.99,110
4918,12139,2026-08-10,Mini,4.99,50
4919,2773,2026-06-28,Popular,24.99,300
4920,10147,2026-02-04,Starter,9.99,110
4921,10448,2026-08-03,Studio,499.99,10000
4922,4864,2026-03-06,Pro,99.99,1600
4923,10949,2026-03-11,Mini,4.99,50
4924,9794,2026-08-27,Studio,499.99,10000
4925,2363,2026-02-22,Pro,99.99,1600
4926,5874,2026-05-01,Max,199.99,3500
4927,9575,2026-06-25,Starter,9.99,110
4928,11861,2026-05-06,Studio,499.99,10000
4929,12077,2026-01-16,Creator,49.99,700
4930,11818,2026-07-05,Starter,9.99,110
4931,6186,2026-04-04,Studio,499.99,10000
4932,8956,2026-06-29,Starter,9.99,110
4933,9103,2026-07-21,Popular,24.99,300
4934,327,2026-06-29,Mini,4.99,50
4935,11315,2026-05-28,Creator,49.99,700
4936,5202,2026-04-24,Starter,9.99,110
4937,4114,2026-05-07,Pro,99.99,1600
4938,12450,2026-07-10,Starter,9.99,110
4939,857,2026-05-21,Starter,9.99,110
4940,2137,2026-01-18,Popular,24.99,300
4941,13403,2026-03-13,Studio,499.99,10000
4942,6473,2026-07-21,Mini,4.99,50
4943,538,2026-06-01,Max,199.99,3500
4944,248,2026-06-11,Studio,499.99,10000
4945,925,2026-01-01,Max,199.99,3500
4946,1311,2026-05-12,Creator,49.99,700
4947,5660,2026-05-09,Creator,49.99,700
4948,88,2026-01-18,Mini,4.99,50
4949,9911,2026-07-20,Starter,9.99,110
4950,10739,2026-03-06,Starter,9.99,110
4951,12865,2026-04-17,Creator,49.99,700
4952,9715,2026-06-19,Starter,9.99,110
4953,10540,2026-07-12,Studio,499.99,10000
4954,14755,2026-05-19,Starter,9.99,110
4955,10394,2026-06-09,Pro,99.99,1600
4956,11060,2026-01-28,Starter,9.99,110
4957,8066,2026-04-10,Max,199.99,3500
4958,4819,2026-08-26,Max,199.99,3500
4959,12121,2026-01-11,Creator,49.99,700
4960,9035,2026-04-14,Pro,99.99,1600
4961,1992,2026-01-30,Studio,499.99,10000
4962,7430,2026-08-21,Pro,99.99,1600
4963,7644,2026-07-08,Popular,24.99,300
4964,3577,2026-02-15,Starter,9.99,110
4965,5928,2026-05-06,Popular,24.99,300
4966,11787,2026-03-30,Pro,99.99,1600
4967,2799,2026-04-30,Popular,24.99,300
4968,1624,2026-08-12,Pro,99.99,1600
4969,9105,2026-03-19,Popular,24.99,300
4970,1677,2026-08-03,Starter,9.99,110
4971,2674,2026-01-23,Starter,9.99,110
4972,161,2026-05-04,Popular,24.99,300
4973,5869,2026-06-10,Mini,4.99,50
4974,10906,2026-04-17,Popular,24.99,300
4975,7738,2026-01-23,Creator,49.99,700
4976,14545,2026-06-13,Creator,49.99,700
4977,3611,2026-06-23,Starter,9.99,110
4978,6821,2026-05-14,Starter,9.99,110
4979,13468,2026-04-06,Popular,24.99,300
4980,726,2026-06-22,Starter,9.99,110
4981,3843,2026-05-03,Pro,99.99,1600
4982,10594,2026-03-12,Creator,49.99,700
4983,4603,2026-01-24,Starter,9.99,110
4984,13012,2026-07-05,Popular,24.99,300
4985,5652,2026-05-30,Creator,49.99,700
4986,14468,2026-05-12,Studio,499.99,10000
4987,7582,2026-03-13,Studio,499.99,10000
4988,5115,2026-02-27,Creator,49.99,700
4989,3281,2026-03-21,Starter,9.99,110
4990,8784,2026-03-01,Max,199.99,3500
4991,4205,2026-05-12,Starter,9.99,110
4992,13128,2026-07-07,Starter,9.99,110
4993,7498,2026-08-05,Mini,4.99,50
4994,13494,2026-02-15,Pro,99.99,1600
4995,12578,2026-01-11,Starter,9.99,110
4996,13010,2026-07-15,Popular,24.99,300
4997,9035,2026-08-29,Pro,99.99,1600
4998,10277,2026-03-10,Max,199.99,3500
4999,10996,2026-06-15,Mini,4.99,50
5000,2312,2026-04-04,Creator,49.99,700
5001,6310,2026-08-18,Pro,99.99,1600
5002,9423,2026-06-28,Popular,24.99,300
5003,2263,2026-03-27,Popular,24.99,300
5004,8592,2026-01-22,Creator,49.99,700
5005,5079,2026-04-09,Pro,99.99,1600
5006,11786,2026-06-04,Popular,24.99,300
5007,202,2026-03-19,Popular,24.99,300
5008,11423,2026-05-21,Max,199.99,3500
5009,3360,2026-06-05,Starter,9.99,110
5010,13385,2026-07-08,Starter,9.99,110
5011,5069,2026-08-24,Max,199.99,3500
5012,9,2026-05-23,Pro,99.99,1600
5013,3945,2026-02-19,Popular,24.99,300
5014,12669,2026-02-15,Creator,49.99,700
5015,8248,2026-06-17,Max,199.99,3500
5016,11250,2026-02-16,Pro,99.99,1600
5017,1770,2026-08-24,Starter,9.99,110
5018,5558,2026-01-23,Starter,9.99,110
5019,988,2026-07-22,Starter,9.99,110
5020,13776,2026-03-13,Popular,24.99,300
5021,5009,2026-07-21,Popular,24.99,300
5022,376,2026-06-04,Creator,49.99,700
5023,3280,2026-06-07,Mini,4.99,50
5024,8761,2026-08-29,Pro,99.99,1600
5025,5387,2026-04-17,Creator,49.99,700
5026,6779,2026-02-14,Starter,9.99,110
5027,467,2026-03-07,Popular,24.99,300
5028,4065,2026-04-09,Pro,99.99,1600
5029,1139,2026-08-08,Starter,9.99,110
5030,5937,2026-05-23,Popular,24.99,300
5031,11424,2026-05-12,Max,199.99,3500
5032,1213,2026-03-05,Popular,24.99,300
5033,4790,2026-05-22,Creator,49.99,700
5034,13316,2026-05-09,Starter,9.99,110
5035,11461,2026-02-19,Studio,499.99,10000
5036,9331,2026-02-13,Starter,9.99,110
5037,7983,2026-08-03,Pro,99.99,1600
5038,2322,2026-06-08,Creator,49.99,700
5039,8251,2026-04-21,Starter,9.99,110
5040,8418,2026-05-05,Creator,49.99,700
5041,11111,2026-03-04,Starter,9.99,110
5042,11298,2026-02-24,Studio,499.99,10000
5043,13063,2026-03-01,Starter,9.99,110
5044,12978,2026-07-28,Max,199.99,3500
5045,3402,2026-07-12,Creator,49.99,700
5046,14543,2026-03-23,Popular,24.99,300
5047,3203,2026-05-02,Studio,499.99,10000
5048,11264,2026-06-21,Starter,9.99,110
5049,4869,2026-01-29,Pro,99.99,1600
5050,3034,2026-05-17,Studio,499.99,10000
5051,2923,2026-07-04,Pro,99.99,1600
5052,13731,2026-03-28,Popular,24.99,300
5053,1997,2026-02-21,Popular,24.99,300
5054,587,2026-01-26,Popular,24.99,300
5055,8313,2026-03-24,Pro,99.99,1600
5056,3796,2026-08-31,Popular,24.99,300
5057,2335,2026-03-31,Popular,24.99,300
5058,1301,2026-06-11,Popular,24.99,300
5059,4858,2026-05-01,Studio,499.99,10000
5060,8382,2026-02-27,Starter,9.99,110
5061,13480,2026-06-17,Pro,99.99,1600
5062,3021,2026-07-23,Creator,49.99,700
5063,11830,2026-02-10,Starter,9.99,110
5064,13365,2026-08-29,Starter,9.99,110
5065,8274,2026-04-29,Popular,24.99,300
5066,2698,2026-05-01,Starter,9.99,110
5067,7241,2026-04-28,Starter,9.99,110
5068,1449,2026-08-07,Popular,24.99,300
5069,7319,2026-06-24,Starter,9.99,110
5070,7036,2026-08-22,Creator,49.99,700
5071,280,2026-02-08,Creator,49.99,700
5072,4634,2026-05-22,Popular,24.99,300
5073,10795,2026-08-13,Starter,9.99,110
5074,12368,2026-01-14,Pro,99.99,1600
5075,10654,2026-04-21,Pro,99.99,1600
5076,5210,2026-01-17,Pro,99.99,1600
5077,358,2026-04-25,Max,199.99,3500
5078,1026,2026-01-19,Creator,49.99,700
5079,10880,2026-08-21,Creator,49.99,700
5080,379,2026-07-17,Starter,9.99,110
5081,7051,2026-05-07,Max,199.99,3500
5082,3281,2026-08-16,Popular,24.99,300
5083,4132,2026-02-23,Creator,49.99,700
5084,5920,2026-05-18,Popular,24.99,300
5085,11076,2026-02-22,Mini,4.99,50
5086,995,2026-07-05,Pro,99.99,1600
5087,3024,2026-02-02,Mini,4.99,50
5088,3485,2026-03-26,Studio,499.99,10000
5089,14162,2026-03-12,Max,199.99,3500
5090,6154,2026-08-23,Creator,49.99,700
5091,4122,2026-05-24,Starter,9.99,110
5092,4952,2026-03-27,Creator,49.99,700
5093,11792,2026-01-20,Starter,9.99,110
5094,9475,2026-02-10,Starter,9.99,110
5095,14510,2026-01-28,Starter,9.99,110
5096,12442,2026-02-22,Pro,99.99,1600
5097,12878,2026-06-25,Creator,49.99,700
5098,4408,2026-01-10,Popular,24.99,300
5099,3491,2026-05-16,Pro,99.99,1600
5100,1727,2026-04-20,Popular,24.99,300
5101,389,2026-02-21,Starter,9.99,110
5102,14837,2026-08-14,Popular,24.99,300
5103,13894,2026-08-19,Pro,99.99,1600
5104,9318,2026-03-08,Starter,9.99,110
5105,2526,2026-07-22,Mini,4.99,50
5106,4026,2026-04-12,Studio,499.99,10000
5107,9648,2026-01-28,Pro,99.99,1600
5108,5990,2026-01-24,Starter,9.99,110
5109,2070,2026-05-11,Mini,4.99,50
5110,12445,2026-05-28,Popular,24.99,300
5111,2597,2026-05-09,Studio,499.99,10000
5112,2559,2026-04-08,Mini,4.99,50
5113,7880,2026-04-28,Mini,4.99,50
5114,7743,2026-06-23,Pro,99.99,1600
5115,7574,2026-04-04,Creator,49.99,700
5116,416,2026-08-06,Mini,4.99,50
5117,2360,2026-06-08,Pro,99.99,1600
5118,5422,2026-04-17,Mini,4.99,50
5119,2592,2026-06-01,Creator,49.99,700
5120,14148,2026-05-28,Mini,4.99,50
5121,13657,2026-01-19,Starter,9.99,110
5122,7782,2026-01-22,Popular,24.99,300
5123,13616,2026-07-13,Mini,4.99,50
5124,3337,2026-01-02,Starter,9.99,110
5125,12606,2026-03-18,Popular,24.99,300
5126,1271,2026-01-21,Starter,9.99,110
5127,2085,2026-04-24,Creator,49.99,700
5128,3628,2026-07-26,Creator,49.99,700
5129,2139,2026-02-08,Mini,4.99,50
5130,12651,2026-04-28,Popular,24.99,300
5131,6563,2026-01-10,Creator,49.99,700
5132,1988,2026-06-30,Starter,9.99,110
5133,2531,2026-02-11,Pro,99.99,1600
5134,5663,2026-06-11,Popular,24.99,300
5135,8462,2026-08-01,Max,199.99,3500
5136,13338,2026-06-20,Max,199.99,3500
5137,5581,2026-07-13,Starter,9.99,110
5138,2678,2026-02-21,Mini,4.99,50
5139,1755,2026-07-11,Studio,499.99,10000
5140,8102,2026-04-07,Popular,24.99,300
5141,2629,2026-02-19,Creator,49.99,700
5142,14296,2026-05-26,Starter,9.99,110
5143,12278,2026-05-20,Pro,99.99,1600
5144,873,2026-01-09,Popular,24.99,300
5145,12502,2026-03-11,Creator,49.99,700
5146,2377,2026-03-27,Popular,24.99,300
5147,8660,2026-08-14,Popular,24.99,300
5148,8820,2026-02-13,Popular,24.99,300
5149,1385,2026-04-25,Popular,24.99,300
5150,5467,2026-04-12,Starter,9.99,110
5151,5084,2026-04-17,Pro,99.99,1600
5152,1060,2026-04-14,Creator,49.99,700
5153,2185,2026-02-20,Starter,9.99,110
5154,5268,2026-03-10,Starter,9.99,110
5155,9814,2026-06-14,Pro,99.99,1600
5156,12135,2026-05-05,Creator,49.99,700
5157,9037,2026-04-17,Creator,49.99,700
5158,12393,2026-05-01,Popular,24.99,300
5159,12992,2026-01-29,Studio,499.99,10000
5160,13682,2026-08-09,Starter,9.99,110
5161,5824,2026-07-25,Pro,99.99,1600
5162,13404,2026-06-24,Starter,9.99,110
5163,9174,2026-08-01,Starter,9.99,110
5164,3033,2026-01-27,Starter,9.99,110
5165,10428,2026-01-24,Creator,49.99,700
5166,12008,2026-07-31,Max,199.99,3500
5167,12200,2026-07-28,Starter,9.99,110
5168,11896,2026-04-04,Popular,24.99,300
5169,12045,2026-03-23,Starter,9.99,110
5170,6934,2026-05-10,Starter,9.99,110
5171,12261,2026-07-29,Popular,24.99,300
5172,10376,2026-01-20,Pro,99.99,1600
5173,10424,2026-05-06,Popular,24.99,300
5174,8684,2026-08-11,Max,199.99,3500
5175,11991,2026-08-19,Popular,24.99,300
5176,2867,2026-01-30,Max,199.99,3500
5177,6976,2026-01-28,Max,199.99,3500
5178,3466,2026-05-02,Mini,4.99,50
5179,3688,2026-07-26,Creator,49.99,700
5180,2589,2026-05-07,Pro,99.99,1600
5181,14669,2026-04-07,Popular,24.99,300
5182,14936,2026-08-16,Starter,9.99,110
5183,10621,2026-07-24,Creator,49.99,700
5184,14065,2026-08-14,Studio,499.99,10000
5185,4617,2026-05-18,Creator,49.99,700
5186,14890,2026-04-23,Creator,49.99,700
5187,2963,2026-01-29,Popular,24.99,300
5188,5485,2026-07-27,Creator,49.99,700
5189,5348,2026-05-12,Starter,9.99,110
5190,4428,2026-06-24,Studio,499.99,10000
5191,8560,2026-01-22,Studio,499.99,10000
5192,8938,2026-08-02,Popular,24.99,300
5193,418,2026-01-25,Starter,9.99,110
5194,14563,2026-07-24,Studio,499.99,10000
5195,12416,2026-06-12,Creator,49.99,700
5196,702,2026-07-08,Starter,9.99,110
5197,1922,2026-06-23,Popular,24.99,300
5198,7106,2026-03-18,Max,199.99,3500
5199,653,2026-05-14,Popular,24.99,300
5200,14895,2026-08-01,Creator,49.99,700
5201,11558,2026-08-05,Max,199.99,3500
5202,10941,2026-08-09,Popular,24.99,300
5203,2724,2026-01-19,Max,199.99,3500
5204,1020,2026-05-28,Creator,49.99,700
5205,9475,2026-04-17,Popular,24.99,300
5206,8148,2026-02-11,Pro,99.99,1600
5207,6363,2026-07-18,Popular,24.99,300
5208,13341,2026-07-11,Mini,4.99,50
5209,4573,2026-01-05,Pro,99.99,1600
5210,8290,2026-07-22,Popular,24.99,300
5211,12908,2026-04-20,Starter,9.99,110
5212,10516,2026-04-13,Popular,24.99,300
5213,2216,2026-05-15,Pro,99.99,1600
5214,1635,2026-03-29,Starter,9.99,110
5215,12907,2026-05-25,Creator,49.99,700
5216,7481,2026-03-30,Popular,24.99,300
5217,14356,2026-01-19,Max,199.99,3500
5218,1265,2026-03-17,Studio,499.99,10000
5219,11208,2026-06-21,Mini,4.99,50
5220,8230,2026-03-25,Pro,99.99,1600
5221,3115,2026-07-25,Max,199.99,3500
5222,7980,2026-05-13,Starter,9.99,110
5223,10263,2026-01-06,Popular,24.99,300
5224,7974,2026-05-09,Studio,499.99,10000
5225,5002,2026-03-07,Mini,4.99,50
5226,6974,2026-08-10,Mini,4.99,50
5227,6903,2026-06-14,Popular,24.99,300
5228,198,2026-06-28,Max,199.99,3500
5229,4995,2026-02-17,Creator,49.99,700
5230,13869,2026-01-30,Creator,49.99,700
5231,4503,2026-04-07,Pro,99.99,1600
5232,3087,2026-08-24,Max,199.99,3500
5233,13807,2026-07-11,Starter,9.99,110
5234,7388,2026-04-29,Mini,4.99,50
5235,11530,2026-06-09,Studio,499.99,10000
5236,8384,2026-04-05,Starter,9.99,110
5237,164,2026-07-07,Max,199.99,3500
5238,1901,2026-05-02,Creator,49.99,700
5239,1292,2026-08-29,Popular,24.99,300
5240,14118,2026-02-17,Starter,9.99,110
5241,2639,2026-04-08,Popular,24.99,300
5242,6352,2026-05-09,Mini,4.99,50
5243,13789,2026-02-06,Pro,99.99,1600
5244,2002,2026-07-10,Popular,24.99,300
5245,9080,2026-06-27,Popular,24.99,300
5246,2590,2026-02-17,Max,199.99,3500
5247,8806,2026-08-15,Popular,24.99,300
5248,14845,2026-01-23,Creator,49.99,700
5249,1842,2026-08-21,Creator,49.99,700
5250,6248,2026-06-26,Creator,49.99,700
5251,3848,2026-03-13,Popular,24.99,300
5252,7277,2026-07-13,Starter,9.99,110
5253,2463,2026-02-23,Popular,24.99,300
5254,11677,2026-07-22,Starter,9.99,110
5255,14146,2026-01-04,Popular,24.99,300
5256,13439,2026-05-28,Popular,24.99,300
5257,12808,2026-01-23,Creator,49.99,700
5258,5450,2026-05-21,Creator,49.99,700
5259,10192,2026-05-18,Max,199.99,3500
5260,10563,2026-04-25,Starter,9.99,110
5261,12075,2026-03-01,Creator,49.99,700
5262,5964,2026-06-11,Starter,9.99,110
5263,2086,2026-07-04,Popular,24.99,300
5264,9349,2026-07-12,Mini,4.99,50
5265,2132,2026-01-26,Pro,99.99,1600
5266,5616,2026-03-21,Max,199.99,3500
5267,4056,2026-07-21,Mini,4.99,50
5268,5490,2026-06-01,Mini,4.99,50
5269,4229,2026-07-07,Pro,99.99,1600
5270,10222,2026-08-25,Max,199.99,3500
5271,14795,2026-03-19,Creator,49.99,700
5272,10730,2026-05-30,Max,199.99,3500
5273,8060,2026-05-31,Popular,24.99,300
5274,13891,2026-07-14,Starter,9.99,110
5275,1551,2026-03-18,Starter,9.99,110
5276,10030,2026-08-10,Creator,49.99,700
5277,13709,2026-04-29,Max,199.99,3500
5278,12150,2026-07-10,Max,199.99,3500
5279,11939,2026-04-26,Starter,9.99,110
5280,4928,2026-03-01,Creator,49.99,700
5281,11291,2026-05-04,Creator,49.99,700
5282,11960,2026-02-21,Pro,99.99,1600
5283,5963,2026-04-19,Popular,24.99,300
5284,12980,2026-02-22,Popular,24.99,300
5285,698,2026-06-01,Popular,24.99,300
5286,9354,2026-02-02,Mini,4.99,50
5287,10007,2026-08-16,Popular,24.99,300
5288,10748,2026-07-09,Popular,24.99,300
5289,7416,2026-05-31,Popular,24.99,300
5290,6040,2026-01-02,Pro,99.99,1600
5291,865,2026-05-03,Popular,24.99,300
5292,13143,2026-03-05,Popular,24.99,300
5293,7363,2026-06-23,Creator,49.99,700
5294,2578,2026-07-06,Creator,49.99,700
5295,11599,2026-08-13,Creator,49.99,700
5296,2041,2026-02-16,Starter,9.99,110
5297,2357,2026-02-17,Starter,9.99,110
5298,31,2026-01-10,Popular,24.99,300
5299,11985,2026-06-29,Studio,499.99,10000
5300,2300,2026-08-01,Creator,49.99,700
5301,4686,2026-03-09,Starter,9.99,110
5302,6870,2026-02-07,Creator,49.99,700
5303,6277,2026-04-23,Max,199.99,3500
5304,10758,2026-07-26,Pro,99.99,1600
5305,929,2026-01-27,Mini,4.99,50
5306,6851,2026-03-05,Mini,4.99,50
5307,7310,2026-02-13,Creator,49.99,700
5308,10112,2026-01-23,Mini,4.99,50
5309,9481,2026-07-05,Creator,49.99,700
5310,7687,2026-08-28,Mini,4.99,50
5311,7635,2026-02-18,Starter,9.99,110
5312,1497,2026-08-20,Mini,4.99,50
5313,13452,2026-05-31,Creator,49.99,700
5314,9275,2026-02-11,Popular,24.99,300
5315,1242,2026-06-03,Max,199.99,3500
5316,13362,2026-02-11,Popular,24.99,300
5317,10714,2026-07-03,Mini,4.99,50
5318,13642,2026-03-09,Popular,24.99,300
5319,843,2026-05-15,Popular,24.99,300
5320,5509,2026-02-22,Creator,49.99,700
5321,4238,2026-05-11,Mini,4.99,50
5322,4457,2026-06-09,Pro,99.99,1600
5323,12069,2026-08-26,Starter,9.99,110
5324,2930,2026-03-03,Starter,9.99,110
5325,12552,2026-07-14,Starter,9.99,110
5326,3604,2026-08-19,Max,199.99,3500
5327,190,2026-06-04,Creator,49.99,700
5328,14493,2026-02-01,Popular,24.99,300
5329,7492,2026-01-20,Max,199.99,3500
5330,4481,2026-05-26,Mini,4.99,50
5331,7869,2026-07-23,Mini,4.99,50
5332,7323,2026-04-26,Creator,49.99,700
5333,6350,2026-08-24,Mini,4.99,50
5334,9290,2026-07-16,Creator,49.99,700
5335,10924,2026-04-16,Popular,24.99,300
5336,11414,2026-07-11,Pro,99.99,1600
5337,12679,2026-05-07,Pro,99.99,1600
5338,13114,2026-06-10,Popular,24.99,300
5339,7878,2026-04-30,Starter,9.99,110
5340,4697,2026-03-19,Starter,9.99,110
5341,27,2026-02-26,Max,199.99,3500
5342,10620,2026-08-20,Pro,99.99,1600
5343,7644,2026-07-18,Max,199.99,3500
5344,14576,2026-04-23,Starter,9.99,110
5345,531,2026-07-17,Popular,24.99,300
5346,7783,2026-05-28,Mini,4.99,50
5347,3287,2026-03-22,Popular,24.99,300
5348,13538,2026-01-03,Popular,24.99,300
5349,4984,2026-07-28,Creator,49.99,700
5350,14302,2026-06-14,Pro,99.99,1600
5351,13962,2026-05-11,Creator,49.99,700
5352,4567,2026-08-15,Starter,9.99,110
5353,10525,2026-02-19,Mini,4.99,50
5354,13843,2026-07-14,Popular,24.99,300
5355,8683,2026-07-11,Pro,99.99,1600
5356,3678,2026-06-13,Popular,24.99,300
5357,12497,2026-06-19,Starter,9.99,110
5358,8590,2026-08-12,Studio,499.99,10000
5359,13199,2026-03-24,Starter,9.99,110
5360,6102,2026-08-25,Pro,99.99,1600
5361,9223,2026-02-06,Starter,9.99,110
5362,1366,2026-01-23,Popular,24.99,300
5363,13654,2026-06-10,Creator,49.99,700
5364,3043,2026-04-16,Starter,9.99,110
5365,14664,2026-03-21,Starter,9.99,110
5366,490,2026-07-29,Starter,9.99,110
5367,13595,2026-05-18,Max,199.99,3500
5368,589,2026-04-05,Pro,99.99,1600
5369,5771,2026-03-21,Starter,9.99,110
5370,14597,2026-08-17,Pro,99.99,1600
5371,9653,2026-04-16,Max,199.99,3500
5372,8499,2026-01-28,Mini,4.99,50
5373,10971,2026-08-24,Creator,49.99,700
5374,6400,2026-03-25,Max,199.99,3500
5375,13404,2026-01-24,Max,199.99,3500
5376,10083,2026-08-31,Pro,99.99,1600
5377,5390,2026-05-12,Popular,24.99,300
5378,4875,2026-08-17,Pro,99.99,1600
5379,8240,2026-05-25,Creator,49.99,700
5380,514,2026-06-13,Popular,24.99,300
5381,10378,2026-07-08,Studio,499.99,10000
5382,2726,2026-07-17,Pro,99.99,1600
5383,11288,2026-06-16,Creator,49.99,700
5384,9362,2026-03-20,Studio,499.99,10000
5385,6540,2026-06-13,Pro,99.99,1600
5386,4397,2026-02-15,Starter,9.99,110
5387,6293,2026-01-16,Creator,49.99,700
5388,11884,2026-02-03,Creator,49.99,700
5389,6341,2026-04-15,Starter,9.99,110
5390,12188,2026-08-24,Popular,24.99,300
5391,823,2026-06-29,Max,199.99,3500
5392,2093,2026-03-25,Popular,24.99,300
5393,2089,2026-02-12,Mini,4.99,50
5394,13195,2026-02-15,Pro,99.99,1600
5395,2387,2026-01-16,Creator,49.99,700
5396,10344,2026-02-23,Creator,49.99,700
5397,575,2026-06-01,Starter,9.99,110
5398,8006,2026-08-12,Starter,9.99,110
5399,5767,2026-07-19,Creator,49.99,700
5400,6846,2026-01-03,Creator,49.99,700
5401,10845,2026-01-18,Starter,9.99,110
5402,6292,2026-04-25,Max,199.99,3500
5403,9948,2026-03-22,Pro,99.99,1600
5404,3826,2026-06-06,Starter,9.99,110
5405,14274,2026-07-21,Starter,9.99,110
5406,948,2026-05-12,Starter,9.99,110
5407,6360,2026-06-17,Popular,24.99,300
5408,3993,2026-01-26,Pro,99.99,1600
5409,2641,2026-05-26,Creator,49.99,700
5410,12180,2026-05-31,Creator,49.99,700
5411,3420,2026-04-10,Popular,24.99,300
5412,7498,2026-05-18,Popular,24.99,300
5413,684,2026-03-17,Starter,9.99,110
5414,8893,2026-03-13,Creator,49.99,700
5415,7278,2026-01-23,Pro,99.99,1600
5416,5962,2026-08-15,Starter,9.99,110
5417,3690,2026-06-07,Starter,9.99,110
5418,396,2026-01-19,Pro,99.99,1600
5419,13853,2026-05-26,Starter,9.99,110
5420,10725,2026-08-02,Studio,499.99,10000
5421,5588,2026-03-24,Mini,4.99,50
5422,424,2026-08-11,Popular,24.99,300
5423,8716,2026-02-05,Studio,499.99,10000
5424,8105,2026-05-08,Pro,99.99,1600
5425,11626,2026-03-24,Starter,9.99,110
5426,13591,2026-05-27,Max,199.99,3500
5427,5865,2026-07-12,Mini,4.99,50
5428,1084,2026-06-04,Mini,4.99,50
5429,4200,2026-04-24,Max,199.99,3500
5430,8808,2026-02-24,Studio,499.99,10000
5431,12640,2026-03-05,Mini,4.99,50
5432,7180,2026-05-18,Mini,4.99,50
5433,5706,2026-02-14,Creator,49.99,700
5434,14021,2026-02-09,Popular,24.99,300
5435,1500,2026-05-04,Pro,99.99,1600
5436,8901,2026-06-09,Mini,4.99,50
5437,13850,2026-07-04,Popular,24.99,300
5438,4370,2026-07-09,Starter,9.99,110
5439,11891,2026-04-24,Popular,24.99,300
5440,4804,2026-03-17,Max,199.99,3500
5441,6943,2026-03-18,Popular,24.99,300
5442,6793,2026-02-26,Popular,24.99,300
5443,7606,2026-04-10,Starter,9.99,110
5444,11170,2026-03-20,Pro,99.99,1600
5445,1052,2026-04-24,Popular,24.99,300
5446,1301,2026-07-07,Creator,49.99,700
5447,3251,2026-06-15,Starter,9.99,110
5448,4259,2026-01-25,Creator,49.99,700
5449,8069,2026-05-09,Popular,24.99,300
5450,11065,2026-01-07,Popular,24.99,300
5451,8333,2026-05-31,Creator,49.99,700
5452,3894,2026-08-05,Max,199.99,3500
5453,8939,2026-06-26,Popular,24.99,300
5454,14624,2026-01-16,Starter,9.99,110
5455,8105,2026-07-18,Pro,99.99,1600
5456,6105,2026-05-02,Starter,9.99,110
5457,14235,2026-02-18,Starter,9.99,110
5458,12728,2026-04-11,Mini,4.99,50
5459,6599,2026-07-11,Max,199.99,3500
5460,5885,2026-06-05,Mini,4.99,50
5461,13218,2026-04-03,Studio,499.99,10000
5462,8193,2026-02-01,Max,199.99,3500
5463,1058,2026-04-28,Max,199.99,3500
5464,2696,2026-08-24,Popular,24.99,300
5465,7238,2026-04-29,Popular,24.99,300
5466,10809,2026-04-15,Starter,9.99,110
5467,7856,2026-06-07,Mini,4.99,50
5468,3764,2026-08-09,Creator,49.99,700
5469,5045,2026-01-19,Creator,49.99,700
5470,1064,2026-08-29,Max,199.99,3500
5471,2233,2026-06-19,Creator,49.99,700
5472,1965,2026-06-02,Max,199.99,3500
5473,106,2026-01-24,Studio,499.99,10000
5474,8152,2026-03-08,Creator,49.99,700
5475,4300,2026-02-24,Popular,24.99,300
5476,6531,2026-03-24,Pro,99.99,1600
5477,8425,2026-01-19,Mini,4.99,50
5478,7800,2026-07-25,Starter,9.99,110
5479,7796,2026-07-03,Creator,49.99,700
5480,4334,2026-08-29,Starter,9.99,110
5481,11061,2026-08-21,Creator,49.99,700
5482,12354,2026-04-11,Creator,49.99,700
5483,7509,2026-06-24,Popular,24.99,300
5484,8426,2026-06-07,Pro,99.99,1600
5485,7981,2026-08-20,Mini,4.99,50
5486,10769,2026-07-25,Studio,499.99,10000
5487,7123,2026-06-28,Pro,99.99,1600
5488,5004,2026-03-26,Pro,99.99,1600
5489,12943,2026-01-09,Studio,499.99,10000
5490,1537,2026-04-14,Starter,9.99,110
5491,5531,2026-02-14,Creator,49.99,700
5492,4895,2026-04-29,Popular,24.99,300
5493,11283,2026-03-12,Mini,4.99,50
5494,7468,2026-07-06,Mini,4.99,50
5495,4918,2026-08-18,Pro,99.99,1600
5496,6721,2026-08-20,Creator,49.99,700
5497,3740,2026-04-15,Starter,9.99,110
5498,14417,2026-02-15,Popular,24.99,300
5499,8966,2026-02-17,Max,199.99,3500
5500,13225,2026-02-21,Creator,49.99,700
5501,4252,2026-04-07,Creator,49.99,700
5502,4017,2026-01-18,Mini,4.99,50
5503,11688,2026-07-20,Creator,49.99,700
5504,4330,2026-04-01,Starter,9.99,110
5505,5700,2026-03-07,Popular,24.99,300
5506,1037,2026-05-30,Creator,49.99,700
5507,14941,2026-06-08,Max,199.99,3500
5508,1245,2026-03-01,Mini,4.99,50
5509,2283,2026-08-29,Mini,4.99,50
5510,13314,2026-06-08,Mini,4.99,50
5511,4536,2026-05-13,Starter,9.99,110
5512,13302,2026-07-21,Starter,9.99,110
5513,2998,2026-03-27,Popular,24.99,300
5514,3948,2026-06-20,Starter,9.99,110
5515,1420,2026-01-08,Mini,4.99,50
5516,3353,2026-07-29,Starter,9.99,110
5517,12462,2026-07-12,Pro,99.99,1600
5518,3104,2026-03-25,Pro,99.99,1600
5519,3083,2026-03-21,Starter,9.99,110
5520,14862,2026-02-12,Starter,9.99,110
5521,10036,2026-06-08,Popular,24.99,300
5522,7852,2026-05-24,Popular,24.99,300
5523,8508,2026-07-26,Creator,49.99,700
5524,4089,2026-07-15,Creator,49.99,700
5525,13864,2026-03-28,Starter,9.99,110
5526,14006,2026-03-15,Starter,9.99,110
5527,5323,2026-05-23,Popular,24.99,300
5528,1433,2026-04-27,Pro,99.99,1600
5529,2992,2026-04-13,Pro,99.99,1600
5530,8233,2026-01-03,Pro,99.99,1600
5531,5818,2026-02-28,Studio,499.99,10000
5532,8128,2026-06-08,Pro,99.99,1600
5533,2780,2026-07-25,Popular,24.99,300
5534,8863,2026-07-05,Starter,9.99,110
5535,10819,2026-05-14,Starter,9.99,110
5536,1280,2026-01-16,Starter,9.99,110
5537,11634,2026-03-16,Mini,4.99,50
5538,13904,2026-05-29,Mini,4.99,50
5539,13168,2026-07-09,Pro,99.99,1600
5540,8563,2026-07-24,Pro,99.99,1600
5541,4783,2026-05-26,Popular,24.99,300
5542,12601,2026-07-04,Starter,9.99,110
5543,3327,2026-03-11,Max,199.99,3500
5544,1539,2026-08-28,Starter,9.99,110
5545,10310,2026-04-07,Max,199.99,3500
5546,3544,2026-04-17,Studio,499.99,10000
5547,13881,2026-07-08,Starter,9.99,110
5548,9055,2026-07-01,Popular,24.99,300
5549,10892,2026-07-13,Mini,4.99,50
5550,9552,2026-05-15,Creator,49.99,700
5551,7317,2026-05-14,Creator,49.99,700
5552,1484,2026-03-18,Starter,9.99,110
5553,14407,2026-04-24,Popular,24.99,300
5554,2756,2026-06-30,Max,199.99,3500
5555,8213,2026-07-13,Starter,9.99,110
5556,2241,2026-04-13,Popular,24.99,300
5557,11882,2026-02-10,Pro,99.99,1600
5558,2168,2026-07-02,Creator,49.99,700
5559,9897,2026-03-10,Starter,9.99,110
5560,7047,2026-01-18,Creator,49.99,700
5561,7425,2026-05-10,Creator,49.99,700
5562,13726,2026-08-15,Popular,24.99,300
5563,4725,2026-04-27,Starter,9.99,110
5564,14714,2026-07-17,Creator,49.99,700
5565,4731,2026-02-07,Mini,4.99,50
5566,12803,2026-01-29,Pro,99.99,1600
5567,11078,2026-02-19,Max,199.99,3500
5568,193,2026-06-30,Creator,49.99,700
5569,2968,2026-01-17,Pro,99.99,1600
5570,4069,2026-01-08,Popular,24.99,300
5571,1981,2026-04-08,Creator,49.99,700
5572,14836,2026-04-01,Max,199.99,3500
5573,6382,2026-06-02,Mini,4.99,50
5574,11251,2026-02-06,Starter,9.99,110
5575,14421,2026-08-22,Max,199.99,3500
5576,12226,2026-02-27,Starter,9.99,110
5577,1652,2026-01-07,Creator,49.99,700
5578,119,2026-06-03,Starter,9.99,110
5579,1658,2026-03-31,Starter,9.99,110
5580,14962,2026-06-23,Popular,24.99,300
5581,12111,2026-01-24,Max,199.99,3500
5582,11569,2026-06-27,Pro,99.99,1600
5583,1492,2026-08-03,Popular,24.99,300
5584,2525,2026-04-28,Max,199.99,3500
5585,9652,2026-02-10,Starter,9.99,110
5586,5852,2026-04-04,Starter,9.99,110
5587,4564,2026-07-11,Popular,24.99,300
5588,12070,2026-07-24,Creator,49.99,700
5589,6719,2026-05-03,Starter,9.99,110
5590,4859,2026-05-09,Mini,4.99,50
5591,9084,2026-07-22,Creator,49.99,700
5592,3936,2026-02-04,Creator,49.99,700
5593,13632,2026-08-13,Mini,4.99,50
5594,14110,2026-08-25,Creator,49.99,700
5595,11788,2026-05-20,Popular,24.99,300
5596,4625,2026-01-11,Pro,99.99,1600
5597,2121,2026-01-16,Popular,24.99,300
5598,4695,2026-06-12,Pro,99.99,1600
5599,7127,2026-03-17,Starter,9.99,110
5600,2882,2026-01-25,Starter,9.99,110
5601,4967,2026-03-25,Creator,49.99,700
5602,14866,2026-08-12,Creator,49.99,700
5603,3920,2026-01-01,Starter,9.99,110
5604,7896,2026-03-21,Creator,49.99,700
5605,14336,2026-05-22,Starter,9.99,110
5606,8309,2026-04-10,Starter,9.99,110
5607,3922,2026-08-19,Creator,49.99,700
5608,7989,2026-08-14,Studio,499.99,10000
5609,5366,2026-06-08,Popular,24.99,300
5610,4980,2026-05-10,Starter,9.99,110
5611,895,2026-04-17,Popular,24.99,300
5612,6634,2026-07-18,Creator,49.99,700
5613,10434,2026-06-13,Creator,49.99,700
5614,7862,2026-07-16,Starter,9.99,110
5615,6213,2026-01-15,Mini,4.99,50
5616,14367,2026-07-07,Popular,24.99,300
5617,10612,2026-07-16,Popular,24.99,300
5618,13296,2026-01-27,Mini,4.99,50
5619,2249,2026-06-19,Starter,9.99,110
5620,13612,2026-04-05,Max,199.99,3500
5621,5205,2026-01-29,Pro,99.99,1600
5622,2805,2026-01-09,Studio,499.99,10000
5623,8629,2026-05-15,Starter,9.99,110
5624,11643,2026-07-22,Max,199.99,3500
5625,12607,2026-08-02,Pro,99.99,1600
5626,2147,2026-07-27,Pro,99.99,1600
5627,4885,2026-01-18,Popular,24.99,300
5628,9874,2026-01-25,Mini,4.99,50
5629,9351,2026-02-07,Popular,24.99,300
5630,4214,2026-01-10,Max,199.99,3500
5631,14677,2026-03-26,Pro,99.99,1600
5632,13424,2026-05-17,Popular,24.99,300
5633,2412,2026-04-20,Starter,9.99,110
5634,4697,2026-07-06,Pro,99.99,1600
5635,4309,2026-04-27,Creator,49.99,700
5636,8829,2026-03-25,Max,199.99,3500
5637,11178,2026-08-16,Max,199.99,3500
5638,1476,2026-03-28,Creator,49.99,700
5639,2751,2026-05-09,Popular,24.99,300
5640,11828,2026-05-04,Pro,99.99,1600
5641,6554,2026-04-11,Starter,9.99,110
5642,2796,2026-02-21,Creator,49.99,700
5643,4474,2026-03-22,Creator,49.99,700
5644,10228,2026-05-17,Mini,4.99,50
5645,2188,2026-07-21,Mini,4.99,50
5646,5242,2026-08-25,Pro,99.99,1600
5647,7049,2026-04-09,Max,199.99,3500
5648,1243,2026-07-07,Pro,99.99,1600
5649,372,2026-08-06,Starter,9.99,110
5650,5263,2026-01-10,Studio,499.99,10000
5651,8004,2026-08-19,Starter,9.99,110
5652,661,2026-03-28,Max,199.99,3500
5653,3821,2026-06-19,Creator,49.99,700
5654,14652,2026-02-15,Starter,9.99,110
5655,10417,2026-01-07,Creator,49.99,700
5656,51,2026-02-28,Creator,49.99,700
5657,1004,2026-01-28,Pro,99.99,1600
5658,6268,2026-06-02,Popular,24.99,300
5659,3884,2026-07-27,Creator,49.99,700
5660,14257,2026-02-13,Mini,4.99,50
5661,1105,2026-07-14,Starter,9.99,110
5662,3993,2026-02-11,Creator,49.99,700
5663,13403,2026-02-21,Mini,4.99,50
5664,12741,2026-04-16,Popular,24.99,300
5665,14497,2026-07-11,Starter,9.99,110
5666,13934,2026-02-08,Mini,4.99,50
5667,4409,2026-01-22,Starter,9.99,110
5668,9764,2026-02-08,Starter,9.99,110
5669,5088,2026-08-09,Popular,24.99,300
5670,12485,2026-04-20,Starter,9.99,110
5671,12554,2026-03-23,Creator,49.99,700
5672,848,2026-05-11,Creator,49.99,700
5673,4122,2026-02-25,Starter,9.99,110
5674,5037,2026-05-20,Creator,49.99,700
5675,9645,2026-03-16,Mini,4.99,50
5676,2545,2026-05-24,Studio,499.99,10000
5677,5123,2026-01-26,Popular,24.99,300
5678,14463,2026-03-04,Creator,49.99,700
5679,2377,2026-04-11,Pro,99.99,1600
5680,3905,2026-04-26,Mini,4.99,50
5681,6637,2026-05-06,Studio,499.99,10000
5682,8174,2026-06-03,Pro,99.99,1600
5683,5482,2026-05-19,Starter,9.99,110
5684,4032,2026-05-08,Starter,9.99,110
5685,7116,2026-05-23,Starter,9.99,110
5686,13532,2026-08-12,Max,199.99,3500
5687,11896,2026-04-09,Popular,24.99,300
5688,9888,2026-06-06,Max,199.99,3500
5689,13692,2026-03-21,Pro,99.99,1600
5690,8097,2026-07-26,Starter,9.99,110
5691,6502,2026-01-01,Creator,49.99,700
5692,4346,2026-02-01,Starter,9.99,110
5693,11081,2026-04-25,Popular,24.99,300
5694,6679,2026-03-03,Studio,499.99,10000
5695,2987,2026-04-06,Pro,99.99,1600
5696,10716,2026-08-27,Starter,9.99,110
5697,5351,2026-08-12,Creator,49.99,700
5698,3380,2026-03-07,Creator,49.99,700
5699,1069,2026-01-19,Creator,49.99,700
5700,8027,2026-07-08,Pro,99.99,1600
5701,3810,2026-04-06,Mini,4.99,50
5702,3327,2026-08-30,Starter,9.99,110
5703,11056,2026-06-11,Mini,4.99,50
5704,142,2026-04-24,Popular,24.99,300
5705,7367,2026-05-17,Popular,24.99,300
5706,5208,2026-07-26,Starter,9.99,110
5707,10025,2026-08-24,Starter,9.99,110
5708,13678,2026-06-04,Max,199.99,3500
5709,5150,2026-08-11,Creator,49.99,700
5710,1940,2026-07-22,Max,199.99,3500
5711,12481,2026-05-11,Pro,99.99,1600
5712,4350,2026-03-25,Starter,9.99,110
5713,3474,2026-02-12,Starter,9.99,110
5714,6665,2026-01-14,Creator,49.99,700
5715,316,2026-03-31,Pro,99.99,1600
5716,12416,2026-05-17,Popular,24.99,300
5717,72,2026-01-27,Popular,24.99,300
5718,6573,2026-04-13,Pro,99.99,1600
5719,14227,2026-04-02,Creator,49.99,700
5720,10939,2026-05-28,Mini,4.99,50
5721,8611,2026-07-15,Mini,4.99,50
5722,6700,2026-01-02,Creator,49.99,700
5723,10222,2026-05-30,Pro,99.99,1600
5724,4929,2026-01-31,Pro,99.99,1600
5725,8051,2026-05-24,Starter,9.99,110
5726,9308,2026-06-29,Popular,24.99,300
5727,14684,2026-04-09,Popular,24.99,300
5728,6617,2026-04-07,Creator,49.99,700
5729,11923,2026-01-19,Mini,4.99,50
5730,4371,2026-01-19,Popular,24.99,300
5731,6366,2026-03-22,Starter,9.99,110
5732,809,2026-01-30,Starter,9.99,110
5733,8018,2026-08-13,Popular,24.99,300
5734,6703,2026-07-02,Max,199.99,3500
5735,5759,2026-02-28,Starter,9.99,110
5736,12482,2026-08-12,Starter,9.99,110
5737,4158,2026-05-13,Popular,24.99,300
5738,2024,2026-06-08,Creator,49.99,700
5739,12804,2026-02-23,Creator,49.99,700
5740,10938,2026-08-07,Pro,99.99,1600
5741,11729,2026-08-21,Popular,24.99,300
5742,10392,2026-05-14,Creator,49.99,700
5743,1528,2026-06-10,Max,199.99,3500
5744,9669,2026-05-01,Studio,499.99,10000
5745,8870,2026-07-25,Mini,4.99,50
5746,5934,2026-07-14,Pro,99.99,1600
5747,3626,2026-07-28,Popular,24.99,300
5748,14760,2026-05-03,Creator,49.99,700
5749,13790,2026-01-19,Creator,49.99,700
5750,13350,2026-01-16,Pro,99.99,1600
5751,10819,2026-08-23,Popular,24.99,300
5752,2669,2026-08-02,Popular,24.99,300
5753,3135,2026-07-31,Studio,499.99,10000
5754,7422,2026-03-26,Creator,49.99,700
5755,2826,2026-04-12,Starter,9.99,110
5756,13087,2026-04-25,Creator,49.99,700
5757,8876,2026-03-27,Starter,9.99,110
5758,8333,2026-04-03,Starter,9.99,110
5759,14576,2026-06-28,Creator,49.99,700
5760,12396,2026-08-09,Creator,49.99,700
5761,7316,2026-06-24,Mini,4.99,50
5762,1732,2026-03-06,Popular,24.99,300
5763,8934,2026-01-03,Max,199.99,3500
5764,14028,2026-06-28,Starter,9.99,110
5765,4826,2026-03-20,Creator,49.99,700
5766,5132,2026-07-04,Starter,9.99,110
5767,2380,2026-07-30,Mini,4.99,50
5768,14019,2026-04-14,Creator,49.99,700
5769,225,2026-07-13,Mini,4.99,50
5770,14210,2026-01-15,Studio,499.99,10000
5771,14432,2026-02-23,Creator,49.99,700
5772,14235,2026-07-15,Pro,99.99,1600
5773,14346,2026-01-06,Max,199.99,3500
5774,5678,2026-07-21,Starter,9.99,110
5775,5007,2026-04-30,Popular,24.99,300
5776,14763,2026-06-01,Pro,99.99,1600
5777,8500,2026-08-14,Studio,499.99,10000
5778,196,2026-07-27,Popular,24.99,300
5779,10958,2026-01-21,Studio,499.99,10000
5780,11867,2026-05-12,Starter,9.99,110
5781,9124,2026-04-05,Popular,24.99,300
5782,5812,2026-06-25,Creator,49.99,700
5783,6664,2026-06-10,Mini,4.99,50
5784,11724,2026-06-01,Popular,24.99,300
5785,14854,2026-05-29,Studio,499.99,10000
5786,2043,2026-03-03,Creator,49.99,700
5787,11459,2026-05-29,Creator,49.99,700
5788,4784,2026-06-01,Popular,24.99,300
5789,2219,2026-05-18,Creator,49.99,700
5790,6316,2026-05-11,Creator,49.99,700
5791,7098,2026-07-02,Starter,9.99,110
5792,1177,2026-06-14,Creator,49.99,700
5793,852,2026-04-06,Starter,9.99,110
5794,11518,2026-01-07,Max,199.99,3500
5795,10774,2026-04-13,Starter,9.99,110
5796,2412,2026-07-23,Creator,49.99,700
5797,9941,2026-05-09,Studio,499.99,10000
5798,3750,2026-02-14,Studio,499.99,10000
5799,11339,2026-08-09,Starter,9.99,110
5800,4718,2026-04-09,Max,199.99,3500
5801,13436,2026-08-07,Starter,9.99,110
5802,10051,2026-08-01,Starter,9.99,110
5803,7726,2026-06-05,Max,199.99,3500
5804,8871,2026-02-21,Popular,24.99,300
5805,12735,2026-07-26,Starter,9.99,110
5806,9482,2026-02-24,Starter,9.99,110
5807,13259,2026-02-02,Mini,4.99,50
5808,6014,2026-05-31,Popular,24.99,300
5809,7225,2026-05-29,Pro,99.99,1600
5810,2369,2026-01-13,Popular,24.99,300
5811,8384,2026-01-08,Creator,49.99,700
5812,10589,2026-08-23,Pro,99.99,1600
5813,10524,2026-01-20,Creator,49.99,700
5814,8727,2026-06-23,Popular,24.99,300
5815,12305,2026-07-22,Max,199.99,3500
5816,14223,2026-08-08,Creator,49.99,700
5817,2003,2026-08-02,Creator,49.99,700
5818,13009,2026-01-18,Creator,49.99,700
5819,12845,2026-01-02,Creator,49.99,700
5820,2263,2026-01-16,Starter,9.99,110
5821,1411,2026-01-03,Popular,24.99,300
5822,11958,2026-02-21,Creator,49.99,700
5823,1288,2026-02-12,Popular,24.99,300
5824,14138,2026-07-29,Creator,49.99,700
5825,4491,2026-06-03,Popular,24.99,300
5826,6071,2026-04-18,Pro,99.99,1600
5827,7038,2026-07-01,Popular,24.99,300
5828,14519,2026-01-19,Creator,49.99,700
5829,5180,2026-05-07,Starter,9.99,110
5830,2318,2026-04-16,Starter,9.99,110
5831,14930,2026-03-29,Max,199.99,3500
5832,5170,2026-06-19,Creator,49.99,700
5833,1295,2026-03-21,Popular,24.99,300
5834,12968,2026-08-25,Creator,49.99,700
5835,12803,2026-05-18,Mini,4.99,50
5836,14999,2026-06-22,Mini,4.99,50
5837,8171,2026-03-04,Pro,99.99,1600
5838,13136,2026-04-08,Starter,9.99,110
5839,6543,2026-05-23,Popular,24.99,300
5840,2918,2026-01-04,Starter,9.99,110
5841,8325,2026-05-25,Popular,24.99,300
5842,10195,2026-06-17,Mini,4.99,50
5843,10338,2026-01-02,Starter,9.99,110
5844,13261,2026-03-12,Popular,24.99,300
5845,8525,2026-01-29,Starter,9.99,110
5846,6511,2026-08-24,Popular,24.99,300
5847,10469,2026-05-17,Starter,9.99,110
5848,6169,2026-06-26,Popular,24.99,300
5849,12202,2026-06-07,Mini,4.99,50
5850,8824,2026-08-24,Max,199.99,3500
5851,3897,2026-07-19,Pro,99.99,1600
5852,7995,2026-02-12,Popular,24.99,300
5853,5813,2026-02-10,Popular,24.99,300
5854,8869,2026-03-21,Creator,49.99,700
5855,12763,2026-08-04,Starter,9.99,110
5856,2544,2026-08-11,Creator,49.99,700
5857,4372,2026-02-09,Starter,9.99,110
5858,13721,2026-06-15,Max,199.99,3500
5859,3376,2026-01-06,Studio,499.99,10000
5860,11347,2026-08-11,Max,199.99,3500
5861,9160,2026-07-29,Starter,9.99,110
5862,6149,2026-05-17,Starter,9.99,110
5863,8674,2026-08-30,Popular,24.99,300
5864,14447,2026-07-03,Mini,4.99,50
5865,13404,2026-04-25,Starter,9.99,110
5866,1290,2026-02-19,Popular,24.99,300
5867,1816,2026-03-29,Starter,9.99,110
5868,9703,2026-05-29,Pro,99.99,1600
5869,3610,2026-06-10,Pro,99.99,1600
5870,2103,2026-01-15,Mini,4.99,50
5871,1250,2026-05-08,Creator,49.99,700
5872,12365,2026-05-09,Mini,4.99,50
5873,758,2026-05-22,Creator,49.99,700
5874,6564,2026-05-26,Mini,4.99,50
5875,10548,2026-01-18,Mini,4.99,50
5876,11384,2026-05-22,Popular,24.99,300
5877,14193,2026-07-17,Popular,24.99,300
5878,13755,2026-04-06,Creator,49.99,700
5879,4334,2026-02-19,Starter,9.99,110
5880,14189,2026-01-26,Creator,49.99,700
5881,3666,2026-07-23,Popular,24.99,300
5882,13315,2026-01-18,Starter,9.99,110
5883,8362,2026-06-25,Popular,24.99,300
5884,13,2026-03-13,Popular,24.99,300
5885,11910,2026-07-07,Studio,499.99,10000
5886,8680,2026-02-18,Starter,9.99,110
5887,12751,2026-08-01,Popular,24.99,300
5888,4591,2026-01-31,Pro,99.99,1600
5889,13512,2026-06-05,Starter,9.99,110
5890,11411,2026-01-15,Popular,24.99,300
5891,8340,2026-04-06,Max,199.99,3500
5892,14165,2026-05-04,Pro,99.99,1600
5893,10013,2026-07-03,Creator,49.99,700
5894,11516,2026-02-03,Popular,24.99,300
5895,4193,2026-04-06,Pro,99.99,1600
5896,13325,2026-02-16,Popular,24.99,300
5897,764,2026-01-22,Creator,49.99,700
5898,10065,2026-08-24,Pro,99.99,1600
5899,463,2026-03-26,Mini,4.99,50
5900,2274,2026-01-31,Mini,4.99,50
5901,5567,2026-04-10,Pro,99.99,1600
5902,2197,2026-07-02,Creator,49.99,700
5903,814,2026-07-08,Creator,49.99,700
5904,6277,2026-06-28,Mini,4.99,50
5905,5742,2026-08-15,Max,199.99,3500
5906,1611,2026-05-26,Creator,49.99,700
5907,12861,2026-08-05,Popular,24.99,300
5908,8819,2026-07-14,Creator,49.99,700
5909,8239,2026-04-04,Max,199.99,3500
5910,8952,2026-06-15,Creator,49.99,700
5911,2907,2026-05-02,Creator,49.99,700
5912,12222,2026-06-06,Mini,4.99,50
5913,7257,2026-08-22,Pro,99.99,1600
5914,5634,2026-06-07,Mini,4.99,50
5915,3791,2026-08-14,Creator,49.99,700
5916,9148,2026-06-16,Starter,9.99,110
5917,4945,2026-01-20,Popular,24.99,300
5918,497,2026-04-07,Creator,49.99,700
5919,7341,2026-03-02,Studio,499.99,10000
5920,8103,2026-02-18,Popular,24.99,300
5921,4075,2026-06-25,Max,199.99,3500
5922,11373,2026-06-05,Popular,24.99,300
5923,13703,2026-04-08,Mini,4.99,50
5924,199,2026-08-10,Popular,24.99,300
5925,7878,2026-02-25,Popular,24.99,300
5926,9887,2026-06-30,Max,199.99,3500
5927,11133,2026-03-16,Mini,4.99,50
5928,14565,2026-05-19,Studio,499.99,10000
5929,4515,2026-02-07,Popular,24.99,300
5930,5780,2026-05-13,Popular,24.99,300
5931,200,2026-01-17,Starter,9.99,110
5932,13381,2026-04-14,Mini,4.99,50
5933,8058,2026-01-01,Max,199.99,3500
5934,8364,2026-02-16,Popular,24.99,300
5935,9289,2026-08-09,Popular,24.99,300
5936,11399,2026-08-25,Pro,99.99,1600
5937,3269,2026-08-19,Pro,99.99,1600
5938,5916,2026-06-24,Starter,9.99,110
5939,13821,2026-05-07,Studio,499.99,10000
5940,1791,2026-06-23,Starter,9.99,110
5941,6339,2026-06-29,Creator,49.99,700
5942,892,2026-08-08,Max,199.99,3500
5943,2187,2026-06-01,Popular,24.99,300
5944,1700,2026-06-22,Starter,9.99,110
5945,8567,2026-07-23,Max,199.99,3500
5946,807,2026-08-23,Max,199.99,3500
5947,14594,2026-02-24,Creator,49.99,700
5948,1452,2026-08-28,Max,199.99,3500
5949,1299,2026-02-05,Creator,49.99,700
5950,4103,2026-03-11,Popular,24.99,300
5951,10867,2026-02-28,Max,199.99,3500
5952,12981,2026-04-25,Creator,49.99,700
5953,8673,2026-02-28,Pro,99.99,1600
5954,6675,2026-06-09,Starter,9.99,110
5955,333,2026-05-18,Starter,9.99,110
5956,5745,2026-02-28,Max,199.99,3500
5957,1211,2026-05-05,Pro,99.99,1600
5958,12423,2026-02-23,Starter,9.99,110
5959,8675,2026-06-10,Creator,49.99,700
5960,9911,2026-01-21,Mini,4.99,50
5961,11264,2026-06-04,Max,199.99,3500
5962,14116,2026-05-04,Studio,499.99,10000
5963,9682,2026-06-19,Creator,49.99,700
5964,2168,2026-05-02,Starter,9.99,110
5965,12154,2026-03-11,Creator,49.99,700
5966,4681,2026-02-18,Starter,9.99,110
5967,12006,2026-06-21,Studio,499.99,10000
5968,5525,2026-02-07,Pro,99.99,1600
5969,5425,2026-06-19,Max,199.99,3500
5970,7048,2026-07-08,Mini,4.99,50
5971,7650,2026-04-24,Max,199.99,3500
5972,2447,2026-05-29,Studio,499.99,10000
5973,9817,2026-06-08,Popular,24.99,300
5974,5974,2026-01-26,Pro,99.99,1600
5975,1600,2026-03-02,Creator,49.99,700
5976,432,2026-02-10,Starter,9.99,110
5977,4499,2026-08-26,Studio,499.99,10000
5978,10562,2026-03-31,Popular,24.99,300
5979,8808,2026-05-14,Mini,4.99,50
5980,14675,2026-07-06,Pro,99.99,1600
5981,4318,2026-07-03,Studio,499.99,10000
5982,13096,2026-08-04,Max,199.99,3500
5983,596,2026-01-14,Mini,4.99,50
5984,8469,2026-07-03,Creator,49.99,700
5985,5649,2026-01-21,Popular,24.99,300
5986,10417,2026-06-22,Pro,99.99,1600
5987,6582,2026-03-23,Studio,499.99,10000
5988,569,2026-06-22,Starter,9.99,110
5989,3265,2026-01-02,Popular,24.99,300
5990,10030,2026-02-12,Pro,99.99,1600
5991,1641,2026-02-12,Pro,99.99,1600
5992,7058,2026-04-04,Starter,9.99,110
5993,14712,2026-02-13,Creator,49.99,700
5994,2852,2026-01-29,Starter,9.99,110
5995,8339,2026-05-01,Creator,49.99,700
5996,7799,2026-08-23,Creator,49.99,700
5997,8912,2026-08-02,Creator,49.99,700
5998,10797,2026-06-15,Starter,9.99,110
5999,10577,2026-07-29,Pro,99.99,1600
6000,10324,2026-06-20,Creator,49.99,700
6001,11350,2026-05-05,Creator,49.99,700
6002,9804,2026-04-18,Mini,4.99,50
6003,14762,2026-07-22,Starter,9.99,110
6004,12513,2026-08-02,Popular,24.99,300
6005,10020,2026-05-04,Pro,99.99,1600
6006,514,2026-03-18,Max,199.99,3500
6007,7947,2026-06-08,Creator,49.99,700
6008,7837,2026-08-24,Pro,99.99,1600
6009,9140,2026-08-18,Mini,4.99,50
6010,669,2026-05-05,Max,199.99,3500
6011,11541,2026-08-14,Pro,99.99,1600
6012,4621,2026-06-26,Popular,24.99,300
6013,19,2026-01-13,Popular,24.99,300
6014,3648,2026-08-22,Creator,49.99,700
6015,158,2026-06-08,Popular,24.99,300
6016,6736,2026-01-14,Pro,99.99,1600
6017,10759,2026-06-27,Studio,499.99,10000
6018,2100,2026-01-26,Creator,49.99,700
6019,3698,2026-02-21,Studio,499.99,10000
6020,406,2026-02-10,Creator,49.99,700
6021,6564,2026-05-07,Starter,9.99,110
6022,7302,2026-03-12,Starter,9.99,110
6023,1858,2026-04-09,Studio,499.99,10000
6024,7677,2026-01-19,Pro,99.99,1600
6025,12639,2026-06-11,Mini,4.99,50
6026,6800,2026-02-27,Mini,4.99,50
6027,7244,2026-06-11,Starter,9.99,110
6028,8369,2026-07-25,Starter,9.99,110
6029,14729,2026-07-20,Max,199.99,3500
6030,11043,2026-06-04,Creator,49.99,700
6031,11281,2026-04-05,Creator,49.99,700
6032,10732,2026-08-18,Starter,9.99,110
6033,14992,2026-07-22,Mini,4.99,50
6034,9597,2026-01-26,Pro,99.99,1600
6035,1752,2026-03-10,Mini,4.99,50
6036,13833,2026-08-28,Mini,4.99,50
6037,13771,2026-05-21,Creator,49.99,700
6038,9379,2026-04-30,Max,199.99,3500
6039,3481,2026-03-07,Creator,49.99,700
6040,4012,2026-03-06,Mini,4.99,50
6041,14275,2026-02-17,Studio,499.99,10000
6042,1683,2026-02-13,Studio,499.99,10000
6043,3565,2026-03-18,Max,199.99,3500
6044,11341,2026-06-28,Starter,9.99,110
6045,13904,2026-07-04,Studio,499.99,10000
6046,5776,2026-06-01,Max,199.99,3500
6047,816,2026-04-19,Mini,4.99,50
6048,13657,2026-03-12,Starter,9.99,110
6049,12200,2026-03-08,Starter,9.99,110
6050,7674,2026-02-26,Pro,99.99,1600
6051,8031,2026-07-08,Mini,4.99,50
6052,8701,2026-01-19,Popular,24.99,300
6053,11113,2026-06-14,Studio,499.99,10000
6054,1887,2026-08-21,Popular,24.99,300
6055,3610,2026-06-28,Max,199.99,3500
6056,893,2026-07-07,Mini,4.99,50
6057,7948,2026-07-28,Starter,9.99,110
6058,110,2026-07-11,Mini,4.99,50
6059,2684,2026-08-30,Starter,9.99,110
6060,1672,2026-08-13,Popular,24.99,300
6061,2585,2026-06-18,Popular,24.99,300
6062,979,2026-06-21,Popular,24.99,300
6063,12689,2026-04-24,Popular,24.99,300
6064,417,2026-02-11,Starter,9.99,110
6065,7171,2026-05-16,Starter,9.99,110
6066,10931,2026-02-12,Max,199.99,3500
6067,4360,2026-08-27,Studio,499.99,10000
6068,10047,2026-02-06,Popular,24.99,300
6069,1662,2026-03-31,Mini,4.99,50
6070,14518,2026-01-22,Creator,49.99,700
6071,6169,2026-01-02,Mini,4.99,50
6072,1716,2026-03-22,Mini,4.99,50
6073,14386,2026-06-08,Studio,499.99,10000
6074,3899,2026-06-08,Starter,9.99,110
6075,3928,2026-01-11,Mini,4.99,50
6076,7428,2026-03-18,Popular,24.99,300
6077,12558,2026-06-30,Starter,9.99,110
6078,7132,2026-01-14,Pro,99.99,1600
6079,591,2026-03-26,Mini,4.99,50
6080,2079,2026-07-21,Starter,9.99,110
6081,2779,2026-03-11,Creator,49.99,700
6082,8497,2026-08-10,Starter,9.99,110
6083,6871,2026-08-18,Starter,9.99,110
6084,10900,2026-01-10,Starter,9.99,110
6085,5473,2026-07-08,Creator,49.99,700
6086,5489,2026-04-04,Mini,4.99,50
6087,1049,2026-05-24,Mini,4.99,50
6088,7786,2026-04-09,Mini,4.99,50
6089,7637,2026-07-01,Studio,499.99,10000
6090,3710,2026-08-12,Popular,24.99,300
6091,3479,2026-08-02,Studio,499.99,10000
6092,14935,2026-01-09,Studio,499.99,10000
6093,4278,2026-07-19,Pro,99.99,1600
6094,12906,2026-05-02,Mini,4.99,50
6095,8641,2026-06-26,Popular,24.99,300
6096,1528,2026-08-10,Starter,9.99,110
6097,5830,2026-08-27,Creator,49.99,700
6098,9417,2026-04-26,Starter,9.99,110
6099,4584,2026-05-22,Max,199.99,3500
6100,8334,2026-08-09,Starter,9.99,110
6101,9112,2026-02-22,Max,199.99,3500
6102,5639,2026-02-24,Starter,9.99,110
6103,9163,2026-07-17,Creator,49.99,700
6104,14304,2026-05-05,Pro,99.99,1600
6105,3956,2026-03-18,Mini,4.99,50
6106,5370,2026-02-02,Pro,99.99,1600
6107,10673,2026-02-22,Mini,4.99,50
6108,13224,2026-07-17,Pro,99.99,1600
6109,12675,2026-03-26,Popular,24.99,300
6110,13858,2026-06-01,Creator,49.99,700
6111,1018,2026-02-28,Popular,24.99,300
6112,5567,2026-05-27,Starter,9.99,110
6113,66,2026-04-08,Popular,24.99,300
6114,604,2026-06-29,Starter,9.99,110
6115,12639,2026-06-17,Pro,99.99,1600
6116,7444,2026-04-14,Studio,499.99,10000
6117,6708,2026-04-10,Starter,9.99,110
6118,2149,2026-06-18,Popular,24.99,300
6119,12731,2026-04-05,Starter,9.99,110
6120,10681,2026-07-30,Creator,49.99,700
6121,13778,2026-07-13,Studio,499.99,10000
6122,11260,2026-04-10,Popular,24.99,300
6123,5500,2026-03-06,Pro,99.99,1600
6124,3418,2026-01-09,Starter,9.99,110
6125,13482,2026-08-08,Starter,9.99,110
6126,13178,2026-01-31,Starter,9.99,110
6127,1461,2026-05-19,Creator,49.99,700
6128,3362,2026-02-18,Popular,24.99,300
6129,10296,2026-06-11,Mini,4.99,50
6130,260,2026-08-24,Starter,9.99,110
6131,5709,2026-07-21,Starter,9.99,110
6132,12758,2026-04-05,Starter,9.99,110
6133,8566,2026-01-01,Starter,9.99,110
6134,434,2026-01-07,Mini,4.99,50
6135,106,2026-04-15,Creator,49.99,700
6136,12007,2026-08-05,Starter,9.99,110
6137,125,2026-05-31,Max,199.99,3500
6138,7706,2026-03-30,Creator,49.99,700
6139,5043,2026-04-04,Starter,9.99,110
6140,6395,2026-05-04,Max,199.99,3500
6141,1156,2026-08-02,Studio,499.99,10000
6142,12406,2026-05-06,Studio,499.99,10000
6143,10748,2026-03-26,Mini,4.99,50
6144,13774,2026-03-15,Max,199.99,3500
6145,13818,2026-06-20,Creator,49.99,700
6146,2586,2026-08-29,Popular,24.99,300
6147,11421,2026-06-11,Mini,4.99,50
6148,14218,2026-07-04,Popular,24.99,300
6149,6918,2026-04-02,Pro,99.99,1600
6150,678,2026-06-29,Pro,99.99,1600
6151,2061,2026-04-16,Creator,49.99,700
6152,9966,2026-08-05,Popular,24.99,300
6153,1222,2026-08-13,Creator,49.99,700
6154,8188,2026-07-06,Starter,9.99,110
6155,2748,2026-05-09,Popular,24.99,300
6156,8423,2026-07-18,Popular,24.99,300
6157,10796,2026-06-30,Starter,9.99,110
6158,8742,2026-07-14,Starter,9.99,110
6159,10062,2026-07-16,Popular,24.99,300
6160,1956,2026-06-08,Popular,24.99,300
6161,4182,2026-08-15,Creator,49.99,700
6162,6477,2026-05-21,Popular,24.99,300
6163,10728,2026-05-30,Starter,9.99,110
6164,5311,2026-03-12,Starter,9.99,110
6165,14689,2026-08-26,Starter,9.99,110
6166,7934,2026-01-27,Popular,24.99,300
6167,8443,2026-08-10,Creator,49.99,700
6168,13642,2026-01-21,Pro,99.99,1600
6169,6171,2026-01-31,Creator,49.99,700
6170,3245,2026-06-19,Starter,9.99,110
6171,7738,2026-01-08,Pro,99.99,1600
6172,8853,2026-03-12,Creator,49.99,700
6173,3736,2026-08-08,Starter,9.99,110
6174,2157,2026-04-28,Creator,49.99,700
6175,12636,2026-04-09,Starter,9.99,110
6176,2270,2026-04-19,Starter,9.99,110
6177,6287,2026-01-09,Mini,4.99,50
6178,8009,2026-04-06,Pro,99.99,1600
6179,10433,2026-02-20,Max,199.99,3500
6180,11689,2026-07-22,Popular,24.99,300
6181,14603,2026-06-08,Mini,4.99,50
6182,3456,2026-04-05,Popular,24.99,300
6183,5631,2026-01-30,Max,199.99,3500
6184,2561,2026-03-22,Creator,49.99,700
6185,14901,2026-07-05,Starter,9.99,110
6186,3439,2026-03-08,Studio,499.99,10000
6187,6460,2026-04-14,Starter,9.99,110
6188,11137,2026-08-06,Pro,99.99,1600
6189,274,2026-06-02,Popular,24.99,300
6190,3551,2026-05-18,Creator,49.99,700
6191,10474,2026-03-04,Creator,49.99,700
6192,4470,2026-06-13,Starter,9.99,110
6193,5920,2026-07-19,Starter,9.99,110
6194,6798,2026-01-22,Popular,24.99,300
6195,9714,2026-08-20,Starter,9.99,110
6196,2608,2026-02-15,Starter,9.99,110
6197,3440,2026-02-23,Creator,49.99,700
6198,5978,2026-01-23,Popular,24.99,300
6199,10237,2026-04-27,Creator,49.99,700
6200,3024,2026-06-24,Popular,24.99,300
6201,13756,2026-07-24,Mini,4.99,50
6202,9228,2026-04-06,Mini,4.99,50
6203,13010,2026-03-25,Mini,4.99,50
6204,6935,2026-01-08,Pro,99.99,1600
6205,106,2026-01-30,Starter,9.99,110
6206,4828,2026-07-24,Starter,9.99,110
6207,14466,2026-01-31,Creator,49.99,700
6208,11241,2026-01-04,Pro,99.99,1600
6209,2696,2026-06-02,Max,199.99,3500
6210,11014,2026-08-29,Starter,9.99,110
6211,11846,2026-08-17,Creator,49.99,700
6212,5913,2026-08-08,Popular,24.99,300
6213,13601,2026-01-26,Studio,499.99,10000
6214,146,2026-07-01,Creator,49.99,700
6215,13422,2026-02-11,Starter,9.99,110
6216,6148,2026-01-03,Creator,49.99,700
6217,6869,2026-03-22,Studio,499.99,10000
6218,2821,2026-08-09,Popular,24.99,300
6219,7056,2026-07-06,Creator,49.99,700
6220,147,2026-03-30,Starter,9.99,110
6221,12713,2026-06-13,Popular,24.99,300
6222,9827,2026-06-30,Starter,9.99,110
6223,6777,2026-03-31,Starter,9.99,110
6224,11261,2026-06-07,Mini,4.99,50
6225,57,2026-01-27,Starter,9.99,110
6226,2885,2026-08-17,Starter,9.99,110
6227,6691,2026-05-15,Pro,99.99,1600
6228,9589,2026-03-02,Starter,9.99,110
6229,8274,2026-05-21,Pro,99.99,1600
6230,14797,2026-08-05,Max,199.99,3500
6231,10065,2026-08-21,Popular,24.99,300
6232,4133,2026-06-05,Creator,49.99,700
6233,3478,2026-07-19,Pro,99.99,1600
6234,10166,2026-08-08,Creator,49.99,700
6235,1967,2026-04-16,Mini,4.99,50
6236,12684,2026-08-07,Mini,4.99,50
6237,14695,2026-04-07,Pro,99.99,1600
6238,7746,2026-01-15,Creator,49.99,700
6239,4075,2026-01-05,Creator,49.99,700
6240,9087,2026-08-08,Mini,4.99,50
6241,1970,2026-05-02,Studio,499.99,10000
6242,7970,2026-06-05,Starter,9.99,110
6243,3971,2026-04-12,Starter,9.99,110
6244,10770,2026-05-16,Creator,49.99,700
6245,3118,2026-03-30,Popular,24.99,300
6246,1063,2026-07-09,Starter,9.99,110
6247,10888,2026-05-25,Creator,49.99,700
6248,10386,2026-05-22,Studio,499.99,10000
6249,314,2026-04-06,Mini,4.99,50
6250,13615,2026-05-21,Mini,4.99,50
6251,7764,2026-07-24,Popular,24.99,300
6252,1937,2026-04-25,Starter,9.99,110
6253,10726,2026-01-06,Mini,4.99,50
6254,8378,2026-08-18,Creator,49.99,700
6255,3180,2026-08-06,Mini,4.99,50
6256,847,2026-06-20,Popular,24.99,300
6257,4478,2026-04-22,Popular,24.99,300
6258,10107,2026-07-22,Starter,9.99,110
6259,9545,2026-06-13,Popular,24.99,300
6260,8007,2026-03-03,Pro,99.99,1600
6261,6026,2026-01-01,Pro,99.99,1600
6262,8847,2026-05-18,Pro,99.99,1600
6263,10106,2026-05-01,Starter,9.99,110
6264,2204,2026-02-03,Max,199.99,3500
6265,8493,2026-07-28,Max,199.99,3500
6266,10730,2026-04-13,Starter,9.99,110
6267,12102,2026-05-31,Creator,49.99,700
6268,12683,2026-07-22,Max,199.99,3500
6269,14244,2026-08-16,Mini,4.99,50
6270,3542,2026-08-21,Starter,9.99,110
6271,10444,2026-06-17,Popular,24.99,300
6272,11751,2026-01-03,Creator,49.99,700
6273,10364,2026-01-01,Popular,24.99,300
6274,13870,2026-01-02,Starter,9.99,110
6275,11264,2026-01-02,Starter,9.99,110
6276,2997,2026-04-07,Mini,4.99,50
6277,14876,2026-05-26,Popular,24.99,300
6278,12681,2026-04-09,Pro,99.99,1600
6279,6673,2026-07-16,Popular,24.99,300
6280,9271,2026-04-29,Starter,9.99,110
6281,7754,2026-05-06,Starter,9.99,110
6282,8451,2026-06-10,Starter,9.99,110
6283,11414,2026-05-30,Starter,9.99,110
6284,12506,2026-05-22,Starter,9.99,110
6285,426,2026-01-20,Max,199.99,3500
6286,6546,2026-08-14,Creator,49.99,700
6287,10831,2026-03-03,Starter,9.99,110
6288,2268,2026-07-03,Popular,24.99,300
6289,13548,2026-07-07,Creator,49.99,700
6290,4354,2026-08-18,Starter,9.99,110
6291,14956,2026-07-04,Studio,499.99,10000
6292,5360,2026-03-24,Creator,49.99,700
6293,7248,2026-07-08,Popular,24.99,300
6294,13991,2026-07-10,Starter,9.99,110
6295,3002,2026-02-20,Creator,49.99,700
6296,10561,2026-01-12,Pro,99.99,1600
6297,6070,2026-01-19,Creator,49.99,700
6298,4465,2026-08-25,Pro,99.99,1600
6299,12660,2026-02-08,Creator,49.99,700
6300,9662,2026-05-20,Popular,24.99,300
6301,14163,2026-07-18,Studio,499.99,10000
6302,14876,2026-08-04,Creator,49.99,700
6303,3649,2026-08-04,Studio,499.99,10000
6304,14169,2026-05-12,Starter,9.99,110
6305,2549,2026-03-15,Popular,24.99,300
6306,5238,2026-01-26,Creator,49.99,700
6307,5533,2026-04-17,Mini,4.99,50
6308,6845,2026-02-26,Studio,499.99,10000
6309,3645,2026-05-10,Creator,49.99,700
6310,4597,2026-04-29,Max,199.99,3500
6311,10489,2026-06-18,Mini,4.99,50
6312,3623,2026-06-27,Starter,9.99,110
6313,13055,2026-04-02,Starter,9.99,110
6314,14576,2026-01-08,Popular,24.99,300
6315,4882,2026-06-25,Starter,9.99,110
6316,5674,2026-07-23,Starter,9.99,110
6317,120,2026-07-14,Creator,49.99,700
6318,13614,2026-05-27,Mini,4.99,50
6319,5178,2026-02-13,Max,199.99,3500
6320,6038,2026-07-12,Studio,499.99,10000
6321,5177,2026-01-13,Starter,9.99,110
6322,391,2026-07-16,Popular,24.99,300
6323,7323,2026-05-02,Max,199.99,3500
6324,3496,2026-02-20,Popular,24.99,300
6325,9219,2026-07-14,Creator,49.99,700
6326,5790,2026-01-05,Mini,4.99,50
6327,7384,2026-08-11,Creator,49.99,700
6328,3062,2026-01-05,Popular,24.99,300
6329,3471,2026-06-06,Creator,49.99,700
6330,13556,2026-08-26,Max,199.99,3500
6331,7826,2026-04-08,Studio,499.99,10000
6332,11672,2026-06-07,Max,199.99,3500
6333,10398,2026-01-12,Pro,99.99,1600
6334,7129,2026-05-26,Pro,99.99,1600
6335,2029,2026-04-19,Popular,24.99,300
6336,14446,2026-02-03,Creator,49.99,700
6337,12538,2026-01-03,Max,199.99,3500
6338,4088,2026-03-02,Max,199.99,3500
6339,5142,2026-06-03,Creator,49.99,700
6340,13915,2026-03-14,Pro,99.99,1600
6341,2699,2026-05-21,Popular,24.99,300
6342,11786,2026-03-04,Popular,24.99,300
6343,293,2026-02-15,Creator,49.99,700
6344,1166,2026-01-23,Popular,24.99,300
6345,11292,2026-02-18,Creator,49.99,700
6346,7825,2026-04-07,Popular,24.99,300
6347,13271,2026-01-09,Mini,4.99,50
6348,14057,2026-08-01,Pro,99.99,1600
6349,11134,2026-02-12,Creator,49.99,700
6350,4365,2026-01-21,Studio,499.99,10000
6351,11786,2026-02-08,Popular,24.99,300
6352,3858,2026-03-22,Popular,24.99,300
6353,10236,2026-06-28,Studio,499.99,10000
6354,10848,2026-02-05,Starter,9.99,110
6355,6251,2026-04-04,Max,199.99,3500
6356,4622,2026-08-03,Pro,99.99,1600
6357,11566,2026-02-11,Starter,9.99,110
6358,8068,2026-02-08,Pro,99.99,1600
6359,993,2026-04-04,Creator,49.99,700
6360,13854,2026-07-11,Studio,499.99,10000
6361,8972,2026-06-21,Mini,4.99,50
6362,3444,2026-08-15,Max,199.99,3500
6363,8827,2026-08-15,Pro,99.99,1600
6364,3470,2026-01-18,Mini,4.99,50
6365,6508,2026-02-12,Mini,4.99,50
6366,1235,2026-06-25,Creator,49.99,700
6367,13777,2026-05-30,Creator,49.99,700
6368,8693,2026-08-22,Pro,99.99,1600
6369,14230,2026-06-25,Creator,49.99,700
6370,12257,2026-05-07,Starter,9.99,110
6371,3713,2026-03-31,Mini,4.99,50
6372,3141,2026-02-16,Max,199.99,3500
6373,6959,2026-05-22,Max,199.99,3500
6374,225,2026-02-10,Starter,9.99,110
6375,2015,2026-04-23,Mini,4.99,50
6376,7958,2026-07-14,Mini,4.99,50
6377,6213,2026-08-16,Creator,49.99,700
6378,2793,2026-06-05,Creator,49.99,700
6379,14762,2026-05-13,Creator,49.99,700
6380,11399,2026-03-17,Mini,4.99,50
6381,12198,2026-03-22,Mini,4.99,50
6382,725,2026-07-31,Starter,9.99,110
6383,10009,2026-08-26,Popular,24.99,300
6384,8894,2026-04-03,Popular,24.99,300
6385,1689,2026-04-11,Popular,24.99,300
6386,2049,2026-04-18,Creator,49.99,700
6387,4155,2026-07-16,Popular,24.99,300
6388,11785,2026-04-01,Creator,49.99,700
6389,5926,2026-06-21,Mini,4.99,50
6390,1533,2026-08-03,Mini,4.99,50
6391,10392,2026-07-22,Starter,9.99,110
6392,6512,2026-08-07,Mini,4.99,50
6393,2131,2026-06-28,Popular,24.99,300
6394,1162,2026-04-22,Pro,99.99,1600
6395,10263,2026-07-06,Mini,4.99,50
6396,4484,2026-08-16,Mini,4.99,50
6397,3141,2026-03-04,Max,199.99,3500
6398,10407,2026-06-10,Max,199.99,3500
6399,1054,2026-01-14,Popular,24.99,300
6400,4374,2026-08-02,Creator,49.99,700
6401,926,2026-03-15,Popular,24.99,300
6402,5249,2026-06-03,Mini,4.99,50
6403,6149,2026-02-09,Pro,99.99,1600
6404,5127,2026-02-26,Starter,9.99,110
6405,14159,2026-03-22,Creator,49.99,700
6406,14628,2026-07-01,Starter,9.99,110
6407,13170,2026-06-24,Popular,24.99,300
6408,4549,2026-07-07,Popular,24.99,300
6409,12667,2026-05-09,Pro,99.99,1600
6410,4533,2026-07-04,Popular,24.99,300
6411,7732,2026-03-09,Creator,49.99,700
6412,6870,2026-06-01,Pro,99.99,1600
6413,10962,2026-01-02,Mini,4.99,50
6414,13599,2026-06-27,Starter,9.99,110
6415,3718,2026-08-07,Mini,4.99,50
6416,3050,2026-03-26,Starter,9.99,110
6417,12281,2026-01-16,Popular,24.99,300
6418,8494,2026-05-13,Max,199.99,3500
6419,2470,2026-07-29,Popular,24.99,300
6420,10450,2026-08-10,Popular,24.99,300
6421,10907,2026-06-25,Max,199.99,3500
6422,6568,2026-05-01,Pro,99.99,1600
6423,6286,2026-04-26,Max,199.99,3500
6424,6417,2026-07-30,Creator,49.99,700
6425,5910,2026-01-14,Starter,9.99,110
6426,7443,2026-02-05,Creator,49.99,700
6427,1349,2026-05-02,Popular,24.99,300
6428,11852,2026-04-29,Starter,9.99,110
6429,1419,2026-01-03,Popular,24.99,300
6430,3669,2026-05-07,Starter,9.99,110
6431,12300,2026-02-19,Mini,4.99,50
6432,4331,2026-04-14,Mini,4.99,50
6433,10315,2026-05-11,Mini,4.99,50
6434,13312,2026-07-22,Mini,4.99,50
6435,1594,2026-02-27,Popular,24.99,300
6436,5382,2026-05-18,Starter,9.99,110
6437,5035,2026-06-08,Mini,4.99,50
6438,9177,2026-05-11,Creator,49.99,700
6439,9599,2026-04-05,Starter,9.99,110
6440,11727,2026-02-21,Starter,9.99,110
6441,234,2026-01-29,Starter,9.99,110
6442,2,2026-02-28,Mini,4.99,50
6443,9204,2026-03-01,Mini,4.99,50
6444,13673,2026-08-07,Creator,49.99,700
6445,14989,2026-04-22,Popular,24.99,300
6446,5658,2026-06-19,Starter,9.99,110
6447,11728,2026-06-19,Pro,99.99,1600
6448,6712,2026-06-03,Pro,99.99,1600
6449,4507,2026-01-29,Creator,49.99,700
6450,2528,2026-01-09,Pro,99.99,1600
6451,1713,2026-03-02,Pro,99.99,1600
6452,13534,2026-08-16,Popular,24.99,300
6453,12542,2026-04-16,Starter,9.99,110
6454,2333,2026-07-31,Mini,4.99,50
6455,10955,2026-06-09,Creator,49.99,700
6456,1763,2026-03-30,Creator,49.99,700
6457,3546,2026-05-05,Popular,24.99,300
6458,5730,2026-05-07,Creator,49.99,700
6459,12280,2026-06-05,Pro,99.99,1600
6460,10560,2026-03-16,Starter,9.99,110
6461,708,2026-01-30,Popular,24.99,300
6462,7401,2026-03-18,Starter,9.99,110
6463,6113,2026-01-07,Creator,49.99,700
6464,10481,2026-05-05,Creator,49.99,700
6465,11577,2026-03-10,Mini,4.99,50
6466,7134,2026-06-04,Popular,24.99,300
6467,11570,2026-02-07,Creator,49.99,700
6468,8289,2026-08-19,Pro,99.99,1600
6469,2306,2026-06-10,Popular,24.99,300
6470,11865,2026-04-23,Mini,4.99,50
6471,12365,2026-05-27,Mini,4.99,50
6472,6238,2026-08-30,Max,199.99,3500
6473,14793,2026-03-24,Mini,4.99,50
6474,12045,2026-02-03,Popular,24.99,300
6475,2821,2026-06-27,Max,199.99,3500
6476,4744,2026-01-04,Popular,24.99,300
6477,8227,2026-04-28,Starter,9.99,110
6478,13895,2026-01-01,Mini,4.99,50
6479,9055,2026-02-22,Popular,24.99,300
6480,11806,2026-05-27,Max,199.99,3500
6481,2723,2026-04-11,Mini,4.99,50
6482,9758,2026-01-10,Starter,9.99,110
6483,9793,2026-03-28,Pro,99.99,1600
6484,6347,2026-02-12,Pro,99.99,1600
6485,14597,2026-02-22,Pro,99.99,1600
6486,14596,2026-03-14,Pro,99.99,1600
6487,12797,2026-01-04,Starter,9.99,110
6488,11258,2026-04-25,Popular,24.99,300
6489,1448,2026-04-30,Pro,99.99,1600
6490,10773,2026-02-18,Starter,9.99,110
6491,13995,2026-03-27,Mini,4.99,50
6492,8352,2026-07-09,Creator,49.99,700
6493,14145,2026-02-05,Pro,99.99,1600
6494,12733,2026-01-14,Popular,24.99,300
6495,2838,2026-04-08,Starter,9.99,110
6496,8497,2026-04-20,Creator,49.99,700
6497,4739,2026-04-14,Popular,24.99,300
6498,12282,2026-01-02,Max,199.99,3500
6499,1440,2026-02-10,Popular,24.99,300
6500,6168,2026-05-09,Max,199.99,3500
6501,7472,2026-03-31,Starter,9.99,110
6502,13600,2026-05-08,Studio,499.99,10000
6503,8934,2026-08-23,Studio,499.99,10000
6504,13737,2026-08-03,Popular,24.99,300
6505,10483,2026-05-24,Max,199.99,3500
6506,14513,2026-01-02,Popular,24.99,300
6507,8618,2026-01-02,Starter,9.99,110
6508,7690,2026-02-11,Popular,24.99,300
6509,13701,2026-07-23,Creator,49.99,700
6510,13372,2026-07-20,Max,199.99,3500
6511,10902,2026-02-11,Creator,49.99,700
6512,8254,2026-05-24,Starter,9.99,110
6513,6516,2026-04-17,Studio,499.99,10000
6514,6923,2026-04-04,Starter,9.99,110
6515,2948,2026-02-23,Max,199.99,3500
6516,10040,2026-01-22,Popular,24.99,300
6517,5138,2026-07-17,Popular,24.99,300
6518,2786,2026-02-11,Pro,99.99,1600
6519,5051,2026-08-01,Creator,49.99,700
6520,7596,2026-01-16,Creator,49.99,700
6521,12692,2026-05-06,Studio,499.99,10000
6522,8697,2026-02-01,Starter,9.99,110
6523,4226,2026-04-18,Creator,49.99,700
6524,8646,2026-04-18,Creator,49.99,700
6525,12896,2026-05-05,Creator,49.99,700
6526,14613,2026-07-03,Max,199.99,3500
6527,14650,2026-06-25,Max,199.99,3500
6528,7397,2026-03-03,Starter,9.99,110
6529,7729,2026-01-21,Popular,24.99,300
6530,2563,2026-07-06,Popular,24.99,300
6531,9993,2026-01-25,Creator,49.99,700
6532,12878,2026-08-22,Mini,4.99,50
6533,5320,2026-03-26,Popular,24.99,300
6534,4914,2026-02-19,Starter,9.99,110
6535,11419,2026-02-23,Starter,9.99,110
6536,7801,2026-02-13,Mini,4.99,50
6537,13297,2026-07-14,Creator,49.99,700
6538,8707,2026-01-23,Starter,9.99,110
6539,3163,2026-07-29,Popular,24.99,300
6540,13289,2026-07-02,Mini,4.99,50
6541,11343,2026-03-18,Popular,24.99,300
6542,8625,2026-02-05,Popular,24.99,300
6543,1486,2026-04-13,Mini,4.99,50
6544,356,2026-06-23,Popular,24.99,300
6545,10922,2026-01-08,Popular,24.99,300
6546,4859,2026-05-21,Mini,4.99,50
6547,9537,2026-01-16,Pro,99.99,1600
6548,14517,2026-07-15,Popular,24.99,300
6549,2465,2026-07-01,Max,199.99,3500
6550,4671,2026-06-22,Pro,99.99,1600
6551,8962,2026-07-07,Mini,4.99,50
6552,12007,2026-02-09,Creator,49.99,700
6553,1666,2026-04-07,Starter,9.99,110
6554,3381,2026-04-21,Popular,24.99,300
6555,508,2026-08-02,Starter,9.99,110
6556,13544,2026-04-11,Starter,9.99,110
6557,5315,2026-06-25,Popular,24.99,300
6558,6093,2026-04-09,Creator,49.99,700
6559,10243,2026-05-06,Mini,4.99,50
6560,9541,2026-02-24,Creator,49.99,700
6561,3860,2026-08-08,Creator,49.99,700
6562,7784,2026-06-15,Starter,9.99,110
6563,4591,2026-06-02,Creator,49.99,700
6564,738,2026-04-21,Pro,99.99,1600
6565,14884,2026-08-10,Mini,4.99,50
6566,11368,2026-03-07,Starter,9.99,110
6567,1567,2026-01-30,Starter,9.99,110
6568,11065,2026-08-24,Starter,9.99,110
6569,3437,2026-03-12,Starter,9.99,110
6570,7484,2026-07-13,Pro,99.99,1600
6571,14385,2026-08-26,Popular,24.99,300
6572,4563,2026-02-27,Popular,24.99,300
6573,9319,2026-08-17,Max,199.99,3500
6574,1355,2026-06-13,Creator,49.99,700
6575,5569,2026-05-29,Creator,49.99,700
6576,12774,2026-06-26,Max,199.99,3500
6577,9000,2026-05-26,Starter,9.99,110
6578,1555,2026-02-04,Pro,99.99,1600
6579,3567,2026-06-20,Studio,499.99,10000
6580,6395,2026-06-19,Studio,499.99,10000
6581,7025,2026-03-23,Max,199.99,3500
6582,5900,2026-05-21,Creator,49.99,700
6583,8200,2026-07-31,Creator,49.99,700
6584,9291,2026-05-11,Starter,9.99,110
6585,4927,2026-06-05,Max,199.99,3500
6586,8435,2026-07-21,Studio,499.99,10000
6587,13023,2026-06-17,Starter,9.99,110
6588,10279,2026-02-25,Creator,49.99,700
6589,1669,2026-06-16,Popular,24.99,300
6590,10908,2026-08-31,Popular,24.99,300
6591,2890,2026-04-30,Mini,4.99,50
6592,7114,2026-07-16,Mini,4.99,50
6593,6142,2026-03-12,Creator,49.99,700
6594,6005,2026-03-24,Starter,9.99,110
6595,2011,2026-04-08,Studio,499.99,10000
6596,5795,2026-03-14,Studio,499.99,10000
6597,6156,2026-06-11,Popular,24.99,300
6598,13332,2026-04-14,Starter,9.99,110
6599,6172,2026-08-31,Starter,9.99,110
6600,7214,2026-03-01,Popular,24.99,300
6601,4059,2026-07-05,Max,199.99,3500
6602,8119,2026-01-03,Creator,49.99,700
6603,9569,2026-07-05,Pro,99.99,1600
6604,14983,2026-03-03,Popular,24.99,300
6605,7883,2026-07-05,Mini,4.99,50
6606,3238,2026-06-17,Creator,49.99,700
6607,6647,2026-08-28,Popular,24.99,300
6608,6447,2026-04-08,Starter,9.99,110
6609,6079,2026-05-22,Studio,499.99,10000
6610,4346,2026-07-21,Max,199.99,3500
6611,3826,2026-03-23,Creator,49.99,700
6612,6436,2026-02-10,Popular,24.99,300
6613,383,2026-05-08,Popular,24.99,300
6614,10964,2026-04-14,Starter,9.99,110
6615,10745,2026-03-01,Pro,99.99,1600
6616,7846,2026-04-12,Starter,9.99,110
6617,4720,2026-03-26,Popular,24.99,300
6618,7765,2026-03-25,Popular,24.99,300
6619,7577,2026-06-07,Starter,9.99,110
6620,13623,2026-07-21,Starter,9.99,110
6621,14234,2026-01-29,Popular,24.99,300
6622,5152,2026-05-23,Popular,24.99,300
6623,1641,2026-05-15,Mini,4.99,50
6624,10604,2026-04-16,Starter,9.99,110
6625,9740,2026-08-08,Starter,9.99,110
6626,11243,2026-05-29,Popular,24.99,300
6627,7039,2026-04-11,Creator,49.99,700
6628,8691,2026-03-22,Studio,499.99,10000
6629,13673,2026-08-06,Starter,9.99,110
6630,2081,2026-04-13,Creator,49.99,700
6631,4595,2026-01-24,Mini,4.99,50
6632,706,2026-02-28,Starter,9.99,110
6633,4749,2026-08-05,Popular,24.99,300
6634,2083,2026-07-27,Creator,49.99,700
6635,6458,2026-03-10,Mini,4.99,50
6636,4591,2026-01-03,Mini,4.99,50
6637,3048,2026-07-12,Popular,24.99,300
6638,2150,2026-07-06,Popular,24.99,300
6639,3923,2026-08-03,Popular,24.99,300
6640,12368,2026-02-23,Popular,24.99,300
6641,2795,2026-03-04,Max,199.99,3500
6642,13232,2026-07-23,Starter,9.99,110
6643,13699,2026-07-04,Starter,9.99,110
6644,10299,2026-08-18,Pro,99.99,1600
6645,1345,2026-02-27,Mini,4.99,50
6646,13665,2026-03-27,Creator,49.99,700
6647,1252,2026-06-01,Creator,49.99,700
6648,10586,2026-03-30,Studio,499.99,10000
6649,7064,2026-03-10,Mini,4.99,50
6650,1829,2026-02-22,Starter,9.99,110
6651,13580,2026-05-13,Starter,9.99,110
6652,11852,2026-08-15,Pro,99.99,1600
6653,11433,2026-05-13,Starter,9.99,110
6654,14298,2026-06-20,Studio,499.99,10000
6655,14352,2026-03-04,Popular,24.99,300
6656,10024,2026-08-21,Studio,499.99,10000
6657,2884,2026-01-03,Creator,49.99,700
6658,1486,2026-07-30,Starter,9.99,110
6659,648,2026-07-15,Creator,49.99,700
6660,12110,2026-01-20,Popular,24.99,300
6661,4954,2026-06-19,Max,199.99,3500
6662,9513,2026-05-01,Pro,99.99,1600
6663,3416,2026-05-15,Creator,49.99,700
6664,6598,2026-02-15,Starter,9.99,110
6665,4159,2026-08-29,Pro,99.99,1600
6666,12711,2026-07-24,Creator,49.99,700
6667,11603,2026-06-23,Popular,24.99,300
6668,1165,2026-02-27,Pro,99.99,1600
6669,1620,2026-02-18,Pro,99.99,1600
6670,6102,2026-08-11,Pro,99.99,1600
6671,7857,2026-01-10,Pro,99.99,1600
6672,12371,2026-06-16,Mini,4.99,50
6673,11331,2026-03-16,Creator,49.99,700
6674,13917,2026-06-25,Creator,49.99,700
6675,8285,2026-08-09,Max,199.99,3500
6676,6696,2026-01-04,Mini,4.99,50
6677,3916,2026-05-12,Starter,9.99,110
6678,13892,2026-04-29,Starter,9.99,110
6679,1191,2026-05-28,Max,199.99,3500
6680,871,2026-03-07,Creator,49.99,700
6681,5324,2026-02-06,Mini,4.99,50
6682,11189,2026-03-15,Pro,99.99,1600
6683,9500,2026-04-27,Pro,99.99,1600
6684,5568,2026-06-03,Mini,4.99,50
6685,10271,2026-04-09,Popular,24.99,300
6686,5337,2026-08-30,Starter,9.99,110
6687,10291,2026-07-16,Starter,9.99,110
6688,9139,2026-01-14,Creator,49.99,700
6689,2092,2026-08-26,Creator,49.99,700
6690,1275,2026-01-29,Starter,9.99,110
6691,7914,2026-08-19,Starter,9.99,110
6692,6015,2026-02-02,Pro,99.99,1600
6693,7833,2026-07-06,Popular,24.99,300
6694,11443,2026-04-27,Pro,99.99,1600
6695,4968,2026-07-22,Mini,4.99,50
6696,8764,2026-05-12,Max,199.99,3500
6697,12925,2026-03-07,Starter,9.99,110
6698,14087,2026-01-12,Max,199.99,3500
6699,3683,2026-05-16,Pro,99.99,1600
6700,6963,2026-03-06,Starter,9.99,110
6701,6485,2026-05-05,Max,199.99,3500
6702,1276,2026-08-20,Mini,4.99,50
6703,11066,2026-06-27,Studio,499.99,10000
6704,4898,2026-01-20,Pro,99.99,1600
6705,5382,2026-01-26,Popular,24.99,300
6706,3333,2026-05-29,Mini,4.99,50
6707,3104,2026-07-11,Studio,499.99,10000
6708,10111,2026-08-11,Studio,499.99,10000
6709,12503,2026-03-12,Popular,24.99,300
6710,14553,2026-04-30,Max,199.99,3500
6711,10502,2026-02-14,Mini,4.99,50
6712,8856,2026-04-13,Popular,24.99,300
6713,7360,2026-01-18,Popular,24.99,300
6714,7877,2026-07-20,Mini,4.99,50
6715,9188,2026-01-10,Max,199.99,3500
6716,13042,2026-06-27,Studio,499.99,10000
6717,2769,2026-08-18,Max,199.99,3500
6718,9720,2026-02-20,Max,199.99,3500
6719,5481,2026-02-04,Studio,499.99,10000
6720,8590,2026-08-30,Starter,9.99,110
6721,10675,2026-07-24,Popular,24.99,300
6722,836,2026-04-29,Popular,24.99,300
6723,7691,2026-01-28,Popular,24.99,300
6724,8804,2026-02-23,Studio,499.99,10000
6725,8588,2026-05-25,Popular,24.99,300
6726,7266,2026-08-16,Starter,9.99,110
6727,10957,2026-01-30,Creator,49.99,700
6728,8838,2026-01-19,Popular,24.99,300
6729,12085,2026-03-11,Pro,99.99,1600
6730,4980,2026-08-08,Pro,99.99,1600
6731,1432,2026-07-17,Popular,24.99,300
6732,8095,2026-04-15,Mini,4.99,50
6733,14100,2026-03-11,Popular,24.99,300
6734,3843,2026-04-18,Starter,9.99,110
6735,3966,2026-04-16,Creator,49.99,700
6736,13925,2026-06-20,Studio,499.99,10000
6737,2444,2026-01-27,Popular,24.99,300
6738,1660,2026-07-19,Creator,49.99,700
6739,4706,2026-06-27,Starter,9.99,110
6740,1211,2026-04-21,Starter,9.99,110
6741,12174,2026-06-17,Creator,49.99,700
6742,1739,2026-03-12,Mini,4.99,50
6743,5980,2026-06-14,Mini,4.99,50
6744,4283,2026-08-08,Creator,49.99,700
6745,7312,2026-06-07,Starter,9.99,110
6746,8582,2026-01-28,Max,199.99,3500
6747,12038,2026-02-26,Creator,49.99,700
6748,7056,2026-05-11,Starter,9.99,110
6749,14144,2026-02-25,Max,199.99,3500
6750,13781,2026-06-24,Mini,4.99,50
6751,1803,2026-08-09,Pro,99.99,1600
6752,5914,2026-08-12,Max,199.99,3500
6753,6547,2026-01-13,Mini,4.99,50
6754,3267,2026-05-18,Starter,9.99,110
6755,13771,2026-07-21,Max,199.99,3500
6756,1365,2026-05-26,Starter,9.99,110
6757,6308,2026-02-05,Popular,24.99,300
6758,11586,2026-06-12,Pro,99.99,1600
6759,7071,2026-07-04,Pro,99.99,1600
6760,6797,2026-07-11,Popular,24.99,300
6761,3177,2026-05-06,Creator,49.99,700
6762,8424,2026-04-28,Popular,24.99,300
6763,4577,2026-07-28,Mini,4.99,50
6764,12560,2026-01-26,Starter,9.99,110
6765,12905,2026-03-29,Popular,24.99,300
6766,9027,2026-05-13,Max,199.99,3500
6767,5670,2026-08-31,Creator,49.99,700
6768,9462,2026-02-20,Starter,9.99,110
6769,667,2026-08-01,Starter,9.99,110
6770,1606,2026-05-03,Creator,49.99,700
6771,441,2026-05-08,Starter,9.99,110
6772,7946,2026-06-25,Starter,9.99,110
6773,13418,2026-07-02,Max,199.99,3500
6774,10759,2026-05-08,Starter,9.99,110
6775,6515,2026-02-22,Popular,24.99,300
6776,1595,2026-06-22,Starter,9.99,110
6777,11548,2026-08-27,Popular,24.99,300
6778,10589,2026-02-16,Starter,9.99,110
6779,9135,2026-05-04,Mini,4.99,50
6780,6273,2026-07-19,Mini,4.99,50
6781,1566,2026-04-09,Creator,49.99,700
6782,3466,2026-06-05,Popular,24.99,300
6783,14704,2026-01-24,Creator,49.99,700
6784,6987,2026-08-05,Creator,49.99,700
6785,8713,2026-01-04,Popular,24.99,300
6786,7423,2026-03-01,Starter,9.99,110
6787,3002,2026-03-11,Starter,9.99,110
6788,6252,2026-04-12,Creator,49.99,700
6789,11798,2026-03-18,Creator,49.99,700
6790,8295,2026-08-16,Popular,24.99,300
6791,5414,2026-05-15,Pro,99.99,1600
6792,12200,2026-05-27,Starter,9.99,110
6793,13752,2026-07-20,Starter,9.99,110
6794,9240,2026-02-16,Popular,24.99,300
6795,4950,2026-04-19,Mini,4.99,50
6796,1376,2026-06-22,Max,199.99,3500
6797,8267,2026-07-09,Max,199.99,3500
6798,7995,2026-06-28,Pro,99.99,1600
6799,13383,2026-01-30,Starter,9.99,110
6800,204,2026-08-04,Starter,9.99,110
6801,4015,2026-03-27,Mini,4.99,50
6802,5630,2026-06-15,Popular,24.99,300
6803,9991,2026-06-26,Mini,4.99,50
6804,8315,2026-04-28,Popular,24.99,300
6805,9128,2026-01-09,Creator,49.99,700
6806,1762,2026-07-10,Studio,499.99,10000
6807,13111,2026-06-15,Starter,9.99,110
6808,388,2026-03-08,Popular,24.99,300
6809,13875,2026-06-03,Pro,99.99,1600
6810,8512,2026-03-04,Studio,499.99,10000
6811,2082,2026-01-03,Starter,9.99,110
6812,4502,2026-07-06,Popular,24.99,300
6813,13726,2026-01-16,Mini,4.99,50
6814,9658,2026-03-10,Popular,24.99,300
6815,13905,2026-01-19,Max,199.99,3500
6816,9366,2026-03-01,Max,199.99,3500
6817,10344,2026-07-04,Creator,49.99,700
6818,9077,2026-05-26,Popular,24.99,300
6819,12427,2026-03-22,Starter,9.99,110
6820,14305,2026-08-02,Creator,49.99,700
6821,14779,2026-07-14,Starter,9.99,110
6822,2555,2026-07-10,Popular,24.99,300
6823,4254,2026-02-27,Starter,9.99,110
6824,4029,2026-04-15,Pro,99.99,1600
6825,9960,2026-08-06,Mini,4.99,50
6826,427,2026-01-16,Max,199.99,3500
6827,13598,2026-04-17,Popular,24.99,300
6828,8357,2026-05-24,Starter,9.99,110
6829,10577,2026-03-30,Mini,4.99,50
6830,13238,2026-06-25,Pro,99.99,1600
6831,10322,2026-02-18,Starter,9.99,110
6832,4401,2026-06-14,Mini,4.99,50
6833,4670,2026-05-20,Mini,4.99,50
6834,13773,2026-08-22,Starter,9.99,110
6835,8764,2026-07-04,Creator,49.99,700
6836,6571,2026-04-06,Creator,49.99,700
6837,712,2026-08-06,Studio,499.99,10000
6838,850,2026-04-05,Popular,24.99,300
6839,7687,2026-03-31,Studio,499.99,10000
6840,8603,2026-08-15,Studio,499.99,10000
6841,8102,2026-05-06,Max,199.99,3500
6842,10327,2026-06-22,Creator,49.99,700
6843,39,2026-05-18,Studio,499.99,10000
6844,1182,2026-03-08,Creator,49.99,700
6845,5787,2026-06-12,Pro,99.99,1600
6846,1869,2026-02-07,Pro,99.99,1600
6847,4176,2026-06-26,Mini,4.99,50
6848,711,2026-04-10,Starter,9.99,110
6849,13291,2026-05-26,Creator,49.99,700
6850,8312,2026-05-04,Creator,49.99,700
6851,1627,2026-06-16,Creator,49.99,700
6852,14996,2026-03-21,Creator,49.99,700
6853,2772,2026-03-14,Popular,24.99,300
6854,11561,2026-07-16,Pro,99.99,1600
6855,13878,2026-01-27,Pro,99.99,1600
6856,5419,2026-03-24,Studio,499.99,10000
6857,14718,2026-04-12,Starter,9.99,110
6858,13307,2026-04-05,Popular,24.99,300
6859,5416,2026-07-27,Mini,4.99,50
6860,13646,2026-03-18,Max,199.99,3500
6861,12497,2026-05-18,Popular,24.99,300
6862,10162,2026-04-12,Max,199.99,3500
6863,10483,2026-02-01,Popular,24.99,300
6864,10098,2026-01-21,Creator,49.99,700
6865,9252,2026-07-31,Popular,24.99,300
6866,3953,2026-06-29,Max,199.99,3500
6867,14229,2026-04-26,Starter,9.99,110
6868,10556,2026-08-22,Popular,24.99,300
6869,14675,2026-06-22,Pro,99.99,1600
6870,3287,2026-02-16,Creator,49.99,700
6871,7894,2026-02-10,Starter,9.99,110
6872,4479,2026-03-05,Mini,4.99,50
6873,4092,2026-05-22,Creator,49.99,700
6874,555,2026-08-04,Popular,24.99,300
6875,596,2026-06-11,Pro,99.99,1600
6876,14395,2026-03-23,Popular,24.99,300
6877,14120,2026-04-23,Popular,24.99,300
6878,997,2026-01-19,Mini,4.99,50
6879,3675,2026-07-08,Max,199.99,3500
6880,3172,2026-05-01,Popular,24.99,300
6881,6223,2026-06-08,Starter,9.99,110
6882,11505,2026-02-19,Creator,49.99,700
6883,11058,2026-08-06,Starter,9.99,110
6884,1857,2026-05-28,Starter,9.99,110
6885,14768,2026-01-17,Pro,99.99,1600
6886,13169,2026-07-29,Creator,49.99,700
6887,10578,2026-02-11,Max,199.99,3500
6888,2206,2026-02-07,Starter,9.99,110
6889,8839,2026-01-21,Mini,4.99,50
6890,9384,2026-04-24,Starter,9.99,110
6891,13655,2026-06-18,Popular,24.99,300
6892,2058,2026-02-07,Popular,24.99,300
6893,6700,2026-03-03,Mini,4.99,50
6894,2715,2026-08-18,Max,199.99,3500
6895,9773,2026-03-25,Studio,499.99,10000
6896,2060,2026-03-24,Popular,24.99,300
6897,11780,2026-05-30,Popular,24.99,300
6898,879,2026-01-12,Pro,99.99,1600
6899,1102,2026-08-06,Starter,9.99,110
6900,3573,2026-04-16,Popular,24.99,300
6901,13078,2026-07-17,Popular,24.99,300
6902,7830,2026-06-02,Max,199.99,3500
6903,7575,2026-05-18,Pro,99.99,1600
6904,4657,2026-05-10,Popular,24.99,300
6905,12133,2026-05-28,Creator,49.99,700
6906,477,2026-03-20,Creator,49.99,700
6907,7993,2026-02-06,Starter,9.99,110
6908,2282,2026-06-10,Mini,4.99,50
6909,738,2026-05-04,Popular,24.99,300
6910,10422,2026-06-18,Mini,4.99,50
6911,6338,2026-05-26,Starter,9.99,110
6912,6514,2026-04-21,Starter,9.99,110
6913,13307,2026-03-21,Popular,24.99,300
6914,4805,2026-06-13,Mini,4.99,50
6915,548,2026-07-22,Popular,24.99,300
6916,3690,2026-01-18,Popular,24.99,300
6917,4682,2026-01-31,Pro,99.99,1600
6918,14260,2026-05-22,Popular,24.99,300
6919,646,2026-04-26,Starter,9.99,110
6920,10526,2026-06-07,Starter,9.99,110
6921,12101,2026-01-06,Creator,49.99,700
6922,13503,2026-02-17,Creator,49.99,700
6923,13458,2026-08-06,Creator,49.99,700
6924,14352,2026-01-15,Pro,99.99,1600
6925,13104,2026-08-20,Starter,9.99,110
6926,2411,2026-08-13,Mini,4.99,50
6927,9949,2026-05-10,Creator,49.99,700
6928,12366,2026-02-03,Pro,99.99,1600
6929,5175,2026-01-17,Mini,4.99,50
6930,2894,2026-08-12,Pro,99.99,1600
6931,4969,2026-05-06,Pro,99.99,1600
6932,10476,2026-06-13,Creator,49.99,700
6933,7542,2026-07-13,Creator,49.99,700
6934,10073,2026-06-04,Pro,99.99,1600
6935,11495,2026-06-27,Creator,49.99,700
6936,3560,2026-06-19,Popular,24.99,300
6937,7325,2026-05-25,Starter,9.99,110
6938,6713,2026-07-18,Starter,9.99,110
6939,12715,2026-04-23,Popular,24.99,300
6940,13196,2026-01-24,Popular,24.99,300
6941,12457,2026-03-22,Pro,99.99,1600
6942,12304,2026-04-06,Popular,24.99,300
6943,1221,2026-02-22,Starter,9.99,110
6944,12209,2026-06-27,Pro,99.99,1600
6945,1356,2026-01-13,Popular,24.99,300
6946,6024,2026-01-31,Max,199.99,3500
6947,12134,2026-07-18,Mini,4.99,50
6948,13538,2026-08-21,Starter,9.99,110
6949,5810,2026-02-15,Creator,49.99,700
6950,12396,2026-04-06,Pro,99.99,1600
6951,10163,2026-06-18,Mini,4.99,50
6952,9113,2026-06-10,Starter,9.99,110
6953,2132,2026-07-08,Creator,49.99,700
6954,14365,2026-01-30,Popular,24.99,300
6955,14634,2026-08-11,Pro,99.99,1600
6956,13616,2026-02-25,Mini,4.99,50
6957,1207,2026-03-13,Popular,24.99,300
6958,9993,2026-07-25,Creator,49.99,700
6959,14141,2026-04-21,Pro,99.99,1600
6960,7678,2026-04-09,Starter,9.99,110
6961,7407,2026-07-25,Creator,49.99,700
6962,3185,2026-01-15,Mini,4.99,50
6963,7484,2026-03-17,Popular,24.99,300
6964,11164,2026-05-19,Starter,9.99,110
6965,12839,2026-04-01,Max,199.99,3500
6966,14855,2026-01-15,Popular,24.99,300
6967,13478,2026-01-28,Mini,4.99,50
6968,6530,2026-05-21,Popular,24.99,300
6969,7784,2026-02-25,Starter,9.99,110
6970,2540,2026-04-04,Starter,9.99,110
6971,9767,2026-07-08,Pro,99.99,1600
6972,2569,2026-07-22,Starter,9.99,110
6973,3912,2026-02-12,Studio,499.99,10000
6974,1860,2026-07-12,Starter,9.99,110
6975,12315,2026-08-12,Creator,49.99,700
6976,12781,2026-07-30,Mini,4.99,50
6977,11528,2026-08-25,Starter,9.99,110
6978,11013,2026-05-21,Starter,9.99,110
6979,7798,2026-05-17,Pro,99.99,1600
6980,6830,2026-04-21,Starter,9.99,110
6981,14677,2026-02-06,Starter,9.99,110
6982,9472,2026-01-29,Popular,24.99,300
6983,11650,2026-02-14,Mini,4.99,50
6984,4110,2026-01-27,Mini,4.99,50
6985,8441,2026-04-10,Pro,99.99,1600
6986,376,2026-07-03,Popular,24.99,300
6987,11398,2026-06-04,Pro,99.99,1600
6988,4880,2026-08-05,Mini,4.99,50
6989,457,2026-08-10,Starter,9.99,110
6990,6822,2026-05-07,Mini,4.99,50
6991,4314,2026-08-06,Popular,24.99,300
6992,10784,2026-01-29,Max,199.99,3500
6993,3222,2026-02-10,Pro,99.99,1600
6994,10740,2026-01-24,Popular,24.99,300
6995,7722,2026-08-19,Mini,4.99,50
6996,7865,2026-08-08,Creator,49.99,700
6997,286,2026-07-06,Max,199.99,3500
6998,7859,2026-01-12,Mini,4.99,50
6999,8987,2026-06-30,Studio,499.99,10000
7000,7353,2026-08-13,Starter,9.99,110
7001,8207,2026-05-19,Creator,49.99,700
7002,5094,2026-07-06,Creator,49.99,700
7003,12935,2026-05-15,Creator,49.99,700
7004,5375,2026-08-29,Popular,24.99,300
7005,7754,2026-04-20,Pro,99.99,1600
7006,5883,2026-05-06,Creator,49.99,700
7007,5437,2026-08-14,Creator,49.99,700
7008,700,2026-05-07,Starter,9.99,110
7009,9844,2026-08-24,Max,199.99,3500
7010,8462,2026-05-15,Popular,24.99,300
7011,6736,2026-02-14,Starter,9.99,110
7012,10849,2026-07-04,Max,199.99,3500
7013,10447,2026-07-17,Mini,4.99,50
7014,4143,2026-08-05,Popular,24.99,300
7015,11700,2026-07-23,Popular,24.99,300
7016,14094,2026-03-22,Starter,9.99,110
7017,12678,2026-04-17,Creator,49.99,700
7018,6055,2026-08-23,Creator,49.99,700
7019,12073,2026-03-17,Max,199.99,3500
7020,6445,2026-01-18,Starter,9.99,110
7021,14517,2026-08-14,Starter,9.99,110
7022,5319,2026-04-29,Popular,24.99,300
7023,6468,2026-05-02,Popular,24.99,300
7024,6398,2026-08-18,Max,199.99,3500
7025,7560,2026-03-18,Starter,9.99,110
7026,9673,2026-01-23,Max,199.99,3500
7027,7204,2026-07-12,Starter,9.99,110
7028,11909,2026-05-28,Popular,24.99,300
7029,4679,2026-07-24,Studio,499.99,10000
7030,8883,2026-05-20,Max,199.99,3500
7031,101,2026-05-10,Popular,24.99,300
7032,916,2026-03-23,Creator,49.99,700
7033,9602,2026-05-09,Popular,24.99,300
7034,5095,2026-05-19,Popular,24.99,300
7035,7143,2026-08-28,Mini,4.99,50
7036,7083,2026-07-09,Pro,99.99,1600
7037,4323,2026-08-28,Popular,24.99,300
7038,13956,2026-08-05,Creator,49.99,700
7039,3166,2026-01-28,Starter,9.99,110
7040,14065,2026-04-10,Popular,24.99,300
7041,7229,2026-05-12,Mini,4.99,50
7042,10803,2026-07-28,Popular,24.99,300
7043,6514,2026-08-29,Popular,24.99,300
7044,15,2026-05-03,Pro,99.99,1600
7045,1063,2026-01-30,Pro,99.99,1600
7046,10882,2026-06-25,Starter,9.99,110
7047,9562,2026-03-29,Starter,9.99,110
7048,12870,2026-07-31,Popular,24.99,300
7049,4582,2026-05-22,Starter,9.99,110
7050,14147,2026-05-21,Creator,49.99,700
7051,12189,2026-03-15,Studio,499.99,10000
7052,9209,2026-05-02,Popular,24.99,300
7053,965,2026-08-09,Creator,49.99,700
7054,347,2026-06-08,Popular,24.99,300
7055,8105,2026-04-05,Creator,49.99,700
7056,3270,2026-02-06,Mini,4.99,50
7057,11304,2026-08-08,Popular,24.99,300
7058,9798,2026-04-17,Mini,4.99,50
7059,11392,2026-03-25,Starter,9.99,110
7060,10088,2026-06-30,Pro,99.99,1600
7061,4534,2026-04-19,Popular,24.99,300
7062,9451,2026-05-31,Pro,99.99,1600
7063,599,2026-06-11,Popular,24.99,300
7064,2976,2026-04-18,Starter,9.99,110
7065,6161,2026-06-12,Creator,49.99,700
7066,6970,2026-06-09,Creator,49.99,700
7067,9648,2026-06-19,Creator,49.99,700
7068,12318,2026-08-17,Pro,99.99,1600
7069,13067,2026-02-14,Starter,9.99,110
7070,3903,2026-07-07,Mini,4.99,50
7071,3082,2026-04-26,Starter,9.99,110
7072,10673,2026-07-15,Pro,99.99,1600
7073,11718,2026-07-22,Creator,49.99,700
7074,4042,2026-06-13,Mini,4.99,50
7075,5708,2026-06-26,Max,199.99,3500
7076,9473,2026-08-06,Max,199.99,3500
7077,13000,2026-05-29,Max,199.99,3500
7078,13629,2026-01-10,Mini,4.99,50
7079,10474,2026-08-08,Mini,4.99,50
7080,6898,2026-02-16,Max,199.99,3500
7081,13156,2026-03-25,Max,199.99,3500
7082,10065,2026-04-17,Pro,99.99,1600
7083,12364,2026-06-21,Creator,49.99,700
7084,14023,2026-05-01,Creator,49.99,700
7085,5700,2026-06-26,Starter,9.99,110
7086,8253,2026-01-20,Pro,99.99,1600
7087,11770,2026-05-07,Starter,9.99,110
7088,12448,2026-05-18,Mini,4.99,50
7089,4765,2026-01-13,Popular,24.99,300
7090,9688,2026-04-13,Mini,4.99,50
7091,8107,2026-07-30,Popular,24.99,300
7092,13952,2026-02-24,Creator,49.99,700
7093,11534,2026-08-02,Popular,24.99,300
7094,6503,2026-08-16,Popular,24.99,300
7095,10219,2026-01-05,Creator,49.99,700
7096,5346,2026-07-04,Popular,24.99,300
7097,5189,2026-02-03,Popular,24.99,300
7098,4371,2026-04-04,Studio,499.99,10000
7099,6445,2026-01-28,Popular,24.99,300
7100,9985,2026-08-27,Starter,9.99,110
7101,8791,2026-05-05,Max,199.99,3500
7102,14810,2026-02-25,Mini,4.99,50
7103,10457,2026-05-09,Creator,49.99,700
7104,4768,2026-04-04,Popular,24.99,300
7105,13859,2026-07-02,Starter,9.99,110
7106,6209,2026-04-10,Mini,4.99,50
7107,11942,2026-08-22,Mini,4.99,50
7108,7693,2026-06-17,Creator,49.99,700
7109,13205,2026-07-14,Popular,24.99,300
7110,3113,2026-01-23,Popular,24.99,300
7111,4236,2026-01-26,Pro,99.99,1600
7112,5036,2026-02-01,Mini,4.99,50
7113,2306,2026-06-12,Creator,49.99,700
7114,12234,2026-05-26,Studio,499.99,10000
7115,3484,2026-08-26,Mini,4.99,50
7116,2867,2026-05-27,Mini,4.99,50
7117,10293,2026-04-21,Pro,99.99,1600
7118,6463,2026-06-24,Popular,24.99,300
7119,161,2026-08-16,Max,199.99,3500
7120,4376,2026-03-17,Mini,4.99,50
7121,8352,2026-02-14,Popular,24.99,300
7122,3911,2026-02-01,Creator,49.99,700
7123,12357,2026-03-21,Creator,49.99,700
7124,7551,2026-02-02,Creator,49.99,700
7125,3284,2026-08-05,Mini,4.99,50
7126,10448,2026-01-14,Creator,49.99,700
7127,13579,2026-04-07,Max,199.99,3500
7128,2273,2026-04-16,Starter,9.99,110
7129,9567,2026-05-22,Popular,24.99,300
7130,13159,2026-05-05,Mini,4.99,50
7131,8462,2026-05-22,Starter,9.99,110
7132,1711,2026-02-04,Studio,499.99,10000
7133,11746,2026-01-04,Popular,24.99,300
7134,12687,2026-05-15,Popular,24.99,300
7135,3091,2026-07-21,Mini,4.99,50
7136,7655,2026-08-14,Popular,24.99,300
7137,13769,2026-01-10,Popular,24.99,300
7138,3915,2026-03-08,Pro,99.99,1600
7139,14799,2026-05-11,Starter,9.99,110
7140,9084,2026-05-19,Studio,499.99,10000
7141,814,2026-07-12,Mini,4.99,50
7142,3238,2026-04-06,Creator,49.99,700
7143,5152,2026-08-23,Max,199.99,3500
7144,2440,2026-08-30,Starter,9.99,110
7145,3631,2026-03-04,Creator,49.99,700
7146,9222,2026-08-20,Creator,49.99,700
7147,65,2026-03-26,Pro,99.99,1600
7148,12807,2026-03-15,Starter,9.99,110
7149,8382,2026-08-10,Mini,4.99,50
7150,13540,2026-02-22,Max,199.99,3500
7151,12949,2026-04-11,Starter,9.99,110
7152,8991,2026-02-24,Mini,4.99,50
7153,11615,2026-02-16,Mini,4.99,50
7154,1970,2026-02-20,Mini,4.99,50
7155,11073,2026-03-14,Mini,4.99,50
7156,3648,2026-05-22,Starter,9.99,110
7157,1826,2026-04-05,Creator,49.99,700
7158,13625,2026-04-14,Studio,499.99,10000
7159,13476,2026-06-16,Studio,499.99,10000
7160,5677,2026-04-18,Starter,9.99,110
7161,3875,2026-06-09,Popular,24.99,300
7162,11998,2026-02-16,Starter,9.99,110
7163,3707,2026-04-14,Mini,4.99,50
7164,1456,2026-04-19,Pro,99.99,1600
7165,2088,2026-07-26,Creator,49.99,700
7166,4078,2026-07-18,Popular,24.99,300
7167,9252,2026-06-07,Starter,9.99,110
7168,2012,2026-06-09,Starter,9.99,110
7169,3288,2026-07-05,Mini,4.99,50
7170,11479,2026-05-06,Pro,99.99,1600
7171,341,2026-04-23,Starter,9.99,110
7172,13901,2026-08-09,Creator,49.99,700
7173,1804,2026-06-27,Pro,99.99,1600
7174,12788,2026-01-14,Starter,9.99,110
7175,11634,2026-07-29,Pro,99.99,1600
7176,8698,2026-06-05,Mini,4.99,50
7177,10593,2026-01-24,Starter,9.99,110
7178,10435,2026-01-06,Creator,49.99,700
7179,6934,2026-06-26,Starter,9.99,110
7180,12494,2026-07-30,Max,199.99,3500
7181,3509,2026-01-25,Mini,4.99,50
7182,2564,2026-04-21,Starter,9.99,110
7183,4347,2026-02-02,Starter,9.99,110
7184,11607,2026-01-21,Max,199.99,3500
7185,4863,2026-07-05,Starter,9.99,110
7186,158,2026-03-19,Creator,49.99,700
7187,8754,2026-01-22,Pro,99.99,1600
7188,13002,2026-05-12,Starter,9.99,110
7189,11326,2026-03-07,Creator,49.99,700
7190,11328,2026-06-14,Starter,9.99,110
7191,3149,2026-05-04,Creator,49.99,700
7192,5117,2026-06-11,Popular,24.99,300
7193,11686,2026-04-25,Creator,49.99,700
7194,5954,2026-07-30,Pro,99.99,1600
7195,1668,2026-03-04,Pro,99.99,1600
7196,12582,2026-07-19,Starter,9.99,110
7197,14825,2026-02-06,Pro,99.99,1600
7198,8763,2026-02-22,Starter,9.99,110
7199,7037,2026-01-20,Starter,9.99,110
7200,1039,2026-02-23,Pro,99.99,1600
7201,11557,2026-05-09,Popular,24.99,300
7202,1017,2026-08-08,Starter,9.99,110
7203,6994,2026-03-10,Mini,4.99,50
7204,8950,2026-06-13,Popular,24.99,300
7205,11234,2026-02-13,Pro,99.99,1600
7206,6775,2026-08-11,Popular,24.99,300
7207,4580,2026-01-08,Max,199.99,3500
7208,9134,2026-04-04,Starter,9.99,110
7209,2344,2026-06-12,Creator,49.99,700
7210,5804,2026-06-18,Creator,49.99,700
7211,4300,2026-05-13,Popular,24.99,300
7212,11989,2026-08-20,Creator,49.99,700
7213,9732,2026-07-29,Popular,24.99,300
7214,13457,2026-06-27,Mini,4.99,50
7215,8381,2026-04-13,Mini,4.99,50
7216,14935,2026-03-14,Mini,4.99,50
7217,14104,2026-03-01,Creator,49.99,700
7218,2814,2026-04-22,Popular,24.99,300
7219,8986,2026-03-15,Starter,9.99,110
7220,12447,2026-06-13,Starter,9.99,110
7221,4579,2026-02-10,Popular,24.99,300
7222,8223,2026-03-06,Popular,24.99,300
7223,211,2026-08-06,Mini,4.99,50
7224,631,2026-02-05,Mini,4.99,50
7225,30,2026-02-25,Creator,49.99,700
7226,10250,2026-05-24,Creator,49.99,700
7227,12179,2026-08-01,Starter,9.99,110
7228,14669,2026-04-08,Creator,49.99,700
7229,4892,2026-01-08,Creator,49.99,700
7230,8745,2026-03-15,Mini,4.99,50
7231,8573,2026-08-23,Starter,9.99,110
7232,764,2026-05-25,Popular,24.99,300
7233,1514,2026-02-06,Max,199.99,3500
7234,8543,2026-08-22,Starter,9.99,110
7235,14098,2026-05-04,Mini,4.99,50
7236,353,2026-01-30,Creator,49.99,700
7237,3930,2026-02-06,Popular,24.99,300
7238,12629,2026-04-14,Creator,49.99,700
7239,6261,2026-06-06,Popular,24.99,300
7240,6995,2026-06-13,Pro,99.99,1600
7241,6273,2026-01-07,Starter,9.99,110
7242,9874,2026-02-19,Pro,99.99,1600
7243,14103,2026-01-18,Creator,49.99,700
7244,3943,2026-01-21,Studio,499.99,10000
7245,2155,2026-06-23,Pro,99.99,1600
7246,5148,2026-08-07,Popular,24.99,300
7247,4658,2026-05-07,Starter,9.99,110
7248,3810,2026-06-02,Popular,24.99,300
7249,5254,2026-01-07,Popular,24.99,300
7250,10887,2026-06-20,Starter,9.99,110
7251,4467,2026-05-13,Creator,49.99,700
7252,12144,2026-05-11,Popular,24.99,300
7253,8229,2026-08-27,Creator,49.99,700
7254,4224,2026-08-10,Popular,24.99,300
7255,3680,2026-06-03,Starter,9.99,110
7256,5312,2026-07-05,Popular,24.99,300
7257,6899,2026-02-15,Popular,24.99,300
7258,13563,2026-03-20,Creator,49.99,700
7259,6532,2026-01-16,Starter,9.99,110
7260,9970,2026-08-12,Starter,9.99,110
7261,11480,2026-02-21,Creator,49.99,700
7262,11098,2026-05-12,Max,199.99,3500
7263,6421,2026-02-22,Starter,9.99,110
7264,8244,2026-02-02,Creator,49.99,700
7265,11383,2026-03-09,Popular,24.99,300
7266,5530,2026-05-09,Creator,49.99,700
7267,5210,2026-06-30,Studio,499.99,10000
7268,9902,2026-07-30,Popular,24.99,300
7269,14305,2026-08-26,Mini,4.99,50
7270,10393,2026-08-27,Studio,499.99,10000
7271,9240,2026-08-27,Popular,24.99,300
7272,383,2026-02-24,Starter,9.99,110
7273,1694,2026-02-17,Pro,99.99,1600
7274,13003,2026-01-23,Creator,49.99,700
7275,7309,2026-07-22,Creator,49.99,700
7276,4191,2026-04-28,Mini,4.99,50
7277,4448,2026-08-20,Starter,9.99,110
7278,11007,2026-05-30,Starter,9.99,110
7279,9664,2026-06-13,Pro,99.99,1600
7280,5834,2026-03-25,Max,199.99,3500
7281,990,2026-07-04,Popular,24.99,300
7282,3638,2026-03-09,Starter,9.99,110
7283,14800,2026-03-12,Starter,9.99,110
7284,4,2026-08-03,Pro,99.99,1600
7285,9616,2026-07-24,Creator,49.99,700
7286,5149,2026-04-06,Pro,99.99,1600
7287,6202,2026-06-08,Pro,99.99,1600
7288,9066,2026-07-03,Pro,99.99,1600
7289,947,2026-08-15,Starter,9.99,110
7290,3755,2026-07-25,Popular,24.99,300
7291,4269,2026-02-28,Popular,24.99,300
7292,5891,2026-02-11,Popular,24.99,300
7293,1323,2026-05-07,Popular,24.99,300
7294,13195,2026-07-04,Popular,24.99,300
7295,13304,2026-04-03,Mini,4.99,50
7296,8705,2026-04-11,Popular,24.99,300
7297,10868,2026-03-21,Creator,49.99,700
7298,4026,2026-02-19,Starter,9.99,110
7299,9563,2026-08-06,Starter,9.99,110
7300,3569,2026-05-22,Starter,9.99,110
7301,3210,2026-04-12,Studio,499.99,10000
7302,11607,2026-05-26,Popular,24.99,300
7303,10193,2026-01-17,Starter,9.99,110
7304,9976,2026-03-14,Popular,24.99,300
7305,5106,2026-08-04,Studio,499.99,10000
7306,2562,2026-07-08,Popular,24.99,300
7307,12366,2026-04-05,Starter,9.99,110
7308,14651,2026-07-22,Starter,9.99,110
7309,13806,2026-02-01,Mini,4.99,50
7310,5364,2026-07-13,Mini,4.99,50
7311,13829,2026-05-26,Starter,9.99,110
7312,7781,2026-03-03,Popular,24.99,300
7313,2918,2026-06-10,Starter,9.99,110
7314,1143,2026-04-05,Creator,49.99,700
7315,5849,2026-02-03,Creator,49.99,700
7316,7434,2026-01-28,Starter,9.99,110
7317,8259,2026-08-28,Creator,49.99,700
7318,743,2026-01-17,Studio,499.99,10000
7319,6865,2026-01-31,Mini,4.99,50
7320,3479,2026-04-05,Starter,9.99,110
7321,8595,2026-06-20,Creator,49.99,700
7322,11858,2026-07-13,Starter,9.99,110
7323,13281,2026-01-31,Max,199.99,3500
7324,13936,2026-01-16,Pro,99.99,1600
7325,10787,2026-07-11,Max,199.99,3500
7326,625,2026-06-30,Mini,4.99,50
7327,11356,2026-07-16,Starter,9.99,110
7328,1474,2026-06-09,Starter,9.99,110
7329,264,2026-03-03,Popular,24.99,300
7330,1049,2026-01-22,Popular,24.99,300
7331,13574,2026-07-01,Max,199.99,3500
7332,7005,2026-02-26,Popular,24.99,300
7333,10522,2026-08-31,Popular,24.99,300
7334,1538,2026-02-06,Popular,24.99,300
7335,9127,2026-01-02,Pro,99.99,1600
7336,13692,2026-04-12,Starter,9.99,110
7337,10299,2026-03-27,Starter,9.99,110
7338,10962,2026-03-20,Starter,9.99,110
7339,1917,2026-08-28,Starter,9.99,110
7340,9459,2026-01-20,Starter,9.99,110
7341,12568,2026-02-27,Creator,49.99,700
7342,11143,2026-05-21,Mini,4.99,50
7343,2241,2026-02-24,Popular,24.99,300
7344,13081,2026-04-02,Popular,24.99,300
7345,3836,2026-04-24,Starter,9.99,110
7346,1820,2026-05-06,Starter,9.99,110
7347,5892,2026-08-17,Popular,24.99,300
7348,10243,2026-02-13,Popular,24.99,300
7349,7119,2026-07-03,Mini,4.99,50
7350,6721,2026-01-29,Starter,9.99,110
7351,8272,2026-06-05,Creator,49.99,700
7352,13239,2026-06-23,Starter,9.99,110
7353,12459,2026-05-24,Creator,49.99,700
7354,3733,2026-05-08,Mini,4.99,50
7355,12081,2026-03-18,Studio,499.99,10000
7356,13649,2026-03-25,Mini,4.99,50
7357,14024,2026-02-07,Studio,499.99,10000
7358,1815,2026-02-09,Popular,24.99,300
7359,2056,2026-02-28,Popular,24.99,300
7360,6889,2026-02-12,Creator,49.99,700
7361,3640,2026-08-01,Studio,499.99,10000
7362,5269,2026-07-15,Creator,49.99,700
7363,4383,2026-02-15,Studio,499.99,10000
7364,5022,2026-03-14,Max,199.99,3500
7365,703,2026-01-10,Max,199.99,3500
7366,10620,2026-06-11,Starter,9.99,110
7367,7069,2026-07-10,Popular,24.99,300
7368,3290,2026-04-11,Popular,24.99,300
7369,13039,2026-03-16,Popular,24.99,300
7370,4672,2026-02-04,Max,199.99,3500
7371,10612,2026-08-05,Max,199.99,3500
7372,4106,2026-03-20,Mini,4.99,50
7373,10790,2026-08-23,Max,199.99,3500
7374,9364,2026-06-01,Starter,9.99,110
7375,2184,2026-01-25,Studio,499.99,10000
7376,52,2026-04-29,Starter,9.99,110
7377,13388,2026-06-07,Starter,9.99,110
7378,4704,2026-01-11,Starter,9.99,110
7379,10751,2026-08-17,Pro,99.99,1600
7380,1881,2026-02-22,Starter,9.99,110
7381,954,2026-08-23,Creator,49.99,700
7382,9944,2026-03-07,Popular,24.99,300
7383,9402,2026-03-19,Pro,99.99,1600
7384,9393,2026-06-20,Popular,24.99,300
7385,1214,2026-04-27,Starter,9.99,110
7386,10139,2026-07-02,Starter,9.99,110
7387,9530,2026-06-14,Pro,99.99,1600
7388,13747,2026-05-17,Max,199.99,3500
7389,1719,2026-06-07,Popular,24.99,300
7390,9351,2026-08-15,Starter,9.99,110
7391,9860,2026-04-18,Popular,24.99,300
7392,5579,2026-03-29,Creator,49.99,700
7393,9984,2026-04-27,Popular,24.99,300
7394,12443,2026-08-04,Creator,49.99,700
7395,13507,2026-03-27,Starter,9.99,110
7396,11929,2026-05-27,Creator,49.99,700
7397,962,2026-07-30,Creator,49.99,700
7398,2332,2026-04-18,Popular,24.99,300
7399,10987,2026-05-27,Creator,49.99,700
7400,6103,2026-05-11,Starter,9.99,110
7401,3132,2026-02-01,Popular,24.99,300
7402,10185,2026-03-10,Popular,24.99,300
7403,3702,2026-07-07,Popular,24.99,300
7404,3507,2026-04-16,Pro,99.99,1600
7405,994,2026-02-13,Creator,49.99,700
7406,8654,2026-04-14,Creator,49.99,700
7407,11717,2026-07-13,Popular,24.99,300
7408,1481,2026-07-18,Pro,99.99,1600
7409,2380,2026-05-04,Max,199.99,3500
7410,4963,2026-03-01,Creator,49.99,700
7411,156,2026-08-25,Creator,49.99,700
7412,12185,2026-01-26,Starter,9.99,110
7413,9879,2026-06-18,Mini,4.99,50
7414,4321,2026-07-31,Creator,49.99,700
7415,9336,2026-01-29,Popular,24.99,300
7416,677,2026-02-13,Starter,9.99,110
7417,10404,2026-08-14,Creator,49.99,700
7418,5414,2026-07-21,Popular,24.99,300
7419,12792,2026-05-04,Starter,9.99,110
7420,12363,2026-03-06,Creator,49.99,700
7421,7109,2026-08-05,Pro,99.99,1600
7422,13737,2026-02-28,Max,199.99,3500
7423,13622,2026-03-16,Starter,9.99,110
7424,12515,2026-01-29,Popular,24.99,300
7425,9160,2026-08-22,Pro,99.99,1600
7426,3379,2026-06-15,Starter,9.99,110
7427,11219,2026-06-25,Popular,24.99,300
7428,12481,2026-05-10,Starter,9.99,110
7429,11411,2026-05-26,Creator,49.99,700
7430,5742,2026-07-27,Mini,4.99,50
7431,10133,2026-07-24,Creator,49.99,700
7432,11257,2026-06-22,Popular,24.99,300
7433,4681,2026-08-17,Starter,9.99,110
7434,1962,2026-05-09,Starter,9.99,110
7435,4203,2026-07-05,Mini,4.99,50
7436,8407,2026-07-19,Pro,99.99,1600
7437,801,2026-06-28,Creator,49.99,700
7438,7141,2026-03-09,Starter,9.99,110
7439,3852,2026-08-04,Starter,9.99,110
7440,12630,2026-07-13,Pro,99.99,1600
7441,12299,2026-01-03,Popular,24.99,300
7442,2365,2026-04-17,Starter,9.99,110
7443,6445,2026-04-26,Mini,4.99,50
7444,12188,2026-04-06,Creator,49.99,700
7445,8961,2026-01-13,Pro,99.99,1600
7446,10548,2026-08-02,Mini,4.99,50
7447,9291,2026-05-31,Popular,24.99,300
7448,12229,2026-06-16,Creator,49.99,700
7449,143,2026-08-09,Popular,24.99,300
7450,12658,2026-08-24,Starter,9.99,110
7451,8251,2026-08-30,Mini,4.99,50
7452,9953,2026-01-04,Starter,9.99,110
7453,7826,2026-04-10,Mini,4.99,50
7454,13197,2026-07-02,Starter,9.99,110
7455,8014,2026-07-30,Creator,49.99,700
7456,14916,2026-04-10,Popular,24.99,300
7457,8182,2026-01-31,Mini,4.99,50
7458,3258,2026-08-28,Mini,4.99,50
7459,600,2026-02-15,Max,199.99,3500
7460,5115,2026-07-11,Max,199.99,3500
7461,14531,2026-03-01,Creator,49.99,700
7462,12488,2026-06-17,Creator,49.99,700
7463,8902,2026-06-19,Popular,24.99,300
7464,1291,2026-04-23,Popular,24.99,300
7465,1599,2026-02-20,Creator,49.99,700
7466,1532,2026-05-11,Popular,24.99,300
7467,6954,2026-01-09,Creator,49.99,700
7468,829,2026-04-17,Mini,4.99,50
7469,6537,2026-07-10,Max,199.99,3500
7470,29,2026-07-13,Pro,99.99,1600
7471,8554,2026-07-06,Max,199.99,3500
7472,1282,2026-06-28,Starter,9.99,110
7473,14421,2026-03-06,Starter,9.99,110
7474,13281,2026-04-21,Starter,9.99,110
7475,4512,2026-05-08,Mini,4.99,50
7476,2681,2026-05-01,Studio,499.99,10000
7477,4557,2026-04-14,Pro,99.99,1600
7478,1204,2026-06-28,Creator,49.99,700
7479,13581,2026-06-24,Max,199.99,3500
7480,3928,2026-01-15,Mini,4.99,50
7481,1670,2026-06-17,Starter,9.99,110
7482,14651,2026-08-09,Max,199.99,3500
7483,12573,2026-07-06,Popular,24.99,300
7484,2308,2026-05-24,Studio,499.99,10000
7485,2802,2026-08-17,Creator,49.99,700
7486,11551,2026-01-22,Popular,24.99,300
7487,1812,2026-04-24,Max,199.99,3500
7488,6769,2026-05-09,Pro,99.99,1600
7489,10820,2026-03-24,Creator,49.99,700
7490,2653,2026-05-01,Creator,49.99,700
7491,13652,2026-03-28,Starter,9.99,110
7492,2004,2026-05-28,Creator,49.99,700
7493,7409,2026-03-15,Starter,9.99,110
7494,667,2026-02-04,Pro,99.99,1600
7495,12895,2026-04-02,Studio,499.99,10000
7496,14125,2026-03-08,Creator,49.99,700
7497,6134,2026-03-23,Pro,99.99,1600
7498,4742,2026-03-10,Mini,4.99,50
7499,88,2026-07-12,Creator,49.99,700
7500,1485,2026-02-23,Creator,49.99,700
7501,11106,2026-01-09,Creator,49.99,700
7502,1457,2026-07-24,Popular,24.99,300
7503,5839,2026-06-24,Mini,4.99,50
7504,14655,2026-07-26,Pro,99.99,1600
7505,3920,2026-04-11,Starter,9.99,110
7506,4851,2026-01-10,Mini,4.99,50
7507,13370,2026-05-19,Studio,499.99,10000
7508,14247,2026-07-12,Creator,49.99,700
7509,12233,2026-03-23,Starter,9.99,110
7510,13956,2026-03-14,Starter,9.99,110
7511,12518,2026-02-07,Creator,49.99,700
7512,4696,2026-02-05,Pro,99.99,1600
7513,6698,2026-03-24,Mini,4.99,50
7514,7066,2026-08-11,Popular,24.99,300
7515,6845,2026-05-02,Mini,4.99,50
7516,10398,2026-01-03,Mini,4.99,50
7517,11013,2026-01-28,Popular,24.99,300
7518,3770,2026-03-30,Starter,9.99,110
7519,12028,2026-06-14,Mini,4.99,50
7520,13653,2026-06-29,Starter,9.99,110
7521,578,2026-08-08,Creator,49.99,700
7522,11982,2026-05-07,Mini,4.99,50
7523,8215,2026-02-13,Studio,499.99,10000
7524,6276,2026-06-16,Creator,49.99,700
7525,1061,2026-06-24,Max,199.99,3500
7526,6422,2026-04-28,Max,199.99,3500
7527,819,2026-06-12,Max,199.99,3500
7528,7077,2026-08-26,Starter,9.99,110
7529,2984,2026-04-29,Creator,49.99,700
7530,8071,2026-02-06,Pro,99.99,1600
7531,8468,2026-06-01,Creator,49.99,700
7532,6289,2026-04-12,Creator,49.99,700
7533,8764,2026-04-18,Pro,99.99,1600
7534,9595,2026-04-20,Popular,24.99,300
7535,1717,2026-03-13,Popular,24.99,300
7536,13608,2026-02-18,Starter,9.99,110
7537,5979,2026-01-18,Mini,4.99,50
7538,13202,2026-04-10,Mini,4.99,50
7539,5189,2026-01-02,Popular,24.99,300
7540,5600,2026-02-25,Creator,49.99,700
7541,3785,2026-05-30,Starter,9.99,110
7542,4004,2026-07-19,Studio,499.99,10000
7543,10357,2026-06-21,Mini,4.99,50
7544,7077,2026-01-22,Starter,9.99,110
7545,7496,2026-01-12,Creator,49.99,700
7546,12805,2026-06-08,Creator,49.99,700
7547,9379,2026-02-06,Creator,49.99,700
7548,1372,2026-06-30,Max,199.99,3500
7549,12374,2026-01-30,Creator,49.99,700
7550,2007,2026-05-14,Pro,99.99,1600
7551,169,2026-05-18,Pro,99.99,1600
7552,11908,2026-02-04,Starter,9.99,110
7553,5916,2026-04-09,Starter,9.99,110
7554,7268,2026-02-08,Popular,24.99,300
7555,2507,2026-05-03,Pro,99.99,1600
7556,6354,2026-04-30,Popular,24.99,300
7557,4678,2026-07-16,Mini,4.99,50
7558,14066,2026-04-16,Max,199.99,3500
7559,10523,2026-02-26,Popular,24.99,300
7560,14540,2026-02-10,Max,199.99,3500
7561,5294,2026-02-05,Starter,9.99,110
7562,10368,2026-05-27,Creator,49.99,700
7563,12184,2026-06-27,Popular,24.99,300
7564,3363,2026-07-10,Starter,9.99,110
7565,10881,2026-03-31,Popular,24.99,300
7566,7474,2026-08-12,Starter,9.99,110
7567,5646,2026-05-03,Popular,24.99,300
7568,3747,2026-07-12,Starter,9.99,110
7569,994,2026-06-08,Max,199.99,3500
7570,6281,2026-02-16,Max,199.99,3500
7571,3187,2026-02-05,Max,199.99,3500
7572,7800,2026-03-30,Creator,49.99,700
7573,1445,2026-07-29,Starter,9.99,110
7574,14975,2026-04-03,Popular,24.99,300
7575,2095,2026-05-18,Starter,9.99,110
7576,14920,2026-04-30,Mini,4.99,50
7577,4660,2026-02-13,Starter,9.99,110
7578,7420,2026-02-10,Popular,24.99,300
7579,2298,2026-02-05,Mini,4.99,50
7580,927,2026-06-29,Mini,4.99,50
7581,12437,2026-07-30,Popular,24.99,300
7582,3411,2026-02-02,Pro,99.99,1600
7583,3045,2026-04-01,Pro,99.99,1600
7584,5616,2026-05-23,Starter,9.99,110
7585,12017,2026-01-27,Starter,9.99,110
7586,382,2026-02-22,Starter,9.99,110
7587,9250,2026-01-15,Creator,49.99,700
7588,14483,2026-03-24,Popular,24.99,300
7589,1257,2026-02-10,Creator,49.99,700
7590,10041,2026-03-16,Mini,4.99,50
7591,13245,2026-04-30,Pro,99.99,1600
7592,8120,2026-08-03,Creator,49.99,700
7593,2818,2026-02-18,Creator,49.99,700
7594,7992,2026-06-23,Popular,24.99,300
7595,12983,2026-08-19,Pro,99.99,1600
7596,3342,2026-08-04,Popular,24.99,300
7597,13529,2026-04-07,Pro,99.99,1600
7598,5241,2026-01-19,Popular,24.99,300
7599,12821,2026-05-12,Starter,9.99,110
7600,2881,2026-06-10,Popular,24.99,300
7601,6577,2026-04-20,Pro,99.99,1600
7602,9279,2026-03-23,Starter,9.99,110
7603,4409,2026-07-31,Starter,9.99,110
7604,1154,2026-01-17,Studio,499.99,10000
7605,11246,2026-07-08,Creator,49.99,700
7606,12482,2026-01-28,Starter,9.99,110
7607,14559,2026-02-15,Max,199.99,3500
7608,13603,2026-02-22,Starter,9.99,110
7609,11144,2026-02-19,Starter,9.99,110
7610,10002,2026-04-13,Starter,9.99,110
7611,3363,2026-06-04,Creator,49.99,700
7612,7791,2026-02-10,Starter,9.99,110
7613,9166,2026-08-01,Studio,499.99,10000
7614,5096,2026-07-05,Popular,24.99,300
7615,718,2026-03-26,Creator,49.99,700
7616,3947,2026-06-24,Max,199.99,3500
7617,12591,2026-05-27,Popular,24.99,300
7618,12238,2026-01-10,Mini,4.99,50
7619,9825,2026-02-26,Creator,49.99,700
7620,8165,2026-04-17,Mini,4.99,50
7621,10122,2026-08-14,Creator,49.99,700
7622,13054,2026-06-22,Studio,499.99,10000
7623,7933,2026-05-06,Popular,24.99,300
7624,447,2026-08-17,Creator,49.99,700
7625,407,2026-04-08,Starter,9.99,110
7626,14211,2026-02-19,Studio,499.99,10000
7627,9834,2026-06-10,Starter,9.99,110
7628,4973,2026-04-21,Studio,499.99,10000
7629,3610,2026-05-23,Popular,24.99,300
7630,332,2026-01-22,Starter,9.99,110
7631,6814,2026-04-19,Max,199.99,3500
7632,3330,2026-04-25,Starter,9.99,110
7633,2426,2026-06-25,Popular,24.99,300
7634,14991,2026-01-10,Popular,24.99,300
7635,4611,2026-03-24,Starter,9.99,110
7636,515,2026-08-08,Mini,4.99,50
7637,10219,2026-03-29,Starter,9.99,110
7638,13484,2026-05-27,Studio,499.99,10000
7639,4060,2026-05-16,Popular,24.99,300
7640,8892,2026-02-22,Starter,9.99,110
7641,10141,2026-04-14,Max,199.99,3500
7642,142,2026-07-27,Pro,99.99,1600
7643,6056,2026-02-11,Starter,9.99,110
7644,10971,2026-07-14,Pro,99.99,1600
7645,9940,2026-03-22,Popular,24.99,300
7646,2602,2026-08-21,Starter,9.99,110
7647,201,2026-03-10,Mini,4.99,50
7648,7725,2026-08-27,Starter,9.99,110
7649,6945,2026-02-22,Creator,49.99,700
7650,11291,2026-04-20,Starter,9.99,110
7651,9695,2026-07-25,Mini,4.99,50
7652,6353,2026-08-10,Starter,9.99,110
7653,10500,2026-02-23,Starter,9.99,110
7654,5238,2026-07-07,Creator,49.99,700
7655,9655,2026-01-12,Max,199.99,3500
7656,14130,2026-07-07,Max,199.99,3500
7657,8043,2026-05-10,Pro,99.99,1600
7658,9434,2026-07-12,Creator,49.99,700
7659,1898,2026-01-17,Mini,4.99,50
7660,14040,2026-02-13,Creator,49.99,700
7661,9526,2026-07-31,Creator,49.99,700
7662,2368,2026-07-04,Starter,9.99,110
7663,4630,2026-03-28,Mini,4.99,50
7664,7959,2026-03-05,Pro,99.99,1600
7665,2777,2026-07-03,Starter,9.99,110
7666,2894,2026-01-20,Creator,49.99,700
7667,10340,2026-03-07,Starter,9.99,110
7668,5532,2026-07-30,Creator,49.99,700
7669,13903,2026-05-23,Popular,24.99,300
7670,9915,2026-03-12,Popular,24.99,300
7671,4487,2026-06-23,Mini,4.99,50
7672,494,2026-01-15,Popular,24.99,300
7673,6938,2026-03-20,Max,199.99,3500
7674,14848,2026-07-05,Max,199.99,3500
7675,11948,2026-01-13,Starter,9.99,110
7676,5893,2026-08-27,Mini,4.99,50
7677,3659,2026-03-08,Pro,99.99,1600
7678,5352,2026-08-30,Mini,4.99,50
7679,7863,2026-03-24,Starter,9.99,110
7680,10463,2026-07-10,Creator,49.99,700
7681,12913,2026-04-28,Pro,99.99,1600
7682,9277,2026-02-05,Popular,24.99,300
7683,8580,2026-03-25,Popular,24.99,300
7684,14533,2026-06-28,Pro,99.99,1600
7685,1896,2026-03-18,Max,199.99,3500
7686,10900,2026-01-17,Creator,49.99,700
7687,8950,2026-07-22,Creator,49.99,700
7688,5264,2026-08-03,Studio,499.99,10000
7689,9009,2026-04-01,Popular,24.99,300
7690,14249,2026-07-25,Starter,9.99,110
7691,1355,2026-06-08,Pro,99.99,1600
7692,3439,2026-03-17,Starter,9.99,110
7693,5258,2026-02-23,Starter,9.99,110
7694,12541,2026-01-23,Mini,4.99,50
7695,5622,2026-03-09,Creator,49.99,700
7696,4383,2026-05-09,Max,199.99,3500
7697,7140,2026-02-10,Pro,99.99,1600
7698,5755,2026-01-25,Popular,24.99,300
7699,6238,2026-02-02,Pro,99.99,1600
7700,227,2026-06-26,Creator,49.99,700
7701,3181,2026-04-06,Max,199.99,3500
7702,13483,2026-06-10,Max,199.99,3500
7703,2505,2026-02-17,Creator,49.99,700
7704,10925,2026-05-04,Popular,24.99,300
7705,3881,2026-01-04,Max,199.99,3500
7706,7809,2026-01-11,Creator,49.99,700
7707,1582,2026-08-24,Starter,9.99,110
7708,2448,2026-07-03,Creator,49.99,700
7709,14040,2026-05-22,Starter,9.99,110
7710,14319,2026-08-13,Starter,9.99,110
7711,9624,2026-01-01,Mini,4.99,50
7712,1063,2026-04-01,Creator,49.99,700
7713,3573,2026-06-19,Max,199.99,3500
7714,5128,2026-02-09,Pro,99.99,1600
7715,5828,2026-05-22,Creator,49.99,700
7716,9017,2026-05-10,Popular,24.99,300
7717,11849,2026-06-25,Creator,49.99,700
7718,12368,2026-01-04,Starter,9.99,110
7719,13221,2026-02-22,Mini,4.99,50
7720,9013,2026-08-30,Starter,9.99,110
7721,1631,2026-02-16,Starter,9.99,110
7722,3034,2026-05-28,Popular,24.99,300
7723,557,2026-06-10,Starter,9.99,110
7724,4687,2026-04-03,Popular,24.99,300
7725,4806,2026-05-23,Starter,9.99,110
7726,2865,2026-02-20,Creator,49.99,700
7727,10749,2026-01-04,Starter,9.99,110
7728,2373,2026-05-31,Popular,24.99,300
7729,8400,2026-03-25,Studio,499.99,10000
7730,13178,2026-05-23,Starter,9.99,110
7731,4585,2026-01-08,Popular,24.99,300
7732,4402,2026-04-22,Mini,4.99,50
7733,3131,2026-01-03,Pro,99.99,1600
7734,14322,2026-04-18,Studio,499.99,10000
7735,4690,2026-07-04,Creator,49.99,700
7736,9916,2026-02-26,Popular,24.99,300
7737,14988,2026-08-19,Starter,9.99,110
7738,3132,2026-08-17,Popular,24.99,300
7739,845,2026-08-28,Starter,9.99,110
7740,7292,2026-04-23,Popular,24.99,300
7741,13208,2026-04-14,Starter,9.99,110
7742,11844,2026-08-28,Starter,9.99,110
7743,6299,2026-07-24,Starter,9.99,110
7744,11753,2026-03-20,Starter,9.99,110
7745,13391,2026-02-13,Mini,4.99,50
7746,2489,2026-05-10,Mini,4.99,50
7747,10486,2026-06-07,Max,199.99,3500
7748,12103,2026-05-27,Creator,49.99,700
7749,10783,2026-01-11,Creator,49.99,700
7750,8261,2026-02-21,Mini,4.99,50
7751,1951,2026-06-19,Mini,4.99,50
7752,8924,2026-07-29,Creator,49.99,700
7753,7794,2026-02-08,Popular,24.99,300
7754,1373,2026-07-30,Mini,4.99,50
7755,13549,2026-08-12,Mini,4.99,50
7756,968,2026-03-26,Creator,49.99,700
7757,6756,2026-08-25,Starter,9.99,110
7758,9915,2026-04-11,Creator,49.99,700
7759,14298,2026-01-03,Pro,99.99,1600
7760,9524,2026-03-01,Popular,24.99,300
7761,9431,2026-07-12,Popular,24.99,300
7762,9641,2026-05-21,Max,199.99,3500
7763,8772,2026-01-21,Popular,24.99,300
7764,10438,2026-05-02,Popular,24.99,300
7765,2489,2026-06-20,Starter,9.99,110
7766,9561,2026-08-01,Starter,9.99,110
7767,1321,2026-04-03,Pro,99.99,1600
7768,5186,2026-02-14,Max,199.99,3500
7769,8807,2026-03-21,Starter,9.99,110
7770,10525,2026-07-15,Starter,9.99,110
7771,679,2026-08-05,Creator,49.99,700
7772,14231,2026-08-20,Max,199.99,3500
7773,8633,2026-06-30,Mini,4.99,50
7774,7167,2026-05-22,Mini,4.99,50
7775,14659,2026-08-02,Mini,4.99,50
7776,12936,2026-04-12,Popular,24.99,300
7777,6977,2026-03-03,Pro,99.99,1600
7778,12698,2026-01-08,Creator,49.99,700
7779,3775,2026-06-20,Max,199.99,3500
7780,9373,2026-08-07,Mini,4.99,50
7781,2643,2026-04-08,Studio,499.99,10000
7782,8908,2026-04-23,Starter,9.99,110
7783,8974,2026-03-30,Mini,4.99,50
7784,11208,2026-03-03,Popular,24.99,300
7785,3822,2026-04-08,Max,199.99,3500
7786,1726,2026-05-18,Creator,49.99,700
7787,13772,2026-01-18,Creator,49.99,700
7788,8713,2026-05-12,Creator,49.99,700
7789,10817,2026-07-02,Mini,4.99,50
7790,12216,2026-04-16,Popular,24.99,300
7791,8588,2026-06-04,Popular,24.99,300
7792,11888,2026-07-22,Studio,499.99,10000
7793,4025,2026-07-15,Starter,9.99,110
7794,1258,2026-05-15,Pro,99.99,1600
7795,11445,2026-08-09,Mini,4.99,50
7796,11074,2026-05-04,Starter,9.99,110
7797,2253,2026-04-16,Pro,99.99,1600
7798,1135,2026-08-28,Popular,24.99,300
7799,14068,2026-08-04,Starter,9.99,110
7800,10736,2026-07-02,Max,199.99,3500
7801,10427,2026-03-06,Starter,9.99,110
7802,6242,2026-01-13,Starter,9.99,110
7803,5571,2026-05-08,Popular,24.99,300
7804,3782,2026-07-21,Max,199.99,3500
7805,11636,2026-07-21,Popular,24.99,300
7806,6398,2026-05-16,Popular,24.99,300
7807,597,2026-02-10,Popular,24.99,300
7808,4501,2026-01-20,Popular,24.99,300
7809,10894,2026-04-16,Mini,4.99,50
7810,322,2026-01-13,Popular,24.99,300
7811,10836,2026-08-30,Creator,49.99,700
7812,410,2026-05-26,Max,199.99,3500
7813,10031,2026-05-09,Pro,99.99,1600
7814,11446,2026-04-16,Popular,24.99,300
7815,1768,2026-02-19,Mini,4.99,50
7816,9813,2026-01-20,Starter,9.99,110
7817,10488,2026-08-18,Popular,24.99,300
7818,13936,2026-02-17,Creator,49.99,700
7819,14274,2026-01-26,Mini,4.99,50
7820,2766,2026-01-23,Starter,9.99,110
7821,1821,2026-04-16,Starter,9.99,110
7822,3425,2026-07-26,Starter,9.99,110
7823,8977,2026-08-07,Starter,9.99,110
7824,13693,2026-08-23,Pro,99.99,1600
7825,14679,2026-08-20,Pro,99.99,1600
7826,276,2026-07-07,Max,199.99,3500
7827,12534,2026-05-25,Creator,49.99,700
7828,11607,2026-02-21,Starter,9.99,110
7829,14645,2026-06-21,Mini,4.99,50
7830,10914,2026-01-19,Creator,49.99,700
7831,14866,2026-04-11,Starter,9.99,110
7832,1742,2026-08-04,Creator,49.99,700
7833,1120,2026-08-24,Studio,499.99,10000
7834,12317,2026-01-24,Starter,9.99,110
7835,4729,2026-01-19,Popular,24.99,300
7836,268,2026-05-16,Mini,4.99,50
7837,6038,2026-04-29,Mini,4.99,50
7838,3237,2026-04-02,Popular,24.99,300
7839,7409,2026-08-26,Starter,9.99,110
7840,13123,2026-01-16,Popular,24.99,300
7841,1517,2026-01-31,Popular,24.99,300
7842,490,2026-04-09,Starter,9.99,110
7843,5620,2026-04-28,Starter,9.99,110
7844,50,2026-08-19,Popular,24.99,300
7845,12418,2026-01-25,Studio,499.99,10000
7846,14033,2026-03-27,Starter,9.99,110
7847,6031,2026-08-16,Mini,4.99,50
7848,7752,2026-01-11,Mini,4.99,50
7849,3167,2026-08-18,Max,199.99,3500
7850,8272,2026-07-14,Creator,49.99,700
7851,1923,2026-03-02,Creator,49.99,700
7852,3285,2026-06-06,Popular,24.99,300
7853,3990,2026-03-10,Starter,9.99,110
7854,2730,2026-08-23,Popular,24.99,300
7855,13524,2026-04-30,Pro,99.99,1600
7856,4660,2026-05-10,Creator,49.99,700
7857,14986,2026-02-27,Popular,24.99,300
7858,1342,2026-04-02,Starter,9.99,110
7859,12544,2026-02-05,Max,199.99,3500
7860,12241,2026-06-06,Starter,9.99,110
7861,3191,2026-02-16,Starter,9.99,110
7862,4279,2026-05-06,Max,199.99,3500
7863,4872,2026-07-24,Starter,9.99,110
7864,12030,2026-01-31,Starter,9.99,110
7865,2072,2026-07-02,Mini,4.99,50
7866,1950,2026-03-04,Creator,49.99,700
7867,7374,2026-03-01,Starter,9.99,110
7868,12584,2026-02-05,Pro,99.99,1600
7869,1859,2026-07-15,Popular,24.99,300
7870,9949,2026-02-15,Studio,499.99,10000
7871,7552,2026-02-27,Popular,24.99,300
7872,7352,2026-02-19,Popular,24.99,300
7873,8189,2026-01-27,Starter,9.99,110
7874,10537,2026-02-02,Creator,49.99,700
7875,5047,2026-05-25,Starter,9.99,110
7876,14995,2026-03-23,Starter,9.99,110
7877,1433,2026-05-06,Popular,24.99,300
7878,1710,2026-01-06,Starter,9.99,110
7879,6388,2026-08-16,Popular,24.99,300
7880,10168,2026-01-11,Popular,24.99,300
7881,7409,2026-05-24,Starter,9.99,110
7882,5261,2026-03-19,Creator,49.99,700
7883,12202,2026-04-27,Starter,9.99,110
7884,3433,2026-04-04,Popular,24.99,300
7885,13613,2026-06-25,Creator,49.99,700
7886,5772,2026-06-02,Pro,99.99,1600
7887,7654,2026-05-28,Popular,24.99,300
7888,4016,2026-03-14,Popular,24.99,300
7889,1862,2026-01-03,Max,199.99,3500
7890,14244,2026-01-19,Creator,49.99,700
7891,5961,2026-03-25,Popular,24.99,300
7892,11390,2026-01-26,Starter,9.99,110
7893,475,2026-05-02,Studio,499.99,10000
7894,4514,2026-03-13,Popular,24.99,300
7895,6793,2026-01-16,Starter,9.99,110
7896,9740,2026-07-22,Max,199.99,3500
7897,1782,2026-01-22,Mini,4.99,50
7898,3493,2026-08-31,Pro,99.99,1600
7899,9048,2026-06-13,Popular,24.99,300
7900,9479,2026-04-30,Creator,49.99,700
7901,3729,2026-07-14,Creator,49.99,700
7902,11405,2026-04-16,Starter,9.99,110
7903,4497,2026-02-15,Mini,4.99,50
7904,1650,2026-02-12,Creator,49.99,700
7905,11814,2026-01-19,Studio,499.99,10000
7906,14649,2026-01-24,Starter,9.99,110
7907,9900,2026-05-10,Creator,49.99,700
7908,570,2026-03-19,Starter,9.99,110
7909,2734,2026-01-07,Starter,9.99,110
7910,7433,2026-04-28,Pro,99.99,1600
7911,13946,2026-02-20,Popular,24.99,300
7912,878,2026-05-09,Creator,49.99,700
7913,10518,2026-02-09,Mini,4.99,50
7914,1435,2026-08-14,Popular,24.99,300
7915,9805,2026-04-13,Starter,9.99,110
7916,9512,2026-03-14,Starter,9.99,110
7917,13290,2026-06-23,Popular,24.99,300
7918,2849,2026-08-16,Creator,49.99,700
7919,6684,2026-04-12,Creator,49.99,700
7920,6918,2026-06-29,Popular,24.99,300
7921,4735,2026-04-06,Max,199.99,3500
7922,8842,2026-03-25,Starter,9.99,110
7923,12554,2026-07-11,Starter,9.99,110
7924,355,2026-02-01,Mini,4.99,50
7925,615,2026-06-14,Mini,4.99,50
7926,7259,2026-06-28,Creator,49.99,700
7927,422,2026-05-28,Popular,24.99,300
7928,11331,2026-04-20,Starter,9.99,110
7929,736,2026-07-31,Creator,49.99,700
7930,6606,2026-01-08,Starter,9.99,110
7931,14550,2026-08-07,Pro,99.99,1600
7932,821,2026-07-02,Starter,9.99,110
7933,11769,2026-06-07,Popular,24.99,300
7934,11495,2026-05-27,Max,199.99,3500
7935,11915,2026-02-02,Starter,9.99,110
7936,10411,2026-02-21,Creator,49.99,700
7937,13945,2026-06-30,Pro,99.99,1600
7938,13356,2026-08-31,Popular,24.99,300
7939,13985,2026-03-23,Mini,4.99,50
7940,6624,2026-06-17,Pro,99.99,1600
7941,9129,2026-06-20,Starter,9.99,110
7942,10979,2026-03-29,Pro,99.99,1600
7943,10464,2026-01-07,Popular,24.99,300
7944,5020,2026-04-03,Starter,9.99,110
7945,1634,2026-07-14,Popular,24.99,300
7946,3286,2026-08-12,Starter,9.99,110
7947,419,2026-07-20,Starter,9.99,110
7948,12381,2026-06-17,Mini,4.99,50
7949,12199,2026-07-02,Creator,49.99,700
7950,6284,2026-07-02,Popular,24.99,300
7951,14825,2026-01-11,Studio,499.99,10000
7952,1212,2026-05-28,Popular,24.99,300
7953,4546,2026-06-12,Popular,24.99,300
7954,7736,2026-08-10,Pro,99.99,1600
7955,5858,2026-02-27,Mini,4.99,50
7956,13600,2026-05-24,Creator,49.99,700
7957,14317,2026-05-23,Pro,99.99,1600
7958,14308,2026-07-06,Starter,9.99,110
7959,8350,2026-01-16,Max,199.99,3500
7960,11796,2026-01-01,Pro,99.99,1600
7961,4033,2026-04-30,Studio,499.99,10000
7962,8305,2026-06-06,Max,199.99,3500
7963,11828,2026-01-04,Max,199.99,3500
7964,739,2026-06-12,Popular,24.99,300
7965,7084,2026-08-13,Popular,24.99,300
7966,265,2026-06-21,Popular,24.99,300
7967,5564,2026-01-03,Starter,9.99,110
7968,14244,2026-04-28,Starter,9.99,110
7969,14530,2026-04-08,Creator,49.99,700
7970,701,2026-01-15,Creator,49.99,700
7971,7349,2026-02-24,Starter,9.99,110
7972,2342,2026-01-19,Popular,24.99,300
7973,7394,2026-04-21,Popular,24.99,300
7974,3075,2026-02-02,Studio,499.99,10000
7975,4544,2026-02-12,Mini,4.99,50
7976,9722,2026-01-30,Mini,4.99,50
7977,7808,2026-06-04,Pro,99.99,1600
7978,2784,2026-02-28,Max,199.99,3500
7979,6054,2026-04-13,Popular,24.99,300
7980,8083,2026-02-28,Creator,49.99,700
7981,13477,2026-05-27,Pro,99.99,1600
7982,3970,2026-08-17,Mini,4.99,50
7983,666,2026-07-21,Creator,49.99,700
7984,1148,2026-03-19,Popular,24.99,300
7985,11729,2026-08-25,Starter,9.99,110
7986,6773,2026-06-20,Popular,24.99,300
7987,14607,2026-01-31,Pro,99.99,1600
7988,10643,2026-02-22,Starter,9.99,110
7989,13547,2026-05-21,Popular,24.99,300
7990,8251,2026-04-01,Creator,49.99,700
7991,4501,2026-07-17,Mini,4.99,50
7992,13125,2026-06-04,Creator,49.99,700
7993,3634,2026-07-03,Studio,499.99,10000
7994,2992,2026-02-01,Starter,9.99,110
7995,14204,2026-08-24,Starter,9.99,110
7996,8162,2026-05-11,Popular,24.99,300
7997,11028,2026-04-03,Max,199.99,3500
7998,5216,2026-03-12,Popular,24.99,300
7999,1278,2026-08-15,Mini,4.99,50
8000,3545,2026-01-31,Mini,4.99,50
8001,1944,2026-04-14,Studio,499.99,10000
8002,8474,2026-07-24,Mini,4.99,50
8003,6584,2026-01-24,Popular,24.99,300
8004,6479,2026-03-05,Mini,4.99,50
8005,13219,2026-04-09,Creator,49.99,700
8006,11237,2026-02-23,Mini,4.99,50
8007,4222,2026-01-16,Creator,49.99,700
8008,13664,2026-08-18,Popular,24.99,300
8009,3652,2026-05-22,Max,199.99,3500
8010,11505,2026-08-24,Starter,9.99,110
8011,2257,2026-01-05,Starter,9.99,110
8012,6620,2026-06-16,Starter,9.99,110
8013,3013,2026-05-07,Popular,24.99,300
8014,9421,2026-08-23,Creator,49.99,700
8015,10471,2026-06-10,Starter,9.99,110
8016,13697,2026-04-07,Creator,49.99,700
8017,4789,2026-07-05,Pro,99.99,1600
8018,6481,2026-03-11,Pro,99.99,1600
8019,8453,2026-01-29,Starter,9.99,110
8020,7321,2026-08-28,Starter,9.99,110
8021,13569,2026-03-27,Mini,4.99,50
8022,4118,2026-08-04,Creator,49.99,700
8023,931,2026-07-03,Mini,4.99,50
8024,5551,2026-01-21,Mini,4.99,50
8025,12623,2026-02-08,Starter,9.99,110
8026,3310,2026-06-19,Max,199.99,3500
8027,7431,2026-01-10,Popular,24.99,300
8028,3786,2026-06-07,Creator,49.99,700
8029,2305,2026-08-13,Creator,49.99,700
8030,3450,2026-01-01,Popular,24.99,300
8031,7964,2026-06-27,Starter,9.99,110
8032,1446,2026-05-20,Pro,99.99,1600
8033,11925,2026-01-03,Studio,499.99,10000
8034,2050,2026-04-26,Pro,99.99,1600
8035,1788,2026-02-27,Studio,499.99,10000
8036,4637,2026-03-19,Starter,9.99,110
8037,4857,2026-08-30,Popular,24.99,300
8038,6783,2026-03-26,Starter,9.99,110
8039,1222,2026-05-18,Mini,4.99,50
8040,1572,2026-08-07,Starter,9.99,110
8041,13958,2026-07-19,Pro,99.99,1600
8042,13099,2026-04-11,Pro,99.99,1600
8043,14951,2026-03-26,Creator,49.99,700
8044,1124,2026-03-30,Starter,9.99,110
8045,14014,2026-02-20,Mini,4.99,50
8046,5812,2026-02-15,Mini,4.99,50
8047,6053,2026-03-20,Popular,24.99,300
8048,9309,2026-08-07,Starter,9.99,110
8049,4211,2026-08-08,Max,199.99,3500
8050,9711,2026-04-25,Studio,499.99,10000
8051,13534,2026-04-19,Starter,9.99,110
8052,6935,2026-08-25,Creator,49.99,700
8053,2568,2026-04-10,Creator,49.99,700
8054,9384,2026-04-20,Popular,24.99,300
8055,972,2026-01-21,Popular,24.99,300
8056,12855,2026-05-05,Pro,99.99,1600
8057,4962,2026-06-14,Popular,24.99,300
8058,11542,2026-05-08,Pro,99.99,1600
8059,2000,2026-04-30,Starter,9.99,110
8060,1978,2026-05-05,Popular,24.99,300
8061,10115,2026-05-28,Popular,24.99,300
8062,4986,2026-06-17,Starter,9.99,110
8063,2638,2026-08-22,Popular,24.99,300
8064,8019,2026-03-18,Popular,24.99,300
8065,1762,2026-08-18,Creator,49.99,700
8066,6052,2026-02-25,Popular,24.99,300
8067,13811,2026-07-18,Pro,99.99,1600
8068,316,2026-04-07,Starter,9.99,110
8069,11565,2026-01-14,Creator,49.99,700
8070,9896,2026-02-17,Mini,4.99,50
8071,14321,2026-03-01,Studio,499.99,10000
8072,7920,2026-07-08,Pro,99.99,1600
8073,2273,2026-04-28,Popular,24.99,300
8074,1257,2026-03-21,Popular,24.99,300
8075,13859,2026-08-21,Starter,9.99,110
8076,11410,2026-05-22,Popular,24.99,300
8077,9608,2026-05-26,Starter,9.99,110
8078,2750,2026-04-15,Creator,49.99,700
8079,3145,2026-04-18,Pro,99.99,1600
8080,5004,2026-04-04,Max,199.99,3500
8081,267,2026-02-24,Starter,9.99,110
8082,65,2026-06-16,Starter,9.99,110
8083,2929,2026-06-10,Creator,49.99,700
8084,135,2026-05-03,Popular,24.99,300
8085,4323,2026-07-10,Pro,99.99,1600
8086,14887,2026-08-28,Starter,9.99,110
8087,6262,2026-08-09,Popular,24.99,300
8088,13056,2026-03-21,Starter,9.99,110
8089,9899,2026-08-04,Mini,4.99,50
8090,384,2026-03-14,Max,199.99,3500
8091,4919,2026-08-11,Starter,9.99,110
8092,4273,2026-03-18,Mini,4.99,50
8093,4272,2026-05-20,Mini,4.99,50
8094,14415,2026-05-21,Mini,4.99,50
8095,10088,2026-04-30,Popular,24.99,300
8096,12506,2026-03-30,Popular,24.99,300
8097,11435,2026-05-05,Starter,9.99,110
8098,14646,2026-01-11,Creator,49.99,700
8099,6985,2026-06-11,Starter,9.99,110
8100,12071,2026-05-17,Max,199.99,3500
8101,69,2026-04-10,Studio,499.99,10000
8102,7281,2026-01-05,Starter,9.99,110
8103,10788,2026-06-30,Starter,9.99,110
8104,791,2026-05-17,Starter,9.99,110
8105,13949,2026-08-02,Mini,4.99,50
8106,1663,2026-08-23,Popular,24.99,300
8107,5037,2026-03-14,Starter,9.99,110
8108,13457,2026-02-05,Popular,24.99,300
8109,1233,2026-02-27,Max,199.99,3500
8110,12204,2026-04-10,Pro,99.99,1600
8111,2749,2026-08-02,Starter,9.99,110
8112,11032,2026-03-31,Popular,24.99,300
8113,4866,2026-08-25,Popular,24.99,300
8114,3255,2026-01-14,Popular,24.99,300
8115,4412,2026-04-03,Popular,24.99,300
8116,8404,2026-02-08,Starter,9.99,110
8117,14065,2026-04-09,Popular,24.99,300
8118,8923,2026-08-21,Creator,49.99,700
8119,11055,2026-04-04,Starter,9.99,110
8120,13184,2026-05-25,Starter,9.99,110
8121,11999,2026-06-27,Starter,9.99,110
8122,14212,2026-06-03,Starter,9.99,110
8123,13545,2026-06-27,Mini,4.99,50
8124,1935,2026-05-27,Starter,9.99,110
8125,6171,2026-03-13,Mini,4.99,50
8126,5912,2026-05-14,Creator,49.99,700
8127,3709,2026-02-17,Max,199.99,3500
8128,13673,2026-02-22,Max,199.99,3500
8129,3553,2026-07-12,Starter,9.99,110
8130,2083,2026-08-16,Mini,4.99,50
8131,5316,2026-08-29,Starter,9.99,110
8132,4746,2026-05-20,Mini,4.99,50
8133,5950,2026-05-12,Creator,49.99,700
8134,10909,2026-04-14,Mini,4.99,50
8135,4139,2026-06-09,Creator,49.99,700
8136,8976,2026-07-04,Creator,49.99,700
8137,12272,2026-05-25,Mini,4.99,50
8138,9277,2026-07-29,Popular,24.99,300
8139,11741,2026-02-02,Pro,99.99,1600
8140,3902,2026-03-07,Mini,4.99,50
8141,11233,2026-02-25,Max,199.99,3500
8142,3616,2026-01-03,Pro,99.99,1600
8143,11411,2026-06-24,Creator,49.99,700
8144,5691,2026-02-27,Pro,99.99,1600
8145,9896,2026-06-07,Max,199.99,3500
8146,705,2026-02-27,Starter,9.99,110
8147,1541,2026-03-05,Starter,9.99,110
8148,13882,2026-04-26,Creator,49.99,700
8149,7724,2026-07-08,Mini,4.99,50
8150,2159,2026-08-09,Creator,49.99,700
8151,13219,2026-06-14,Creator,49.99,700
8152,14113,2026-02-03,Starter,9.99,110
8153,7332,2026-07-30,Studio,499.99,10000
8154,3390,2026-02-08,Creator,49.99,700
8155,5667,2026-08-05,Popular,24.99,300
8156,9716,2026-07-04,Starter,9.99,110
8157,7960,2026-07-09,Mini,4.99,50
8158,10595,2026-08-29,Creator,49.99,700
8159,3295,2026-02-09,Starter,9.99,110
8160,8239,2026-08-21,Starter,9.99,110
8161,13262,2026-05-28,Starter,9.99,110
8162,6413,2026-06-21,Popular,24.99,300
8163,7747,2026-04-23,Starter,9.99,110
8164,7166,2026-06-09,Creator,49.99,700
8165,14296,2026-06-19,Studio,499.99,10000
8166,5429,2026-05-02,Pro,99.99,1600
8167,10424,2026-02-02,Max,199.99,3500
8168,11838,2026-01-19,Creator,49.99,700
8169,9434,2026-03-15,Max,199.99,3500
8170,4965,2026-04-10,Creator,49.99,700
8171,10869,2026-04-19,Popular,24.99,300
8172,13155,2026-02-16,Starter,9.99,110
8173,10459,2026-05-15,Max,199.99,3500
8174,43,2026-08-13,Starter,9.99,110
8175,13267,2026-02-25,Popular,24.99,300
8176,883,2026-07-30,Starter,9.99,110
8177,4488,2026-06-13,Popular,24.99,300
8178,8261,2026-01-27,Pro,99.99,1600
8179,14814,2026-03-29,Max,199.99,3500
8180,9937,2026-05-04,Popular,24.99,300
8181,3295,2026-05-12,Max,199.99,3500
8182,9901,2026-03-26,Max,199.99,3500
8183,10764,2026-01-11,Max,199.99,3500
8184,14519,2026-05-22,Starter,9.99,110
8185,10927,2026-08-04,Popular,24.99,300
8186,12298,2026-03-08,Starter,9.99,110
8187,10908,2026-06-24,Popular,24.99,300
8188,14354,2026-01-06,Popular,24.99,300
8189,1952,2026-05-26,Starter,9.99,110
8190,9120,2026-06-11,Creator,49.99,700
8191,13945,2026-03-25,Creator,49.99,700
8192,5345,2026-06-09,Max,199.99,3500
8193,1442,2026-04-22,Starter,9.99,110
8194,2924,2026-03-09,Studio,499.99,10000
8195,7758,2026-01-06,Starter,9.99,110
8196,2585,2026-07-14,Creator,49.99,700
8197,7472,2026-05-29,Mini,4.99,50
8198,11997,2026-03-03,Pro,99.99,1600
8199,6539,2026-02-08,Popular,24.99,300
8200,1363,2026-08-29,Creator,49.99,700
8201,4009,2026-06-28,Starter,9.99,110
8202,396,2026-01-07,Mini,4.99,50
8203,13341,2026-01-17,Mini,4.99,50
8204,2880,2026-05-11,Popular,24.99,300
8205,8951,2026-04-27,Creator,49.99,700
8206,5826,2026-04-04,Starter,9.99,110
8207,3077,2026-03-06,Popular,24.99,300
8208,241,2026-06-24,Starter,9.99,110
8209,11669,2026-01-04,Popular,24.99,300
8210,12193,2026-08-17,Popular,24.99,300
8211,8155,2026-02-19,Mini,4.99,50
8212,37,2026-02-07,Creator,49.99,700
8213,5504,2026-02-27,Starter,9.99,110
8214,10683,2026-05-27,Creator,49.99,700
8215,10099,2026-07-22,Studio,499.99,10000
8216,13260,2026-01-31,Starter,9.99,110
8217,1782,2026-02-08,Max,199.99,3500
8218,3421,2026-03-07,Starter,9.99,110
8219,14005,2026-08-09,Studio,499.99,10000
8220,12757,2026-04-26,Mini,4.99,50
8221,7123,2026-02-02,Creator,49.99,700
8222,9350,2026-05-12,Starter,9.99,110
8223,9092,2026-02-15,Pro,99.99,1600
8224,14755,2026-06-15,Mini,4.99,50
8225,6777,2026-08-02,Starter,9.99,110
8226,7452,2026-05-02,Pro,99.99,1600
8227,2743,2026-06-10,Studio,499.99,10000
8228,10449,2026-05-24,Starter,9.99,110
8229,8808,2026-05-09,Max,199.99,3500
8230,6855,2026-03-26,Pro,99.99,1600
8231,6215,2026-07-16,Creator,49.99,700
8232,5543,2026-03-25,Popular,24.99,300
8233,10018,2026-07-16,Mini,4.99,50
8234,2108,2026-03-19,Mini,4.99,50
8235,2845,2026-03-16,Starter,9.99,110
8236,7814,2026-05-04,Popular,24.99,300
8237,8167,2026-08-12,Pro,99.99,1600
8238,3946,2026-08-06,Mini,4.99,50
8239,4686,2026-02-15,Mini,4.99,50
8240,11625,2026-03-04,Popular,24.99,300
8241,9054,2026-04-19,Starter,9.99,110
8242,8922,2026-05-03,Starter,9.99,110
8243,8682,2026-01-24,Creator,49.99,700
8244,12515,2026-02-19,Popular,24.99,300
8245,12277,2026-05-07,Creator,49.99,700
8246,4198,2026-02-07,Popular,24.99,300
8247,3263,2026-08-04,Pro,99.99,1600
8248,4501,2026-05-11,Popular,24.99,300
8249,10850,2026-01-28,Mini,4.99,50
8250,2260,2026-04-14,Popular,24.99,300
8251,10713,2026-03-23,Creator,49.99,700
8252,10799,2026-04-03,Popular,24.99,300
8253,13834,2026-08-19,Creator,49.99,700
8254,8087,2026-07-15,Popular,24.99,300
8255,3630,2026-08-19,Popular,24.99,300
8256,5709,2026-04-20,Starter,9.99,110
8257,14715,2026-04-16,Popular,24.99,300
8258,14533,2026-07-04,Starter,9.99,110
8259,14528,2026-02-24,Starter,9.99,110
8260,8888,2026-07-30,Mini,4.99,50
8261,10618,2026-02-09,Pro,99.99,1600
8262,9248,2026-02-25,Popular,24.99,300
8263,4603,2026-07-05,Max,199.99,3500
8264,13219,2026-08-04,Starter,9.99,110
8265,3468,2026-08-08,Max,199.99,3500
8266,10474,2026-03-29,Mini,4.99,50
8267,6405,2026-04-24,Creator,49.99,700
8268,4028,2026-03-16,Max,199.99,3500
8269,8758,2026-08-21,Pro,99.99,1600
8270,2482,2026-06-22,Pro,99.99,1600
8271,3445,2026-05-20,Pro,99.99,1600
8272,11536,2026-06-03,Max,199.99,3500
8273,3442,2026-08-30,Starter,9.99,110
8274,9378,2026-05-18,Starter,9.99,110
8275,14054,2026-08-29,Starter,9.99,110
8276,920,2026-05-11,Max,199.99,3500
8277,10731,2026-06-20,Popular,24.99,300
8278,4795,2026-04-27,Popular,24.99,300
8279,10408,2026-01-11,Creator,49.99,700
8280,12995,2026-06-25,Popular,24.99,300
8281,5643,2026-06-06,Studio,499.99,10000
8282,343,2026-08-17,Popular,24.99,300
8283,9077,2026-03-12,Starter,9.99,110
8284,13131,2026-08-10,Mini,4.99,50
8285,12750,2026-07-15,Mini,4.99,50
8286,1137,2026-05-26,Mini,4.99,50
8287,7247,2026-06-21,Popular,24.99,300
8288,14696,2026-03-30,Max,199.99,3500
8289,811,2026-04-05,Mini,4.99,50
8290,3034,2026-02-11,Starter,9.99,110
8291,9516,2026-07-22,Creator,49.99,700
8292,1528,2026-03-08,Creator,49.99,700
8293,6072,2026-04-29,Starter,9.99,110
8294,13191,2026-03-01,Starter,9.99,110
8295,2078,2026-02-07,Starter,9.99,110
8296,8319,2026-02-11,Creator,49.99,700
8297,1579,2026-01-15,Mini,4.99,50
8298,1472,2026-03-12,Pro,99.99,1600
8299,9125,2026-08-20,Starter,9.99,110
8300,6689,2026-05-26,Pro,99.99,1600
8301,8854,2026-06-10,Popular,24.99,300
8302,4126,2026-07-20,Popular,24.99,300
8303,1215,2026-04-08,Starter,9.99,110
8304,14221,2026-01-23,Popular,24.99,300
8305,3177,2026-03-20,Popular,24.99,300
8306,4632,2026-08-21,Starter,9.99,110
8307,6189,2026-03-17,Max,199.99,3500
8308,10985,2026-01-21,Creator,49.99,700
8309,14177,2026-02-07,Studio,499.99,10000
8310,787,2026-07-29,Starter,9.99,110
8311,6831,2026-07-11,Popular,24.99,300
8312,842,2026-04-20,Mini,4.99,50
8313,14781,2026-03-15,Max,199.99,3500
8314,9639,2026-05-31,Popular,24.99,300
8315,11162,2026-03-21,Pro,99.99,1600
8316,9942,2026-04-16,Mini,4.99,50
8317,1453,2026-04-14,Studio,499.99,10000
8318,8253,2026-05-21,Studio,499.99,10000
8319,6560,2026-08-14,Starter,9.99,110
8320,533,2026-03-13,Starter,9.99,110
8321,2362,2026-03-06,Starter,9.99,110
8322,10278,2026-02-19,Popular,24.99,300
8323,1213,2026-07-27,Mini,4.99,50
8324,12509,2026-02-26,Creator,49.99,700
8325,1714,2026-02-13,Pro,99.99,1600
8326,4010,2026-03-31,Max,199.99,3500
8327,10338,2026-05-14,Mini,4.99,50
8328,6351,2026-06-06,Max,199.99,3500
8329,13138,2026-06-16,Starter,9.99,110
8330,8912,2026-01-17,Creator,49.99,700
8331,10014,2026-03-01,Creator,49.99,700
8332,3122,2026-06-12,Starter,9.99,110
8333,14551,2026-08-12,Creator,49.99,700
8334,2954,2026-03-25,Starter,9.99,110
8335,5893,2026-03-25,Starter,9.99,110
8336,5554,2026-07-17,Starter,9.99,110
8337,2645,2026-06-01,Starter,9.99,110
8338,12649,2026-03-26,Popular,24.99,300
8339,7274,2026-08-07,Popular,24.99,300
8340,3258,2026-04-22,Creator,49.99,700
8341,7134,2026-01-16,Popular,24.99,300
8342,12009,2026-06-28,Max,199.99,3500
8343,4145,2026-02-08,Starter,9.99,110
8344,10092,2026-07-18,Starter,9.99,110
8345,3200,2026-07-09,Starter,9.99,110
8346,10482,2026-07-14,Pro,99.99,1600
8347,855,2026-08-20,Popular,24.99,300
8348,6967,2026-02-17,Starter,9.99,110
8349,2847,2026-02-04,Pro,99.99,1600
8350,3887,2026-04-10,Popular,24.99,300
8351,10718,2026-04-10,Mini,4.99,50
8352,369,2026-03-21,Starter,9.99,110
8353,11625,2026-01-04,Popular,24.99,300
8354,10618,2026-07-03,Starter,9.99,110
8355,3067,2026-07-04,Studio,499.99,10000
8356,12694,2026-02-10,Popular,24.99,300
8357,4655,2026-05-24,Pro,99.99,1600
8358,9073,2026-06-29,Popular,24.99,300
8359,11822,2026-04-21,Mini,4.99,50
8360,8315,2026-01-12,Popular,24.99,300
8361,13836,2026-01-22,Popular,24.99,300
8362,14352,2026-07-30,Popular,24.99,300
8363,1921,2026-07-22,Starter,9.99,110
8364,8490,2026-03-05,Creator,49.99,700
8365,389,2026-03-09,Pro,99.99,1600
8366,14104,2026-01-07,Popular,24.99,300
8367,12913,2026-02-20,Starter,9.99,110
8368,4864,2026-06-04,Max,199.99,3500
8369,13988,2026-04-10,Mini,4.99,50
8370,4563,2026-08-06,Max,199.99,3500
8371,3991,2026-01-07,Popular,24.99,300
8372,6191,2026-07-31,Creator,49.99,700
8373,6184,2026-04-02,Max,199.99,3500
8374,10040,2026-05-14,Popular,24.99,300
8375,2286,2026-06-18,Studio,499.99,10000
8376,7670,2026-02-16,Creator,49.99,700
8377,13050,2026-05-04,Mini,4.99,50
8378,4876,2026-07-07,Pro,99.99,1600
8379,1079,2026-01-08,Popular,24.99,300
8380,2184,2026-08-26,Creator,49.99,700
8381,5895,2026-02-19,Max,199.99,3500
8382,10952,2026-01-22,Popular,24.99,300
8383,6777,2026-03-05,Creator,49.99,700
8384,14374,2026-01-12,Max,199.99,3500
8385,2465,2026-02-17,Studio,499.99,10000
8386,1507,2026-05-08,Popular,24.99,300
8387,14160,2026-04-18,Starter,9.99,110
8388,2372,2026-05-08,Creator,49.99,700
8389,983,2026-07-22,Creator,49.99,700
8390,7648,2026-02-05,Max,199.99,3500
8391,3992,2026-04-10,Studio,499.99,10000
8392,2351,2026-01-06,Max,199.99,3500
8393,2562,2026-06-16,Max,199.99,3500
8394,9157,2026-08-02,Starter,9.99,110
8395,7154,2026-07-07,Creator,49.99,700
8396,13225,2026-02-14,Studio,499.99,10000
8397,12760,2026-04-13,Popular,24.99,300
8398,2993,2026-01-25,Starter,9.99,110
8399,8627,2026-03-10,Popular,24.99,300
8400,13816,2026-06-30,Pro,99.99,1600
8401,689,2026-08-23,Popular,24.99,300
8402,14857,2026-06-20,Starter,9.99,110
8403,9724,2026-02-15,Mini,4.99,50
8404,9497,2026-07-29,Studio,499.99,10000
8405,535,2026-06-07,Max,199.99,3500
8406,14926,2026-05-25,Popular,24.99,300
8407,13462,2026-02-16,Popular,24.99,300
8408,229,2026-07-20,Popular,24.99,300
8409,3155,2026-03-12,Mini,4.99,50
8410,9444,2026-08-19,Popular,24.99,300
8411,11622,2026-05-03,Popular,24.99,300
8412,8707,2026-06-11,Popular,24.99,300
8413,9754,2026-07-26,Starter,9.99,110
8414,1991,2026-08-29,Starter,9.99,110
8415,3036,2026-05-15,Creator,49.99,700
8416,9775,2026-04-30,Creator,49.99,700
8417,14305,2026-07-10,Creator,49.99,700
8418,3667,2026-06-20,Pro,99.99,1600
8419,71,2026-08-31,Starter,9.99,110
8420,1394,2026-06-01,Popular,24.99,300
8421,7162,2026-03-26,Starter,9.99,110
8422,14909,2026-01-29,Pro,99.99,1600
8423,2302,2026-04-05,Popular,24.99,300
8424,5602,2026-02-22,Popular,24.99,300
8425,8312,2026-04-13,Mini,4.99,50
8426,9143,2026-04-06,Max,199.99,3500
8427,849,2026-03-11,Popular,24.99,300
8428,14658,2026-05-17,Starter,9.99,110
8429,13053,2026-07-08,Max,199.99,3500
8430,7822,2026-08-13,Starter,9.99,110
8431,6880,2026-06-17,Popular,24.99,300
8432,13528,2026-06-16,Starter,9.99,110
8433,1676,2026-06-05,Studio,499.99,10000
8434,4667,2026-05-24,Creator,49.99,700
8435,5980,2026-01-17,Mini,4.99,50
8436,7546,2026-07-31,Pro,99.99,1600
8437,13148,2026-04-14,Studio,499.99,10000
8438,12716,2026-04-23,Mini,4.99,50
8439,4133,2026-08-14,Popular,24.99,300
8440,12546,2026-01-23,Studio,499.99,10000
8441,11168,2026-04-22,Max,199.99,3500
8442,7220,2026-08-18,Max,199.99,3500
8443,4266,2026-07-16,Starter,9.99,110
8444,3471,2026-04-04,Mini,4.99,50
8445,5727,2026-08-26,Popular,24.99,300
8446,9555,2026-01-22,Starter,9.99,110
8447,5688,2026-05-11,Popular,24.99,300
8448,1691,2026-03-06,Popular,24.99,300
8449,9313,2026-06-29,Max,199.99,3500
8450,13117,2026-01-31,Popular,24.99,300
8451,9651,2026-01-09,Starter,9.99,110
8452,737,2026-01-31,Pro,99.99,1600
8453,9472,2026-05-27,Starter,9.99,110
8454,2506,2026-01-31,Mini,4.99,50
8455,7122,2026-05-28,Popular,24.99,300
8456,5628,2026-03-09,Popular,24.99,300
8457,2363,2026-05-24,Popular,24.99,300
8458,4987,2026-01-23,Pro,99.99,1600
8459,3720,2026-06-17,Popular,24.99,300
8460,6982,2026-05-17,Pro,99.99,1600
8461,2901,2026-07-29,Mini,4.99,50
8462,11403,2026-02-19,Studio,499.99,10000
8463,7659,2026-04-03,Popular,24.99,300
8464,1612,2026-08-22,Creator,49.99,700
8465,388,2026-08-26,Max,199.99,3500
8466,42,2026-01-12,Mini,4.99,50
8467,14562,2026-01-16,Mini,4.99,50
8468,9596,2026-01-25,Max,199.99,3500
8469,14285,2026-07-07,Mini,4.99,50
8470,12015,2026-05-07,Max,199.99,3500
8471,955,2026-01-28,Popular,24.99,300
8472,9383,2026-01-23,Studio,499.99,10000
8473,7769,2026-07-14,Starter,9.99,110
8474,5741,2026-04-03,Starter,9.99,110
8475,1663,2026-05-25,Starter,9.99,110
8476,2191,2026-07-12,Starter,9.99,110
8477,14698,2026-07-24,Creator,49.99,700
8478,4135,2026-02-22,Creator,49.99,700
8479,9841,2026-02-15,Mini,4.99,50
8480,11791,2026-03-25,Starter,9.99,110
8481,13932,2026-07-04,Creator,49.99,700
8482,14209,2026-08-18,Starter,9.99,110
8483,5339,2026-05-23,Pro,99.99,1600
8484,9125,2026-01-26,Starter,9.99,110
8485,4797,2026-04-04,Creator,49.99,700
8486,4951,2026-06-03,Mini,4.99,50
8487,11604,2026-03-21,Pro,99.99,1600
8488,7133,2026-04-10,Mini,4.99,50
8489,12598,2026-03-02,Popular,24.99,300
8490,3602,2026-03-14,Max,199.99,3500
8491,14658,2026-05-25,Pro,99.99,1600
8492,8041,2026-04-13,Creator,49.99,700
8493,12518,2026-02-06,Creator,49.99,700
8494,2126,2026-04-16,Pro,99.99,1600
8495,1550,2026-05-15,Pro,99.99,1600
8496,11578,2026-04-22,Creator,49.99,700
8497,7943,2026-02-03,Starter,9.99,110
8498,9333,2026-05-25,Pro,99.99,1600
8499,8031,2026-03-01,Popular,24.99,300
8500,12352,2026-01-08,Popular,24.99,300
8501,12882,2026-08-14,Creator,49.99,700
8502,2709,2026-04-06,Popular,24.99,300
8503,12528,2026-07-07,Creator,49.99,700
8504,1530,2026-07-29,Creator,49.99,700
8505,10698,2026-04-20,Pro,99.99,1600
8506,5323,2026-03-23,Starter,9.99,110
8507,12260,2026-06-24,Pro,99.99,1600
8508,7905,2026-08-18,Mini,4.99,50
8509,14315,2026-02-08,Starter,9.99,110
8510,1204,2026-08-27,Starter,9.99,110
8511,3359,2026-03-30,Popular,24.99,300
8512,5754,2026-02-05,Popular,24.99,300
8513,14689,2026-04-23,Pro,99.99,1600
8514,5586,2026-01-13,Mini,4.99,50
8515,9741,2026-03-15,Max,199.99,3500
8516,10765,2026-06-04,Studio,499.99,10000
8517,9752,2026-07-06,Creator,49.99,700
8518,3514,2026-02-05,Creator,49.99,700
8519,7969,2026-06-03,Pro,99.99,1600
8520,9648,2026-02-13,Mini,4.99,50
8521,7200,2026-03-19,Max,199.99,3500
8522,10975,2026-05-13,Creator,49.99,700
8523,431,2026-07-24,Popular,24.99,300
8524,5682,2026-01-22,Popular,24.99,300
8525,2766,2026-04-12,Starter,9.99,110
8526,3003,2026-08-15,Creator,49.99,700
8527,13837,2026-08-30,Creator,49.99,700
8528,6827,2026-07-12,Pro,99.99,1600
8529,13827,2026-03-29,Mini,4.99,50
8530,9564,2026-05-07,Starter,9.99,110
8531,2789,2026-01-25,Creator,49.99,700
8532,259,2026-07-15,Max,199.99,3500
8533,14326,2026-05-27,Max,199.99,3500
8534,1696,2026-08-18,Starter,9.99,110
8535,7194,2026-08-05,Creator,49.99,700
8536,9238,2026-08-10,Pro,99.99,1600
8537,9407,2026-06-04,Starter,9.99,110
8538,6944,2026-03-23,Mini,4.99,50
8539,1123,2026-08-07,Starter,9.99,110
8540,4911,2026-06-29,Popular,24.99,300
8541,2054,2026-06-04,Starter,9.99,110
8542,5481,2026-04-16,Max,199.99,3500
8543,6870,2026-05-04,Creator,49.99,700
8544,11990,2026-02-26,Mini,4.99,50
8545,9768,2026-01-28,Creator,49.99,700
8546,2045,2026-03-22,Popular,24.99,300
8547,2831,2026-05-31,Starter,9.99,110
8548,1708,2026-08-13,Starter,9.99,110
8549,11470,2026-08-09,Creator,49.99,700
8550,5489,2026-03-31,Studio,499.99,10000
8551,11195,2026-01-16,Pro,99.99,1600
8552,2752,2026-02-21,Creator,49.99,700
8553,1599,2026-08-21,Starter,9.99,110
8554,13426,2026-07-28,Starter,9.99,110
8555,1844,2026-01-12,Creator,49.99,700
8556,11735,2026-05-03,Starter,9.99,110
8557,12804,2026-08-03,Mini,4.99,50
8558,6802,2026-01-25,Starter,9.99,110
8559,8359,2026-08-01,Pro,99.99,1600
8560,7075,2026-06-24,Starter,9.99,110
8561,693,2026-04-08,Starter,9.99,110
8562,940,2026-03-30,Studio,499.99,10000
8563,1885,2026-03-22,Popular,24.99,300
8564,5277,2026-03-04,Starter,9.99,110
8565,9756,2026-05-20,Mini,4.99,50
8566,14078,2026-01-29,Creator,49.99,700
8567,6292,2026-08-17,Starter,9.99,110
8568,3248,2026-04-28,Popular,24.99,300
8569,14273,2026-08-21,Popular,24.99,300
8570,652,2026-06-23,Creator,49.99,700
8571,4941,2026-05-28,Popular,24.99,300
8572,14780,2026-06-05,Pro,99.99,1600
8573,1009,2026-03-05,Mini,4.99,50
8574,13534,2026-07-29,Popular,24.99,300
8575,7153,2026-07-02,Pro,99.99,1600
8576,2693,2026-01-28,Creator,49.99,700
8577,7639,2026-05-23,Pro,99.99,1600
8578,3256,2026-06-23,Starter,9.99,110
8579,8828,2026-04-26,Creator,49.99,700
8580,8483,2026-01-24,Starter,9.99,110
8581,4401,2026-01-11,Studio,499.99,10000
8582,10223,2026-03-29,Pro,99.99,1600
8583,7924,2026-01-15,Popular,24.99,300
8584,8705,2026-03-25,Max,199.99,3500
8585,13143,2026-05-07,Creator,49.99,700
8586,3376,2026-02-19,Max,199.99,3500
8587,3521,2026-07-02,Creator,49.99,700
8588,2426,2026-08-05,Starter,9.99,110
8589,658,2026-07-26,Popular,24.99,300
8590,1072,2026-03-06,Max,199.99,3500
8591,11567,2026-05-14,Studio,499.99,10000
8592,11711,2026-04-29,Popular,24.99,300
8593,4114,2026-03-17,Popular,24.99,300
8594,1943,2026-03-10,Mini,4.99,50
8595,9978,2026-08-20,Max,199.99,3500
8596,13311,2026-06-28,Starter,9.99,110
8597,6672,2026-01-22,Popular,24.99,300
8598,7104,2026-04-05,Pro,99.99,1600
8599,112,2026-02-17,Pro,99.99,1600
8600,6561,2026-08-03,Popular,24.99,300
8601,5611,2026-02-09,Starter,9.99,110
8602,14015,2026-04-05,Mini,4.99,50
8603,14982,2026-04-12,Creator,49.99,700
8604,14495,2026-01-20,Popular,24.99,300
8605,13259,2026-05-14,Starter,9.99,110
8606,700,2026-06-11,Creator,49.99,700
8607,12974,2026-03-22,Pro,99.99,1600
8608,9995,2026-04-09,Creator,49.99,700
8609,12811,2026-02-20,Mini,4.99,50
8610,12122,2026-05-06,Creator,49.99,700
8611,6079,2026-02-21,Studio,499.99,10000
8612,12665,2026-01-10,Creator,49.99,700
8613,2818,2026-06-10,Popular,24.99,300
8614,4592,2026-02-28,Popular,24.99,300
8615,6283,2026-01-19,Popular,24.99,300
8616,7532,2026-03-18,Pro,99.99,1600
8617,12630,2026-06-06,Studio,499.99,10000
8618,1574,2026-01-30,Starter,9.99,110
8619,12832,2026-02-22,Pro,99.99,1600
8620,14181,2026-08-24,Popular,24.99,300
8621,10590,2026-04-02,Starter,9.99,110
8622,13841,2026-02-18,Starter,9.99,110
8623,9865,2026-02-22,Popular,24.99,300
8624,1922,2026-07-15,Popular,24.99,300
8625,9389,2026-07-21,Mini,4.99,50
8626,6185,2026-02-15,Starter,9.99,110
8627,10881,2026-05-05,Pro,99.99,1600
8628,6189,2026-07-21,Popular,24.99,300
8629,1891,2026-02-22,Popular,24.99,300
8630,13267,2026-04-17,Mini,4.99,50
8631,5430,2026-08-03,Starter,9.99,110
8632,11404,2026-08-17,Popular,24.99,300
8633,2546,2026-05-20,Starter,9.99,110
8634,6966,2026-04-01,Creator,49.99,700
8635,10186,2026-02-12,Creator,49.99,700
8636,3573,2026-04-27,Creator,49.99,700
8637,14175,2026-07-24,Popular,24.99,300
8638,3220,2026-04-09,Creator,49.99,700
8639,5262,2026-05-18,Creator,49.99,700
8640,2510,2026-08-04,Starter,9.99,110
8641,347,2026-08-02,Studio,499.99,10000
8642,6763,2026-04-20,Creator,49.99,700
8643,14286,2026-02-17,Starter,9.99,110
8644,13275,2026-01-12,Popular,24.99,300
8645,4839,2026-01-29,Popular,24.99,300
8646,3175,2026-04-15,Pro,99.99,1600
8647,437,2026-05-02,Max,199.99,3500
8648,5650,2026-05-29,Max,199.99,3500
8649,4601,2026-03-21,Starter,9.99,110
8650,3911,2026-04-15,Starter,9.99,110
8651,7296,2026-05-27,Starter,9.99,110
8652,9007,2026-02-12,Starter,9.99,110
8653,10963,2026-02-14,Pro,99.99,1600
8654,1230,2026-01-02,Popular,24.99,300
8655,9495,2026-01-04,Starter,9.99,110
8656,9110,2026-06-22,Popular,24.99,300
8657,5189,2026-02-10,Max,199.99,3500
8658,7523,2026-06-29,Starter,9.99,110
8659,1254,2026-04-12,Starter,9.99,110
8660,12015,2026-02-12,Max,199.99,3500
8661,11527,2026-01-29,Starter,9.99,110
8662,13542,2026-04-28,Creator,49.99,700
8663,14401,2026-07-03,Popular,24.99,300
8664,7911,2026-01-11,Creator,49.99,700
8665,2029,2026-08-30,Creator,49.99,700
8666,11210,2026-08-21,Popular,24.99,300
8667,7922,2026-03-04,Creator,49.99,700
8668,12871,2026-06-13,Starter,9.99,110
8669,1131,2026-04-05,Starter,9.99,110
8670,4679,2026-04-14,Mini,4.99,50
8671,12957,2026-08-04,Creator,49.99,700
8672,171,2026-08-27,Starter,9.99,110
8673,12031,2026-06-06,Popular,24.99,300
8674,14503,2026-04-03,Popular,24.99,300
8675,10544,2026-07-07,Mini,4.99,50
8676,5435,2026-01-24,Creator,49.99,700
8677,1169,2026-08-03,Starter,9.99,110
8678,2270,2026-07-30,Mini,4.99,50
8679,6929,2026-05-28,Starter,9.99,110
8680,7278,2026-04-10,Starter,9.99,110
8681,11463,2026-05-01,Starter,9.99,110
8682,9977,2026-05-11,Starter,9.99,110
8683,14487,2026-03-31,Studio,499.99,10000
8684,5784,2026-02-26,Mini,4.99,50
8685,13277,2026-07-13,Starter,9.99,110
8686,120,2026-05-25,Creator,49.99,700
8687,5349,2026-08-12,Creator,49.99,700
8688,9738,2026-04-30,Popular,24.99,300
8689,6543,2026-02-21,Pro,99.99,1600
8690,2495,2026-01-07,Creator,49.99,700
8691,12075,2026-04-29,Creator,49.99,700
8692,2010,2026-04-19,Creator,49.99,700
8693,13397,2026-08-23,Pro,99.99,1600
8694,11536,2026-05-09,Mini,4.99,50
8695,2746,2026-07-02,Starter,9.99,110
8696,10074,2026-05-02,Creator,49.99,700
8697,5777,2026-06-25,Popular,24.99,300
8698,14100,2026-01-11,Popular,24.99,300
8699,43,2026-03-28,Popular,24.99,300
8700,13409,2026-08-04,Max,199.99,3500
8701,11842,2026-02-03,Mini,4.99,50
8702,12307,2026-05-01,Pro,99.99,1600
8703,14744,2026-04-27,Max,199.99,3500
8704,3669,2026-08-10,Creator,49.99,700
8705,3801,2026-08-05,Starter,9.99,110
8706,10438,2026-05-01,Starter,9.99,110
8707,14459,2026-04-13,Creator,49.99,700
8708,8728,2026-04-28,Creator,49.99,700
8709,483,2026-08-12,Max,199.99,3500
8710,7086,2026-04-12,Pro,99.99,1600
8711,9605,2026-07-14,Mini,4.99,50
8712,4905,2026-04-12,Mini,4.99,50
8713,14152,2026-02-08,Popular,24.99,300
8714,7651,2026-01-19,Creator,49.99,700
8715,8251,2026-07-06,Mini,4.99,50
8716,9058,2026-01-24,Popular,24.99,300
8717,10254,2026-03-05,Mini,4.99,50
8718,11588,2026-02-23,Starter,9.99,110
8719,10187,2026-07-29,Creator,49.99,700
8720,11239,2026-07-02,Mini,4.99,50
8721,1133,2026-03-13,Starter,9.99,110
8722,11774,2026-03-17,Popular,24.99,300
8723,3716,2026-05-09,Starter,9.99,110
8724,5433,2026-06-26,Starter,9.99,110
8725,6028,2026-03-07,Mini,4.99,50
8726,9970,2026-04-13,Creator,49.99,700
8727,12636,2026-07-19,Starter,9.99,110
8728,11127,2026-08-05,Starter,9.99,110
8729,7218,2026-04-28,Starter,9.99,110
8730,6222,2026-01-04,Max,199.99,3500
8731,5971,2026-03-14,Popular,24.99,300
8732,5502,2026-08-19,Creator,49.99,700
8733,11699,2026-04-02,Starter,9.99,110
8734,14808,2026-04-21,Mini,4.99,50
8735,12314,2026-08-19,Starter,9.99,110
8736,5719,2026-03-30,Starter,9.99,110
8737,3239,2026-04-16,Starter,9.99,110
8738,1600,2026-04-04,Max,199.99,3500
8739,2378,2026-06-05,Starter,9.99,110
8740,5078,2026-01-06,Popular,24.99,300
8741,8402,2026-06-15,Starter,9.99,110
8742,9545,2026-08-10,Pro,99.99,1600
8743,441,2026-02-11,Popular,24.99,300
8744,3140,2026-08-03,Pro,99.99,1600
8745,9311,2026-06-17,Creator,49.99,700
8746,29,2026-05-26,Starter,9.99,110
8747,10011,2026-01-06,Popular,24.99,300
8748,112,2026-03-11,Popular,24.99,300
8749,12080,2026-04-03,Popular,24.99,300
8750,1143,2026-08-15,Mini,4.99,50
8751,13677,2026-04-11,Creator,49.99,700
8752,4585,2026-07-18,Starter,9.99,110
8753,29,2026-02-06,Popular,24.99,300
8754,2274,2026-03-03,Starter,9.99,110
8755,7274,2026-06-03,Creator,49.99,700
8756,1589,2026-07-13,Mini,4.99,50
8757,846,2026-07-16,Studio,499.99,10000
8758,12569,2026-05-27,Popular,24.99,300
8759,4811,2026-04-18,Mini,4.99,50
8760,9420,2026-07-24,Starter,9.99,110
8761,5509,2026-04-30,Creator,49.99,700
8762,333,2026-05-18,Starter,9.99,110
8763,1895,2026-06-09,Starter,9.99,110
8764,6359,2026-03-04,Creator,49.99,700
8765,3515,2026-01-02,Creator,49.99,700
8766,6800,2026-07-06,Popular,24.99,300
8767,825,2026-05-21,Starter,9.99,110
8768,8889,2026-07-14,Popular,24.99,300
8769,7643,2026-01-18,Max,199.99,3500
8770,6424,2026-04-16,Starter,9.99,110
8771,11427,2026-05-13,Mini,4.99,50
8772,8087,2026-07-24,Popular,24.99,300
8773,3769,2026-06-02,Mini,4.99,50
8774,702,2026-04-16,Starter,9.99,110
8775,7102,2026-04-03,Creator,49.99,700
8776,9168,2026-05-19,Studio,499.99,10000
8777,4469,2026-08-06,Creator,49.99,700
8778,13152,2026-08-16,Popular,24.99,300
8779,2463,2026-07-23,Popular,24.99,300
8780,12167,2026-02-03,Starter,9.99,110
8781,11190,2026-05-08,Mini,4.99,50
8782,11681,2026-05-27,Starter,9.99,110
8783,6875,2026-06-07,Creator,49.99,700
8784,5279,2026-05-10,Pro,99.99,1600
8785,6212,2026-01-16,Starter,9.99,110
8786,5787,2026-07-04,Starter,9.99,110
8787,13165,2026-08-29,Popular,24.99,300
8788,4713,2026-08-23,Popular,24.99,300
8789,13963,2026-07-29,Studio,499.99,10000
8790,7831,2026-07-03,Max,199.99,3500
8791,14542,2026-01-21,Starter,9.99,110
8792,6294,2026-02-18,Creator,49.99,700
8793,3076,2026-05-07,Mini,4.99,50
8794,2599,2026-05-07,Max,199.99,3500
8795,13582,2026-05-24,Popular,24.99,300
8796,867,2026-04-11,Starter,9.99,110
8797,9103,2026-02-17,Mini,4.99,50
8798,9612,2026-06-27,Popular,24.99,300
8799,6747,2026-04-25,Studio,499.99,10000
8800,2224,2026-05-09,Popular,24.99,300
8801,9983,2026-05-08,Popular,24.99,300
8802,1174,2026-04-03,Popular,24.99,300
8803,9837,2026-03-27,Popular,24.99,300
8804,2410,2026-02-21,Starter,9.99,110
8805,7936,2026-02-11,Pro,99.99,1600
8806,8154,2026-04-21,Popular,24.99,300
8807,12671,2026-01-11,Studio,499.99,10000
8808,6832,2026-05-29,Starter,9.99,110
8809,7995,2026-03-15,Popular,24.99,300
8810,8615,2026-05-27,Popular,24.99,300
8811,8545,2026-07-19,Starter,9.99,110
8812,11127,2026-07-30,Creator,49.99,700
8813,11879,2026-02-10,Studio,499.99,10000
8814,3710,2026-02-03,Starter,9.99,110
8815,9308,2026-05-16,Starter,9.99,110
8816,14676,2026-05-07,Pro,99.99,1600
8817,10842,2026-02-13,Starter,9.99,110
8818,14763,2026-06-05,Starter,9.99,110
8819,7138,2026-01-13,Max,199.99,3500
8820,6535,2026-02-21,Studio,499.99,10000
8821,552,2026-06-27,Starter,9.99,110
8822,140,2026-04-01,Starter,9.99,110
8823,12885,2026-06-01,Starter,9.99,110
8824,4207,2026-02-01,Popular,24.99,300
8825,12780,2026-07-22,Creator,49.99,700
8826,380,2026-04-12,Creator,49.99,700
8827,350,2026-01-07,Creator,49.99,700
8828,2029,2026-04-25,Starter,9.99,110
8829,13046,2026-06-24,Starter,9.99,110
8830,1349,2026-05-19,Starter,9.99,110
8831,4973,2026-08-03,Mini,4.99,50
8832,6690,2026-02-28,Creator,49.99,700
8833,8194,2026-01-17,Starter,9.99,110
8834,11225,2026-05-10,Pro,99.99,1600
8835,6379,2026-04-21,Mini,4.99,50
8836,8279,2026-03-01,Starter,9.99,110
8837,11608,2026-07-22,Pro,99.99,1600
8838,7876,2026-04-07,Mini,4.99,50
8839,1814,2026-02-26,Max,199.99,3500
8840,3535,2026-04-20,Starter,9.99,110
8841,497,2026-04-14,Starter,9.99,110
8842,4405,2026-05-27,Pro,99.99,1600
8843,12833,2026-08-21,Mini,4.99,50
8844,6106,2026-03-26,Pro,99.99,1600
8845,4364,2026-08-29,Starter,9.99,110
8846,6109,2026-07-08,Starter,9.99,110
8847,8847,2026-03-31,Studio,499.99,10000
8848,9557,2026-07-31,Pro,99.99,1600
8849,6918,2026-01-02,Studio,499.99,10000
8850,2878,2026-02-27,Popular,24.99,300
8851,396,2026-03-23,Starter,9.99,110
8852,6286,2026-07-10,Popular,24.99,300
8853,4283,2026-04-09,Popular,24.99,300
8854,10731,2026-01-14,Popular,24.99,300
8855,4597,2026-07-20,Creator,49.99,700
8856,9387,2026-08-18,Popular,24.99,300
8857,14276,2026-03-13,Creator,49.99,700
8858,4630,2026-03-19,Starter,9.99,110
8859,9425,2026-06-03,Mini,4.99,50
8860,560,2026-05-21,Creator,49.99,700
8861,12352,2026-03-20,Starter,9.99,110
8862,4998,2026-01-22,Mini,4.99,50
8863,11844,2026-03-30,Pro,99.99,1600
8864,4919,2026-06-02,Creator,49.99,700
8865,12154,2026-08-31,Mini,4.99,50
8866,12397,2026-07-12,Pro,99.99,1600
8867,7227,2026-07-11,Creator,49.99,700
8868,3224,2026-06-16,Pro,99.99,1600
8869,5223,2026-07-03,Mini,4.99,50
8870,3939,2026-06-09,Pro,99.99,1600
8871,10958,2026-01-11,Starter,9.99,110
8872,9816,2026-04-11,Pro,99.99,1600
8873,11045,2026-07-17,Starter,9.99,110
8874,5331,2026-01-29,Pro,99.99,1600
8875,6260,2026-07-08,Creator,49.99,700
8876,2977,2026-01-21,Pro,99.99,1600
8877,2015,2026-05-25,Max,199.99,3500
8878,13201,2026-08-26,Popular,24.99,300
8879,8390,2026-05-20,Popular,24.99,300
8880,11933,2026-03-06,Max,199.99,3500
8881,8169,2026-01-31,Starter,9.99,110
8882,14029,2026-02-24,Starter,9.99,110
8883,979,2026-07-04,Creator,49.99,700
8884,12514,2026-07-28,Popular,24.99,300
8885,9573,2026-05-26,Mini,4.99,50
8886,4538,2026-05-14,Starter,9.99,110
8887,14569,2026-05-10,Popular,24.99,300
8888,8849,2026-06-01,Popular,24.99,300
8889,7923,2026-01-19,Popular,24.99,300
8890,9051,2026-01-29,Creator,49.99,700
8891,4691,2026-06-16,Popular,24.99,300
8892,5653,2026-08-28,Mini,4.99,50
8893,10354,2026-03-13,Starter,9.99,110
8894,13045,2026-01-11,Creator,49.99,700
8895,2270,2026-06-15,Pro,99.99,1600
8896,14215,2026-08-15,Pro,99.99,1600
8897,529,2026-05-22,Starter,9.99,110
8898,4186,2026-05-27,Starter,9.99,110
8899,2474,2026-06-12,Popular,24.99,300
8900,9143,2026-03-20,Pro,99.99,1600
8901,3837,2026-02-26,Mini,4.99,50
8902,11501,2026-01-08,Starter,9.99,110
8903,4407,2026-03-23,Creator,49.99,700
8904,10135,2026-05-06,Popular,24.99,300
8905,12619,2026-05-10,Mini,4.99,50
8906,8803,2026-02-03,Pro,99.99,1600
8907,8167,2026-02-09,Max,199.99,3500
8908,3219,2026-04-25,Max,199.99,3500
8909,7352,2026-02-27,Popular,24.99,300
8910,2702,2026-01-04,Pro,99.99,1600
8911,2972,2026-01-28,Starter,9.99,110
8912,4222,2026-04-16,Creator,49.99,700
8913,8605,2026-05-05,Starter,9.99,110
8914,4671,2026-01-19,Popular,24.99,300
8915,10779,2026-01-01,Mini,4.99,50
8916,2671,2026-06-11,Starter,9.99,110
8917,13051,2026-03-17,Creator,49.99,700
8918,11537,2026-08-20,Creator,49.99,700
8919,12426,2026-05-13,Starter,9.99,110
8920,14987,2026-08-24,Popular,24.99,300
8921,7435,2026-01-30,Popular,24.99,300
8922,3468,2026-07-06,Max,199.99,3500
8923,12962,2026-02-09,Creator,49.99,700
8924,13100,2026-07-07,Starter,9.99,110
8925,5772,2026-02-25,Pro,99.99,1600
8926,5723,2026-05-25,Popular,24.99,300
8927,2432,2026-05-16,Creator,49.99,700
8928,13618,2026-07-25,Popular,24.99,300
8929,12221,2026-06-07,Max,199.99,3500
8930,3935,2026-07-05,Pro,99.99,1600
8931,8632,2026-03-30,Starter,9.99,110
8932,8847,2026-03-11,Max,199.99,3500
8933,13092,2026-07-20,Creator,49.99,700
8934,4147,2026-04-23,Max,199.99,3500
8935,675,2026-03-07,Starter,9.99,110
8936,4657,2026-02-09,Creator,49.99,700
8937,10882,2026-06-21,Pro,99.99,1600
8938,1040,2026-05-13,Mini,4.99,50
8939,12465,2026-04-04,Popular,24.99,300
8940,10909,2026-01-23,Popular,24.99,300
8941,12999,2026-05-17,Mini,4.99,50
8942,8921,2026-08-15,Creator,49.99,700
8943,8632,2026-04-07,Starter,9.99,110
8944,7951,2026-02-15,Creator,49.99,700
8945,12586,2026-03-07,Popular,24.99,300
8946,1880,2026-07-15,Creator,49.99,700
8947,9901,2026-03-29,Popular,24.99,300
8948,1759,2026-05-28,Popular,24.99,300
8949,472,2026-06-18,Creator,49.99,700
8950,3905,2026-03-13,Mini,4.99,50
8951,6817,2026-07-04,Mini,4.99,50
8952,10207,2026-08-23,Creator,49.99,700
8953,10492,2026-08-07,Starter,9.99,110
8954,9134,2026-08-04,Popular,24.99,300
8955,9853,2026-02-27,Creator,49.99,700
8956,368,2026-05-24,Pro,99.99,1600
8957,12632,2026-04-14,Pro,99.99,1600
8958,8152,2026-06-30,Studio,499.99,10000
8959,3252,2026-06-30,Studio,499.99,10000
8960,13726,2026-06-05,Starter,9.99,110
8961,12405,2026-08-30,Pro,99.99,1600
8962,3121,2026-03-16,Popular,24.99,300
8963,7612,2026-02-25,Popular,24.99,300
8964,13930,2026-06-29,Starter,9.99,110
8965,10189,2026-03-07,Creator,49.99,700
8966,8930,2026-06-27,Popular,24.99,300
8967,11366,2026-08-21,Creator,49.99,700
8968,14163,2026-03-02,Starter,9.99,110
8969,1222,2026-04-26,Mini,4.99,50
8970,372,2026-03-09,Studio,499.99,10000
8971,11271,2026-08-24,Popular,24.99,300
8972,8606,2026-07-31,Popular,24.99,300
8973,14689,2026-08-16,Creator,49.99,700
8974,12497,2026-05-27,Creator,49.99,700
8975,2897,2026-07-13,Studio,499.99,10000
8976,4523,2026-05-15,Creator,49.99,700
8977,7509,2026-05-30,Starter,9.99,110
8978,10358,2026-01-16,Popular,24.99,300
8979,5990,2026-07-14,Starter,9.99,110
8980,12806,2026-06-17,Mini,4.99,50
8981,2730,2026-01-01,Pro,99.99,1600
8982,14824,2026-02-09,Popular,24.99,300
8983,3131,2026-02-16,Pro,99.99,1600
8984,7973,2026-03-08,Max,199.99,3500
8985,13678,2026-06-26,Creator,49.99,700
8986,9054,2026-06-22,Pro,99.99,1600
8987,6384,2026-04-04,Mini,4.99,50
8988,1803,2026-01-04,Pro,99.99,1600
8989,4151,2026-01-15,Studio,499.99,10000
8990,5283,2026-02-04,Starter,9.99,110
8991,6179,2026-02-06,Studio,499.99,10000
8992,12169,2026-04-19,Popular,24.99,300
8993,1617,2026-08-21,Creator,49.99,700
8994,12830,2026-06-21,Pro,99.99,1600
8995,1292,2026-01-15,Studio,499.99,10000
8996,6534,2026-04-16,Creator,49.99,700
8997,10145,2026-04-04,Mini,4.99,50
8998,9234,2026-06-10,Starter,9.99,110
8999,1448,2026-04-06,Max,199.99,3500
9000,10921,2026-01-25,Mini,4.99,50
9001,11436,2026-05-15,Popular,24.99,300
9002,10376,2026-05-02,Creator,49.99,700
9003,644,2026-08-29,Pro,99.99,1600
9004,12684,2026-08-11,Pro,99.99,1600
9005,14315,2026-01-03,Mini,4.99,50
9006,6082,2026-07-07,Popular,24.99,300
9007,8823,2026-02-10,Pro,99.99,1600
9008,14357,2026-06-10,Starter,9.99,110
9009,3677,2026-05-25,Starter,9.99,110
9010,3646,2026-05-10,Starter,9.99,110
9011,4898,2026-05-05,Starter,9.99,110
9012,5538,2026-06-16,Creator,49.99,700
9013,5462,2026-01-12,Popular,24.99,300
9014,12363,2026-05-31,Starter,9.99,110
9015,13580,2026-01-12,Creator,49.99,700
9016,9401,2026-04-14,Max,199.99,3500
9017,2906,2026-01-01,Max,199.99,3500
9018,9371,2026-03-14,Starter,9.99,110
9019,5821,2026-04-22,Starter,9.99,110
9020,14731,2026-03-23,Mini,4.99,50
9021,13974,2026-06-17,Mini,4.99,50
9022,791,2026-01-25,Creator,49.99,700
9023,3785,2026-01-13,Pro,99.99,1600
9024,14124,2026-07-08,Popular,24.99,300
9025,1348,2026-07-03,Pro,99.99,1600
9026,6048,2026-04-30,Max,199.99,3500
9027,3946,2026-08-07,Mini,4.99,50
9028,2857,2026-05-24,Popular,24.99,300
9029,5349,2026-05-21,Pro,99.99,1600
9030,111,2026-03-18,Creator,49.99,700
9031,11167,2026-07-20,Starter,9.99,110
9032,1257,2026-07-19,Starter,9.99,110
9033,14519,2026-02-22,Mini,4.99,50
9034,1124,2026-08-20,Studio,499.99,10000
9035,4311,2026-06-07,Mini,4.99,50
9036,7857,2026-07-05,Creator,49.99,700
9037,2923,2026-04-13,Max,199.99,3500
9038,5357,2026-02-14,Max,199.99,3500
9039,3267,2026-04-11,Mini,4.99,50
9040,9866,2026-03-15,Starter,9.99,110
9041,1382,2026-06-05,Creator,49.99,700
9042,13241,2026-01-09,Popular,24.99,300
9043,11438,2026-07-29,Max,199.99,3500
9044,13692,2026-04-11,Max,199.99,3500
9045,2502,2026-01-13,Popular,24.99,300
9046,9575,2026-07-22,Popular,24.99,300
9047,12587,2026-06-10,Creator,49.99,700
9048,1606,2026-02-08,Creator,49.99,700
9049,5615,2026-05-15,Mini,4.99,50
9050,8742,2026-03-20,Starter,9.99,110
9051,6528,2026-03-04,Starter,9.99,110
9052,12607,2026-01-13,Creator,49.99,700
9053,14516,2026-03-07,Max,199.99,3500
9054,9994,2026-07-09,Creator,49.99,700
9055,10332,2026-04-02,Pro,99.99,1600
9056,1008,2026-04-28,Creator,49.99,700
9057,664,2026-04-23,Starter,9.99,110
9058,2333,2026-03-01,Popular,24.99,300
9059,12884,2026-08-09,Starter,9.99,110
9060,899,2026-03-14,Max,199.99,3500
9061,11215,2026-04-01,Mini,4.99,50
9062,5242,2026-05-10,Creator,49.99,700
9063,8356,2026-04-07,Starter,9.99,110
9064,4883,2026-06-22,Starter,9.99,110
9065,342,2026-05-20,Popular,24.99,300
9066,13609,2026-04-24,Popular,24.99,300
9067,10827,2026-04-07,Starter,9.99,110
9068,3654,2026-08-20,Popular,24.99,300
9069,11929,2026-07-30,Starter,9.99,110
9070,10090,2026-08-04,Mini,4.99,50
9071,5254,2026-07-15,Pro,99.99,1600
9072,2054,2026-03-12,Starter,9.99,110
9073,9333,2026-03-08,Studio,499.99,10000
9074,5750,2026-03-19,Studio,499.99,10000
9075,3577,2026-06-28,Mini,4.99,50
9076,6249,2026-06-21,Studio,499.99,10000
9077,13917,2026-08-27,Popular,24.99,300
9078,7361,2026-05-13,Creator,49.99,700
9079,7278,2026-01-04,Pro,99.99,1600
9080,6984,2026-02-08,Max,199.99,3500
9081,3117,2026-01-07,Starter,9.99,110
9082,5151,2026-04-01,Starter,9.99,110
9083,6884,2026-08-20,Starter,9.99,110
9084,14352,2026-08-01,Creator,49.99,700
9085,10841,2026-01-08,Creator,49.99,700
9086,14845,2026-04-23,Creator,49.99,700
9087,11249,2026-07-12,Creator,49.99,700
9088,14863,2026-08-21,Mini,4.99,50
9089,10219,2026-05-26,Creator,49.99,700
9090,9842,2026-02-06,Popular,24.99,300
9091,12311,2026-03-07,Pro,99.99,1600
9092,4394,2026-07-01,Starter,9.99,110
9093,14372,2026-04-23,Creator,49.99,700
9094,1162,2026-05-01,Mini,4.99,50
9095,460,2026-03-21,Popular,24.99,300
9096,14561,2026-02-05,Mini,4.99,50
9097,12303,2026-06-20,Popular,24.99,300
9098,6380,2026-06-02,Studio,499.99,10000
9099,13848,2026-07-29,Popular,24.99,300
9100,7208,2026-06-21,Creator,49.99,700
9101,11495,2026-07-31,Creator,49.99,700
9102,10655,2026-02-14,Pro,99.99,1600
9103,13840,2026-06-11,Mini,4.99,50
9104,13663,2026-04-19,Mini,4.99,50
9105,12667,2026-05-18,Pro,99.99,1600
9106,5567,2026-02-13,Starter,9.99,110
9107,2010,2026-04-10,Starter,9.99,110
9108,14771,2026-01-22,Popular,24.99,300
9109,12180,2026-01-23,Popular,24.99,300
9110,7811,2026-05-20,Popular,24.99,300
9111,12742,2026-05-23,Pro,99.99,1600
9112,6730,2026-05-16,Pro,99.99,1600
9113,13445,2026-02-17,Starter,9.99,110
9114,14039,2026-07-22,Starter,9.99,110
9115,6558,2026-06-20,Creator,49.99,700
9116,12544,2026-05-04,Popular,24.99,300
9117,4735,2026-05-03,Mini,4.99,50
9118,2858,2026-04-03,Max,199.99,3500
9119,2968,2026-05-20,Creator,49.99,700
9120,8265,2026-04-15,Popular,24.99,300
9121,12041,2026-07-11,Pro,99.99,1600
9122,14770,2026-08-19,Creator,49.99,700
9123,9026,2026-03-05,Starter,9.99,110
9124,7990,2026-06-25,Max,199.99,3500
9125,14655,2026-04-27,Popular,24.99,300
9126,2727,2026-07-27,Popular,24.99,300
9127,849,2026-06-29,Creator,49.99,700
9128,3841,2026-05-26,Popular,24.99,300
9129,5336,2026-08-14,Pro,99.99,1600
9130,9877,2026-01-05,Mini,4.99,50
9131,3846,2026-05-18,Popular,24.99,300
9132,14654,2026-07-24,Pro,99.99,1600
9133,6404,2026-06-21,Popular,24.99,300
9134,10163,2026-08-25,Popular,24.99,300
9135,12119,2026-04-03,Popular,24.99,300
9136,10075,2026-07-11,Starter,9.99,110
9137,3537,2026-03-21,Creator,49.99,700
9138,10522,2026-03-09,Starter,9.99,110
9139,3943,2026-05-11,Pro,99.99,1600
9140,8743,2026-07-16,Popular,24.99,300
9141,1519,2026-07-07,Max,199.99,3500
9142,3077,2026-02-21,Creator,49.99,700
9143,2520,2026-02-26,Popular,24.99,300
9144,3359,2026-06-22,Mini,4.99,50
9145,4664,2026-07-24,Popular,24.99,300
9146,12110,2026-04-11,Popular,24.99,300
9147,9289,2026-05-18,Starter,9.99,110
9148,10678,2026-08-04,Max,199.99,3500
9149,449,2026-06-11,Popular,24.99,300
9150,14651,2026-03-03,Max,199.99,3500
9151,8715,2026-03-02,Popular,24.99,300
9152,11044,2026-06-04,Starter,9.99,110
9153,12148,2026-04-02,Pro,99.99,1600
9154,9908,2026-03-15,Starter,9.99,110
9155,1405,2026-04-20,Max,199.99,3500
9156,14847,2026-02-28,Mini,4.99,50
9157,8070,2026-02-21,Popular,24.99,300
9158,2409,2026-02-19,Popular,24.99,300
9159,4011,2026-01-12,Pro,99.99,1600
9160,4012,2026-08-18,Creator,49.99,700
9161,9101,2026-06-18,Mini,4.99,50
9162,3601,2026-01-06,Mini,4.99,50
9163,2876,2026-01-17,Popular,24.99,300
9164,3047,2026-06-05,Popular,24.99,300
9165,14787,2026-02-13,Creator,49.99,700
9166,7111,2026-03-09,Popular,24.99,300
9167,8911,2026-01-18,Creator,49.99,700
9168,14321,2026-06-15,Starter,9.99,110
9169,12354,2026-03-06,Starter,9.99,110
9170,3417,2026-08-09,Popular,24.99,300
9171,11670,2026-04-03,Pro,99.99,1600
9172,11912,2026-04-08,Creator,49.99,700
9173,9020,2026-06-10,Popular,24.99,300
9174,12417,2026-01-09,Creator,49.99,700
9175,13819,2026-04-27,Popular,24.99,300
9176,6018,2026-07-05,Creator,49.99,700
9177,9406,2026-05-08,Pro,99.99,1600
9178,3933,2026-03-15,Creator,49.99,700
9179,3517,2026-07-14,Creator,49.99,700
9180,10746,2026-04-21,Pro,99.99,1600
9181,10611,2026-08-06,Popular,24.99,300
9182,5661,2026-08-22,Popular,24.99,300
9183,14634,2026-01-08,Pro,99.99,1600
9184,6810,2026-03-29,Starter,9.99,110
9185,3449,2026-02-20,Creator,49.99,700
9186,11970,2026-06-04,Pro,99.99,1600
9187,8095,2026-03-10,Starter,9.99,110
9188,3298,2026-02-19,Pro,99.99,1600
9189,10730,2026-07-10,Creator,49.99,700
9190,8397,2026-05-04,Creator,49.99,700
9191,6724,2026-07-21,Pro,99.99,1600
9192,1623,2026-01-09,Starter,9.99,110
9193,11817,2026-05-22,Pro,99.99,1600
9194,11445,2026-01-02,Starter,9.99,110
9195,9461,2026-07-02,Starter,9.99,110
9196,2651,2026-01-05,Starter,9.99,110
9197,1735,2026-08-05,Starter,9.99,110
9198,4133,2026-08-29,Popular,24.99,300
9199,11261,2026-06-22,Starter,9.99,110
9200,3351,2026-08-26,Mini,4.99,50
9201,5768,2026-05-28,Starter,9.99,110
9202,10890,2026-03-08,Popular,24.99,300
9203,3457,2026-08-12,Creator,49.99,700
9204,4049,2026-06-26,Studio,499.99,10000
9205,188,2026-05-22,Pro,99.99,1600
9206,14210,2026-08-12,Starter,9.99,110
9207,9823,2026-06-20,Max,199.99,3500
9208,14670,2026-03-31,Popular,24.99,300
9209,5490,2026-06-18,Starter,9.99,110
9210,3790,2026-03-20,Creator,49.99,700
9211,10641,2026-01-30,Popular,24.99,300
9212,659,2026-07-15,Starter,9.99,110
9213,8621,2026-04-07,Studio,499.99,10000
9214,11659,2026-05-19,Mini,4.99,50
9215,6003,2026-06-06,Pro,99.99,1600
9216,8250,2026-02-22,Studio,499.99,10000
9217,9763,2026-05-28,Popular,24.99,300
9218,4155,2026-08-18,Starter,9.99,110
9219,9381,2026-05-11,Mini,4.99,50
9220,3371,2026-01-15,Creator,49.99,700
9221,12434,2026-04-09,Pro,99.99,1600
9222,920,2026-07-18,Max,199.99,3500
9223,11177,2026-06-20,Creator,49.99,700
9224,12309,2026-04-27,Starter,9.99,110
9225,2615,2026-01-15,Popular,24.99,300
9226,355,2026-05-04,Mini,4.99,50
9227,5903,2026-03-11,Creator,49.99,700
9228,13938,2026-05-07,Starter,9.99,110
9229,10798,2026-08-31,Mini,4.99,50
9230,14902,2026-01-05,Starter,9.99,110
9231,13867,2026-07-26,Creator,49.99,700
9232,3944,2026-07-07,Popular,24.99,300
9233,10630,2026-07-24,Pro,99.99,1600
9234,2384,2026-03-09,Mini,4.99,50
9235,14349,2026-04-06,Creator,49.99,700
9236,2284,2026-04-21,Starter,9.99,110
9237,5091,2026-07-28,Creator,49.99,700
9238,13649,2026-05-27,Popular,24.99,300
9239,13142,2026-06-07,Max,199.99,3500
9240,12034,2026-05-01,Popular,24.99,300
9241,11319,2026-08-09,Pro,99.99,1600
9242,5718,2026-01-23,Creator,49.99,700
9243,11991,2026-04-15,Popular,24.99,300
9244,8400,2026-01-30,Creator,49.99,700
9245,11020,2026-03-26,Mini,4.99,50
9246,13210,2026-02-21,Pro,99.99,1600
9247,7169,2026-08-25,Creator,49.99,700
9248,4756,2026-01-16,Studio,499.99,10000
9249,2283,2026-01-23,Popular,24.99,300
9250,11300,2026-06-14,Creator,49.99,700
9251,8229,2026-05-31,Pro,99.99,1600
9252,516,2026-08-07,Starter,9.99,110
9253,7063,2026-04-24,Starter,9.99,110
9254,11565,2026-08-20,Starter,9.99,110
9255,12741,2026-01-20,Creator,49.99,700
9256,1676,2026-02-14,Mini,4.99,50
9257,2,2026-08-06,Pro,99.99,1600
9258,2207,2026-06-08,Creator,49.99,700
9259,2681,2026-06-23,Starter,9.99,110
9260,7960,2026-02-18,Popular,24.99,300
9261,5304,2026-04-07,Mini,4.99,50
9262,4726,2026-08-01,Max,199.99,3500
9263,2662,2026-08-24,Starter,9.99,110
9264,3378,2026-01-13,Pro,99.99,1600
9265,11267,2026-01-18,Creator,49.99,700
9266,3208,2026-07-02,Pro,99.99,1600
9267,3404,2026-05-20,Starter,9.99,110
9268,5379,2026-01-20,Studio,499.99,10000
9269,8411,2026-07-04,Creator,49.99,700
9270,14044,2026-02-07,Popular,24.99,300
9271,11493,2026-05-22,Starter,9.99,110
9272,14022,2026-04-02,Mini,4.99,50
9273,1126,2026-02-02,Creator,49.99,700
9274,4279,2026-01-08,Popular,24.99,300
9275,7856,2026-04-08,Pro,99.99,1600
9276,11699,2026-07-20,Starter,9.99,110
9277,11999,2026-06-28,Starter,9.99,110
9278,8746,2026-04-27,Creator,49.99,700
9279,10293,2026-08-17,Max,199.99,3500
9280,12697,2026-05-28,Starter,9.99,110
9281,2709,2026-02-26,Starter,9.99,110
9282,13046,2026-02-06,Popular,24.99,300
9283,4133,2026-04-27,Pro,99.99,1600
9284,6188,2026-04-18,Creator,49.99,700
9285,4839,2026-03-08,Pro,99.99,1600
9286,5380,2026-08-08,Popular,24.99,300
9287,8944,2026-06-06,Popular,24.99,300
9288,1700,2026-08-22,Creator,49.99,700
9289,414,2026-05-22,Creator,49.99,700
9290,8641,2026-08-05,Mini,4.99,50
9291,782,2026-02-18,Starter,9.99,110
9292,11825,2026-05-27,Creator,49.99,700
9293,12520,2026-03-23,Creator,49.99,700
9294,11113,2026-04-20,Creator,49.99,700
9295,5129,2026-06-23,Starter,9.99,110
9296,8756,2026-07-19,Starter,9.99,110
9297,3940,2026-04-17,Creator,49.99,700
9298,9910,2026-02-07,Studio,499.99,10000
9299,5333,2026-03-01,Starter,9.99,110
9300,5352,2026-03-25,Pro,99.99,1600
9301,9751,2026-07-06,Mini,4.99,50
9302,4991,2026-04-04,Starter,9.99,110
9303,14640,2026-04-21,Studio,499.99,10000
9304,3705,2026-02-12,Creator,49.99,700
9305,4945,2026-03-19,Popular,24.99,300
9306,3123,2026-08-29,Popular,24.99,300
9307,61,2026-08-18,Starter,9.99,110
9308,7326,2026-01-01,Pro,99.99,1600
9309,4814,2026-03-07,Max,199.99,3500
9310,13903,2026-03-05,Mini,4.99,50
9311,829,2026-01-09,Popular,24.99,300
9312,2551,2026-03-04,Popular,24.99,300
9313,10200,2026-05-10,Starter,9.99,110
9314,2030,2026-08-08,Mini,4.99,50
9315,7157,2026-01-22,Popular,24.99,300
9316,8593,2026-05-09,Popular,24.99,300
9317,11467,2026-03-29,Creator,49.99,700
9318,6111,2026-06-24,Starter,9.99,110
9319,9414,2026-02-08,Pro,99.99,1600
9320,2612,2026-01-18,Creator,49.99,700
9321,3376,2026-08-28,Popular,24.99,300
9322,4839,2026-05-01,Studio,499.99,10000
9323,11282,2026-06-15,Starter,9.99,110
9324,2438,2026-08-17,Pro,99.99,1600
9325,5965,2026-01-08,Popular,24.99,300
9326,7809,2026-05-12,Creator,49.99,700
9327,11652,2026-05-02,Popular,24.99,300
9328,11466,2026-06-05,Starter,9.99,110
9329,2816,2026-08-22,Starter,9.99,110
9330,6348,2026-03-16,Starter,9.99,110
9331,11276,2026-04-29,Popular,24.99,300
9332,9207,2026-02-16,Creator,49.99,700
9333,409,2026-01-10,Popular,24.99,300
9334,4278,2026-04-22,Starter,9.99,110
9335,2824,2026-07-27,Starter,9.99,110
9336,2440,2026-05-31,Popular,24.99,300
9337,10445,2026-04-24,Pro,99.99,1600
9338,4281,2026-01-10,Starter,9.99,110
9339,4981,2026-01-23,Creator,49.99,700
9340,995,2026-08-22,Starter,9.99,110
9341,3054,2026-03-13,Popular,24.99,300
9342,10786,2026-01-21,Pro,99.99,1600
9343,1304,2026-05-21,Max,199.99,3500
9344,7739,2026-05-12,Pro,99.99,1600
9345,5616,2026-04-21,Popular,24.99,300
9346,9208,2026-02-06,Creator,49.99,700
9347,836,2026-05-29,Creator,49.99,700
9348,10980,2026-07-09,Starter,9.99,110
9349,10752,2026-06-11,Popular,24.99,300
9350,2209,2026-04-04,Mini,4.99,50
9351,6894,2026-06-29,Mini,4.99,50
9352,3116,2026-04-28,Starter,9.99,110
9353,13138,2026-06-08,Popular,24.99,300
9354,4528,2026-04-23,Popular,24.99,300
9355,5521,2026-03-25,Max,199.99,3500
9356,2513,2026-07-23,Starter,9.99,110
9357,7660,2026-07-23,Mini,4.99,50
9358,415,2026-08-21,Pro,99.99,1600
9359,619,2026-05-26,Starter,9.99,110
9360,9744,2026-07-11,Max,199.99,3500
9361,5118,2026-03-29,Pro,99.99,1600
9362,407,2026-05-16,Pro,99.99,1600
9363,8887,2026-07-02,Popular,24.99,300
9364,13538,2026-06-10,Starter,9.99,110
9365,6537,2026-05-21,Creator,49.99,700
9366,5007,2026-04-05,Starter,9.99,110
9367,14753,2026-06-02,Starter,9.99,110
9368,3556,2026-06-12,Creator,49.99,700
9369,4761,2026-08-11,Mini,4.99,50
9370,645,2026-02-03,Popular,24.99,300
9371,3530,2026-06-08,Popular,24.99,300
9372,7950,2026-03-20,Popular,24.99,300
9373,586,2026-03-10,Pro,99.99,1600
9374,11524,2026-08-15,Popular,24.99,300
9375,2308,2026-01-22,Creator,49.99,700
9376,24,2026-02-23,Starter,9.99,110
9377,11465,2026-07-22,Studio,499.99,10000
9378,11762,2026-01-01,Pro,99.99,1600
9379,9361,2026-07-27,Creator,49.99,700
9380,622,2026-08-02,Starter,9.99,110
9381,1337,2026-06-23,Starter,9.99,110
9382,1573,2026-07-03,Studio,499.99,10000
9383,9220,2026-05-19,Pro,99.99,1600
9384,10857,2026-08-16,Popular,24.99,300
9385,3524,2026-04-15,Popular,24.99,300
9386,12280,2026-06-10,Studio,499.99,10000
9387,12271,2026-03-14,Pro,99.99,1600
9388,1178,2026-05-12,Max,199.99,3500
9389,1602,2026-03-12,Starter,9.99,110
9390,4280,2026-05-28,Mini,4.99,50
9391,10288,2026-05-21,Popular,24.99,300
9392,1162,2026-06-09,Creator,49.99,700
9393,4604,2026-07-18,Mini,4.99,50
9394,10113,2026-05-04,Popular,24.99,300
9395,4627,2026-03-02,Starter,9.99,110
9396,12252,2026-03-04,Starter,9.99,110
9397,3647,2026-06-07,Popular,24.99,300
9398,2866,2026-02-17,Starter,9.99,110
9399,4542,2026-02-17,Mini,4.99,50
9400,8682,2026-07-11,Creator,49.99,700
9401,14966,2026-03-05,Popular,24.99,300
9402,8928,2026-02-25,Starter,9.99,110
9403,4207,2026-01-29,Mini,4.99,50
9404,5718,2026-02-21,Max,199.99,3500
9405,11217,2026-01-05,Mini,4.99,50
9406,1245,2026-01-31,Starter,9.99,110
9407,8219,2026-04-22,Starter,9.99,110
9408,3504,2026-04-01,Max,199.99,3500
9409,4239,2026-04-11,Pro,99.99,1600
9410,263,2026-04-07,Starter,9.99,110
9411,2091,2026-06-15,Starter,9.99,110
9412,6580,2026-03-03,Studio,499.99,10000
9413,14932,2026-01-21,Creator,49.99,700
9414,7462,2026-06-18,Mini,4.99,50
9415,5226,2026-01-23,Pro,99.99,1600
9416,627,2026-03-08,Mini,4.99,50
9417,7319,2026-04-11,Starter,9.99,110
9418,14972,2026-05-20,Mini,4.99,50
9419,9532,2026-08-07,Mini,4.99,50
9420,6200,2026-01-04,Popular,24.99,300
9421,10420,2026-03-24,Mini,4.99,50
9422,690,2026-06-18,Creator,49.99,700
9423,14332,2026-04-29,Mini,4.99,50
9424,380,2026-06-28,Pro,99.99,1600
9425,11804,2026-03-01,Popular,24.99,300
9426,9265,2026-01-09,Max,199.99,3500
9427,14898,2026-05-06,Creator,49.99,700
9428,12737,2026-01-10,Starter,9.99,110
9429,11186,2026-05-23,Mini,4.99,50
9430,13728,2026-01-27,Popular,24.99,300
9431,5097,2026-06-17,Mini,4.99,50
9432,13202,2026-06-25,Popular,24.99,300
9433,2519,2026-07-04,Popular,24.99,300
9434,13742,2026-06-24,Pro,99.99,1600
9435,3368,2026-07-12,Creator,49.99,700
9436,4957,2026-07-24,Mini,4.99,50
9437,10005,2026-06-17,Starter,9.99,110
9438,11670,2026-01-01,Pro,99.99,1600
9439,2358,2026-05-13,Mini,4.99,50
9440,7638,2026-04-02,Popular,24.99,300
9441,2063,2026-08-25,Creator,49.99,700
9442,7237,2026-01-05,Creator,49.99,700
9443,3728,2026-08-17,Starter,9.99,110
9444,12395,2026-05-17,Creator,49.99,700
9445,11318,2026-08-22,Mini,4.99,50
9446,3166,2026-04-16,Popular,24.99,300
9447,9239,2026-01-05,Starter,9.99,110
9448,7033,2026-03-11,Starter,9.99,110
9449,11221,2026-06-09,Max,199.99,3500
9450,6744,2026-07-24,Starter,9.99,110
9451,9002,2026-01-05,Starter,9.99,110
9452,1888,2026-08-31,Starter,9.99,110
9453,1700,2026-06-06,Pro,99.99,1600
9454,12872,2026-08-21,Starter,9.99,110
9455,928,2026-08-21,Mini,4.99,50
9456,775,2026-03-22,Pro,99.99,1600
9457,1937,2026-03-20,Creator,49.99,700
9458,2316,2026-07-30,Popular,24.99,300
9459,5562,2026-04-25,Popular,24.99,300
9460,3667,2026-05-12,Popular,24.99,300
9461,14325,2026-06-19,Creator,49.99,700
9462,7040,2026-05-24,Mini,4.99,50
9463,11907,2026-03-23,Creator,49.99,700
9464,8111,2026-01-29,Starter,9.99,110
9465,6086,2026-05-07,Starter,9.99,110
9466,10222,2026-08-16,Starter,9.99,110
9467,13420,2026-06-24,Max,199.99,3500
9468,8752,2026-01-03,Creator,49.99,700
9469,4688,2026-07-15,Mini,4.99,50
9470,6519,2026-07-06,Popular,24.99,300
9471,5182,2026-02-17,Pro,99.99,1600
9472,13583,2026-05-29,Pro,99.99,1600
9473,1867,2026-01-21,Starter,9.99,110
9474,14506,2026-05-01,Popular,24.99,300
9475,1946,2026-04-11,Mini,4.99,50
9476,12256,2026-05-05,Popular,24.99,300
9477,10331,2026-07-21,Pro,99.99,1600
9478,4554,2026-04-01,Pro,99.99,1600
9479,5784,2026-04-16,Mini,4.99,50
9480,1750,2026-06-29,Popular,24.99,300
9481,7945,2026-02-21,Starter,9.99,110
9482,6210,2026-04-01,Creator,49.99,700
9483,9986,2026-08-04,Starter,9.99,110
9484,8058,2026-05-25,Popular,24.99,300
9485,3575,2026-04-02,Pro,99.99,1600
9486,2086,2026-04-07,Pro,99.99,1600
9487,10642,2026-03-21,Pro,99.99,1600
9488,11800,2026-04-13,Studio,499.99,10000
9489,9308,2026-01-01,Studio,499.99,10000
9490,13628,2026-03-15,Creator,49.99,700
9491,3725,2026-02-14,Starter,9.99,110
9492,10128,2026-07-14,Pro,99.99,1600
9493,2870,2026-06-02,Max,199.99,3500
9494,2804,2026-04-26,Creator,49.99,700
9495,1930,2026-05-18,Pro,99.99,1600
9496,3530,2026-02-18,Pro,99.99,1600
9497,1962,2026-03-06,Starter,9.99,110
9498,1024,2026-07-22,Studio,499.99,10000
9499,14027,2026-04-30,Starter,9.99,110
9500,9595,2026-06-19,Popular,24.99,300
9501,9608,2026-03-28,Starter,9.99,110
9502,10182,2026-08-09,Mini,4.99,50
9503,9823,2026-03-21,Studio,499.99,10000
9504,14603,2026-03-03,Starter,9.99,110
9505,1309,2026-04-16,Creator,49.99,700
9506,13245,2026-01-25,Pro,99.99,1600
9507,11371,2026-05-06,Popular,24.99,300
9508,6215,2026-04-26,Pro,99.99,1600
9509,6049,2026-06-16,Max,199.99,3500
9510,9422,2026-03-03,Popular,24.99,300
9511,14046,2026-06-06,Mini,4.99,50
9512,13028,2026-03-23,Starter,9.99,110
9513,13410,2026-07-12,Studio,499.99,10000
9514,12136,2026-06-18,Mini,4.99,50
9515,2209,2026-03-31,Popular,24.99,300
9516,3840,2026-01-03,Studio,499.99,10000
9517,4564,2026-05-03,Mini,4.99,50
9518,3367,2026-07-15,Popular,24.99,300
9519,1270,2026-08-20,Pro,99.99,1600
9520,10304,2026-01-21,Starter,9.99,110
9521,1116,2026-04-06,Mini,4.99,50
9522,1975,2026-03-19,Mini,4.99,50
9523,3862,2026-07-14,Starter,9.99,110
9524,13975,2026-05-27,Max,199.99,3500
9525,4581,2026-06-28,Max,199.99,3500
9526,14489,2026-05-29,Pro,99.99,1600
9527,697,2026-05-04,Creator,49.99,700
9528,14653,2026-08-31,Popular,24.99,300
9529,5766,2026-07-18,Starter,9.99,110
9530,1779,2026-02-18,Studio,499.99,10000
9531,14199,2026-06-14,Popular,24.99,300
9532,10259,2026-03-11,Creator,49.99,700
9533,8314,2026-07-29,Popular,24.99,300
9534,2959,2026-02-03,Popular,24.99,300
9535,11994,2026-05-13,Starter,9.99,110
9536,5967,2026-07-22,Studio,499.99,10000
9537,627,2026-03-06,Pro,99.99,1600
9538,7862,2026-03-07,Popular,24.99,300
9539,778,2026-02-24,Starter,9.99,110
9540,1800,2026-06-16,Creator,49.99,700
9541,2008,2026-01-27,Mini,4.99,50
9542,8329,2026-07-19,Starter,9.99,110
9543,13441,2026-01-17,Creator,49.99,700
9544,9436,2026-01-07,Mini,4.99,50
9545,5744,2026-04-10,Max,199.99,3500
9546,4632,2026-03-25,Starter,9.99,110
9547,7305,2026-01-11,Starter,9.99,110
9548,5999,2026-08-19,Popular,24.99,300
9549,1050,2026-03-05,Starter,9.99,110
9550,12502,2026-03-28,Starter,9.99,110
9551,1128,2026-05-12,Starter,9.99,110
9552,8358,2026-06-01,Pro,99.99,1600
9553,13127,2026-08-19,Starter,9.99,110
9554,1358,2026-04-26,Pro,99.99,1600
9555,9823,2026-02-18,Popular,24.99,300
9556,3713,2026-06-05,Pro,99.99,1600
9557,14100,2026-07-27,Creator,49.99,700
9558,12784,2026-01-10,Mini,4.99,50
9559,4455,2026-03-28,Starter,9.99,110
9560,10095,2026-07-14,Creator,49.99,700
9561,5006,2026-01-01,Mini,4.99,50
9562,4532,2026-02-09,Starter,9.99,110
9563,14152,2026-08-28,Starter,9.99,110
9564,4338,2026-08-30,Creator,49.99,700
9565,10502,2026-05-14,Creator,49.99,700
9566,8822,2026-08-16,Max,199.99,3500
9567,11307,2026-02-16,Mini,4.99,50
9568,1809,2026-02-05,Pro,99.99,1600
9569,13548,2026-07-28,Mini,4.99,50
9570,1587,2026-06-30,Mini,4.99,50
9571,4379,2026-01-13,Starter,9.99,110
9572,76,2026-04-15,Starter,9.99,110
9573,5850,2026-08-05,Max,199.99,3500
9574,448,2026-06-22,Creator,49.99,700
9575,8673,2026-07-01,Starter,9.99,110
9576,7812,2026-02-05,Studio,499.99,10000
9577,13979,2026-05-31,Creator,49.99,700
9578,10656,2026-03-30,Popular,24.99,300
9579,10927,2026-03-18,Studio,499.99,10000
9580,6049,2026-04-22,Max,199.99,3500
9581,5428,2026-06-15,Mini,4.99,50
9582,5794,2026-01-12,Starter,9.99,110
9583,1145,2026-05-31,Studio,499.99,10000
9584,579,2026-06-09,Creator,49.99,700
9585,4095,2026-06-14,Starter,9.99,110
9586,787,2026-07-16,Starter,9.99,110
9587,13880,2026-04-23,Popular,24.99,300
9588,10266,2026-08-13,Starter,9.99,110
9589,1197,2026-02-10,Popular,24.99,300
9590,649,2026-04-01,Studio,499.99,10000
9591,4413,2026-02-22,Starter,9.99,110
9592,4538,2026-06-27,Creator,49.99,700
9593,11662,2026-06-06,Pro,99.99,1600
9594,3166,2026-05-15,Popular,24.99,300
9595,12610,2026-03-14,Starter,9.99,110
9596,13805,2026-03-05,Studio,499.99,10000
9597,9165,2026-04-26,Max,199.99,3500
9598,2480,2026-08-31,Pro,99.99,1600
9599,2422,2026-07-07,Starter,9.99,110
9600,12623,2026-01-01,Starter,9.99,110
9601,2519,2026-02-10,Mini,4.99,50
9602,1420,2026-06-22,Creator,49.99,700
9603,7203,2026-06-09,Studio,499.99,10000
9604,7341,2026-08-12,Popular,24.99,300
9605,2246,2026-03-04,Starter,9.99,110
9606,14881,2026-07-08,Max,199.99,3500
9607,3398,2026-05-14,Starter,9.99,110
9608,9823,2026-01-30,Mini,4.99,50
9609,12684,2026-05-28,Popular,24.99,300
9610,797,2026-03-05,Studio,499.99,10000
9611,11302,2026-05-23,Pro,99.99,1600
9612,1148,2026-03-16,Popular,24.99,300
9613,8114,2026-06-22,Starter,9.99,110
9614,14024,2026-07-29,Studio,499.99,10000
9615,14117,2026-04-10,Creator,49.99,700
9616,14373,2026-03-11,Starter,9.99,110
9617,244,2026-04-24,Pro,99.99,1600
9618,4571,2026-03-05,Pro,99.99,1600
9619,10282,2026-02-16,Pro,99.99,1600
9620,4245,2026-03-23,Creator,49.99,700
9621,13566,2026-06-15,Max,199.99,3500
9622,1717,2026-06-25,Creator,49.99,700
9623,349,2026-07-17,Starter,9.99,110
9624,11988,2026-05-04,Popular,24.99,300
9625,7531,2026-04-30,Creator,49.99,700
9626,14979,2026-01-06,Starter,9.99,110
9627,13645,2026-05-01,Max,199.99,3500
9628,9168,2026-06-17,Creator,49.99,700
9629,14527,2026-08-01,Creator,49.99,700
9630,11789,2026-01-09,Starter,9.99,110
9631,14806,2026-02-21,Pro,99.99,1600
9632,10084,2026-02-19,Popular,24.99,300
9633,5014,2026-05-21,Popular,24.99,300
9634,13781,2026-05-19,Creator,49.99,700
9635,5133,2026-02-01,Mini,4.99,50
9636,12017,2026-05-11,Mini,4.99,50
9637,13860,2026-05-10,Mini,4.99,50
9638,9015,2026-03-17,Max,199.99,3500
9639,1321,2026-02-21,Mini,4.99,50
9640,3525,2026-08-17,Pro,99.99,1600
9641,8644,2026-03-05,Popular,24.99,300
9642,4337,2026-03-03,Max,199.99,3500
9643,6056,2026-01-03,Creator,49.99,700
9644,424,2026-03-20,Pro,99.99,1600
9645,3732,2026-07-03,Creator,49.99,700
9646,5097,2026-05-29,Creator,49.99,700
9647,6597,2026-07-31,Creator,49.99,700
9648,5514,2026-07-22,Starter,9.99,110
9649,5661,2026-07-28,Popular,24.99,300
9650,3932,2026-04-02,Creator,49.99,700
9651,4939,2026-01-20,Starter,9.99,110
9652,3545,2026-05-09,Starter,9.99,110
9653,7505,2026-04-03,Starter,9.99,110
9654,11327,2026-06-01,Max,199.99,3500
9655,8676,2026-05-15,Starter,9.99,110
9656,135,2026-06-19,Popular,24.99,300
9657,13557,2026-02-25,Creator,49.99,700
9658,2245,2026-01-19,Mini,4.99,50
9659,168,2026-02-15,Popular,24.99,300
9660,13772,2026-03-22,Popular,24.99,300
9661,4710,2026-06-05,Starter,9.99,110
9662,12933,2026-05-08,Creator,49.99,700
9663,12830,2026-02-12,Starter,9.99,110
9664,2372,2026-08-17,Starter,9.99,110
9665,9272,2026-07-20,Max,199.99,3500
9666,2590,2026-05-25,Starter,9.99,110
9667,1316,2026-01-18,Mini,4.99,50
9668,14913,2026-03-03,Creator,49.99,700
9669,4988,2026-02-22,Pro,99.99,1600
9670,330,2026-06-28,Pro,99.99,1600
9671,7530,2026-02-20,Creator,49.99,700
9672,2604,2026-06-23,Starter,9.99,110
9673,7773,2026-06-27,Studio,499.99,10000
9674,3071,2026-08-29,Popular,24.99,300
9675,8425,2026-04-05,Popular,24.99,300
9676,10038,2026-04-23,Max,199.99,3500
9677,4660,2026-02-02,Starter,9.99,110
9678,13709,2026-04-11,Starter,9.99,110
9679,995,2026-04-10,Max,199.99,3500
9680,1990,2026-08-01,Mini,4.99,50
9681,3552,2026-06-04,Creator,49.99,700
9682,11229,2026-02-23,Starter,9.99,110
9683,13738,2026-07-22,Pro,99.99,1600
9684,11801,2026-08-24,Popular,24.99,300
9685,1378,2026-06-23,Popular,24.99,300
9686,960,2026-05-01,Starter,9.99,110
9687,7742,2026-02-17,Starter,9.99,110
9688,4897,2026-03-25,Max,199.99,3500
9689,9076,2026-06-29,Pro,99.99,1600
9690,14787,2026-02-07,Studio,499.99,10000
9691,9938,2026-01-27,Creator,49.99,700
9692,4805,2026-01-23,Creator,49.99,700
9693,9202,2026-01-03,Creator,49.99,700
9694,11210,2026-02-03,Starter,9.99,110
9695,11699,2026-05-22,Starter,9.99,110
9696,9123,2026-04-30,Popular,24.99,300
9697,5244,2026-01-25,Starter,9.99,110
9698,11234,2026-05-17,Creator,49.99,700
9699,1197,2026-05-31,Starter,9.99,110
9700,6926,2026-07-28,Pro,99.99,1600
9701,13831,2026-08-26,Starter,9.99,110
9702,12283,2026-03-27,Popular,24.99,300
9703,7663,2026-08-08,Creator,49.99,700
9704,9397,2026-08-14,Creator,49.99,700
9705,10549,2026-05-21,Creator,49.99,700
9706,10506,2026-02-14,Pro,99.99,1600
9707,4402,2026-02-08,Creator,49.99,700
9708,4421,2026-06-01,Popular,24.99,300
9709,4678,2026-02-20,Creator,49.99,700
9710,4236,2026-06-03,Creator,49.99,700
9711,11838,2026-01-29,Starter,9.99,110
9712,6441,2026-04-18,Max,199.99,3500
9713,12968,2026-08-18,Starter,9.99,110
9714,4705,2026-08-28,Creator,49.99,700
9715,12652,2026-05-30,Pro,99.99,1600
9716,9035,2026-06-17,Popular,24.99,300
9717,12642,2026-01-23,Mini,4.99,50
9718,7630,2026-06-19,Creator,49.99,700
9719,96,2026-02-03,Popular,24.99,300
9720,1766,2026-05-01,Starter,9.99,110
9721,5165,2026-03-10,Starter,9.99,110
9722,12535,2026-08-19,Starter,9.99,110
9723,3283,2026-02-17,Pro,99.99,1600
9724,5541,2026-05-18,Max,199.99,3500
9725,1344,2026-08-15,Pro,99.99,1600
9726,4455,2026-01-21,Starter,9.99,110
9727,8573,2026-04-21,Max,199.99,3500
9728,1396,2026-08-16,Starter,9.99,110
9729,5650,2026-01-04,Max,199.99,3500
9730,167,2026-04-06,Popular,24.99,300
9731,1186,2026-05-07,Starter,9.99,110
9732,5066,2026-04-04,Max,199.99,3500
9733,9693,2026-04-24,Pro,99.99,1600
9734,12417,2026-01-23,Popular,24.99,300
9735,11079,2026-02-02,Studio,499.99,10000
9736,12593,2026-05-01,Creator,49.99,700
9737,5093,2026-01-08,Popular,24.99,300
9738,4253,2026-08-01,Creator,49.99,700
9739,2601,2026-02-28,Creator,49.99,700
9740,6957,2026-01-31,Studio,499.99,10000
9741,7838,2026-04-27,Popular,24.99,300
9742,13363,2026-01-04,Starter,9.99,110
9743,6753,2026-03-31,Creator,49.99,700
9744,4295,2026-04-07,Popular,24.99,300
9745,10680,2026-05-14,Starter,9.99,110
9746,7802,2026-05-28,Popular,24.99,300
9747,4821,2026-06-20,Starter,9.99,110
9748,1456,2026-03-25,Max,199.99,3500
9749,12300,2026-01-01,Creator,49.99,700
9750,5973,2026-02-16,Creator,49.99,700
9751,10488,2026-05-13,Popular,24.99,300
9752,5965,2026-02-05,Creator,49.99,700
9753,528,2026-04-07,Starter,9.99,110
9754,1502,2026-07-17,Creator,49.99,700
9755,4085,2026-03-30,Starter,9.99,110
9756,10427,2026-03-12,Starter,9.99,110
9757,421,2026-03-29,Mini,4.99,50
9758,1399,2026-05-28,Pro,99.99,1600
9759,8705,2026-05-30,Starter,9.99,110
9760,1822,2026-07-14,Pro,99.99,1600
9761,13444,2026-07-10,Mini,4.99,50
9762,817,2026-03-10,Starter,9.99,110
9763,4706,2026-01-15,Creator,49.99,700
9764,10945,2026-07-04,Starter,9.99,110
9765,8176,2026-07-05,Creator,49.99,700
9766,8629,2026-08-10,Popular,24.99,300
9767,9515,2026-02-17,Pro,99.99,1600
9768,12755,2026-07-22,Creator,49.99,700
9769,12979,2026-02-28,Popular,24.99,300
9770,14205,2026-02-02,Starter,9.99,110
9771,10202,2026-03-26,Starter,9.99,110
9772,1595,2026-05-03,Max,199.99,3500
9773,9627,2026-08-21,Popular,24.99,300
9774,6512,2026-05-26,Starter,9.99,110
9775,4245,2026-07-09,Popular,24.99,300
9776,7530,2026-07-06,Starter,9.99,110
9777,5135,2026-01-29,Creator,49.99,700
9778,299,2026-07-29,Max,199.99,3500
9779,13606,2026-06-20,Starter,9.99,110
9780,888,2026-06-05,Creator,49.99,700
9781,2946,2026-05-17,Pro,99.99,1600
9782,5531,2026-01-23,Popular,24.99,300
9783,7990,2026-07-03,Creator,49.99,700
9784,11988,2026-08-19,Starter,9.99,110
9785,6940,2026-07-24,Mini,4.99,50
9786,5653,2026-04-11,Mini,4.99,50
9787,551,2026-07-28,Mini,4.99,50
9788,8260,2026-04-10,Popular,24.99,300
9789,3225,2026-01-14,Pro,99.99,1600
9790,13571,2026-08-14,Creator,49.99,700
9791,8743,2026-08-04,Max,199.99,3500
9792,10344,2026-06-26,Mini,4.99,50
9793,896,2026-02-25,Popular,24.99,300
9794,6422,2026-01-26,Popular,24.99,300
9795,12889,2026-07-25,Pro,99.99,1600
9796,4038,2026-07-15,Popular,24.99,300
9797,12909,2026-06-06,Mini,4.99,50
9798,14558,2026-01-19,Starter,9.99,110
9799,12041,2026-07-15,Popular,24.99,300
9800,7619,2026-02-01,Popular,24.99,300
9801,626,2026-07-14,Starter,9.99,110
9802,4176,2026-07-16,Max,199.99,3500
9803,12249,2026-06-12,Studio,499.99,10000
9804,7080,2026-05-08,Mini,4.99,50
9805,3461,2026-03-05,Starter,9.99,110
9806,12972,2026-07-15,Max,199.99,3500
9807,8812,2026-04-20,Studio,499.99,10000
9808,754,2026-01-20,Starter,9.99,110
9809,3857,2026-08-19,Mini,4.99,50
9810,2599,2026-03-30,Popular,24.99,300
9811,9045,2026-04-10,Popular,24.99,300
9812,13346,2026-07-23,Starter,9.99,110
9813,7899,2026-02-05,Max,199.99,3500
9814,7042,2026-04-02,Pro,99.99,1600
9815,13751,2026-01-11,Max,199.99,3500
9816,5151,2026-05-06,Creator,49.99,700
9817,9009,2026-06-21,Mini,4.99,50
9818,9452,2026-04-05,Starter,9.99,110
9819,3766,2026-07-12,Creator,49.99,700
9820,2507,2026-04-26,Creator,49.99,700
9821,13506,2026-03-13,Starter,9.99,110
9822,10742,2026-03-24,Creator,49.99,700
9823,14282,2026-03-23,Pro,99.99,1600
9824,1141,2026-05-03,Creator,49.99,700
9825,8344,2026-03-29,Starter,9.99,110
9826,9835,2026-08-23,Mini,4.99,50
9827,11728,2026-03-13,Creator,49.99,700
9828,4582,2026-03-06,Starter,9.99,110
9829,10139,2026-03-08,Max,199.99,3500
9830,14573,2026-03-18,Starter,9.99,110
9831,5529,2026-05-03,Pro,99.99,1600
9832,9569,2026-04-10,Popular,24.99,300
9833,5420,2026-05-19,Starter,9.99,110
9834,1049,2026-05-02,Pro,99.99,1600
9835,2148,2026-04-04,Starter,9.99,110
9836,11231,2026-08-27,Mini,4.99,50
9837,4821,2026-05-29,Starter,9.99,110
9838,14761,2026-07-23,Starter,9.99,110
9839,12536,2026-05-12,Pro,99.99,1600
9840,12925,2026-08-09,Starter,9.99,110
9841,4089,2026-07-16,Creator,49.99,700
9842,5582,2026-02-20,Mini,4.99,50
9843,11183,2026-06-21,Max,199.99,3500
9844,10371,2026-08-05,Popular,24.99,300
9845,3992,2026-01-28,Pro,99.99,1600
9846,2145,2026-04-05,Max,199.99,3500
9847,7860,2026-02-14,Starter,9.99,110
9848,1533,2026-06-16,Max,199.99,3500
9849,5103,2026-03-26,Popular,24.99,300
9850,5625,2026-02-18,Max,199.99,3500
9851,14200,2026-06-09,Starter,9.99,110
9852,6149,2026-01-15,Popular,24.99,300
9853,8818,2026-04-09,Popular,24.99,300
9854,11349,2026-03-18,Pro,99.99,1600
9855,10385,2026-03-20,Creator,49.99,700
9856,7118,2026-05-01,Starter,9.99,110
9857,9512,2026-07-08,Pro,99.99,1600
9858,5357,2026-02-01,Pro,99.99,1600
9859,2475,2026-07-03,Pro,99.99,1600
9860,5175,2026-06-29,Creator,49.99,700
9861,13578,2026-08-19,Starter,9.99,110
9862,213,2026-03-29,Starter,9.99,110
9863,9811,2026-05-28,Mini,4.99,50
9864,12988,2026-05-26,Popular,24.99,300
9865,6550,2026-08-29,Starter,9.99,110
9866,502,2026-04-24,Pro,99.99,1600
9867,358,2026-06-17,Creator,49.99,700
9868,2353,2026-04-24,Mini,4.99,50
9869,11271,2026-01-18,Starter,9.99,110
9870,3684,2026-08-26,Starter,9.99,110
9871,1943,2026-01-28,Mini,4.99,50
9872,12440,2026-01-14,Starter,9.99,110
9873,8001,2026-01-01,Creator,49.99,700
9874,14913,2026-02-22,Max,199.99,3500
9875,9238,2026-02-17,Starter,9.99,110
9876,4874,2026-02-02,Mini,4.99,50
9877,7632,2026-02-20,Popular,24.99,300
9878,11558,2026-06-20,Starter,9.99,110
9879,7366,2026-05-07,Popular,24.99,300
9880,1249,2026-05-25,Starter,9.99,110
9881,1487,2026-08-12,Mini,4.99,50
9882,5235,2026-05-16,Popular,24.99,300
9883,5554,2026-02-20,Max,199.99,3500
9884,8048,2026-05-26,Popular,24.99,300
9885,9821,2026-05-18,Pro,99.99,1600
9886,11516,2026-01-12,Starter,9.99,110
9887,8137,2026-03-28,Starter,9.99,110
9888,4032,2026-02-10,Creator,49.99,700
9889,11584,2026-08-24,Starter,9.99,110
9890,2180,2026-08-21,Studio,499.99,10000
9891,1647,2026-06-30,Mini,4.99,50
9892,6652,2026-01-12,Mini,4.99,50
9893,11991,2026-08-20,Starter,9.99,110
9894,12769,2026-06-26,Popular,24.99,300
9895,1897,2026-04-28,Creator,49.99,700
9896,12528,2026-03-02,Starter,9.99,110
9897,8401,2026-04-27,Mini,4.99,50
9898,11425,2026-01-19,Popular,24.99,300
9899,8995,2026-06-27,Starter,9.99,110
9900,11377,2026-08-30,Creator,49.99,700
9901,5873,2026-08-03,Max,199.99,3500
9902,3759,2026-04-03,Mini,4.99,50
9903,10697,2026-08-03,Pro,99.99,1600
9904,2398,2026-07-14,Popular,24.99,300
9905,2065,2026-03-15,Popular,24.99,300
9906,8358,2026-07-17,Mini,4.99,50
9907,3072,2026-06-14,Popular,24.99,300
9908,9083,2026-01-29,Starter,9.99,110
9909,6978,2026-05-02,Starter,9.99,110
9910,859,2026-02-03,Creator,49.99,700
9911,7033,2026-04-16,Pro,99.99,1600
9912,5441,2026-08-06,Max,199.99,3500
9913,4597,2026-05-06,Popular,24.99,300
9914,13228,2026-01-14,Starter,9.99,110
9915,10272,2026-02-19,Starter,9.99,110
9916,9225,2026-03-17,Starter,9.99,110
9917,1081,2026-04-10,Creator,49.99,700
9918,9761,2026-04-03,Starter,9.99,110
9919,8564,2026-07-07,Pro,99.99,1600
9920,10631,2026-01-31,Starter,9.99,110
9921,3592,2026-08-06,Starter,9.99,110
9922,14751,2026-04-12,Popular,24.99,300
9923,75,2026-08-07,Pro,99.99,1600
9924,13821,2026-01-05,Creator,49.99,700
9925,13722,2026-07-26,Mini,4.99,50
9926,1734,2026-08-23,Starter,9.99,110
9927,12586,2026-08-15,Pro,99.99,1600
9928,9418,2026-03-21,Pro,99.99,1600
9929,1382,2026-03-06,Starter,9.99,110
9930,7289,2026-06-18,Starter,9.99,110
9931,10198,2026-03-02,Studio,499.99,10000
9932,9833,2026-02-18,Creator,49.99,700
9933,13118,2026-05-23,Starter,9.99,110
9934,1230,2026-04-05,Studio,499.99,10000
9935,7327,2026-02-15,Mini,4.99,50
9936,14333,2026-03-21,Popular,24.99,300
9937,13899,2026-04-23,Starter,9.99,110
9938,576,2026-08-05,Starter,9.99,110
9939,4143,2026-08-09,Max,199.99,3500
9940,1243,2026-07-31,Starter,9.99,110
9941,1140,2026-06-23,Starter,9.99,110
9942,5271,2026-03-31,Max,199.99,3500
9943,3831,2026-05-17,Creator,49.99,700
9944,11054,2026-03-07,Mini,4.99,50
9945,14460,2026-06-15,Popular,24.99,300
9946,14957,2026-06-25,Popular,24.99,300
9947,6100,2026-01-21,Starter,9.99,110
9948,12529,2026-02-02,Popular,24.99,300
9949,2908,2026-03-18,Starter,9.99,110
9950,5566,2026-06-07,Creator,49.99,700
9951,6114,2026-07-30,Popular,24.99,300
9952,8118,2026-08-30,Starter,9.99,110
9953,12535,2026-07-15,Pro,99.99,1600
9954,10328,2026-02-24,Starter,9.99,110
9955,13233,2026-07-24,Popular,24.99,300
9956,6867,2026-07-18,Max,199.99,3500
9957,10667,2026-02-08,Popular,24.99,300
9958,6232,2026-07-07,Mini,4.99,50
9959,10614,2026-03-11,Creator,49.99,700
9960,5658,2026-08-12,Starter,9.99,110
9961,462,2026-08-28,Starter,9.99,110
9962,13232,2026-06-30,Creator,49.99,700
9963,7196,2026-02-21,Mini,4.99,50
9964,10181,2026-07-03,Starter,9.99,110
9965,2305,2026-06-14,Starter,9.99,110
9966,790,2026-04-18,Studio,499.99,10000
9967,5013,2026-07-01,Pro,99.99,1600
9968,8726,2026-02-28,Creator,49.99,700
9969,281,2026-07-11,Popular,24.99,300
9970,8195,2026-05-25,Starter,9.99,110
9971,2069,2026-06-18,Popular,24.99,300
9972,5952,2026-02-12,Starter,9.99,110
9973,13624,2026-08-17,Creator,49.99,700
9974,6642,2026-07-11,Starter,9.99,110
9975,4216,2026-07-03,Popular,24.99,300
9976,9302,2026-06-18,Studio,499.99,10000
9977,11666,2026-03-12,Mini,4.99,50
9978,14765,2026-03-15,Studio,499.99,10000
9979,11700,2026-04-05,Popular,24.99,300
9980,14676,2026-01-05,Starter,9.99,110
9981,3934,2026-02-06,Popular,24.99,300
9982,9321,2026-01-28,Popular,24.99,300
9983,7045,2026-07-03,Creator,49.99,700
9984,6853,2026-07-05,Creator,49.99,700
9985,13527,2026-06-22,Mini,4.99,50
9986,5540,2026-03-10,Popular,24.99,300
9987,2892,2026-01-12,Creator,49.99,700
9988,8104,2026-05-26,Starter,9.99,110
9989,4950,2026-03-02,Starter,9.99,110
9990,4684,2026-04-01,Creator,49.99,700
9991,6273,2026-07-20,Starter,9.99,110
9992,8507,2026-06-08,Popular,24.99,300
9993,12744,2026-01-17,Max,199.99,3500
9994,907,2026-04-11,Popular,24.99,300
9995,1834,2026-07-14,Starter,9.99,110
9996,11569,2026-03-04,Starter,9.99,110
9997,3368,2026-02-04,Starter,9.99,110
9998,4752,2026-07-15,Creator,49.99,700
9999,7834,2026-08-27,Creator,49.99,700
10000,4425,2026-08-22,Mini,4.99,50
10001,10320,2026-07-22,Studio,499.99,10000
10002,8855,2026-05-02,Mini,4.99,50
10003,14827,2026-08-30,Creator,49.99,700
10004,8625,2026-08-09,Starter,9.99,110
10005,10,2026-05-03,Mini,4.99,50
10006,14811,2026-01-05,Mini,4.99,50
10007,1482,2026-08-16,Studio,499.99,10000
10008,2462,2026-01-19,Starter,9.99,110
10009,2162,2026-01-15,Starter,9.99,110
10010,10984,2026-05-09,Starter,9.99,110
10011,6252,2026-03-15,Creator,49.99,700
10012,9526,2026-05-04,Creator,49.99,700
10013,14494,2026-08-16,Mini,4.99,50
10014,731,2026-08-16,Starter,9.99,110
10015,591,2026-01-09,Studio,499.99,10000
10016,3738,2026-01-14,Popular,24.99,300
10017,9471,2026-07-12,Starter,9.99,110
10018,4613,2026-08-29,Starter,9.99,110
10019,747,2026-02-07,Creator,49.99,700
10020,11604,2026-04-04,Pro,99.99,1600
10021,12500,2026-02-18,Starter,9.99,110
10022,4964,2026-07-11,Starter,9.99,110
10023,9219,2026-03-18,Creator,49.99,700
10024,2613,2026-01-22,Popular,24.99,300
10025,12613,2026-02-16,Popular,24.99,300
10026,12528,2026-07-10,Mini,4.99,50
10027,1847,2026-03-26,Popular,24.99,300
10028,11780,2026-07-07,Popular,24.99,300
10029,6881,2026-03-31,Starter,9.99,110
10030,10275,2026-01-21,Mini,4.99,50
10031,1499,2026-03-27,Mini,4.99,50
10032,14273,2026-03-26,Creator,49.99,700
10033,12833,2026-05-22,Starter,9.99,110
10034,14644,2026-08-04,Max,199.99,3500
10035,6127,2026-08-24,Creator,49.99,700
10036,12015,2026-07-06,Creator,49.99,700
10037,11862,2026-08-02,Pro,99.99,1600
10038,12509,2026-04-02,Starter,9.99,110
10039,7675,2026-01-13,Mini,4.99,50
10040,7408,2026-02-27,Creator,49.99,700
10041,9981,2026-08-27,Starter,9.99,110
10042,5763,2026-07-25,Pro,99.99,1600
10043,8631,2026-06-23,Creator,49.99,700
10044,5490,2026-01-22,Starter,9.99,110
10045,10777,2026-06-27,Creator,49.99,700
10046,14702,2026-01-05,Starter,9.99,110
10047,4017,2026-04-23,Studio,499.99,10000
10048,331,2026-05-16,Pro,99.99,1600
10049,950,2026-03-19,Pro,99.99,1600
10050,12384,2026-04-25,Starter,9.99,110
10051,9832,2026-08-11,Popular,24.99,300
10052,11694,2026-01-13,Creator,49.99,700
10053,5501,2026-03-16,Popular,24.99,300
10054,8073,2026-06-01,Creator,49.99,700
10055,14710,2026-03-20,Max,199.99,3500
10056,1354,2026-06-10,Starter,9.99,110
10057,10444,2026-01-24,Starter,9.99,110
10058,882,2026-07-03,Max,199.99,3500
10059,46,2026-06-01,Popular,24.99,300
10060,11892,2026-03-07,Mini,4.99,50
10061,9606,2026-08-05,Starter,9.99,110
10062,256,2026-03-25,Creator,49.99,700
10063,14510,2026-02-11,Mini,4.99,50
10064,389,2026-03-01,Popular,24.99,300
10065,13138,2026-06-20,Creator,49.99,700
10066,1803,2026-07-05,Popular,24.99,300
10067,8884,2026-01-29,Creator,49.99,700
10068,13568,2026-05-20,Studio,499.99,10000
10069,3149,2026-04-16,Mini,4.99,50
10070,13931,2026-07-21,Popular,24.99,300
10071,1767,2026-07-17,Popular,24.99,300
10072,8169,2026-07-13,Popular,24.99,300
10073,146,2026-02-04,Creator,49.99,700
10074,14635,2026-07-14,Mini,4.99,50
10075,9100,2026-05-24,Creator,49.99,700
10076,13872,2026-07-04,Starter,9.99,110
10077,13225,2026-02-12,Max,199.99,3500
10078,1521,2026-04-12,Mini,4.99,50
10079,10225,2026-07-21,Starter,9.99,110
10080,6819,2026-03-20,Popular,24.99,300
10081,14373,2026-05-20,Max,199.99,3500
10082,10775,2026-03-11,Studio,499.99,10000
10083,4146,2026-04-07,Pro,99.99,1600
10084,59,2026-07-07,Pro,99.99,1600
10085,12249,2026-01-26,Popular,24.99,300
10086,8805,2026-08-01,Starter,9.99,110
10087,673,2026-01-04,Mini,4.99,50
10088,12824,2026-04-04,Creator,49.99,700
10089,3311,2026-01-14,Studio,499.99,10000
10090,1446,2026-05-27,Popular,24.99,300
10091,4206,2026-03-12,Starter,9.99,110
10092,14599,2026-01-01,Popular,24.99,300
10093,3619,2026-06-21,Creator,49.99,700
10094,12163,2026-08-08,Mini,4.99,50
10095,411,2026-01-31,Pro,99.99,1600
10096,13817,2026-08-15,Starter,9.99,110
10097,9684,2026-05-01,Starter,9.99,110
10098,14266,2026-08-16,Pro,99.99,1600
10099,10657,2026-07-03,Starter,9.99,110
10100,8330,2026-02-08,Pro,99.99,1600
10101,12407,2026-08-16,Pro,99.99,1600
10102,3114,2026-04-13,Popular,24.99,300
10103,10105,2026-03-05,Creator,49.99,700
10104,418,2026-05-05,Creator,49.99,700
10105,11306,2026-08-06,Pro,99.99,1600
10106,2110,2026-04-01,Starter,9.99,110
10107,14083,2026-05-24,Popular,24.99,300
10108,12084,2026-03-18,Starter,9.99,110
10109,1974,2026-04-22,Popular,24.99,300
10110,13542,2026-01-24,Starter,9.99,110
10111,11123,2026-07-08,Creator,49.99,700
10112,3210,2026-04-21,Creator,49.99,700
10113,11546,2026-06-23,Pro,99.99,1600
10114,7741,2026-08-29,Starter,9.99,110
10115,8086,2026-04-23,Studio,499.99,10000
10116,11637,2026-04-25,Pro,99.99,1600
10117,3946,2026-04-08,Popular,24.99,300
10118,4611,2026-01-31,Max,199.99,3500
10119,1470,2026-06-04,Starter,9.99,110
10120,5038,2026-05-13,Creator,49.99,700
10121,12530,2026-07-25,Creator,49.99,700
10122,7190,2026-02-28,Starter,9.99,110
10123,4117,2026-08-30,Mini,4.99,50
10124,10599,2026-03-09,Creator,49.99,700
10125,2066,2026-04-13,Creator,49.99,700
10126,7675,2026-01-19,Max,199.99,3500
10127,5687,2026-06-26,Popular,24.99,300
10128,11393,2026-04-05,Creator,49.99,700
10129,2239,2026-04-06,Starter,9.99,110
10130,13670,2026-04-17,Popular,24.99,300
10131,6747,2026-07-26,Starter,9.99,110
10132,14806,2026-06-13,Creator,49.99,700
10133,14229,2026-03-16,Starter,9.99,110
10134,11047,2026-07-05,Creator,49.99,700
10135,7676,2026-08-10,Creator,49.99,700
10136,5363,2026-07-09,Starter,9.99,110
10137,10515,2026-07-22,Mini,4.99,50
10138,6226,2026-05-06,Creator,49.99,700
10139,13524,2026-04-30,Starter,9.99,110
10140,14500,2026-03-31,Popular,24.99,300
10141,11446,2026-07-21,Pro,99.99,1600
10142,10332,2026-08-26,Pro,99.99,1600
10143,332,2026-08-27,Pro,99.99,1600
10144,7428,2026-01-05,Starter,9.99,110
10145,10287,2026-07-09,Starter,9.99,110
10146,6495,2026-04-05,Creator,49.99,700
10147,6753,2026-04-23,Creator,49.99,700
10148,8486,2026-02-03,Popular,24.99,300
10149,7824,2026-03-17,Popular,24.99,300
10150,10743,2026-03-19,Creator,49.99,700
10151,7309,2026-06-17,Max,199.99,3500
10152,6275,2026-01-04,Popular,24.99,300
10153,6236,2026-01-02,Max,199.99,3500
10154,14438,2026-02-26,Popular,24.99,300
10155,8864,2026-02-13,Starter,9.99,110
10156,7041,2026-03-29,Studio,499.99,10000
10157,10903,2026-01-07,Popular,24.99,300
10158,1094,2026-02-24,Starter,9.99,110
10159,6759,2026-05-06,Popular,24.99,300
10160,13137,2026-03-16,Popular,24.99,300
10161,11466,2026-02-09,Popular,24.99,300
10162,14422,2026-02-09,Popular,24.99,300
10163,14421,2026-05-05,Creator,49.99,700
10164,13011,2026-06-13,Starter,9.99,110
10165,12188,2026-07-12,Popular,24.99,300
10166,10738,2026-03-28,Starter,9.99,110
10167,10633,2026-01-18,Creator,49.99,700
10168,12396,2026-07-13,Popular,24.99,300
10169,10699,2026-06-18,Popular,24.99,300
10170,10846,2026-04-29,Creator,49.99,700
10171,13389,2026-05-10,Pro,99.99,1600
10172,4723,2026-04-28,Creator,49.99,700
10173,10079,2026-05-05,Popular,24.99,300
10174,10662,2026-03-28,Max,199.99,3500
10175,5418,2026-04-07,Popular,24.99,300
10176,1535,2026-05-12,Mini,4.99,50
10177,9532,2026-07-29,Popular,24.99,300
10178,3099,2026-01-30,Pro,99.99,1600
10179,12571,2026-08-26,Starter,9.99,110
10180,10551,2026-01-25,Max,199.99,3500
10181,10045,2026-08-01,Creator,49.99,700
10182,5339,2026-02-19,Creator,49.99,700
10183,14394,2026-08-05,Max,199.99,3500
10184,467,2026-08-14,Pro,99.99,1600
10185,2558,2026-03-07,Popular,24.99,300
10186,4039,2026-04-22,Starter,9.99,110
10187,5744,2026-01-28,Starter,9.99,110
10188,13718,2026-06-23,Mini,4.99,50
10189,2179,2026-05-02,Pro,99.99,1600
10190,4742,2026-03-11,Starter,9.99,110
10191,9753,2026-03-12,Mini,4.99,50
10192,4017,2026-03-23,Popular,24.99,300
10193,5668,2026-08-01,Popular,24.99,300
10194,12513,2026-01-09,Popular,24.99,300
10195,902,2026-04-06,Creator,49.99,700
10196,947,2026-01-01,Mini,4.99,50
10197,4159,2026-02-05,Popular,24.99,300
10198,2004,2026-08-25,Mini,4.99,50
10199,3661,2026-04-27,Studio,499.99,10000
10200,7300,2026-03-16,Mini,4.99,50
10201,14491,2026-06-14,Creator,49.99,700
10202,4622,2026-03-20,Starter,9.99,110
10203,12764,2026-07-01,Mini,4.99,50
10204,14556,2026-03-31,Mini,4.99,50
10205,10566,2026-01-05,Pro,99.99,1600
10206,895,2026-04-07,Pro,99.99,1600
10207,10872,2026-06-15,Creator,49.99,700
10208,12069,2026-08-30,Popular,24.99,300
10209,14972,2026-03-17,Popular,24.99,300
10210,11185,2026-02-01,Studio,499.99,10000
10211,8581,2026-03-23,Popular,24.99,300
10212,6746,2026-03-04,Popular,24.99,300
10213,8280,2026-03-09,Starter,9.99,110
10214,1556,2026-02-08,Popular,24.99,300
10215,4191,2026-08-15,Pro,99.99,1600
10216,3669,2026-01-12,Pro,99.99,1600
10217,13489,2026-02-08,Popular,24.99,300
10218,2680,2026-03-08,Creator,49.99,700
10219,4564,2026-07-28,Creator,49.99,700
10220,9651,2026-05-17,Pro,99.99,1600
10221,7324,2026-06-30,Creator,49.99,700
10222,10133,2026-08-01,Mini,4.99,50
10223,7709,2026-07-01,Mini,4.99,50
10224,13532,2026-01-20,Pro,99.99,1600
10225,11326,2026-06-13,Starter,9.99,110
10226,9408,2026-08-22,Mini,4.99,50
10227,13428,2026-03-15,Creator,49.99,700
10228,7688,2026-01-24,Starter,9.99,110
10229,14665,2026-04-19,Popular,24.99,300
10230,8387,2026-04-18,Creator,49.99,700
10231,5462,2026-04-29,Popular,24.99,300
10232,9153,2026-02-13,Creator,49.99,700
10233,8279,2026-08-31,Max,199.99,3500
10234,5123,2026-01-24,Starter,9.99,110
10235,1110,2026-05-12,Creator,49.99,700
10236,12384,2026-03-16,Studio,499.99,10000
10237,8632,2026-04-19,Starter,9.99,110
10238,13171,2026-06-24,Creator,49.99,700
10239,14103,2026-06-17,Creator,49.99,700
10240,725,2026-07-02,Starter,9.99,110
10241,8108,2026-06-07,Starter,9.99,110
10242,11916,2026-02-13,Starter,9.99,110
10243,14994,2026-03-27,Studio,499.99,10000
10244,11381,2026-07-14,Popular,24.99,300
10245,5306,2026-07-21,Max,199.99,3500
10246,1648,2026-08-30,Mini,4.99,50
10247,5066,2026-05-12,Max,199.99,3500
10248,13352,2026-04-27,Pro,99.99,1600
10249,1030,2026-08-30,Pro,99.99,1600
10250,1146,2026-01-30,Popular,24.99,300
10251,13125,2026-06-24,Popular,24.99,300
10252,8971,2026-03-30,Studio,499.99,10000
10253,7328,2026-04-12,Popular,24.99,300
10254,4456,2026-08-25,Starter,9.99,110
10255,232,2026-03-03,Popular,24.99,300
10256,5683,2026-08-28,Max,199.99,3500
10257,8185,2026-01-20,Starter,9.99,110
10258,13846,2026-08-23,Mini,4.99,50
10259,4881,2026-01-27,Max,199.99,3500
10260,2581,2026-06-22,Studio,499.99,10000
10261,7913,2026-06-07,Popular,24.99,300
10262,4285,2026-06-14,Max,199.99,3500
10263,99,2026-08-31,Creator,49.99,700
10264,8041,2026-08-11,Popular,24.99,300
10265,8,2026-03-08,Max,199.99,3500
10266,10534,2026-06-25,Starter,9.99,110
10267,769,2026-04-29,Pro,99.99,1600
10268,7883,2026-05-26,Starter,9.99,110
10269,5415,2026-01-30,Mini,4.99,50
10270,7400,2026-03-13,Starter,9.99,110
10271,7255,2026-05-01,Popular,24.99,300
10272,7533,2026-07-09,Max,199.99,3500
10273,1791,2026-02-07,Creator,49.99,700
10274,9652,2026-07-06,Popular,24.99,300
10275,9090,2026-01-30,Mini,4.99,50
10276,7156,2026-01-29,Starter,9.99,110
10277,4223,2026-06-06,Popular,24.99,300
10278,9978,2026-05-15,Creator,49.99,700
10279,8552,2026-06-20,Starter,9.99,110
10280,8652,2026-04-01,Creator,49.99,700
10281,14490,2026-07-24,Starter,9.99,110
10282,11729,2026-03-31,Starter,9.99,110
10283,4258,2026-03-16,Popular,24.99,300
10284,9086,2026-02-09,Starter,9.99,110
10285,13561,2026-03-20,Creator,49.99,700
10286,3045,2026-01-06,Creator,49.99,700
10287,14419,2026-08-28,Creator,49.99,700
10288,14115,2026-02-12,Mini,4.99,50
10289,7051,2026-02-18,Starter,9.99,110
10290,11944,2026-01-22,Popular,24.99,300
10291,14876,2026-03-20,Popular,24.99,300
10292,9596,2026-07-18,Creator,49.99,700
10293,5724,2026-06-24,Popular,24.99,300
10294,11536,2026-02-11,Starter,9.99,110
10295,10844,2026-01-30,Mini,4.99,50
10296,10822,2026-08-18,Creator,49.99,700
10297,8149,2026-07-17,Starter,9.99,110
10298,7826,2026-05-10,Creator,49.99,700
10299,8807,2026-01-06,Starter,9.99,110
10300,1682,2026-06-06,Starter,9.99,110
10301,9034,2026-04-07,Mini,4.99,50
10302,9809,2026-01-03,Mini,4.99,50
10303,5829,2026-01-15,Creator,49.99,700
10304,6334,2026-03-23,Pro,99.99,1600
10305,5374,2026-03-08,Mini,4.99,50
10306,12717,2026-03-18,Mini,4.99,50
10307,3262,2026-06-09,Popular,24.99,300
10308,6944,2026-07-21,Popular,24.99,300
10309,8078,2026-02-24,Starter,9.99,110
10310,2722,2026-07-13,Max,199.99,3500
10311,13956,2026-03-16,Mini,4.99,50
10312,2399,2026-05-20,Starter,9.99,110
10313,12204,2026-08-03,Starter,9.99,110
10314,708,2026-03-30,Popular,24.99,300
10315,1237,2026-04-16,Pro,99.99,1600
10316,5242,2026-02-01,Pro,99.99,1600
10317,12948,2026-05-29,Popular,24.99,300
10318,5508,2026-01-03,Creator,49.99,700
10319,7506,2026-03-24,Pro,99.99,1600
10320,10513,2026-04-22,Starter,9.99,110
10321,12100,2026-06-17,Studio,499.99,10000
10322,2362,2026-01-21,Studio,499.99,10000
10323,10124,2026-01-03,Popular,24.99,300
10324,11876,2026-08-03,Studio,499.99,10000
10325,9967,2026-05-23,Starter,9.99,110
10326,6509,2026-04-07,Creator,49.99,700
10327,4466,2026-07-07,Creator,49.99,700
10328,4627,2026-04-22,Starter,9.99,110
10329,1141,2026-01-26,Popular,24.99,300
10330,6626,2026-05-18,Creator,49.99,700
10331,1637,2026-05-15,Creator,49.99,700
10332,12824,2026-04-18,Studio,499.99,10000
10333,8054,2026-07-20,Max,199.99,3500
10334,13239,2026-08-07,Pro,99.99,1600
10335,9748,2026-02-19,Pro,99.99,1600
10336,5519,2026-05-15,Starter,9.99,110
10337,6508,2026-05-30,Mini,4.99,50
10338,4109,2026-08-24,Popular,24.99,300
10339,10846,2026-07-17,Starter,9.99,110
10340,11073,2026-03-17,Creator,49.99,700
10341,4497,2026-05-25,Creator,49.99,700
10342,7898,2026-05-20,Mini,4.99,50
10343,6328,2026-01-09,Mini,4.99,50
10344,15,2026-01-06,Pro,99.99,1600
10345,13154,2026-04-13,Mini,4.99,50
10346,7026,2026-04-01,Pro,99.99,1600
10347,5966,2026-02-09,Creator,49.99,700
10348,2626,2026-05-28,Studio,499.99,10000
10349,14446,2026-03-26,Starter,9.99,110
10350,11886,2026-01-06,Mini,4.99,50
10351,3903,2026-07-08,Creator,49.99,700
10352,14801,2026-03-23,Starter,9.99,110
10353,1543,2026-02-19,Mini,4.99,50
10354,4529,2026-06-02,Popular,24.99,300
10355,3256,2026-02-25,Creator,49.99,700
10356,7560,2026-06-08,Popular,24.99,300
10357,5770,2026-07-07,Starter,9.99,110
10358,3972,2026-07-03,Starter,9.99,110
10359,1343,2026-07-19,Starter,9.99,110
10360,10149,2026-04-02,Popular,24.99,300
10361,14742,2026-03-07,Creator,49.99,700
10362,14449,2026-04-20,Creator,49.99,700
10363,3356,2026-01-12,Creator,49.99,700
10364,1181,2026-07-04,Mini,4.99,50
10365,12430,2026-08-15,Starter,9.99,110
10366,2696,2026-05-05,Starter,9.99,110
10367,10089,2026-07-15,Studio,499.99,10000
10368,11551,2026-08-31,Mini,4.99,50
10369,9214,2026-01-21,Starter,9.99,110
10370,9895,2026-08-19,Pro,99.99,1600
10371,14682,2026-01-10,Mini,4.99,50
10372,11035,2026-01-27,Creator,49.99,700
10373,11878,2026-05-19,Studio,499.99,10000
10374,9688,2026-08-30,Creator,49.99,700
10375,5609,2026-08-23,Starter,9.99,110
10376,5219,2026-08-12,Starter,9.99,110
10377,7902,2026-05-06,Popular,24.99,300
10378,2982,2026-07-07,Creator,49.99,700
10379,422,2026-08-11,Mini,4.99,50
10380,7013,2026-06-14,Pro,99.99,1600
10381,3452,2026-06-22,Popular,24.99,300
10382,7846,2026-04-19,Starter,9.99,110
10383,7065,2026-06-22,Pro,99.99,1600
10384,889,2026-02-07,Mini,4.99,50
10385,429,2026-01-30,Starter,9.99,110
10386,9447,2026-04-01,Popular,24.99,300
10387,11771,2026-01-29,Mini,4.99,50
10388,7521,2026-05-21,Mini,4.99,50
10389,9506,2026-05-03,Popular,24.99,300
10390,8812,2026-02-19,Creator,49.99,700
10391,7186,2026-01-09,Max,199.99,3500
10392,106,2026-04-18,Pro,99.99,1600
10393,10086,2026-06-30,Pro,99.99,1600
10394,6643,2026-06-07,Popular,24.99,300
10395,8617,2026-03-08,Popular,24.99,300
10396,12761,2026-07-07,Max,199.99,3500
10397,7810,2026-08-21,Pro,99.99,1600
10398,11209,2026-02-09,Starter,9.99,110
10399,5352,2026-01-29,Mini,4.99,50
10400,7212,2026-01-16,Starter,9.99,110
10401,469,2026-08-05,Popular,24.99,300
10402,1276,2026-06-29,Creator,49.99,700
10403,14325,2026-01-29,Mini,4.99,50
10404,11003,2026-02-23,Max,199.99,3500
10405,14177,2026-08-31,Popular,24.99,300
10406,12901,2026-02-07,Pro,99.99,1600
10407,7220,2026-05-19,Studio,499.99,10000
10408,277,2026-04-03,Pro,99.99,1600
10409,11578,2026-07-16,Popular,24.99,300
10410,1472,2026-01-05,Studio,499.99,10000
10411,14835,2026-03-27,Creator,49.99,700
10412,10616,2026-05-26,Starter,9.99,110
10413,5521,2026-03-13,Creator,49.99,700
10414,8141,2026-01-21,Popular,24.99,300
10415,8104,2026-08-17,Pro,99.99,1600
10416,5860,2026-06-04,Mini,4.99,50
10417,7640,2026-08-24,Popular,24.99,300
10418,3546,2026-01-06,Creator,49.99,700
10419,7682,2026-08-31,Creator,49.99,700
10420,6206,2026-06-13,Creator,49.99,700
10421,3550,2026-08-11,Starter,9.99,110
10422,9454,2026-05-03,Popular,24.99,300
10423,1912,2026-03-28,Starter,9.99,110
10424,10385,2026-07-12,Creator,49.99,700
10425,12862,2026-01-21,Mini,4.99,50
10426,2601,2026-08-07,Starter,9.99,110
10427,4165,2026-03-23,Starter,9.99,110
10428,14887,2026-02-27,Mini,4.99,50
10429,1172,2026-01-22,Pro,99.99,1600
10430,3096,2026-08-08,Creator,49.99,700
10431,11514,2026-04-24,Popular,24.99,300
10432,13861,2026-02-11,Pro,99.99,1600
10433,4700,2026-04-15,Pro,99.99,1600
10434,621,2026-01-31,Popular,24.99,300
10435,5873,2026-03-25,Starter,9.99,110
10436,6442,2026-07-20,Popular,24.99,300
10437,9759,2026-04-10,Creator,49.99,700
10438,5237,2026-03-10,Starter,9.99,110
10439,6758,2026-04-27,Mini,4.99,50
10440,2315,2026-05-25,Creator,49.99,700
10441,949,2026-06-06,Max,199.99,3500
10442,3731,2026-01-28,Creator,49.99,700
10443,12097,2026-03-14,Starter,9.99,110
10444,1262,2026-05-12,Starter,9.99,110
10445,2889,2026-05-09,Max,199.99,3500
10446,5208,2026-02-09,Popular,24.99,300
10447,9317,2026-04-23,Studio,499.99,10000
10448,14168,2026-02-24,Mini,4.99,50
10449,3048,2026-04-15,Pro,99.99,1600
10450,13189,2026-05-06,Pro,99.99,1600
10451,2126,2026-03-07,Starter,9.99,110
10452,5595,2026-01-22,Starter,9.99,110
10453,9416,2026-08-13,Creator,49.99,700
10454,5817,2026-06-05,Popular,24.99,300
10455,10250,2026-03-17,Popular,24.99,300
10456,4646,2026-01-13,Starter,9.99,110
10457,8112,2026-01-08,Starter,9.99,110
10458,3472,2026-03-10,Starter,9.99,110
10459,1821,2026-07-29,Popular,24.99,300
10460,4440,2026-05-02,Creator,49.99,700
10461,2680,2026-02-09,Creator,49.99,700
10462,5198,2026-06-18,Starter,9.99,110
10463,9599,2026-06-21,Studio,499.99,10000
10464,13677,2026-02-20,Max,199.99,3500
10465,12352,2026-08-20,Pro,99.99,1600
10466,11629,2026-02-27,Creator,49.99,700
10467,14127,2026-07-11,Popular,24.99,300
10468,11367,2026-02-04,Mini,4.99,50
10469,3374,2026-04-23,Creator,49.99,700
10470,1709,2026-01-14,Starter,9.99,110
10471,2328,2026-08-11,Mini,4.99,50
10472,432,2026-04-30,Popular,24.99,300
10473,7988,2026-08-03,Starter,9.99,110
10474,2348,2026-01-05,Creator,49.99,700
10475,4871,2026-07-13,Max,199.99,3500
10476,3581,2026-06-04,Popular,24.99,300
10477,9103,2026-01-16,Starter,9.99,110
10478,8298,2026-02-11,Starter,9.99,110
10479,9829,2026-05-04,Popular,24.99,300
10480,9056,2026-03-20,Creator,49.99,700
10481,6952,2026-02-26,Starter,9.99,110
10482,11472,2026-08-17,Popular,24.99,300
10483,13258,2026-05-07,Mini,4.99,50
10484,6125,2026-02-15,Creator,49.99,700
10485,933,2026-06-15,Starter,9.99,110
10486,13851,2026-06-06,Mini,4.99,50
10487,5571,2026-03-14,Max,199.99,3500
10488,1175,2026-02-02,Popular,24.99,300
10489,2854,2026-05-27,Creator,49.99,700
10490,1118,2026-08-14,Max,199.99,3500
10491,10964,2026-03-21,Popular,24.99,300
10492,2857,2026-08-08,Popular,24.99,300
10493,13046,2026-04-09,Pro,99.99,1600
10494,11945,2026-03-24,Popular,24.99,300
10495,5111,2026-08-10,Creator,49.99,700
10496,9323,2026-03-12,Starter,9.99,110
10497,4951,2026-01-09,Popular,24.99,300
10498,14524,2026-02-10,Starter,9.99,110
10499,6872,2026-03-26,Studio,499.99,10000
10500,1133,2026-04-25,Popular,24.99,300
10501,6298,2026-05-30,Studio,499.99,10000
10502,14606,2026-03-07,Mini,4.99,50
10503,9389,2026-04-18,Creator,49.99,700
10504,14189,2026-04-12,Popular,24.99,300
10505,6463,2026-05-07,Starter,9.99,110
10506,4383,2026-04-19,Popular,24.99,300
10507,1717,2026-04-06,Pro,99.99,1600
10508,13426,2026-06-11,Creator,49.99,700
10509,5750,2026-06-19,Starter,9.99,110
10510,1385,2026-02-13,Creator,49.99,700
10511,6425,2026-04-21,Mini,4.99,50
10512,8827,2026-01-06,Creator,49.99,700
10513,11863,2026-03-17,Popular,24.99,300
10514,13340,2026-02-25,Pro,99.99,1600
10515,14995,2026-08-22,Starter,9.99,110
10516,5994,2026-03-26,Starter,9.99,110
10517,11904,2026-06-24,Popular,24.99,300
10518,12604,2026-01-24,Creator,49.99,700
10519,11509,2026-03-31,Starter,9.99,110
10520,8345,2026-04-09,Starter,9.99,110
10521,2520,2026-04-02,Starter,9.99,110
10522,13167,2026-04-29,Creator,49.99,700
10523,6378,2026-02-19,Max,199.99,3500
10524,11183,2026-02-05,Popular,24.99,300
10525,130,2026-04-18,Pro,99.99,1600
10526,13137,2026-03-18,Pro,99.99,1600
10527,9039,2026-03-13,Starter,9.99,110
10528,8846,2026-06-08,Starter,9.99,110
10529,2053,2026-06-01,Starter,9.99,110
10530,11518,2026-02-25,Starter,9.99,110
10531,4347,2026-07-30,Pro,99.99,1600
10532,8285,2026-08-15,Max,199.99,3500
10533,9820,2026-04-26,Popular,24.99,300
10534,12122,2026-03-06,Starter,9.99,110
10535,8,2026-05-23,Starter,9.99,110
10536,4291,2026-04-26,Max,199.99,3500
10537,8431,2026-07-04,Starter,9.99,110
10538,8383,2026-04-14,Mini,4.99,50
10539,4039,2026-01-29,Creator,49.99,700
10540,7841,2026-01-03,Popular,24.99,300
10541,10556,2026-07-06,Starter,9.99,110
10542,5780,2026-05-12,Studio,499.99,10000
10543,8606,2026-05-08,Starter,9.99,110
10544,14888,2026-05-19,Creator,49.99,700
10545,362,2026-06-09,Mini,4.99,50
10546,2405,2026-01-13,Starter,9.99,110
10547,4904,2026-06-15,Creator,49.99,700
10548,8967,2026-03-29,Studio,499.99,10000
10549,1620,2026-04-14,Mini,4.99,50
10550,7945,2026-07-02,Creator,49.99,700
10551,8586,2026-01-09,Starter,9.99,110
10552,13958,2026-05-06,Studio,499.99,10000
10553,6891,2026-01-25,Starter,9.99,110
10554,12751,2026-04-19,Popular,24.99,300
10555,8141,2026-05-21,Creator,49.99,700
10556,2823,2026-02-07,Creator,49.99,700
10557,7471,2026-05-16,Mini,4.99,50
10558,7218,2026-06-15,Popular,24.99,300
10559,10586,2026-06-12,Popular,24.99,300
10560,8857,2026-03-01,Mini,4.99,50
10561,7464,2026-06-20,Starter,9.99,110
10562,9562,2026-01-17,Creator,49.99,700
10563,9539,2026-02-28,Popular,24.99,300
10564,14662,2026-08-13,Pro,99.99,1600
10565,10709,2026-05-04,Creator,49.99,700
10566,7898,2026-07-22,Creator,49.99,700
10567,8349,2026-01-13,Max,199.99,3500
10568,4565,2026-08-06,Mini,4.99,50
10569,7537,2026-08-25,Popular,24.99,300
10570,13624,2026-04-06,Popular,24.99,300
10571,4787,2026-07-02,Popular,24.99,300
10572,10894,2026-06-01,Mini,4.99,50
10573,6779,2026-03-24,Creator,49.99,700
10574,7296,2026-04-12,Popular,24.99,300
10575,4355,2026-04-11,Popular,24.99,300
10576,6788,2026-08-20,Max,199.99,3500
10577,5659,2026-01-17,Starter,9.99,110
10578,11090,2026-03-04,Starter,9.99,110
10579,684,2026-08-05,Mini,4.99,50
10580,11055,2026-05-16,Starter,9.99,110
10581,3534,2026-04-23,Creator,49.99,700
10582,9864,2026-08-23,Starter,9.99,110
10583,8229,2026-04-11,Pro,99.99,1600
10584,2427,2026-04-09,Mini,4.99,50
10585,10300,2026-04-01,Mini,4.99,50
10586,5416,2026-07-27,Mini,4.99,50
10587,2616,2026-07-23,Pro,99.99,1600
10588,900,2026-07-14,Popular,24.99,300
10589,14885,2026-07-19,Pro,99.99,1600
10590,9656,2026-07-26,Popular,24.99,300
10591,3257,2026-05-12,Popular,24.99,300
10592,13798,2026-04-24,Creator,49.99,700
10593,2241,2026-07-05,Pro,99.99,1600
10594,3041,2026-01-02,Creator,49.99,700
10595,2635,2026-02-25,Creator,49.99,700
10596,5754,2026-08-07,Max,199.99,3500
10597,4651,2026-04-07,Starter,9.99,110
10598,6248,2026-06-30,Creator,49.99,700
10599,12656,2026-05-23,Starter,9.99,110
10600,9408,2026-04-29,Max,199.99,3500
10601,13312,2026-05-20,Pro,99.99,1600
10602,2063,2026-08-19,Pro,99.99,1600
10603,8932,2026-05-10,Pro,99.99,1600
10604,675,2026-08-19,Pro,99.99,1600
10605,14699,2026-07-15,Studio,499.99,10000
10606,7628,2026-08-20,Starter,9.99,110
10607,10423,2026-05-19,Mini,4.99,50
10608,2224,2026-07-30,Max,199.99,3500
10609,7898,2026-08-21,Max,199.99,3500
10610,4291,2026-04-08,Mini,4.99,50
10611,11858,2026-03-01,Max,199.99,3500
10612,1580,2026-05-29,Starter,9.99,110
10613,8602,2026-04-23,Starter,9.99,110
10614,2509,2026-04-19,Starter,9.99,110
10615,10512,2026-07-27,Creator,49.99,700
10616,8708,2026-08-17,Popular,24.99,300
10617,7115,2026-03-16,Pro,99.99,1600
10618,13286,2026-03-06,Starter,9.99,110
10619,14435,2026-03-29,Mini,4.99,50
10620,7047,2026-08-11,Max,199.99,3500
10621,6462,2026-04-18,Popular,24.99,300
10622,97,2026-08-19,Starter,9.99,110
10623,10574,2026-06-30,Pro,99.99,1600
10624,6648,2026-06-04,Starter,9.99,110
10625,13760,2026-08-28,Popular,24.99,300
10626,8758,2026-08-31,Popular,24.99,300
10627,52,2026-08-12,Pro,99.99,1600
10628,3537,2026-06-11,Popular,24.99,300
10629,8950,2026-01-31,Popular,24.99,300
10630,4910,2026-01-13,Popular,24.99,300
10631,10996,2026-06-26,Creator,49.99,700
10632,4622,2026-03-01,Studio,499.99,10000
10633,9294,2026-07-28,Starter,9.99,110
10634,3937,2026-07-21,Pro,99.99,1600
10635,1976,2026-08-07,Pro,99.99,1600
10636,7428,2026-06-09,Popular,24.99,300
10637,9015,2026-02-24,Popular,24.99,300
10638,3499,2026-01-24,Pro,99.99,1600
10639,12219,2026-01-01,Mini,4.99,50
10640,13207,2026-06-07,Creator,49.99,700
10641,9757,2026-06-22,Max,199.99,3500
10642,4121,2026-01-01,Mini,4.99,50
10643,5859,2026-04-01,Popular,24.99,300
10644,10319,2026-06-14,Starter,9.99,110
10645,2699,2026-08-10,Popular,24.99,300
10646,14392,2026-05-02,Max,199.99,3500
10647,13194,2026-04-01,Pro,99.99,1600
10648,890,2026-02-12,Starter,9.99,110
10649,13846,2026-08-05,Mini,4.99,50
10650,12046,2026-01-15,Max,199.99,3500
10651,10321,2026-05-21,Popular,24.99,300
10652,5440,2026-02-04,Popular,24.99,300
10653,14697,2026-05-12,Starter,9.99,110
10654,1367,2026-07-26,Mini,4.99,50
10655,8605,2026-08-13,Max,199.99,3500
10656,10442,2026-08-07,Popular,24.99,300
10657,2238,2026-01-28,Creator,49.99,700
10658,6592,2026-05-12,Pro,99.99,1600
10659,5764,2026-03-21,Pro,99.99,1600
10660,7585,2026-05-16,Pro,99.99,1600
10661,12777,2026-02-22,Creator,49.99,700
10662,6729,2026-05-26,Starter,9.99,110
10663,12729,2026-08-10,Max,199.99,3500
10664,3659,2026-08-03,Popular,24.99,300
10665,1000,2026-05-31,Popular,24.99,300
10666,10990,2026-07-28,Popular,24.99,300
10667,7708,2026-05-02,Creator,49.99,700
10668,6523,2026-05-08,Starter,9.99,110
10669,3244,2026-08-05,Starter,9.99,110
10670,2771,2026-07-26,Popular,24.99,300
10671,10169,2026-05-11,Starter,9.99,110
10672,6640,2026-04-01,Starter,9.99,110
10673,13136,2026-02-06,Popular,24.99,300
10674,4049,2026-08-08,Creator,49.99,700
10675,4584,2026-01-05,Starter,9.99,110
10676,6393,2026-07-17,Pro,99.99,1600
10677,4844,2026-02-26,Popular,24.99,300
10678,551,2026-02-05,Mini,4.99,50
10679,596,2026-03-08,Mini,4.99,50
10680,1017,2026-01-14,Studio,499.99,10000
10681,8676,2026-03-11,Pro,99.99,1600
10682,9151,2026-08-27,Max,199.99,3500
10683,12777,2026-01-18,Starter,9.99,110
10684,8500,2026-08-26,Mini,4.99,50
10685,2287,2026-05-04,Creator,49.99,700
10686,372,2026-01-27,Max,199.99,3500
10687,5945,2026-03-27,Starter,9.99,110
10688,6190,2026-03-01,Pro,99.99,1600
10689,10495,2026-01-21,Mini,4.99,50
10690,13611,2026-06-16,Popular,24.99,300
10691,14176,2026-07-22,Popular,24.99,300
10692,2718,2026-06-06,Studio,499.99,10000
10693,12895,2026-02-07,Popular,24.99,300
10694,3297,2026-03-28,Popular,24.99,300
10695,12238,2026-03-01,Pro,99.99,1600
10696,1472,2026-06-15,Starter,9.99,110
10697,13959,2026-06-02,Creator,49.99,700
10698,12925,2026-08-14,Popular,24.99,300
10699,11067,2026-07-15,Mini,4.99,50
10700,14625,2026-03-15,Popular,24.99,300
10701,7508,2026-03-23,Pro,99.99,1600
10702,13318,2026-05-28,Pro,99.99,1600
10703,4355,2026-07-06,Popular,24.99,300
10704,2715,2026-07-12,Starter,9.99,110
10705,661,2026-02-22,Creator,49.99,700
10706,2038,2026-05-06,Starter,9.99,110
10707,5216,2026-06-04,Pro,99.99,1600
10708,7195,2026-01-25,Pro,99.99,1600
10709,11275,2026-07-24,Popular,24.99,300
10710,11003,2026-07-21,Starter,9.99,110
10711,14820,2026-01-12,Popular,24.99,300
10712,11926,2026-04-10,Mini,4.99,50
10713,11686,2026-06-17,Creator,49.99,700
10714,11106,2026-06-11,Creator,49.99,700
10715,13905,2026-08-10,Creator,49.99,700
10716,11099,2026-01-05,Creator,49.99,700
10717,12233,2026-04-03,Starter,9.99,110
10718,12925,2026-02-20,Creator,49.99,700
10719,6571,2026-07-08,Popular,24.99,300
10720,11651,2026-02-04,Popular,24.99,300
10721,5544,2026-03-19,Max,199.99,3500
10722,7245,2026-03-11,Mini,4.99,50
10723,10403,2026-07-03,Max,199.99,3500
10724,7499,2026-07-05,Creator,49.99,700
10725,12330,2026-02-05,Popular,24.99,300
10726,11401,2026-02-27,Pro,99.99,1600
10727,7583,2026-07-03,Pro,99.99,1600
10728,10530,2026-04-07,Starter,9.99,110
10729,11133,2026-08-14,Popular,24.99,300
10730,2822,2026-05-08,Max,199.99,3500
10731,7401,2026-01-23,Max,199.99,3500
10732,1048,2026-08-12,Popular,24.99,300
10733,5353,2026-07-30,Max,199.99,3500
10734,8328,2026-03-29,Max,199.99,3500
10735,11418,2026-07-27,Studio,499.99,10000
10736,915,2026-04-19,Popular,24.99,300
10737,9531,2026-06-20,Popular,24.99,300
10738,10838,2026-01-26,Pro,99.99,1600
10739,10730,2026-08-25,Starter,9.99,110
10740,9896,2026-01-30,Creator,49.99,700
10741,13546,2026-08-19,Creator,49.99,700
10742,7457,2026-06-22,Starter,9.99,110
10743,7835,2026-02-08,Starter,9.99,110
10744,9196,2026-03-13,Popular,24.99,300
10745,11774,2026-01-30,Creator,49.99,700
10746,14804,2026-06-01,Studio,499.99,10000
10747,3401,2026-01-23,Starter,9.99,110
10748,1358,2026-02-08,Pro,99.99,1600
10749,7250,2026-04-29,Mini,4.99,50
10750,5330,2026-02-25,Popular,24.99,300
10751,10906,2026-02-10,Pro,99.99,1600
10752,6780,2026-03-20,Popular,24.99,300
10753,14887,2026-02-24,Mini,4.99,50
10754,10415,2026-03-29,Starter,9.99,110
10755,12393,2026-07-02,Starter,9.99,110
10756,10414,2026-08-01,Starter,9.99,110
10757,13371,2026-04-03,Mini,4.99,50
10758,8218,2026-05-28,Popular,24.99,300
10759,13650,2026-05-14,Starter,9.99,110
10760,11468,2026-03-21,Popular,24.99,300
10761,10127,2026-02-16,Mini,4.99,50
10762,8745,2026-03-23,Popular,24.99,300
10763,4624,2026-05-20,Mini,4.99,50
10764,8983,2026-01-13,Creator,49.99,700
10765,14979,2026-05-02,Max,199.99,3500
10766,12780,2026-08-02,Creator,49.99,700
10767,3342,2026-05-27,Mini,4.99,50
10768,4280,2026-05-23,Creator,49.99,700
10769,658,2026-01-02,Starter,9.99,110
10770,8961,2026-03-01,Creator,49.99,700
10771,1066,2026-08-24,Creator,49.99,700
10772,6840,2026-05-17,Starter,9.99,110
10773,7387,2026-05-26,Creator,49.99,700
10774,12725,2026-02-07,Starter,9.99,110
10775,12488,2026-03-08,Popular,24.99,300
10776,1245,2026-02-11,Popular,24.99,300
10777,7796,2026-06-05,Pro,99.99,1600
10778,10469,2026-07-24,Creator,49.99,700
10779,13288,2026-08-25,Starter,9.99,110
10780,12560,2026-08-13,Studio,499.99,10000
10781,3482,2026-03-14,Creator,49.99,700
10782,8390,2026-03-02,Mini,4.99,50
10783,9436,2026-03-18,Popular,24.99,300
10784,10828,2026-08-01,Creator,49.99,700
10785,12656,2026-01-24,Creator,49.99,700
10786,12308,2026-01-19,Pro,99.99,1600
10787,6192,2026-05-29,Starter,9.99,110
10788,8256,2026-02-10,Creator,49.99,700
10789,14845,2026-07-13,Popular,24.99,300
10790,10650,2026-01-21,Creator,49.99,700
10791,4419,2026-02-27,Mini,4.99,50
10792,13078,2026-08-05,Starter,9.99,110
10793,6393,2026-08-31,Starter,9.99,110
10794,7114,2026-05-30,Popular,24.99,300
10795,3595,2026-05-09,Creator,49.99,700
10796,6159,2026-03-11,Creator,49.99,700
10797,2848,2026-08-24,Creator,49.99,700
10798,13152,2026-01-21,Creator,49.99,700
10799,9894,2026-08-18,Mini,4.99,50
10800,8749,2026-05-02,Popular,24.99,300
10801,10812,2026-02-22,Mini,4.99,50
10802,6863,2026-06-19,Popular,24.99,300
10803,6786,2026-02-15,Starter,9.99,110
10804,10370,2026-07-14,Starter,9.99,110
10805,1349,2026-07-24,Creator,49.99,700
10806,13109,2026-08-22,Starter,9.99,110
10807,2905,2026-03-30,Starter,9.99,110
10808,3371,2026-03-09,Pro,99.99,1600
10809,1991,2026-07-06,Popular,24.99,300
10810,12075,2026-05-21,Creator,49.99,700
10811,7320,2026-04-09,Creator,49.99,700
10812,6798,2026-07-15,Creator,49.99,700
10813,9998,2026-07-15,Studio,499.99,10000
10814,6362,2026-07-09,Pro,99.99,1600
10815,14073,2026-03-16,Starter,9.99,110
10816,3750,2026-08-20,Starter,9.99,110
10817,5539,2026-02-17,Mini,4.99,50
10818,4959,2026-08-13,Pro,99.99,1600
10819,8413,2026-06-18,Creator,49.99,700
10820,2975,2026-01-08,Mini,4.99,50
10821,9361,2026-03-15,Max,199.99,3500
10822,7801,2026-08-10,Mini,4.99,50
10823,1513,2026-04-14,Creator,49.99,700
10824,3395,2026-05-12,Max,199.99,3500
10825,3899,2026-03-16,Popular,24.99,300
10826,7849,2026-02-06,Pro,99.99,1600
10827,11608,2026-06-19,Studio,499.99,10000
10828,934,2026-05-12,Max,199.99,3500
10829,13035,2026-08-10,Creator,49.99,700
10830,8493,2026-03-02,Starter,9.99,110
10831,3378,2026-01-15,Creator,49.99,700
10832,5632,2026-03-04,Creator,49.99,700
10833,13520,2026-02-15,Mini,4.99,50
10834,7681,2026-03-14,Mini,4.99,50
10835,12209,2026-04-10,Starter,9.99,110
10836,1732,2026-08-21,Pro,99.99,1600
10837,1966,2026-06-30,Max,199.99,3500
10838,5443,2026-03-19,Creator,49.99,700
10839,244,2026-04-14,Popular,24.99,300
10840,10978,2026-05-19,Popular,24.99,300
10841,14048,2026-05-28,Popular,24.99,300
10842,3607,2026-03-13,Studio,499.99,10000
10843,7018,2026-03-19,Creator,49.99,700
10844,3837,2026-07-29,Starter,9.99,110
10845,1417,2026-02-07,Starter,9.99,110
10846,3015,2026-01-30,Popular,24.99,300
10847,8777,2026-04-05,Creator,49.99,700
10848,371,2026-08-27,Starter,9.99,110
10849,12710,2026-06-03,Popular,24.99,300
10850,14504,2026-05-22,Mini,4.99,50
10851,4821,2026-06-26,Mini,4.99,50
10852,12728,2026-07-20,Max,199.99,3500
10853,14154,2026-04-12,Pro,99.99,1600
10854,1945,2026-08-18,Max,199.99,3500
10855,10704,2026-05-17,Starter,9.99,110
10856,7734,2026-04-02,Studio,499.99,10000
10857,13609,2026-04-14,Starter,9.99,110
10858,12165,2026-05-25,Max,199.99,3500
10859,7281,2026-06-06,Popular,24.99,300
10860,13856,2026-03-16,Creator,49.99,700
10861,2608,2026-06-21,Mini,4.99,50
10862,51,2026-05-31,Starter,9.99,110
10863,2264,2026-08-10,Mini,4.99,50
10864,11336,2026-07-06,Max,199.99,3500
10865,4815,2026-02-26,Creator,49.99,700
10866,2306,2026-03-30,Pro,99.99,1600
10867,3598,2026-07-06,Studio,499.99,10000
10868,9844,2026-04-19,Creator,49.99,700
10869,12443,2026-03-07,Mini,4.99,50
10870,14623,2026-04-24,Pro,99.99,1600
10871,7653,2026-05-11,Creator,49.99,700
10872,2246,2026-08-13,Starter,9.99,110
10873,1839,2026-02-14,Starter,9.99,110
10874,825,2026-04-23,Popular,24.99,300
10875,13757,2026-05-12,Creator,49.99,700
10876,14318,2026-08-11,Popular,24.99,300
10877,10347,2026-08-01,Popular,24.99,300
10878,7356,2026-04-13,Pro,99.99,1600
10879,14579,2026-01-30,Max,199.99,3500
10880,13307,2026-04-11,Creator,49.99,700
10881,6858,2026-04-23,Starter,9.99,110
10882,6914,2026-05-06,Creator,49.99,700
10883,14202,2026-05-18,Pro,99.99,1600
10884,5742,2026-08-28,Mini,4.99,50
10885,12330,2026-04-21,Pro,99.99,1600
10886,9999,2026-06-28,Creator,49.99,700
10887,7493,2026-05-19,Starter,9.99,110
10888,5942,2026-07-02,Starter,9.99,110
10889,314,2026-04-25,Starter,9.99,110
10890,13161,2026-03-09,Studio,499.99,10000
10891,122,2026-01-06,Creator,49.99,700
10892,8885,2026-06-26,Popular,24.99,300
10893,14138,2026-08-01,Studio,499.99,10000
10894,8709,2026-07-27,Studio,499.99,10000
10895,13914,2026-07-08,Mini,4.99,50
10896,9217,2026-06-05,Mini,4.99,50
10897,11662,2026-03-16,Starter,9.99,110
10898,11334,2026-04-28,Studio,499.99,10000
10899,6791,2026-05-14,Pro,99.99,1600
10900,10476,2026-04-05,Creator,49.99,700
10901,2531,2026-08-16,Starter,9.99,110
10902,10571,2026-07-07,Mini,4.99,50
10903,9297,2026-03-06,Popular,24.99,300
10904,6297,2026-04-17,Popular,24.99,300
10905,11641,2026-04-15,Mini,4.99,50
10906,13135,2026-04-23,Mini,4.99,50
10907,5578,2026-02-17,Starter,9.99,110
10908,13567,2026-05-31,Creator,49.99,700
10909,1813,2026-07-30,Popular,24.99,300
10910,5282,2026-08-04,Starter,9.99,110
10911,9188,2026-05-04,Popular,24.99,300
10912,7352,2026-07-12,Creator,49.99,700
10913,12082,2026-08-12,Mini,4.99,50
10914,9270,2026-05-27,Studio,499.99,10000
10915,13352,2026-08-31,Starter,9.99,110
10916,11485,2026-08-08,Popular,24.99,300
10917,8263,2026-04-20,Max,199.99,3500
10918,14327,2026-01-28,Starter,9.99,110
10919,3382,2026-07-22,Pro,99.99,1600
10920,1998,2026-05-01,Creator,49.99,700
10921,1301,2026-05-08,Pro,99.99,1600
10922,6412,2026-05-05,Studio,499.99,10000
10923,14363,2026-02-05,Popular,24.99,300
10924,8687,2026-07-05,Mini,4.99,50
10925,3221,2026-03-23,Popular,24.99,300
10926,982,2026-01-19,Studio,499.99,10000
10927,1806,2026-06-18,Mini,4.99,50
10928,6778,2026-05-22,Starter,9.99,110
10929,2515,2026-05-02,Studio,499.99,10000
10930,11472,2026-01-31,Creator,49.99,700
10931,8798,2026-08-24,Popular,24.99,300
10932,12268,2026-02-20,Studio,499.99,10000
10933,2832,2026-03-19,Studio,499.99,10000
10934,14492,2026-03-30,Popular,24.99,300
10935,9620,2026-02-09,Popular,24.99,300
10936,4514,2026-02-23,Creator,49.99,700
10937,10911,2026-08-03,Creator,49.99,700
10938,3171,2026-01-29,Mini,4.99,50
10939,10390,2026-05-19,Starter,9.99,110
10940,10025,2026-05-13,Pro,99.99,1600
10941,4550,2026-06-29,Pro,99.99,1600
10942,5390,2026-02-07,Starter,9.99,110
10943,7522,2026-05-16,Creator,49.99,700
10944,2143,2026-07-12,Starter,9.99,110
10945,13192,2026-02-03,Popular,24.99,300
10946,13932,2026-04-10,Starter,9.99,110
10947,12926,2026-03-11,Popular,24.99,300
10948,4987,2026-05-14,Starter,9.99,110
10949,192,2026-03-14,Pro,99.99,1600
10950,664,2026-04-28,Creator,49.99,700
10951,7363,2026-03-02,Starter,9.99,110
10952,7615,2026-01-20,Creator,49.99,700
10953,5401,2026-08-26,Popular,24.99,300
10954,6082,2026-03-08,Max,199.99,3500
10955,12269,2026-05-14,Popular,24.99,300
10956,5284,2026-02-20,Starter,9.99,110
10957,12791,2026-08-18,Popular,24.99,300
10958,10077,2026-08-17,Starter,9.99,110
10959,3957,2026-01-18,Mini,4.99,50
10960,8099,2026-08-04,Studio,499.99,10000
10961,11830,2026-03-28,Max,199.99,3500
10962,14633,2026-02-25,Popular,24.99,300
10963,9361,2026-04-12,Studio,499.99,10000
10964,10456,2026-03-14,Pro,99.99,1600
10965,10378,2026-07-24,Popular,24.99,300
10966,3633,2026-07-08,Popular,24.99,300
10967,6885,2026-05-25,Starter,9.99,110
10968,7848,2026-04-16,Pro,99.99,1600
10969,4117,2026-03-01,Starter,9.99,110
10970,5637,2026-07-03,Studio,499.99,10000
10971,7304,2026-06-19,Creator,49.99,700
10972,3653,2026-08-20,Creator,49.99,700
10973,5251,2026-06-23,Popular,24.99,300
10974,14411,2026-03-08,Starter,9.99,110
10975,13160,2026-02-20,Starter,9.99,110
10976,7690,2026-03-18,Creator,49.99,700
10977,4407,2026-08-02,Creator,49.99,700
10978,11574,2026-08-21,Starter,9.99,110
10979,11330,2026-02-19,Starter,9.99,110
10980,14622,2026-04-20,Popular,24.99,300
10981,1994,2026-03-10,Creator,49.99,700
10982,14672,2026-04-26,Creator,49.99,700
10983,4499,2026-01-29,Mini,4.99,50
10984,7725,2026-08-15,Starter,9.99,110
10985,9704,2026-06-25,Creator,49.99,700
10986,5039,2026-07-31,Creator,49.99,700
10987,2651,2026-03-08,Creator,49.99,700
10988,4059,2026-08-14,Starter,9.99,110
10989,13688,2026-08-20,Popular,24.99,300
10990,7640,2026-04-05,Creator,49.99,700
10991,4809,2026-04-06,Popular,24.99,300
10992,476,2026-06-15,Studio,499.99,10000
10993,1260,2026-03-21,Creator,49.99,700
10994,9049,2026-03-29,Creator,49.99,700
10995,8562,2026-04-16,Pro,99.99,1600
10996,3971,2026-02-03,Mini,4.99,50
10997,13890,2026-05-23,Mini,4.99,50
10998,11174,2026-05-06,Popular,24.99,300
10999,13920,2026-06-07,Creator,49.99,700
11000,1887,2026-07-30,Starter,9.99,110
11001,14347,2026-07-12,Mini,4.99,50
11002,8437,2026-05-21,Creator,49.99,700
11003,10522,2026-02-01,Studio,499.99,10000
11004,2337,2026-04-24,Starter,9.99,110
11005,7754,2026-03-13,Starter,9.99,110
11006,9865,2026-07-18,Starter,9.99,110
11007,5217,2026-03-20,Mini,4.99,50
11008,8427,2026-04-17,Mini,4.99,50
11009,15,2026-04-23,Max,199.99,3500
11010,1681,2026-02-28,Max,199.99,3500
11011,9395,2026-08-24,Starter,9.99,110
11012,3268,2026-03-07,Creator,49.99,700
11013,10,2026-04-03,Popular,24.99,300
11014,5906,2026-04-20,Popular,24.99,300
11015,1236,2026-06-15,Max,199.99,3500
11016,10509,2026-01-09,Popular,24.99,300
11017,8990,2026-01-06,Popular,24.99,300
11018,6832,2026-04-25,Starter,9.99,110
11019,714,2026-04-09,Pro,99.99,1600
11020,2489,2026-03-12,Creator,49.99,700
11021,5534,2026-04-09,Mini,4.99,50
11022,8963,2026-06-15,Starter,9.99,110
11023,3628,2026-03-26,Creator,49.99,700
11024,11400,2026-01-07,Popular,24.99,300
11025,1670,2026-08-27,Pro,99.99,1600
11026,3815,2026-01-30,Creator,49.99,700
11027,10966,2026-07-22,Popular,24.99,300
11028,3050,2026-02-12,Mini,4.99,50
11029,11171,2026-04-04,Max,199.99,3500
11030,847,2026-02-27,Popular,24.99,300
11031,3704,2026-01-25,Starter,9.99,110
11032,48,2026-04-10,Starter,9.99,110
11033,3341,2026-03-23,Popular,24.99,300
11034,9277,2026-08-08,Popular,24.99,300
11035,2423,2026-04-14,Starter,9.99,110
11036,10076,2026-07-21,Starter,9.99,110
11037,800,2026-08-29,Popular,24.99,300
11038,10057,2026-01-18,Pro,99.99,1600
11039,900,2026-03-14,Creator,49.99,700
11040,5191,2026-01-29,Starter,9.99,110
11041,14966,2026-04-04,Studio,499.99,10000
11042,3462,2026-08-18,Starter,9.99,110
11043,1341,2026-06-27,Creator,49.99,700
11044,4922,2026-02-01,Starter,9.99,110
11045,9000,2026-04-19,Mini,4.99,50
11046,13793,2026-01-07,Popular,24.99,300
11047,13962,2026-03-17,Popular,24.99,300
11048,8672,2026-04-28,Popular,24.99,300
11049,10808,2026-03-13,Pro,99.99,1600
11050,13279,2026-05-29,Creator,49.99,700
11051,7546,2026-07-15,Starter,9.99,110
11052,3098,2026-06-30,Pro,99.99,1600
11053,11662,2026-08-21,Mini,4.99,50
11054,12324,2026-06-22,Popular,24.99,300
11055,8441,2026-02-18,Popular,24.99,300
11056,11633,2026-01-03,Popular,24.99,300
11057,7062,2026-06-08,Studio,499.99,10000
11058,11125,2026-03-23,Popular,24.99,300
11059,6597,2026-02-17,Mini,4.99,50
11060,1572,2026-08-06,Mini,4.99,50
11061,3207,2026-03-11,Starter,9.99,110
11062,13814,2026-06-05,Creator,49.99,700
11063,3257,2026-04-05,Starter,9.99,110
11064,13175,2026-02-16,Starter,9.99,110
11065,5590,2026-08-09,Popular,24.99,300
11066,10072,2026-02-06,Creator,49.99,700
11067,7173,2026-05-10,Creator,49.99,700
11068,7918,2026-01-23,Starter,9.99,110
11069,12187,2026-01-31,Mini,4.99,50
11070,12425,2026-06-02,Creator,49.99,700
11071,6906,2026-05-01,Mini,4.99,50
11072,10082,2026-01-21,Popular,24.99,300
11073,512,2026-03-18,Popular,24.99,300
11074,1102,2026-08-13,Pro,99.99,1600
11075,4812,2026-08-07,Studio,499.99,10000
11076,4053,2026-03-15,Max,199.99,3500
11077,13196,2026-02-06,Pro,99.99,1600
11078,7745,2026-05-17,Starter,9.99,110
11079,4290,2026-02-16,Studio,499.99,10000
11080,13275,2026-08-04,Popular,24.99,300
11081,7093,2026-02-14,Starter,9.99,110
11082,12392,2026-07-31,Popular,24.99,300
11083,14155,2026-04-29,Pro,99.99,1600
11084,10401,2026-04-06,Starter,9.99,110
11085,9845,2026-03-04,Creator,49.99,700
11086,11595,2026-04-21,Studio,499.99,10000
11087,6782,2026-07-28,Popular,24.99,300
11088,12157,2026-03-16,Creator,49.99,700
11089,7318,2026-04-04,Max,199.99,3500
11090,4076,2026-01-26,Creator,49.99,700
11091,6115,2026-04-18,Studio,499.99,10000
11092,10076,2026-01-24,Starter,9.99,110
11093,10063,2026-07-10,Popular,24.99,300
11094,3797,2026-03-01,Mini,4.99,50
11095,9965,2026-03-19,Studio,499.99,10000
11096,5765,2026-03-26,Creator,49.99,700
11097,14032,2026-05-29,Pro,99.99,1600
11098,9939,2026-03-13,Popular,24.99,300
11099,8479,2026-05-20,Popular,24.99,300
11100,7746,2026-04-04,Max,199.99,3500
11101,11185,2026-04-16,Popular,24.99,300
11102,14838,2026-02-25,Mini,4.99,50
11103,14197,2026-02-15,Starter,9.99,110
11104,13474,2026-05-27,Starter,9.99,110
11105,12368,2026-08-11,Popular,24.99,300
11106,2750,2026-01-25,Pro,99.99,1600
11107,2423,2026-05-18,Max,199.99,3500
11108,9090,2026-03-08,Starter,9.99,110
11109,8903,2026-08-11,Starter,9.99,110
11110,8696,2026-03-16,Popular,24.99,300
11111,896,2026-08-11,Mini,4.99,50
11112,992,2026-08-24,Max,199.99,3500
11113,528,2026-03-22,Popular,24.99,300
11114,3602,2026-06-08,Max,199.99,3500
11115,10062,2026-04-05,Starter,9.99,110
11116,10802,2026-04-19,Starter,9.99,110
11117,5915,2026-08-01,Popular,24.99,300
11118,488,2026-03-09,Starter,9.99,110
11119,2198,2026-06-12,Starter,9.99,110
11120,7944,2026-05-15,Starter,9.99,110
11121,9178,2026-08-06,Max,199.99,3500
11122,45,2026-06-12,Creator,49.99,700
11123,13772,2026-08-20,Mini,4.99,50
11124,6199,2026-02-04,Starter,9.99,110
11125,3610,2026-04-27,Creator,49.99,700
11126,9396,2026-05-18,Popular,24.99,300
11127,4916,2026-02-25,Pro,99.99,1600
11128,12387,2026-04-18,Popular,24.99,300
11129,14229,2026-08-28,Popular,24.99,300
11130,14203,2026-04-21,Starter,9.99,110
11131,2556,2026-04-23,Starter,9.99,110
11132,2345,2026-02-20,Mini,4.99,50
11133,5960,2026-04-14,Pro,99.99,1600
11134,9020,2026-01-29,Pro,99.99,1600
11135,920,2026-06-09,Pro,99.99,1600
11136,607,2026-07-11,Studio,499.99,10000
11137,13402,2026-08-08,Mini,4.99,50
11138,9579,2026-03-07,Max,199.99,3500
11139,7546,2026-02-07,Popular,24.99,300
11140,7511,2026-04-28,Pro,99.99,1600
11141,1033,2026-06-12,Starter,9.99,110
11142,14025,2026-08-05,Creator,49.99,700
11143,545,2026-03-12,Studio,499.99,10000
11144,10770,2026-06-08,Starter,9.99,110
11145,7364,2026-07-28,Mini,4.99,50
11146,10121,2026-04-06,Popular,24.99,300
11147,4374,2026-02-08,Creator,49.99,700
11148,6997,2026-03-25,Starter,9.99,110
11149,10665,2026-03-16,Starter,9.99,110
11150,1812,2026-03-05,Popular,24.99,300
11151,11507,2026-05-21,Popular,24.99,300
11152,3267,2026-07-28,Starter,9.99,110
11153,5706,2026-04-14,Popular,24.99,300
11154,6545,2026-04-06,Studio,499.99,10000
11155,12751,2026-02-01,Starter,9.99,110
11156,101,2026-03-09,Creator,49.99,700
11157,8105,2026-06-26,Studio,499.99,10000
11158,1442,2026-05-10,Pro,99.99,1600
11159,3841,2026-03-12,Mini,4.99,50
11160,3474,2026-01-27,Pro,99.99,1600
11161,3337,2026-03-06,Creator,49.99,700
11162,2962,2026-03-21,Creator,49.99,700
11163,7446,2026-07-31,Studio,499.99,10000
11164,1379,2026-04-11,Pro,99.99,1600
11165,6799,2026-05-09,Starter,9.99,110
11166,10330,2026-02-23,Mini,4.99,50
11167,8841,2026-06-04,Pro,99.99,1600
11168,12531,2026-03-11,Pro,99.99,1600
11169,7668,2026-05-09,Starter,9.99,110
11170,5627,2026-01-26,Starter,9.99,110
11171,8758,2026-04-21,Popular,24.99,300
11172,7248,2026-08-25,Pro,99.99,1600
11173,2399,2026-03-10,Pro,99.99,1600
11174,2805,2026-01-08,Starter,9.99,110
11175,3325,2026-02-25,Popular,24.99,300
11176,2895,2026-07-13,Popular,24.99,300
11177,5653,2026-06-14,Starter,9.99,110
11178,10092,2026-06-13,Popular,24.99,300
11179,9784,2026-07-25,Starter,9.99,110
11180,3299,2026-08-18,Pro,99.99,1600
11181,5400,2026-01-13,Popular,24.99,300
11182,12003,2026-07-13,Starter,9.99,110
11183,10100,2026-04-30,Popular,24.99,300
11184,3074,2026-04-22,Starter,9.99,110
11185,10700,2026-04-27,Pro,99.99,1600
11186,13572,2026-07-13,Creator,49.99,700
11187,11897,2026-03-10,Starter,9.99,110
11188,10693,2026-04-13,Max,199.99,3500
11189,6733,2026-01-09,Popular,24.99,300
11190,4044,2026-02-18,Creator,49.99,700
11191,5431,2026-01-03,Pro,99.99,1600
11192,13900,2026-08-06,Max,199.99,3500
11193,13450,2026-08-14,Starter,9.99,110
11194,10847,2026-03-27,Starter,9.99,110
11195,2978,2026-07-17,Popular,24.99,300
11196,10670,2026-02-21,Pro,99.99,1600
11197,265,2026-05-11,Mini,4.99,50
11198,8416,2026-08-05,Creator,49.99,700
11199,5539,2026-04-15,Creator,49.99,700
11200,2963,2026-01-31,Popular,24.99,300
11201,3772,2026-07-12,Popular,24.99,300
11202,343,2026-02-15,Starter,9.99,110
11203,12775,2026-06-07,Popular,24.99,300
11204,14715,2026-02-16,Creator,49.99,700
11205,8675,2026-04-06,Starter,9.99,110
11206,13811,2026-05-28,Pro,99.99,1600
11207,1945,2026-04-21,Popular,24.99,300
11208,11437,2026-03-10,Pro,99.99,1600
11209,1284,2026-04-24,Popular,24.99,300
11210,7795,2026-05-30,Popular,24.99,300
11211,5438,2026-07-18,Creator,49.99,700
11212,600,2026-01-25,Mini,4.99,50
11213,7738,2026-06-20,Pro,99.99,1600
11214,10793,2026-03-19,Starter,9.99,110
11215,7415,2026-08-02,Popular,24.99,300
11216,9721,2026-07-09,Max,199.99,3500
11217,5542,2026-03-09,Pro,99.99,1600
11218,14222,2026-03-19,Pro,99.99,1600
11219,14187,2026-08-09,Popular,24.99,300
11220,1486,2026-08-02,Mini,4.99,50
11221,7243,2026-01-07,Creator,49.99,700
11222,11060,2026-04-20,Mini,4.99,50
11223,11010,2026-07-10,Max,199.99,3500
11224,6164,2026-06-21,Popular,24.99,300
11225,10422,2026-07-03,Popular,24.99,300
11226,5654,2026-08-04,Studio,499.99,10000
11227,7973,2026-06-29,Popular,24.99,300
11228,8119,2026-05-23,Max,199.99,3500
11229,13235,2026-06-14,Creator,49.99,700
11230,12816,2026-08-30,Creator,49.99,700
11231,5516,2026-01-09,Mini,4.99,50
11232,14646,2026-06-19,Starter,9.99,110
11233,12084,2026-08-16,Starter,9.99,110
11234,11379,2026-07-15,Pro,99.99,1600
11235,12019,2026-05-15,Starter,9.99,110
11236,4821,2026-02-24,Studio,499.99,10000
11237,8618,2026-07-25,Starter,9.99,110
11238,9104,2026-04-04,Starter,9.99,110
11239,6151,2026-08-31,Popular,24.99,300
11240,1457,2026-02-11,Mini,4.99,50
11241,4260,2026-08-04,Mini,4.99,50
11242,7943,2026-01-23,Popular,24.99,300
11243,9119,2026-04-22,Creator,49.99,700
11244,7466,2026-06-13,Popular,24.99,300
11245,14351,2026-01-26,Starter,9.99,110
11246,10519,2026-08-02,Pro,99.99,1600
11247,7527,2026-02-07,Max,199.99,3500
11248,5760,2026-08-12,Mini,4.99,50
11249,8747,2026-05-30,Starter,9.99,110
11250,7830,2026-08-16,Starter,9.99,110
11251,2358,2026-05-08,Pro,99.99,1600
11252,2405,2026-03-30,Creator,49.99,700
11253,8438,2026-06-11,Starter,9.99,110
11254,10481,2026-07-06,Starter,9.99,110
11255,3760,2026-08-29,Pro,99.99,1600
11256,881,2026-05-03,Creator,49.99,700
11257,11918,2026-01-06,Popular,24.99,300
11258,8152,2026-02-21,Popular,24.99,300
11259,6658,2026-06-03,Pro,99.99,1600
11260,9722,2026-03-23,Starter,9.99,110
11261,5759,2026-08-25,Creator,49.99,700
11262,14092,2026-03-28,Creator,49.99,700
11263,8235,2026-03-27,Starter,9.99,110
11264,2125,2026-02-04,Popular,24.99,300
11265,3315,2026-06-13,Mini,4.99,50
11266,11566,2026-07-27,Studio,499.99,10000
11267,10380,2026-01-20,Max,199.99,3500
11268,11630,2026-04-19,Creator,49.99,700
11269,9867,2026-05-01,Popular,24.99,300
11270,4116,2026-08-01,Popular,24.99,300
11271,6056,2026-08-23,Starter,9.99,110
11272,7366,2026-01-20,Max,199.99,3500
11273,10882,2026-01-09,Popular,24.99,300
11274,2914,2026-03-30,Starter,9.99,110
11275,13599,2026-07-14,Creator,49.99,700
11276,12569,2026-03-23,Popular,24.99,300
11277,6137,2026-05-11,Creator,49.99,700
11278,3424,2026-03-19,Starter,9.99,110
11279,1706,2026-04-13,Max,199.99,3500
11280,6146,2026-03-16,Max,199.99,3500
11281,14460,2026-02-15,Popular,24.99,300
11282,5911,2026-08-12,Max,199.99,3500
11283,14922,2026-05-30,Popular,24.99,300
11284,6771,2026-08-25,Starter,9.99,110
11285,14131,2026-08-22,Starter,9.99,110
11286,5783,2026-06-09,Creator,49.99,700
11287,6566,2026-03-28,Popular,24.99,300
11288,13607,2026-04-01,Max,199.99,3500
11289,7832,2026-02-26,Mini,4.99,50
11290,7150,2026-07-25,Pro,99.99,1600
11291,11135,2026-08-30,Starter,9.99,110
11292,10777,2026-01-07,Starter,9.99,110
11293,1695,2026-04-14,Popular,24.99,300
11294,6834,2026-05-27,Starter,9.99,110
11295,3856,2026-01-06,Starter,9.99,110
11296,14795,2026-02-09,Mini,4.99,50
11297,10943,2026-01-21,Pro,99.99,1600
11298,5470,2026-04-11,Popular,24.99,300
11299,14045,2026-03-27,Mini,4.99,50
11300,7735,2026-07-12,Starter,9.99,110
11301,6068,2026-02-05,Popular,24.99,300
11302,13354,2026-08-06,Starter,9.99,110
11303,10493,2026-07-17,Mini,4.99,50
11304,6275,2026-08-20,Creator,49.99,700
11305,14704,2026-02-17,Starter,9.99,110
11306,5845,2026-02-18,Max,199.99,3500
11307,5576,2026-01-01,Popular,24.99,300
11308,11521,2026-07-02,Mini,4.99,50
11309,3662,2026-01-26,Creator,49.99,700
11310,7156,2026-01-15,Max,199.99,3500
11311,10991,2026-05-09,Pro,99.99,1600
11312,3319,2026-05-15,Creator,49.99,700
11313,9497,2026-03-08,Pro,99.99,1600
11314,5317,2026-07-19,Starter,9.99,110
11315,14356,2026-02-26,Starter,9.99,110
11316,841,2026-04-03,Starter,9.99,110
11317,9862,2026-02-19,Starter,9.99,110
11318,1114,2026-07-12,Starter,9.99,110
11319,3265,2026-03-07,Max,199.99,3500
11320,9559,2026-05-24,Pro,99.99,1600
11321,1417,2026-05-04,Popular,24.99,300
11322,12823,2026-01-10,Starter,9.99,110
11323,2177,2026-06-23,Max,199.99,3500
11324,9409,2026-03-30,Mini,4.99,50
11325,10517,2026-08-01,Creator,49.99,700
11326,7499,2026-03-27,Creator,49.99,700
11327,6200,2026-07-07,Pro,99.99,1600
11328,9911,2026-01-16,Pro,99.99,1600
11329,7810,2026-07-14,Pro,99.99,1600
11330,8595,2026-04-17,Creator,49.99,700
11331,3382,2026-02-14,Creator,49.99,700
11332,9378,2026-06-29,Mini,4.99,50
11333,4937,2026-07-20,Popular,24.99,300
11334,13564,2026-06-26,Starter,9.99,110
11335,14405,2026-02-20,Popular,24.99,300
11336,5573,2026-07-14,Popular,24.99,300
11337,5478,2026-08-24,Starter,9.99,110
11338,11852,2026-05-14,Max,199.99,3500
11339,14493,2026-04-12,Mini,4.99,50
11340,7182,2026-08-18,Mini,4.99,50
11341,1073,2026-06-29,Studio,499.99,10000
11342,1967,2026-04-01,Mini,4.99,50
11343,3733,2026-01-16,Starter,9.99,110
11344,4486,2026-05-21,Mini,4.99,50
11345,11310,2026-06-20,Starter,9.99,110
11346,909,2026-01-21,Creator,49.99,700
11347,1670,2026-07-03,Creator,49.99,700
11348,8008,2026-08-31,Creator,49.99,700
11349,7181,2026-02-02,Mini,4.99,50
11350,3086,2026-02-24,Starter,9.99,110
11351,426,2026-03-16,Mini,4.99,50
11352,3197,2026-07-09,Popular,24.99,300
11353,14791,2026-07-11,Mini,4.99,50
11354,5411,2026-04-24,Mini,4.99,50
11355,84,2026-02-15,Pro,99.99,1600
11356,12527,2026-06-03,Mini,4.99,50
11357,10504,2026-05-28,Creator,49.99,700
11358,5534,2026-08-10,Pro,99.99,1600
11359,11318,2026-02-20,Popular,24.99,300
11360,620,2026-05-23,Popular,24.99,300
11361,8355,2026-01-20,Popular,24.99,300
11362,5431,2026-03-22,Creator,49.99,700
11363,1927,2026-02-10,Popular,24.99,300
11364,14535,2026-07-16,Pro,99.99,1600
11365,3885,2026-06-28,Max,199.99,3500
11366,2352,2026-05-09,Popular,24.99,300
11367,10884,2026-04-08,Creator,49.99,700
11368,11156,2026-03-07,Pro,99.99,1600
11369,11545,2026-05-03,Pro,99.99,1600
11370,13634,2026-08-11,Starter,9.99,110
11371,12286,2026-07-11,Mini,4.99,50
11372,11174,2026-02-22,Creator,49.99,700
11373,6013,2026-05-30,Popular,24.99,300
11374,2635,2026-08-12,Mini,4.99,50
11375,3755,2026-01-16,Starter,9.99,110
11376,11507,2026-08-18,Pro,99.99,1600
11377,14088,2026-05-05,Pro,99.99,1600
11378,9644,2026-04-28,Starter,9.99,110
11379,12777,2026-05-02,Popular,24.99,300
11380,9382,2026-02-15,Starter,9.99,110
11381,7630,2026-04-04,Popular,24.99,300
11382,4089,2026-07-03,Popular,24.99,300
11383,9768,2026-07-19,Max,199.99,3500
11384,10671,2026-02-01,Popular,24.99,300
11385,3455,2026-02-20,Starter,9.99,110
11386,5303,2026-05-20,Popular,24.99,300
11387,13103,2026-07-07,Popular,24.99,300
11388,6315,2026-06-22,Starter,9.99,110
11389,13102,2026-02-18,Max,199.99,3500
11390,5361,2026-01-26,Pro,99.99,1600
11391,7363,2026-08-30,Pro,99.99,1600
11392,2915,2026-01-22,Mini,4.99,50
11393,4428,2026-05-07,Starter,9.99,110
11394,1947,2026-07-14,Popular,24.99,300
11395,1358,2026-02-17,Pro,99.99,1600
11396,12855,2026-06-04,Mini,4.99,50
11397,13734,2026-01-08,Pro,99.99,1600
11398,8212,2026-03-27,Pro,99.99,1600
11399,11761,2026-02-03,Popular,24.99,300
11400,8182,2026-08-07,Pro,99.99,1600
11401,4272,2026-08-19,Starter,9.99,110
11402,3446,2026-04-21,Mini,4.99,50
11403,5631,2026-07-13,Popular,24.99,300
11404,2200,2026-02-25,Popular,24.99,300
11405,7314,2026-05-27,Popular,24.99,300
11406,11451,2026-01-25,Starter,9.99,110
11407,14723,2026-06-03,Creator,49.99,700
11408,2549,2026-04-22,Starter,9.99,110
11409,3588,2026-05-11,Max,199.99,3500
11410,13765,2026-07-05,Starter,9.99,110
11411,13910,2026-01-30,Creator,49.99,700
11412,3369,2026-03-16,Creator,49.99,700
11413,11659,2026-06-08,Popular,24.99,300
11414,9570,2026-04-05,Starter,9.99,110
11415,10462,2026-03-24,Starter,9.99,110
11416,7456,2026-01-09,Max,199.99,3500
11417,5663,2026-02-04,Creator,49.99,700
11418,10929,2026-05-04,Popular,24.99,300
11419,697,2026-02-17,Starter,9.99,110
11420,252,2026-04-17,Popular,24.99,300
11421,3111,2026-06-16,Starter,9.99,110
11422,14164,2026-01-28,Mini,4.99,50
11423,7245,2026-05-12,Starter,9.99,110
11424,3631,2026-01-22,Mini,4.99,50
11425,5218,2026-07-09,Mini,4.99,50
11426,9478,2026-01-28,Popular,24.99,300
11427,6962,2026-04-30,Popular,24.99,300
11428,8691,2026-02-07,Starter,9.99,110
11429,8467,2026-08-14,Popular,24.99,300
11430,6855,2026-08-21,Studio,499.99,10000
11431,11889,2026-02-12,Creator,49.99,700
11432,6506,2026-06-19,Starter,9.99,110
11433,1309,2026-06-07,Studio,499.99,10000
11434,5510,2026-05-19,Mini,4.99,50
11435,11668,2026-01-06,Popular,24.99,300
11436,10860,2026-07-08,Starter,9.99,110
11437,6063,2026-08-28,Popular,24.99,300
11438,11360,2026-07-20,Starter,9.99,110
11439,7004,2026-08-02,Max,199.99,3500
11440,12214,2026-08-26,Creator,49.99,700
11441,1167,2026-07-03,Starter,9.99,110
11442,10824,2026-07-16,Mini,4.99,50
11443,2277,2026-04-13,Creator,49.99,700
11444,14875,2026-01-20,Starter,9.99,110
11445,325,2026-03-04,Max,199.99,3500
11446,7162,2026-08-26,Popular,24.99,300
11447,940,2026-03-04,Starter,9.99,110
11448,6941,2026-01-05,Max,199.99,3500
11449,13862,2026-03-20,Creator,49.99,700
11450,3222,2026-08-15,Starter,9.99,110
11451,6742,2026-08-27,Starter,9.99,110
11452,1118,2026-06-26,Popular,24.99,300
11453,3946,2026-06-16,Mini,4.99,50
11454,5801,2026-05-08,Creator,49.99,700
11455,8110,2026-04-26,Starter,9.99,110
11456,10150,2026-08-13,Starter,9.99,110
11457,14168,2026-06-25,Creator,49.99,700
11458,14714,2026-06-13,Creator,49.99,700
11459,8881,2026-06-04,Creator,49.99,700
11460,12866,2026-03-29,Creator,49.99,700
11461,7540,2026-03-07,Creator,49.99,700
11462,11489,2026-06-29,Starter,9.99,110
11463,3408,2026-02-05,Studio,499.99,10000
11464,45,2026-06-01,Starter,9.99,110
11465,923,2026-06-25,Starter,9.99,110
11466,12191,2026-04-23,Starter,9.99,110
11467,8335,2026-08-02,Popular,24.99,300
11468,5466,2026-07-23,Mini,4.99,50
11469,10211,2026-02-18,Creator,49.99,700
11470,11987,2026-02-15,Pro,99.99,1600
11471,2637,2026-05-17,Starter,9.99,110
11472,8484,2026-03-03,Popular,24.99,300
11473,246,2026-05-27,Starter,9.99,110
11474,6173,2026-08-07,Creator,49.99,700
11475,6897,2026-01-30,Mini,4.99,50
11476,5128,2026-04-19,Popular,24.99,300
11477,10206,2026-04-21,Starter,9.99,110
11478,5179,2026-06-30,Pro,99.99,1600
11479,10642,2026-05-19,Studio,499.99,10000
11480,14500,2026-08-21,Max,199.99,3500
11481,13775,2026-08-18,Pro,99.99,1600
11482,7233,2026-04-12,Max,199.99,3500
11483,14897,2026-08-07,Starter,9.99,110
11484,8039,2026-08-21,Pro,99.99,1600
11485,3794,2026-07-20,Creator,49.99,700
11486,13169,2026-05-22,Studio,499.99,10000
11487,12312,2026-05-18,Pro,99.99,1600
11488,12493,2026-03-17,Creator,49.99,700
11489,13966,2026-01-21,Studio,499.99,10000
11490,7861,2026-03-15,Popular,24.99,300
11491,14515,2026-01-01,Starter,9.99,110
11492,14484,2026-06-14,Popular,24.99,300
11493,7822,2026-04-05,Popular,24.99,300
11494,11167,2026-04-11,Creator,49.99,700
11495,3979,2026-06-13,Popular,24.99,300
11496,4871,2026-04-30,Popular,24.99,300
11497,12930,2026-02-02,Creator,49.99,700
11498,5323,2026-02-16,Popular,24.99,300
11499,9297,2026-02-05,Pro,99.99,1600
11500,487,2026-05-12,Pro,99.99,1600
11501,2065,2026-04-07,Creator,49.99,700
11502,1587,2026-07-27,Pro,99.99,1600
11503,11416,2026-05-24,Starter,9.99,110
11504,9647,2026-05-20,Starter,9.99,110
11505,6287,2026-07-19,Starter,9.99,110
11506,3695,2026-03-23,Starter,9.99,110
11507,4634,2026-08-28,Pro,99.99,1600
11508,9182,2026-03-18,Starter,9.99,110
11509,12447,2026-05-01,Popular,24.99,300
11510,10848,2026-02-06,Popular,24.99,300
11511,5305,2026-07-04,Pro,99.99,1600
11512,9875,2026-01-03,Popular,24.99,300
11513,11883,2026-01-01,Starter,9.99,110
11514,11833,2026-05-25,Starter,9.99,110
11515,10177,2026-04-07,Max,199.99,3500
11516,7057,2026-05-28,Starter,9.99,110
11517,1535,2026-02-18,Max,199.99,3500
11518,2791,2026-06-09,Mini,4.99,50
11519,4524,2026-01-17,Pro,99.99,1600
11520,968,2026-01-27,Popular,24.99,300
11521,6534,2026-03-17,Pro,99.99,1600
11522,5061,2026-01-25,Pro,99.99,1600
11523,2017,2026-03-13,Starter,9.99,110
11524,12754,2026-01-17,Creator,49.99,700
11525,7439,2026-01-16,Creator,49.99,700
11526,1170,2026-08-29,Studio,499.99,10000
11527,6689,2026-07-23,Creator,49.99,700
11528,12073,2026-03-15,Creator,49.99,700
11529,6956,2026-02-12,Starter,9.99,110
11530,3768,2026-08-30,Pro,99.99,1600
11531,9422,2026-07-01,Max,199.99,3500
11532,1157,2026-06-09,Creator,49.99,700
11533,3967,2026-07-05,Popular,24.99,300
11534,11862,2026-04-27,Starter,9.99,110
11535,8846,2026-07-09,Popular,24.99,300
11536,9199,2026-06-30,Starter,9.99,110
11537,727,2026-03-20,Mini,4.99,50
11538,1974,2026-04-12,Mini,4.99,50
11539,6290,2026-03-30,Mini,4.99,50
11540,3393,2026-05-21,Popular,24.99,300
11541,5675,2026-06-23,Creator,49.99,700
11542,11490,2026-03-07,Creator,49.99,700
11543,1001,2026-08-19,Mini,4.99,50
11544,14922,2026-05-11,Starter,9.99,110
11545,5217,2026-03-27,Creator,49.99,700
11546,11515,2026-01-06,Creator,49.99,700
11547,7744,2026-01-26,Mini,4.99,50
11548,7787,2026-02-16,Starter,9.99,110
11549,12081,2026-06-19,Creator,49.99,700
11550,11978,2026-03-30,Pro,99.99,1600
11551,2336,2026-08-13,Max,199.99,3500
11552,8024,2026-05-16,Studio,499.99,10000
11553,10012,2026-08-12,Starter,9.99,110
11554,9916,2026-04-09,Creator,49.99,700
11555,1186,2026-02-21,Creator,49.99,700
11556,1840,2026-01-17,Popular,24.99,300
11557,6136,2026-03-22,Pro,99.99,1600
11558,6848,2026-03-16,Popular,24.99,300
11559,12053,2026-03-17,Starter,9.99,110
11560,10939,2026-05-29,Popular,24.99,300
11561,12894,2026-03-08,Creator,49.99,700
11562,13070,2026-08-10,Popular,24.99,300
11563,13095,2026-02-07,Pro,99.99,1600
11564,14673,2026-02-16,Starter,9.99,110
11565,11563,2026-08-20,Creator,49.99,700
11566,10856,2026-04-22,Mini,4.99,50
11567,12859,2026-06-20,Popular,24.99,300
11568,6078,2026-06-03,Mini,4.99,50
11569,10021,2026-02-24,Creator,49.99,700
11570,1115,2026-01-29,Popular,24.99,300
11571,1991,2026-07-02,Creator,49.99,700
11572,4082,2026-05-09,Max,199.99,3500
11573,8323,2026-01-23,Popular,24.99,300
11574,1352,2026-02-26,Starter,9.99,110
11575,4095,2026-03-05,Starter,9.99,110
11576,3873,2026-06-03,Starter,9.99,110
11577,12629,2026-06-19,Popular,24.99,300
11578,1653,2026-04-08,Pro,99.99,1600
11579,8357,2026-03-22,Creator,49.99,700
11580,5842,2026-05-12,Creator,49.99,700
11581,7629,2026-03-03,Pro,99.99,1600
11582,3532,2026-04-13,Mini,4.99,50
11583,4464,2026-01-18,Popular,24.99,300
11584,2619,2026-04-12,Popular,24.99,300
11585,7921,2026-03-01,Popular,24.99,300
11586,819,2026-08-14,Starter,9.99,110
11587,10512,2026-07-10,Pro,99.99,1600
11588,11451,2026-08-10,Max,199.99,3500
11589,336,2026-03-02,Max,199.99,3500
11590,8866,2026-07-30,Creator,49.99,700
11591,559,2026-01-14,Popular,24.99,300
11592,2218,2026-01-11,Max,199.99,3500
11593,908,2026-06-30,Creator,49.99,700
11594,8273,2026-08-31,Creator,49.99,700
11595,7890,2026-05-15,Max,199.99,3500
11596,5179,2026-08-15,Studio,499.99,10000
11597,13294,2026-02-08,Creator,49.99,700
11598,663,2026-07-31,Pro,99.99,1600
11599,4502,2026-04-17,Popular,24.99,300
11600,5701,2026-03-11,Starter,9.99,110
11601,1506,2026-08-11,Creator,49.99,700
11602,25,2026-06-15,Starter,9.99,110
11603,11105,2026-05-11,Creator,49.99,700
11604,2926,2026-05-10,Starter,9.99,110
11605,6284,2026-05-25,Creator,49.99,700
11606,12563,2026-05-28,Studio,499.99,10000
11607,12718,2026-05-29,Creator,49.99,700
11608,2498,2026-07-28,Pro,99.99,1600
11609,7409,2026-03-26,Pro,99.99,1600
11610,10948,2026-04-27,Starter,9.99,110
11611,13035,2026-04-07,Pro,99.99,1600
11612,8486,2026-04-17,Max,199.99,3500
11613,1576,2026-05-09,Popular,24.99,300
11614,266,2026-02-26,Creator,49.99,700
11615,8410,2026-04-05,Popular,24.99,300
11616,8506,2026-02-26,Starter,9.99,110
11617,12595,2026-01-07,Creator,49.99,700
11618,3071,2026-01-16,Pro,99.99,1600
11619,7276,2026-05-08,Popular,24.99,300
11620,7610,2026-06-27,Mini,4.99,50
11621,13615,2026-06-21,Mini,4.99,50
11622,2145,2026-01-28,Mini,4.99,50
11623,4806,2026-07-15,Starter,9.99,110
11624,636,2026-05-22,Starter,9.99,110
11625,5143,2026-05-09,Pro,99.99,1600
11626,6978,2026-04-03,Creator,49.99,700
11627,10719,2026-03-27,Popular,24.99,300
11628,1105,2026-07-27,Studio,499.99,10000
11629,11720,2026-01-08,Mini,4.99,50
11630,505,2026-07-20,Max,199.99,3500
11631,2796,2026-01-01,Pro,99.99,1600
11632,13550,2026-07-04,Starter,9.99,110
11633,7398,2026-02-04,Creator,49.99,700
11634,6538,2026-03-17,Creator,49.99,700
11635,8267,2026-01-11,Mini,4.99,50
11636,2773,2026-06-07,Pro,99.99,1600
11637,7332,2026-08-01,Popular,24.99,300
11638,8474,2026-03-18,Creator,49.99,700
11639,12792,2026-05-21,Pro,99.99,1600
11640,10478,2026-02-07,Pro,99.99,1600
11641,5726,2026-04-03,Starter,9.99,110
11642,11294,2026-05-22,Mini,4.99,50
11643,4967,2026-04-29,Mini,4.99,50
11644,3384,2026-03-26,Studio,499.99,10000
11645,9341,2026-04-05,Max,199.99,3500
11646,4077,2026-06-27,Popular,24.99,300
11647,13811,2026-07-21,Mini,4.99,50
11648,5317,2026-05-11,Pro,99.99,1600
11649,12928,2026-08-17,Mini,4.99,50
11650,1207,2026-04-30,Starter,9.99,110
11651,292,2026-06-27,Mini,4.99,50
11652,13241,2026-08-04,Starter,9.99,110
11653,6173,2026-01-25,Creator,49.99,700
11654,11128,2026-07-30,Studio,499.99,10000
11655,4450,2026-02-05,Max,199.99,3500
11656,13604,2026-03-11,Mini,4.99,50
11657,3504,2026-07-20,Starter,9.99,110
11658,11133,2026-08-09,Pro,99.99,1600
11659,4684,2026-08-27,Popular,24.99,300
11660,8909,2026-02-17,Creator,49.99,700
11661,5456,2026-05-23,Popular,24.99,300
11662,4705,2026-06-23,Creator,49.99,700
11663,8687,2026-05-26,Starter,9.99,110
11664,2232,2026-08-18,Mini,4.99,50
11665,1802,2026-03-03,Popular,24.99,300
11666,10597,2026-01-24,Pro,99.99,1600
11667,5787,2026-08-13,Pro,99.99,1600
11668,7276,2026-05-30,Starter,9.99,110
11669,8621,2026-01-16,Max,199.99,3500
11670,8941,2026-02-06,Starter,9.99,110
11671,13736,2026-02-21,Max,199.99,3500
11672,6451,2026-06-05,Mini,4.99,50
11673,10299,2026-02-04,Creator,49.99,700
11674,14055,2026-03-20,Creator,49.99,700
11675,6195,2026-04-25,Starter,9.99,110
11676,6389,2026-04-19,Starter,9.99,110
11677,11504,2026-06-03,Popular,24.99,300
11678,5740,2026-03-22,Popular,24.99,300
11679,3755,2026-05-20,Creator,49.99,700
11680,9293,2026-07-02,Creator,49.99,700
11681,6524,2026-04-15,Creator,49.99,700
11682,3508,2026-03-06,Max,199.99,3500
11683,8587,2026-08-22,Max,199.99,3500
11684,14568,2026-07-21,Popular,24.99,300
11685,8906,2026-05-29,Starter,9.99,110
11686,12292,2026-07-31,Popular,24.99,300
11687,12552,2026-08-29,Mini,4.99,50
11688,2797,2026-04-20,Mini,4.99,50
11689,301,2026-05-05,Mini,4.99,50
11690,7050,2026-05-17,Starter,9.99,110
11691,3370,2026-04-23,Popular,24.99,300
11692,6844,2026-05-22,Studio,499.99,10000
11693,3261,2026-01-06,Popular,24.99,300
11694,2870,2026-07-24,Starter,9.99,110
11695,14853,2026-02-23,Starter,9.99,110
11696,1139,2026-04-24,Pro,99.99,1600
11697,1547,2026-08-16,Mini,4.99,50
11698,10025,2026-07-19,Creator,49.99,700
11699,6810,2026-04-23,Creator,49.99,700
11700,12911,2026-06-05,Mini,4.99,50
11701,9152,2026-06-25,Mini,4.99,50
11702,8289,2026-05-08,Pro,99.99,1600
11703,1530,2026-03-20,Starter,9.99,110
11704,288,2026-03-20,Mini,4.99,50
11705,5609,2026-06-18,Starter,9.99,110
11706,10450,2026-04-30,Starter,9.99,110
11707,3685,2026-05-14,Pro,99.99,1600
11708,4884,2026-02-14,Creator,49.99,700
11709,4747,2026-04-01,Starter,9.99,110
11710,13561,2026-05-10,Studio,499.99,10000
11711,677,2026-01-11,Pro,99.99,1600
11712,11146,2026-08-19,Starter,9.99,110
11713,903,2026-02-03,Starter,9.99,110
11714,9143,2026-03-25,Creator,49.99,700
11715,14794,2026-01-30,Mini,4.99,50
11716,14742,2026-06-11,Mini,4.99,50
11717,12288,2026-01-01,Mini,4.99,50
11718,5487,2026-06-02,Mini,4.99,50
11719,10718,2026-08-25,Creator,49.99,700
11720,12147,2026-08-20,Starter,9.99,110
11721,7864,2026-08-25,Starter,9.99,110
11722,11271,2026-05-25,Mini,4.99,50
11723,1142,2026-05-19,Mini,4.99,50
11724,37,2026-06-23,Starter,9.99,110
11725,4802,2026-02-26,Starter,9.99,110
11726,1221,2026-08-25,Max,199.99,3500
11727,12836,2026-06-26,Creator,49.99,700
11728,14422,2026-07-05,Creator,49.99,700
11729,13051,2026-08-04,Starter,9.99,110
11730,1682,2026-08-19,Studio,499.99,10000
11731,12255,2026-05-06,Creator,49.99,700
11732,4122,2026-04-16,Popular,24.99,300
11733,11015,2026-01-12,Starter,9.99,110
11734,399,2026-02-11,Creator,49.99,700
11735,7606,2026-05-27,Popular,24.99,300
11736,2987,2026-01-31,Studio,499.99,10000
11737,1327,2026-03-13,Creator,49.99,700
11738,8221,2026-08-25,Popular,24.99,300
11739,767,2026-01-05,Popular,24.99,300
11740,2910,2026-06-24,Popular,24.99,300
11741,8147,2026-03-04,Popular,24.99,300
11742,12177,2026-05-07,Mini,4.99,50
11743,2137,2026-07-06,Creator,49.99,700
11744,1759,2026-05-02,Max,199.99,3500
11745,12500,2026-07-30,Popular,24.99,300
11746,9198,2026-08-28,Starter,9.99,110
11747,991,2026-07-22,Starter,9.99,110
11748,11652,2026-07-09,Mini,4.99,50
11749,4304,2026-02-05,Creator,49.99,700
11750,11104,2026-07-21,Pro,99.99,1600
11751,9260,2026-02-12,Creator,49.99,700
11752,8515,2026-04-23,Popular,24.99,300
11753,3541,2026-03-29,Studio,499.99,10000
11754,5337,2026-02-07,Starter,9.99,110
11755,4442,2026-05-15,Starter,9.99,110
11756,238,2026-04-11,Popular,24.99,300
11757,3177,2026-02-03,Max,199.99,3500
11758,14250,2026-06-30,Pro,99.99,1600
11759,8462,2026-06-04,Starter,9.99,110
11760,9869,2026-02-18,Mini,4.99,50
11761,3233,2026-01-16,Creator,49.99,700
11762,14288,2026-01-10,Max,199.99,3500
11763,5842,2026-07-06,Popular,24.99,300
11764,3483,2026-08-20,Popular,24.99,300
11765,4949,2026-03-30,Creator,49.99,700
11766,4274,2026-02-25,Creator,49.99,700
11767,8876,2026-02-13,Pro,99.99,1600
11768,12516,2026-07-02,Starter,9.99,110
11769,8731,2026-08-15,Starter,9.99,110
11770,13650,2026-01-10,Creator,49.99,700
11771,8356,2026-06-08,Studio,499.99,10000
11772,6233,2026-02-09,Mini,4.99,50
11773,9705,2026-07-23,Mini,4.99,50
11774,10001,2026-07-28,Popular,24.99,300
11775,5105,2026-06-09,Studio,499.99,10000
11776,4816,2026-06-29,Mini,4.99,50
11777,14634,2026-04-17,Max,199.99,3500
11778,1158,2026-01-31,Max,199.99,3500
11779,11320,2026-06-07,Studio,499.99,10000
11780,11412,2026-03-07,Pro,99.99,1600
11781,5062,2026-08-26,Mini,4.99,50
11782,7980,2026-08-06,Starter,9.99,110
11783,5560,2026-08-03,Studio,499.99,10000
11784,4619,2026-04-01,Pro,99.99,1600
11785,3907,2026-08-17,Creator,49.99,700
11786,5101,2026-08-29,Starter,9.99,110
11787,9809,2026-03-12,Popular,24.99,300
11788,12782,2026-02-09,Popular,24.99,300
11789,3036,2026-01-11,Pro,99.99,1600
11790,9117,2026-05-09,Mini,4.99,50
11791,1868,2026-02-17,Pro,99.99,1600
11792,7095,2026-03-04,Creator,49.99,700
11793,12082,2026-07-14,Popular,24.99,300
11794,8914,2026-05-14,Starter,9.99,110
11795,6161,2026-08-13,Popular,24.99,300
11796,12197,2026-06-14,Popular,24.99,300
11797,10685,2026-02-08,Mini,4.99,50
11798,5361,2026-08-08,Popular,24.99,300
11799,13538,2026-05-06,Creator,49.99,700
11800,12563,2026-06-30,Starter,9.99,110
11801,12935,2026-05-10,Max,199.99,3500
11802,8330,2026-05-30,Popular,24.99,300
11803,5392,2026-02-01,Starter,9.99,110
11804,7802,2026-05-16,Mini,4.99,50
11805,4665,2026-07-30,Starter,9.99,110
11806,4000,2026-07-05,Popular,24.99,300
11807,9842,2026-02-08,Creator,49.99,700
11808,1141,2026-01-03,Popular,24.99,300
11809,10937,2026-01-19,Mini,4.99,50
11810,11018,2026-07-14,Max,199.99,3500
11811,986,2026-03-07,Starter,9.99,110
11812,9764,2026-01-22,Starter,9.99,110
11813,13175,2026-07-03,Mini,4.99,50
11814,4282,2026-08-07,Pro,99.99,1600
11815,13047,2026-01-01,Pro,99.99,1600
11816,1115,2026-03-13,Starter,9.99,110
11817,3478,2026-07-14,Popular,24.99,300
11818,9785,2026-05-06,Popular,24.99,300
11819,7218,2026-03-12,Pro,99.99,1600
11820,6539,2026-08-22,Starter,9.99,110
11821,12640,2026-03-17,Starter,9.99,110
11822,11304,2026-04-25,Creator,49.99,700
11823,13532,2026-02-05,Creator,49.99,700
11824,2453,2026-03-01,Creator,49.99,700
11825,11979,2026-02-28,Pro,99.99,1600
11826,6300,2026-01-22,Max,199.99,3500
11827,14975,2026-04-04,Starter,9.99,110
11828,14074,2026-01-23,Creator,49.99,700
11829,13581,2026-05-03,Max,199.99,3500
11830,11534,2026-02-07,Popular,24.99,300
11831,9826,2026-03-11,Popular,24.99,300
11832,7449,2026-04-04,Popular,24.99,300
11833,1028,2026-08-03,Popular,24.99,300
11834,14088,2026-05-11,Starter,9.99,110
11835,11157,2026-06-20,Creator,49.99,700
11836,11073,2026-02-16,Starter,9.99,110
11837,11618,2026-04-23,Popular,24.99,300
11838,7259,2026-03-15,Max,199.99,3500
11839,7867,2026-02-13,Mini,4.99,50
11840,7024,2026-01-31,Popular,24.99,300
11841,1883,2026-04-11,Starter,9.99,110
11842,6898,2026-02-27,Starter,9.99,110
11843,2051,2026-05-29,Pro,99.99,1600
11844,1303,2026-05-28,Creator,49.99,700
11845,9155,2026-03-28,Starter,9.99,110
11846,4112,2026-05-03,Pro,99.99,1600
11847,9769,2026-01-21,Max,199.99,3500
11848,7376,2026-04-13,Starter,9.99,110
11849,2804,2026-03-11,Creator,49.99,700
11850,4882,2026-06-13,Mini,4.99,50
11851,730,2026-05-07,Pro,99.99,1600
11852,9205,2026-06-16,Studio,499.99,10000
11853,12406,2026-07-15,Popular,24.99,300
11854,7471,2026-04-30,Mini,4.99,50
11855,8024,2026-01-20,Pro,99.99,1600
11856,12053,2026-04-23,Max,199.99,3500
11857,3144,2026-02-11,Pro,99.99,1600
11858,10438,2026-05-12,Popular,24.99,300
11859,5275,2026-01-31,Studio,499.99,10000
11860,6188,2026-06-16,Starter,9.99,110
11861,14181,2026-06-16,Starter,9.99,110
11862,6043,2026-04-13,Studio,499.99,10000
11863,11022,2026-07-26,Popular,24.99,300
11864,5154,2026-06-08,Starter,9.99,110
11865,3786,2026-06-19,Mini,4.99,50
11866,2273,2026-03-05,Starter,9.99,110
11867,10476,2026-05-23,Creator,49.99,700
11868,331,2026-03-28,Pro,99.99,1600
11869,12958,2026-03-29,Mini,4.99,50
11870,14916,2026-05-14,Pro,99.99,1600
11871,4553,2026-06-19,Starter,9.99,110
11872,4525,2026-05-31,Creator,49.99,700
11873,8524,2026-03-10,Starter,9.99,110
11874,1064,2026-01-02,Max,199.99,3500
11875,7434,2026-05-23,Starter,9.99,110
11876,9485,2026-07-05,Creator,49.99,700
11877,4950,2026-03-20,Starter,9.99,110
11878,2369,2026-02-02,Starter,9.99,110
11879,12879,2026-07-08,Pro,99.99,1600
11880,1503,2026-07-12,Mini,4.99,50
11881,3979,2026-03-23,Starter,9.99,110
11882,3442,2026-01-18,Mini,4.99,50
11883,9757,2026-01-18,Starter,9.99,110
11884,542,2026-07-30,Creator,49.99,700
11885,7342,2026-05-19,Max,199.99,3500
11886,8986,2026-04-02,Starter,9.99,110
11887,2079,2026-08-05,Studio,499.99,10000
11888,12893,2026-03-27,Creator,49.99,700
11889,11389,2026-02-04,Creator,49.99,700
11890,10071,2026-06-14,Popular,24.99,300
11891,8743,2026-05-21,Starter,9.99,110
11892,1243,2026-01-04,Max,199.99,3500
11893,1510,2026-02-22,Popular,24.99,300
11894,10065,2026-07-12,Mini,4.99,50
11895,3762,2026-02-15,Starter,9.99,110
11896,680,2026-04-13,Pro,99.99,1600
11897,6400,2026-07-14,Pro,99.99,1600
11898,8235,2026-04-02,Popular,24.99,300
11899,11784,2026-04-10,Starter,9.99,110
11900,7916,2026-03-12,Starter,9.99,110
11901,8155,2026-08-03,Starter,9.99,110
11902,6451,2026-04-15,Popular,24.99,300
11903,7085,2026-07-15,Mini,4.99,50
11904,13804,2026-04-12,Mini,4.99,50
11905,3259,2026-04-22,Popular,24.99,300
11906,7537,2026-02-28,Max,199.99,3500
11907,3172,2026-03-22,Starter,9.99,110
11908,14865,2026-06-13,Creator,49.99,700
11909,675,2026-03-06,Creator,49.99,700
11910,14752,2026-04-02,Starter,9.99,110
11911,1683,2026-03-17,Starter,9.99,110
11912,10126,2026-03-14,Starter,9.99,110
11913,2079,2026-02-24,Creator,49.99,700
11914,14812,2026-05-15,Max,199.99,3500
11915,5451,2026-01-05,Creator,49.99,700
11916,5455,2026-06-12,Starter,9.99,110
11917,8027,2026-01-21,Starter,9.99,110
11918,1311,2026-06-21,Popular,24.99,300
11919,6985,2026-08-28,Popular,24.99,300
11920,6477,2026-05-31,Studio,499.99,10000
11921,10710,2026-05-18,Starter,9.99,110
11922,3519,2026-02-03,Starter,9.99,110
11923,1030,2026-06-17,Popular,24.99,300
11924,12900,2026-03-27,Popular,24.99,300
11925,6735,2026-01-18,Popular,24.99,300
11926,8260,2026-01-05,Max,199.99,3500
11927,14262,2026-06-21,Max,199.99,3500
11928,10581,2026-08-12,Pro,99.99,1600
11929,6386,2026-05-10,Max,199.99,3500
11930,11213,2026-05-27,Creator,49.99,700
11931,511,2026-05-28,Popular,24.99,300
11932,6871,2026-03-22,Starter,9.99,110
11933,10128,2026-05-27,Starter,9.99,110
11934,14501,2026-07-19,Mini,4.99,50
11935,8636,2026-04-12,Starter,9.99,110
11936,7645,2026-05-07,Max,199.99,3500
11937,7495,2026-02-21,Popular,24.99,300
11938,4406,2026-07-03,Creator,49.99,700
11939,8208,2026-04-27,Mini,4.99,50
11940,1286,2026-06-12,Creator,49.99,700
11941,10416,2026-05-07,Starter,9.99,110
11942,6189,2026-07-10,Popular,24.99,300
11943,9345,2026-08-17,Popular,24.99,300
11944,13053,2026-07-01,Popular,24.99,300
11945,10402,2026-02-22,Creator,49.99,700
11946,2018,2026-02-08,Mini,4.99,50
11947,14434,2026-01-16,Starter,9.99,110
11948,13590,2026-08-14,Starter,9.99,110
11949,12785,2026-04-07,Max,199.99,3500
11950,3187,2026-04-25,Mini,4.99,50
11951,1733,2026-08-19,Starter,9.99,110
11952,1939,2026-08-22,Creator,49.99,700
11953,2941,2026-04-22,Starter,9.99,110
11954,9528,2026-01-12,Max,199.99,3500
11955,13012,2026-08-10,Starter,9.99,110
11956,8778,2026-06-07,Popular,24.99,300
11957,3019,2026-01-21,Popular,24.99,300
11958,5901,2026-01-20,Mini,4.99,50
11959,1782,2026-03-26,Starter,9.99,110
11960,3183,2026-03-09,Popular,24.99,300
11961,9043,2026-07-01,Max,199.99,3500
11962,9562,2026-02-13,Max,199.99,3500
11963,435,2026-03-01,Mini,4.99,50
11964,9924,2026-07-25,Starter,9.99,110
11965,6594,2026-05-20,Pro,99.99,1600
11966,5236,2026-03-30,Creator,49.99,700
11967,7524,2026-02-18,Mini,4.99,50
11968,3691,2026-04-08,Pro,99.99,1600
11969,14262,2026-01-29,Creator,49.99,700
11970,4935,2026-04-08,Studio,499.99,10000
11971,3748,2026-02-02,Starter,9.99,110
11972,10914,2026-07-20,Popular,24.99,300
11973,1354,2026-06-25,Starter,9.99,110
11974,10221,2026-07-02,Creator,49.99,700
11975,13169,2026-08-03,Starter,9.99,110
11976,5491,2026-01-23,Popular,24.99,300
11977,10809,2026-08-02,Popular,24.99,300
11978,13283,2026-08-22,Popular,24.99,300
11979,5140,2026-02-15,Creator,49.99,700
11980,6495,2026-07-24,Popular,24.99,300
11981,2260,2026-03-08,Pro,99.99,1600
11982,10088,2026-02-11,Starter,9.99,110
11983,11674,2026-07-17,Starter,9.99,110
11984,8478,2026-01-05,Mini,4.99,50
11985,12642,2026-08-03,Mini,4.99,50
11986,6542,2026-04-21,Pro,99.99,1600
11987,1740,2026-08-12,Starter,9.99,110
11988,5151,2026-06-14,Mini,4.99,50
11989,5649,2026-04-19,Starter,9.99,110
11990,12944,2026-04-15,Studio,499.99,10000
11991,11802,2026-05-08,Starter,9.99,110
11992,11262,2026-01-13,Creator,49.99,700
11993,13544,2026-08-11,Starter,9.99,110
11994,1088,2026-05-25,Starter,9.99,110
11995,5684,2026-05-19,Popular,24.99,300
11996,8193,2026-04-19,Starter,9.99,110
11997,11868,2026-02-23,Mini,4.99,50
11998,13066,2026-05-01,Max,199.99,3500
11999,4005,2026-08-20,Starter,9.99,110
12000,8618,2026-03-02,Pro,99.99,1600
12001,10592,2026-06-08,Max,199.99,3500
12002,14226,2026-05-14,Max,199.99,3500
12003,6926,2026-03-22,Creator,49.99,700
12004,516,2026-06-02,Popular,24.99,300
12005,4165,2026-07-14,Popular,24.99,300
12006,4236,2026-05-13,Starter,9.99,110
12007,9360,2026-03-18,Mini,4.99,50
12008,12289,2026-04-25,Mini,4.99,50
12009,9988,2026-01-28,Mini,4.99,50
12010,8139,2026-01-23,Starter,9.99,110
12011,4867,2026-03-12,Creator,49.99,700
12012,13774,2026-08-20,Creator,49.99,700
12013,7885,2026-03-20,Pro,99.99,1600
12014,1942,2026-03-07,Creator,49.99,700
12015,7074,2026-07-03,Starter,9.99,110
12016,228,2026-04-07,Starter,9.99,110
12017,1438,2026-04-29,Starter,9.99,110
12018,1565,2026-03-08,Starter,9.99,110
12019,1146,2026-02-16,Studio,499.99,10000
12020,8693,2026-01-07,Creator,49.99,700
12021,6841,2026-01-20,Starter,9.99,110
12022,386,2026-01-24,Mini,4.99,50
12023,4659,2026-08-07,Starter,9.99,110
12024,10669,2026-01-09,Starter,9.99,110
12025,837,2026-02-08,Popular,24.99,300
12026,1176,2026-08-20,Starter,9.99,110
12027,2322,2026-01-19,Creator,49.99,700
12028,7809,2026-04-05,Popular,24.99,300
12029,2026,2026-04-15,Pro,99.99,1600
12030,5792,2026-05-09,Starter,9.99,110
12031,3318,2026-05-18,Creator,49.99,700
12032,13582,2026-02-11,Popular,24.99,300
12033,10596,2026-06-10,Starter,9.99,110
12034,6978,2026-04-22,Creator,49.99,700
12035,9263,2026-06-20,Popular,24.99,300
12036,2175,2026-04-03,Starter,9.99,110
12037,7641,2026-07-11,Starter,9.99,110
12038,5589,2026-01-29,Pro,99.99,1600
12039,11040,2026-07-14,Popular,24.99,300
12040,10112,2026-02-27,Creator,49.99,700
12041,11764,2026-07-08,Pro,99.99,1600
12042,11167,2026-04-23,Creator,49.99,700
12043,12954,2026-01-14,Pro,99.99,1600
12044,7363,2026-07-03,Pro,99.99,1600
12045,4574,2026-01-24,Max,199.99,3500
12046,3381,2026-04-25,Pro,99.99,1600
12047,5306,2026-01-19,Popular,24.99,300
12048,8738,2026-04-14,Max,199.99,3500
12049,5126,2026-06-15,Popular,24.99,300
12050,674,2026-03-03,Starter,9.99,110
12051,3905,2026-06-13,Creator,49.99,700
12052,8133,2026-07-05,Popular,24.99,300
12053,10658,2026-03-22,Creator,49.99,700
12054,7003,2026-07-24,Creator,49.99,700
12055,5446,2026-04-01,Pro,99.99,1600
12056,13052,2026-05-28,Starter,9.99,110
12057,273,2026-05-30,Popular,24.99,300
12058,10474,2026-04-12,Popular,24.99,300
12059,7374,2026-06-28,Starter,9.99,110
12060,7441,2026-05-11,Popular,24.99,300
12061,13950,2026-03-14,Studio,499.99,10000
12062,6277,2026-05-24,Creator,49.99,700
12063,6629,2026-03-19,Max,199.99,3500
12064,6778,2026-01-15,Starter,9.99,110
12065,3600,2026-07-22,Starter,9.99,110
12066,12174,2026-06-04,Starter,9.99,110
12067,111,2026-04-13,Popular,24.99,300
12068,2680,2026-06-03,Studio,499.99,10000
12069,12870,2026-06-26,Popular,24.99,300
12070,986,2026-02-13,Mini,4.99,50
12071,5494,2026-08-06,Popular,24.99,300
12072,3245,2026-04-06,Popular,24.99,300
12073,11180,2026-05-24,Creator,49.99,700
12074,10107,2026-03-10,Popular,24.99,300
12075,7403,2026-01-05,Creator,49.99,700
12076,8664,2026-02-18,Mini,4.99,50
12077,10379,2026-05-08,Studio,499.99,10000
12078,2313,2026-01-01,Popular,24.99,300
12079,6107,2026-07-09,Creator,49.99,700
12080,7487,2026-08-24,Popular,24.99,300
12081,6958,2026-06-10,Pro,99.99,1600
12082,5110,2026-08-26,Creator,49.99,700
12083,14502,2026-08-27,Pro,99.99,1600
12084,13258,2026-01-01,Popular,24.99,300
12085,14673,2026-03-10,Mini,4.99,50
12086,9918,2026-02-08,Popular,24.99,300
12087,4811,2026-05-10,Popular,24.99,300
12088,7615,2026-07-06,Starter,9.99,110
12089,10318,2026-03-18,Pro,99.99,1600
12090,5546,2026-06-21,Mini,4.99,50
12091,13325,2026-07-06,Creator,49.99,700
12092,2044,2026-08-27,Mini,4.99,50
12093,858,2026-03-16,Max,199.99,3500
12094,11897,2026-06-28,Starter,9.99,110
12095,14950,2026-03-15,Pro,99.99,1600
12096,13678,2026-05-28,Starter,9.99,110
12097,1290,2026-07-15,Popular,24.99,300
12098,2057,2026-06-01,Max,199.99,3500
12099,4790,2026-05-17,Starter,9.99,110
12100,5431,2026-07-15,Starter,9.99,110
12101,13633,2026-02-25,Pro,99.99,1600
12102,7734,2026-05-29,Max,199.99,3500
12103,6528,2026-02-24,Creator,49.99,700
12104,3363,2026-01-22,Pro,99.99,1600
12105,8612,2026-07-31,Pro,99.99,1600
12106,12050,2026-05-21,Studio,499.99,10000
12107,7674,2026-04-26,Starter,9.99,110
12108,6502,2026-02-01,Pro,99.99,1600
12109,14977,2026-08-06,Starter,9.99,110
12110,7802,2026-01-31,Max,199.99,3500
12111,8691,2026-05-29,Max,199.99,3500
12112,11228,2026-05-14,Max,199.99,3500
12113,2154,2026-08-20,Popular,24.99,300
12114,7597,2026-08-11,Creator,49.99,700
12115,718,2026-06-06,Max,199.99,3500
12116,9669,2026-02-03,Starter,9.99,110
12117,1558,2026-01-07,Creator,49.99,700
12118,12167,2026-07-01,Creator,49.99,700
12119,5140,2026-02-18,Starter,9.99,110
12120,1422,2026-03-29,Studio,499.99,10000
12121,11225,2026-03-05,Starter,9.99,110
12122,8846,2026-05-08,Max,199.99,3500
12123,10982,2026-03-25,Starter,9.99,110
12124,13041,2026-06-06,Pro,99.99,1600
12125,13406,2026-01-13,Starter,9.99,110
12126,1058,2026-01-26,Starter,9.99,110
12127,14607,2026-07-21,Starter,9.99,110
12128,13994,2026-08-21,Pro,99.99,1600
12129,1830,2026-07-01,Starter,9.99,110
12130,7892,2026-06-22,Creator,49.99,700
12131,13018,2026-01-18,Starter,9.99,110
12132,9644,2026-01-03,Mini,4.99,50
12133,4105,2026-07-18,Creator,49.99,700
12134,4014,2026-04-11,Studio,499.99,10000
12135,3843,2026-06-16,Starter,9.99,110
12136,4363,2026-03-22,Max,199.99,3500
12137,7934,2026-05-29,Popular,24.99,300
12138,10962,2026-05-21,Max,199.99,3500
12139,2123,2026-04-22,Starter,9.99,110
12140,7352,2026-03-01,Pro,99.99,1600
12141,11697,2026-01-26,Starter,9.99,110
12142,7545,2026-01-26,Popular,24.99,300
12143,4693,2026-07-06,Max,199.99,3500
12144,11278,2026-04-11,Starter,9.99,110
12145,10637,2026-01-10,Starter,9.99,110
12146,6774,2026-05-07,Mini,4.99,50
12147,14825,2026-03-17,Starter,9.99,110
12148,5592,2026-02-18,Max,199.99,3500
12149,14045,2026-04-25,Starter,9.99,110
12150,5742,2026-03-15,Mini,4.99,50
12151,12512,2026-07-25,Pro,99.99,1600
12152,6292,2026-05-30,Creator,49.99,700
12153,5670,2026-08-11,Pro,99.99,1600
12154,418,2026-05-12,Starter,9.99,110
12155,4372,2026-03-17,Creator,49.99,700
12156,9830,2026-02-02,Popular,24.99,300
12157,13751,2026-08-28,Creator,49.99,700
12158,869,2026-06-13,Creator,49.99,700
12159,13051,2026-07-20,Starter,9.99,110
12160,9567,2026-04-27,Popular,24.99,300
12161,11563,2026-03-29,Creator,49.99,700
12162,9431,2026-04-10,Mini,4.99,50
12163,12604,2026-04-27,Popular,24.99,300
12164,13668,2026-08-17,Mini,4.99,50
12165,10606,2026-05-19,Mini,4.99,50
12166,9250,2026-04-03,Creator,49.99,700
12167,5904,2026-06-11,Creator,49.99,700
12168,4260,2026-07-19,Popular,24.99,300
12169,10417,2026-01-08,Starter,9.99,110
12170,6396,2026-04-11,Popular,24.99,300
12171,10286,2026-05-01,Creator,49.99,700
12172,3835,2026-05-15,Creator,49.99,700
12173,14347,2026-04-16,Popular,24.99,300
12174,13420,2026-02-15,Starter,9.99,110
12175,912,2026-08-09,Starter,9.99,110
12176,12579,2026-01-07,Mini,4.99,50
12177,7772,2026-02-28,Pro,99.99,1600
12178,6737,2026-03-15,Starter,9.99,110
12179,7665,2026-04-22,Max,199.99,3500
12180,10979,2026-03-29,Popular,24.99,300
12181,1661,2026-07-03,Max,199.99,3500
12182,4128,2026-04-28,Starter,9.99,110
12183,7569,2026-06-29,Popular,24.99,300
12184,1358,2026-05-13,Pro,99.99,1600
12185,8091,2026-05-27,Starter,9.99,110
12186,13042,2026-03-22,Pro,99.99,1600
12187,8361,2026-04-08,Pro,99.99,1600
12188,14007,2026-08-28,Starter,9.99,110
12189,7135,2026-08-03,Popular,24.99,300
12190,13267,2026-06-20,Max,199.99,3500
12191,4539,2026-03-06,Studio,499.99,10000
12192,11621,2026-08-19,Studio,499.99,10000
12193,14990,2026-08-22,Popular,24.99,300
12194,14187,2026-01-02,Popular,24.99,300
12195,6161,2026-06-17,Creator,49.99,700
12196,14846,2026-03-07,Studio,499.99,10000
12197,6942,2026-08-19,Studio,499.99,10000
12198,2187,2026-02-08,Starter,9.99,110
12199,5673,2026-04-09,Starter,9.99,110
12200,537,2026-01-12,Starter,9.99,110
12201,6392,2026-01-16,Mini,4.99,50
12202,7657,2026-07-05,Starter,9.99,110
12203,9849,2026-02-11,Max,199.99,3500
12204,11385,2026-07-25,Popular,24.99,300
12205,3326,2026-03-25,Popular,24.99,300
12206,9354,2026-07-31,Studio,499.99,10000
12207,11689,2026-08-19,Popular,24.99,300
12208,5843,2026-06-30,Creator,49.99,700
12209,9563,2026-04-07,Popular,24.99,300
12210,4855,2026-06-14,Max,199.99,3500
12211,6646,2026-04-12,Creator,49.99,700
12212,3774,2026-08-19,Starter,9.99,110
12213,14475,2026-04-09,Popular,24.99,300
12214,8570,2026-01-21,Popular,24.99,300
12215,827,2026-02-15,Popular,24.99,300
12216,12009,2026-06-19,Max,199.99,3500
12217,8849,2026-06-15,Max,199.99,3500
12218,12806,2026-08-25,Popular,24.99,300
12219,3345,2026-02-14,Creator,49.99,700
12220,2411,2026-01-08,Pro,99.99,1600
12221,8964,2026-05-24,Popular,24.99,300
12222,11508,2026-01-20,Pro,99.99,1600
12223,10636,2026-05-10,Starter,9.99,110
12224,14228,2026-01-13,Starter,9.99,110
12225,11640,2026-07-28,Popular,24.99,300
12226,13454,2026-05-06,Max,199.99,3500
12227,2830,2026-02-25,Pro,99.99,1600
12228,2341,2026-05-01,Pro,99.99,1600
12229,3847,2026-07-31,Creator,49.99,700
12230,393,2026-02-21,Starter,9.99,110
12231,4958,2026-02-12,Pro,99.99,1600
12232,5754,2026-07-31,Popular,24.99,300
12233,8700,2026-07-10,Studio,499.99,10000
12234,2525,2026-07-06,Starter,9.99,110
12235,11065,2026-06-29,Mini,4.99,50
12236,12483,2026-08-13,Mini,4.99,50
12237,14938,2026-07-08,Starter,9.99,110
12238,2815,2026-01-14,Max,199.99,3500
12239,6193,2026-03-27,Popular,24.99,300
12240,5431,2026-01-03,Starter,9.99,110
12241,6724,2026-03-14,Mini,4.99,50
12242,6253,2026-02-24,Mini,4.99,50
12243,9905,2026-01-24,Pro,99.99,1600
12244,5140,2026-05-12,Creator,49.99,700
12245,5688,2026-04-14,Creator,49.99,700
12246,1587,2026-05-11,Studio,499.99,10000
12247,10786,2026-08-10,Max,199.99,3500
12248,8561,2026-08-10,Mini,4.99,50
12249,14634,2026-01-07,Starter,9.99,110
12250,1650,2026-01-19,Starter,9.99,110
12251,12325,2026-03-27,Max,199.99,3500
12252,7807,2026-03-13,Starter,9.99,110
12253,2016,2026-08-11,Mini,4.99,50
12254,1145,2026-07-19,Mini,4.99,50
12255,4318,2026-06-08,Creator,49.99,700
12256,12343,2026-05-22,Mini,4.99,50
12257,10433,2026-08-17,Max,199.99,3500
12258,7439,2026-03-30,Mini,4.99,50
12259,14122,2026-08-12,Creator,49.99,700
12260,1582,2026-01-23,Starter,9.99,110
12261,11913,2026-06-01,Creator,49.99,700
12262,2504,2026-03-20,Mini,4.99,50
12263,7200,2026-07-15,Popular,24.99,300
12264,7532,2026-04-18,Starter,9.99,110
12265,9263,2026-02-01,Creator,49.99,700
12266,700,2026-05-18,Popular,24.99,300
12267,12963,2026-08-02,Mini,4.99,50
12268,9738,2026-08-07,Starter,9.99,110
12269,6784,2026-03-28,Mini,4.99,50
12270,12217,2026-07-23,Starter,9.99,110
12271,3848,2026-05-17,Popular,24.99,300
12272,5086,2026-01-16,Studio,499.99,10000
12273,1249,2026-07-10,Creator,49.99,700
12274,2218,2026-02-24,Studio,499.99,10000
12275,2129,2026-05-21,Creator,49.99,700
12276,11557,2026-02-26,Creator,49.99,700
12277,1041,2026-05-25,Mini,4.99,50
12278,12044,2026-08-25,Popular,24.99,300
12279,1960,2026-01-09,Creator,49.99,700
12280,13647,2026-05-22,Starter,9.99,110
12281,4570,2026-07-13,Creator,49.99,700
12282,4743,2026-03-08,Starter,9.99,110
12283,4720,2026-01-04,Mini,4.99,50
12284,13699,2026-04-13,Pro,99.99,1600
12285,5858,2026-01-30,Popular,24.99,300
12286,3154,2026-04-16,Pro,99.99,1600
12287,4196,2026-02-08,Popular,24.99,300
12288,13600,2026-02-04,Starter,9.99,110
12289,10736,2026-07-19,Max,199.99,3500
12290,6942,2026-08-02,Starter,9.99,110
12291,6317,2026-04-07,Popular,24.99,300
12292,12464,2026-05-05,Creator,49.99,700
12293,14911,2026-01-24,Mini,4.99,50
12294,13187,2026-06-01,Popular,24.99,300
12295,2679,2026-05-07,Creator,49.99,700
12296,9162,2026-06-03,Starter,9.99,110
12297,8698,2026-08-02,Popular,24.99,300
12298,10822,2026-02-06,Max,199.99,3500
12299,2511,2026-05-12,Starter,9.99,110
12300,8662,2026-07-10,Creator,49.99,700
12301,14753,2026-03-31,Popular,24.99,300
12302,1306,2026-01-06,Popular,24.99,300
12303,2618,2026-08-05,Popular,24.99,300
12304,1593,2026-04-08,Popular,24.99,300
12305,6671,2026-08-14,Creator,49.99,700
12306,13484,2026-05-15,Creator,49.99,700
12307,8157,2026-02-06,Pro,99.99,1600
12308,12642,2026-03-24,Popular,24.99,300
12309,12852,2026-04-23,Popular,24.99,300
12310,14073,2026-04-20,Starter,9.99,110
12311,2206,2026-04-19,Creator,49.99,700
12312,3105,2026-02-09,Creator,49.99,700
12313,4653,2026-04-01,Mini,4.99,50
12314,11060,2026-02-01,Popular,24.99,300
12315,12253,2026-01-12,Max,199.99,3500
12316,7548,2026-07-10,Max,199.99,3500
12317,5511,2026-08-26,Popular,24.99,300
12318,4860,2026-01-11,Max,199.99,3500
12319,9412,2026-04-09,Mini,4.99,50
12320,1047,2026-05-17,Studio,499.99,10000
12321,4940,2026-03-01,Starter,9.99,110
12322,12303,2026-01-31,Starter,9.99,110
12323,13035,2026-01-13,Popular,24.99,300
12324,1149,2026-03-20,Creator,49.99,700
12325,634,2026-08-23,Creator,49.99,700
12326,3448,2026-08-29,Creator,49.99,700
12327,4540,2026-06-07,Popular,24.99,300
12328,529,2026-02-01,Starter,9.99,110
12329,3216,2026-03-23,Pro,99.99,1600
12330,1225,2026-05-20,Popular,24.99,300
12331,6154,2026-04-08,Pro,99.99,1600
12332,7913,2026-07-20,Mini,4.99,50
12333,13175,2026-04-23,Starter,9.99,110
12334,3804,2026-05-06,Starter,9.99,110
12335,4944,2026-02-18,Popular,24.99,300
12336,8957,2026-04-19,Creator,49.99,700
12337,2258,2026-05-03,Starter,9.99,110
12338,11330,2026-05-19,Creator,49.99,700
12339,7240,2026-01-02,Starter,9.99,110
12340,3209,2026-05-17,Popular,24.99,300
12341,12757,2026-06-10,Max,199.99,3500
12342,5758,2026-07-22,Studio,499.99,10000
12343,1320,2026-07-31,Max,199.99,3500
12344,9416,2026-01-01,Max,199.99,3500
12345,13748,2026-08-07,Starter,9.99,110
12346,6969,2026-08-26,Starter,9.99,110
12347,11751,2026-05-19,Mini,4.99,50
12348,5709,2026-08-23,Mini,4.99,50
12349,9628,2026-03-13,Creator,49.99,700
12350,3784,2026-03-04,Creator,49.99,700
12351,10897,2026-06-14,Pro,99.99,1600
12352,4953,2026-01-27,Max,199.99,3500
12353,14358,2026-04-08,Starter,9.99,110
12354,8498,2026-02-16,Mini,4.99,50
12355,7548,2026-07-30,Max,199.99,3500
12356,13759,2026-04-12,Mini,4.99,50
12357,442,2026-03-17,Popular,24.99,300
12358,11875,2026-03-23,Pro,99.99,1600
12359,3405,2026-03-16,Starter,9.99,110
12360,5163,2026-03-08,Starter,9.99,110
12361,11837,2026-08-31,Creator,49.99,700
12362,7713,2026-06-30,Mini,4.99,50
12363,3685,2026-07-03,Pro,99.99,1600
12364,9222,2026-07-10,Starter,9.99,110
12365,3880,2026-06-03,Mini,4.99,50
12366,10678,2026-07-22,Starter,9.99,110
12367,4860,2026-04-23,Creator,49.99,700
12368,4573,2026-04-19,Starter,9.99,110
12369,4829,2026-06-17,Popular,24.99,300
12370,12672,2026-04-23,Starter,9.99,110
12371,13611,2026-06-18,Popular,24.99,300
12372,5358,2026-05-01,Starter,9.99,110
12373,13205,2026-06-09,Popular,24.99,300
12374,5491,2026-02-02,Pro,99.99,1600
12375,13432,2026-02-10,Mini,4.99,50
12376,1170,2026-08-19,Popular,24.99,300
12377,10302,2026-07-19,Starter,9.99,110
12378,1036,2026-01-17,Mini,4.99,50
12379,14603,2026-06-19,Pro,99.99,1600
12380,13185,2026-08-12,Pro,99.99,1600
12381,10125,2026-05-28,Starter,9.99,110
12382,11948,2026-03-27,Popular,24.99,300
12383,2632,2026-02-20,Studio,499.99,10000
12384,13250,2026-08-14,Creator,49.99,700
12385,9529,2026-01-08,Creator,49.99,700
12386,7095,2026-05-11,Mini,4.99,50
12387,4864,2026-04-29,Studio,499.99,10000
12388,9948,2026-02-24,Starter,9.99,110
12389,9746,2026-06-12,Starter,9.99,110
12390,12506,2026-03-09,Starter,9.99,110
12391,12600,2026-03-08,Starter,9.99,110
12392,5877,2026-07-24,Pro,99.99,1600
12393,13339,2026-08-13,Mini,4.99,50
12394,2495,2026-05-17,Starter,9.99,110
12395,5139,2026-06-22,Mini,4.99,50
12396,11327,2026-02-09,Popular,24.99,300
12397,12891,2026-04-25,Creator,49.99,700
12398,7147,2026-01-02,Creator,49.99,700
12399,6871,2026-08-20,Pro,99.99,1600
12400,14530,2026-07-10,Popular,24.99,300
12401,7705,2026-07-25,Pro,99.99,1600
12402,9235,2026-03-25,Starter,9.99,110
12403,3320,2026-04-19,Starter,9.99,110
12404,6494,2026-03-11,Max,199.99,3500
12405,12163,2026-08-15,Mini,4.99,50
12406,1370,2026-08-26,Creator,49.99,700
12407,191,2026-02-01,Creator,49.99,700
12408,7194,2026-07-14,Starter,9.99,110
12409,14587,2026-05-30,Popular,24.99,300
12410,14828,2026-05-28,Pro,99.99,1600
12411,12957,2026-01-30,Creator,49.99,700
12412,1020,2026-03-31,Popular,24.99,300
12413,13110,2026-01-18,Creator,49.99,700
12414,14686,2026-04-21,Popular,24.99,300
12415,8607,2026-06-03,Popular,24.99,300
12416,341,2026-05-07,Starter,9.99,110
12417,9326,2026-05-11,Mini,4.99,50
12418,7331,2026-05-11,Max,199.99,3500
12419,6338,2026-08-12,Popular,24.99,300
12420,11652,2026-05-28,Creator,49.99,700
12421,7793,2026-07-13,Pro,99.99,1600
12422,3191,2026-02-27,Popular,24.99,300
12423,4369,2026-04-04,Mini,4.99,50
12424,7816,2026-03-06,Starter,9.99,110
12425,195,2026-04-19,Pro,99.99,1600
12426,11665,2026-06-23,Starter,9.99,110
12427,5427,2026-05-17,Starter,9.99,110
12428,10665,2026-03-08,Starter,9.99,110
12429,14604,2026-04-14,Mini,4.99,50
12430,6587,2026-06-26,Starter,9.99,110
12431,12512,2026-04-28,Starter,9.99,110
12432,6223,2026-08-08,Creator,49.99,700
12433,10880,2026-05-09,Starter,9.99,110
12434,5537,2026-07-16,Creator,49.99,700
12435,3828,2026-06-23,Popular,24.99,300
12436,10162,2026-01-14,Creator,49.99,700
12437,1433,2026-01-31,Starter,9.99,110
12438,4654,2026-03-28,Starter,9.99,110
12439,4937,2026-01-30,Popular,24.99,300
12440,11769,2026-07-25,Mini,4.99,50
12441,5846,2026-08-22,Max,199.99,3500
12442,3359,2026-03-05,Popular,24.99,300
12443,13618,2026-08-29,Creator,49.99,700
12444,9047,2026-07-22,Max,199.99,3500
12445,11995,2026-01-09,Starter,9.99,110
12446,212,2026-01-17,Popular,24.99,300
12447,6708,2026-05-15,Starter,9.99,110
12448,1227,2026-08-01,Starter,9.99,110
12449,4454,2026-05-19,Starter,9.99,110
12450,2921,2026-02-10,Starter,9.99,110
12451,9486,2026-02-10,Popular,24.99,300
12452,7932,2026-07-24,Creator,49.99,700
12453,937,2026-04-05,Popular,24.99,300
12454,4384,2026-05-03,Creator,49.99,700
12455,9024,2026-05-14,Starter,9.99,110
12456,13699,2026-07-23,Pro,99.99,1600
12457,7034,2026-03-24,Popular,24.99,300
12458,9887,2026-07-12,Starter,9.99,110
12459,9226,2026-03-11,Popular,24.99,300
12460,3157,2026-04-24,Pro,99.99,1600
12461,1115,2026-05-29,Mini,4.99,50
12462,5782,2026-07-22,Popular,24.99,300
12463,8026,2026-02-04,Pro,99.99,1600
12464,4603,2026-01-17,Popular,24.99,300
12465,7864,2026-05-06,Creator,49.99,700
12466,10632,2026-08-05,Mini,4.99,50
12467,12037,2026-02-25,Max,199.99,3500
12468,10192,2026-07-09,Starter,9.99,110
12469,11311,2026-02-19,Studio,499.99,10000
12470,14097,2026-01-26,Max,199.99,3500
12471,10905,2026-01-13,Creator,49.99,700
12472,9861,2026-01-05,Starter,9.99,110
12473,14567,2026-07-24,Pro,99.99,1600
12474,6701,2026-06-10,Starter,9.99,110
12475,3785,2026-03-21,Popular,24.99,300
12476,12664,2026-06-12,Creator,49.99,700
12477,12832,2026-04-18,Starter,9.99,110
12478,6057,2026-07-01,Max,199.99,3500
12479,8210,2026-02-28,Starter,9.99,110
12480,4232,2026-06-28,Mini,4.99,50
12481,11490,2026-06-23,Starter,9.99,110
12482,14764,2026-04-09,Max,199.99,3500
12483,6350,2026-07-06,Max,199.99,3500
12484,11194,2026-01-28,Max,199.99,3500
12485,10533,2026-03-21,Mini,4.99,50
12486,8264,2026-05-21,Starter,9.99,110
12487,5060,2026-06-29,Mini,4.99,50
12488,8580,2026-01-01,Creator,49.99,700
12489,13018,2026-07-24,Creator,49.99,700
12490,11725,2026-03-17,Starter,9.99,110
12491,9584,2026-04-01,Creator,49.99,700
12492,501,2026-01-20,Starter,9.99,110
12493,8598,2026-07-20,Creator,49.99,700
12494,4582,2026-07-26,Creator,49.99,700
12495,4375,2026-08-01,Starter,9.99,110
12496,5454,2026-04-05,Starter,9.99,110
12497,815,2026-06-18,Pro,99.99,1600
12498,14848,2026-08-07,Popular,24.99,300
12499,10099,2026-02-12,Popular,24.99,300
12500,7503,2026-06-01,Pro,99.99,1600
12501,3263,2026-05-18,Popular,24.99,300
12502,10073,2026-07-11,Popular,24.99,300
12503,8478,2026-03-15,Starter,9.99,110
12504,11487,2026-02-04,Max,199.99,3500
12505,688,2026-08-07,Creator,49.99,700
12506,12381,2026-04-14,Popular,24.99,300
12507,12045,2026-02-01,Creator,49.99,700
12508,14121,2026-05-17,Max,199.99,3500
12509,4882,2026-02-05,Creator,49.99,700
12510,10132,2026-06-09,Studio,499.99,10000
12511,14643,2026-06-10,Pro,99.99,1600
12512,3664,2026-02-02,Creator,49.99,700
12513,261,2026-02-04,Popular,24.99,300
12514,7166,2026-04-09,Popular,24.99,300
12515,4756,2026-05-17,Max,199.99,3500
12516,5935,2026-05-02,Pro,99.99,1600
12517,11676,2026-03-16,Creator,49.99,700
12518,5953,2026-02-23,Max,199.99,3500
12519,1263,2026-05-03,Pro,99.99,1600
12520,9406,2026-02-14,Mini,4.99,50
12521,11669,2026-02-02,Creator,49.99,700
12522,11840,2026-04-23,Starter,9.99,110
12523,8971,2026-04-27,Starter,9.99,110
12524,6226,2026-06-02,Pro,99.99,1600
12525,14490,2026-04-26,Max,199.99,3500
12526,11551,2026-02-15,Mini,4.99,50
12527,11977,2026-08-06,Popular,24.99,300
12528,12547,2026-03-23,Creator,49.99,700
12529,9576,2026-04-19,Starter,9.99,110
12530,9795,2026-07-30,Popular,24.99,300
12531,13883,2026-06-08,Starter,9.99,110
12532,13370,2026-02-15,Starter,9.99,110
12533,10590,2026-03-20,Max,199.99,3500
12534,13992,2026-02-17,Popular,24.99,300
12535,14659,2026-03-07,Creator,49.99,700
12536,14181,2026-07-07,Popular,24.99,300
12537,12544,2026-05-10,Starter,9.99,110
12538,7406,2026-03-31,Popular,24.99,300
12539,12112,2026-07-06,Creator,49.99,700
12540,6408,2026-04-22,Starter,9.99,110
12541,9114,2026-05-01,Creator,49.99,700
12542,2166,2026-07-29,Creator,49.99,700
12543,10799,2026-06-29,Starter,9.99,110
12544,7256,2026-08-15,Popular,24.99,300
12545,2494,2026-04-18,Mini,4.99,50
12546,7518,2026-06-17,Studio,499.99,10000
12547,12808,2026-01-17,Max,199.99,3500
12548,4963,2026-02-17,Popular,24.99,300
12549,12692,2026-01-01,Creator,49.99,700
12550,521,2026-08-26,Popular,24.99,300
12551,12483,2026-03-02,Starter,9.99,110
12552,14902,2026-04-09,Pro,99.99,1600
12553,11036,2026-08-29,Starter,9.99,110
12554,12465,2026-06-24,Pro,99.99,1600
12555,6282,2026-07-18,Popular,24.99,300
12556,11645,2026-05-30,Starter,9.99,110
12557,9958,2026-07-31,Mini,4.99,50
12558,6704,2026-06-07,Pro,99.99,1600
12559,8246,2026-01-03,Pro,99.99,1600
12560,14983,2026-07-09,Pro,99.99,1600
12561,4570,2026-06-18,Creator,49.99,700
12562,14248,2026-04-28,Starter,9.99,110
12563,14579,2026-07-21,Max,199.99,3500
12564,4490,2026-03-08,Pro,99.99,1600
12565,1259,2026-02-09,Starter,9.99,110
12566,14761,2026-05-16,Mini,4.99,50
12567,14247,2026-04-18,Pro,99.99,1600
12568,5473,2026-01-18,Starter,9.99,110
12569,9470,2026-05-06,Creator,49.99,700
12570,1407,2026-04-07,Mini,4.99,50
12571,13791,2026-07-17,Starter,9.99,110
12572,13298,2026-03-12,Max,199.99,3500
12573,2036,2026-08-19,Creator,49.99,700
12574,3623,2026-08-18,Max,199.99,3500
12575,859,2026-08-06,Mini,4.99,50
12576,4936,2026-01-24,Starter,9.99,110
12577,5802,2026-08-26,Starter,9.99,110
12578,7400,2026-04-18,Mini,4.99,50
12579,9257,2026-05-19,Starter,9.99,110
12580,2050,2026-06-09,Starter,9.99,110
12581,4581,2026-06-09,Popular,24.99,300
12582,6577,2026-03-22,Popular,24.99,300
12583,9216,2026-04-29,Starter,9.99,110
12584,10485,2026-02-23,Pro,99.99,1600
12585,7165,2026-04-09,Creator,49.99,700
12586,5959,2026-07-29,Max,199.99,3500
12587,8918,2026-01-21,Pro,99.99,1600
12588,1113,2026-02-01,Pro,99.99,1600
12589,6625,2026-03-06,Creator,49.99,700
12590,2594,2026-06-11,Popular,24.99,300
12591,9584,2026-04-20,Starter,9.99,110
12592,3547,2026-04-10,Starter,9.99,110
12593,7366,2026-04-26,Popular,24.99,300
12594,9482,2026-02-13,Starter,9.99,110
12595,12206,2026-05-30,Max,199.99,3500
12596,9732,2026-01-14,Popular,24.99,300
12597,317,2026-03-04,Mini,4.99,50
12598,12599,2026-01-12,Creator,49.99,700
12599,9060,2026-02-16,Popular,24.99,300
12600,2801,2026-05-31,Popular,24.99,300
12601,9119,2026-01-22,Popular,24.99,300
12602,11642,2026-01-01,Starter,9.99,110
12603,3431,2026-05-15,Mini,4.99,50
12604,13852,2026-06-15,Pro,99.99,1600
12605,5482,2026-02-21,Mini,4.99,50
12606,8124,2026-08-21,Studio,499.99,10000
12607,4812,2026-08-04,Starter,9.99,110
12608,7083,2026-07-27,Mini,4.99,50
12609,12228,2026-01-13,Creator,49.99,700
12610,8544,2026-02-05,Creator,49.99,700
12611,5526,2026-07-25,Pro,99.99,1600
12612,446,2026-07-30,Starter,9.99,110
12613,2022,2026-02-22,Mini,4.99,50
12614,8404,2026-01-09,Mini,4.99,50
12615,3598,2026-01-16,Pro,99.99,1600
12616,14193,2026-06-07,Mini,4.99,50
12617,11403,2026-05-26,Popular,24.99,300
12618,11651,2026-06-28,Starter,9.99,110
12619,1238,2026-06-20,Max,199.99,3500
12620,928,2026-07-06,Pro,99.99,1600
12621,3466,2026-07-29,Popular,24.99,300
12622,14515,2026-03-24,Starter,9.99,110
12623,8342,2026-03-09,Popular,24.99,300
12624,1461,2026-08-03,Mini,4.99,50
12625,13893,2026-05-28,Creator,49.99,700
12626,1063,2026-08-20,Studio,499.99,10000
12627,3355,2026-05-21,Creator,49.99,700
12628,11291,2026-03-13,Studio,499.99,10000
12629,6021,2026-03-08,Starter,9.99,110
12630,14237,2026-08-25,Creator,49.99,700
12631,12426,2026-01-18,Mini,4.99,50
12632,5590,2026-07-09,Mini,4.99,50
12633,9034,2026-05-31,Popular,24.99,300
12634,7335,2026-01-22,Studio,499.99,10000
12635,9016,2026-06-03,Starter,9.99,110
12636,13730,2026-04-06,Popular,24.99,300
12637,4650,2026-07-28,Pro,99.99,1600
12638,1666,2026-06-19,Studio,499.99,10000
12639,6291,2026-01-15,Creator,49.99,700
12640,2800,2026-08-21,Popular,24.99,300
12641,11169,2026-01-28,Starter,9.99,110
12642,2033,2026-06-17,Starter,9.99,110
12643,8285,2026-06-15,Starter,9.99,110
12644,6947,2026-03-23,Max,199.99,3500
12645,10622,2026-08-11,Starter,9.99,110
12646,8739,2026-02-01,Popular,24.99,300
12647,4390,2026-01-15,Max,199.99,3500
12648,14112,2026-04-12,Mini,4.99,50
12649,9017,2026-05-13,Starter,9.99,110
12650,12135,2026-01-27,Pro,99.99,1600
12651,10780,2026-06-08,Creator,49.99,700
12652,8457,2026-04-01,Creator,49.99,700
12653,9364,2026-04-04,Starter,9.99,110
12654,12230,2026-05-22,Max,199.99,3500
12655,62,2026-05-11,Starter,9.99,110
12656,13760,2026-07-27,Pro,99.99,1600
12657,2129,2026-06-04,Starter,9.99,110
12658,10521,2026-01-29,Starter,9.99,110
12659,3662,2026-05-05,Max,199.99,3500
12660,13172,2026-07-20,Starter,9.99,110
12661,11859,2026-04-12,Max,199.99,3500
12662,12766,2026-02-22,Popular,24.99,300
12663,1296,2026-03-09,Popular,24.99,300
12664,14324,2026-08-10,Max,199.99,3500
12665,343,2026-03-03,Starter,9.99,110
12666,7254,2026-03-02,Creator,49.99,700
12667,9790,2026-03-25,Mini,4.99,50
12668,11266,2026-05-13,Creator,49.99,700
12669,3907,2026-03-29,Popular,24.99,300
12670,9674,2026-04-30,Starter,9.99,110
12671,4570,2026-02-05,Pro,99.99,1600
12672,12525,2026-01-23,Popular,24.99,300
12673,1205,2026-05-15,Starter,9.99,110
12674,4295,2026-03-18,Pro,99.99,1600
12675,2170,2026-08-14,Mini,4.99,50
12676,1327,2026-08-26,Starter,9.99,110
12677,2544,2026-08-18,Creator,49.99,700
12678,9759,2026-08-25,Pro,99.99,1600
12679,3896,2026-08-16,Studio,499.99,10000
12680,11174,2026-04-08,Starter,9.99,110
12681,14947,2026-01-07,Mini,4.99,50
12682,1018,2026-07-23,Starter,9.99,110
12683,5045,2026-02-15,Creator,49.99,700
12684,11296,2026-01-15,Popular,24.99,300
12685,12241,2026-07-23,Starter,9.99,110
12686,9693,2026-05-10,Creator,49.99,700
12687,8277,2026-01-24,Creator,49.99,700
12688,1589,2026-08-16,Mini,4.99,50
12689,5440,2026-01-19,Popular,24.99,300
12690,14789,2026-04-05,Popular,24.99,300
12691,13945,2026-08-22,Pro,99.99,1600
12692,10816,2026-03-29,Popular,24.99,300
12693,839,2026-03-28,Starter,9.99,110
12694,11159,2026-04-26,Max,199.99,3500
12695,4634,2026-02-21,Starter,9.99,110
12696,10120,2026-08-03,Studio,499.99,10000
12697,11628,2026-02-21,Studio,499.99,10000
12698,2253,2026-05-09,Starter,9.99,110
12699,9802,2026-07-22,Popular,24.99,300
12700,8766,2026-03-02,Popular,24.99,300
12701,8916,2026-01-23,Creator,49.99,700
12702,7286,2026-01-01,Mini,4.99,50
12703,14552,2026-03-27,Popular,24.99,300
12704,10563,2026-08-25,Creator,49.99,700
12705,11790,2026-06-15,Mini,4.99,50
12706,2951,2026-08-13,Studio,499.99,10000
12707,9148,2026-05-10,Creator,49.99,700
12708,10803,2026-07-11,Starter,9.99,110
12709,13150,2026-08-26,Starter,9.99,110
12710,3457,2026-05-23,Pro,99.99,1600
12711,3992,2026-03-15,Popular,24.99,300
12712,2293,2026-08-21,Starter,9.99,110
12713,12495,2026-02-18,Popular,24.99,300
12714,12897,2026-08-02,Starter,9.99,110
12715,5963,2026-08-15,Max,199.99,3500
12716,11423,2026-02-01,Pro,99.99,1600
12717,4848,2026-04-25,Creator,49.99,700
12718,1280,2026-05-30,Popular,24.99,300
12719,7807,2026-04-27,Mini,4.99,50
12720,5439,2026-03-19,Starter,9.99,110
12721,8939,2026-05-10,Pro,99.99,1600
12722,11422,2026-04-18,Starter,9.99,110
12723,11120,2026-07-06,Max,199.99,3500
12724,363,2026-06-09,Max,199.99,3500
12725,950,2026-01-10,Popular,24.99,300
12726,8915,2026-01-06,Popular,24.99,300
12727,7428,2026-06-07,Starter,9.99,110
12728,11774,2026-07-30,Creator,49.99,700
12729,9784,2026-04-19,Mini,4.99,50
12730,2368,2026-05-14,Studio,499.99,10000
12731,5610,2026-02-05,Creator,49.99,700
12732,8286,2026-08-14,Creator,49.99,700
12733,7007,2026-03-19,Popular,24.99,300
12734,5393,2026-01-18,Max,199.99,3500
12735,11043,2026-03-24,Max,199.99,3500
12736,4674,2026-06-27,Max,199.99,3500
12737,7617,2026-05-02,Pro,99.99,1600
12738,4156,2026-02-17,Studio,499.99,10000
12739,330,2026-01-22,Starter,9.99,110
12740,1421,2026-07-25,Popular,24.99,300
12741,13152,2026-07-08,Studio,499.99,10000
12742,5870,2026-04-13,Pro,99.99,1600
12743,5241,2026-01-25,Pro,99.99,1600
12744,14584,2026-06-14,Popular,24.99,300
12745,5804,2026-06-22,Creator,49.99,700
12746,10491,2026-04-25,Popular,24.99,300
12747,14174,2026-06-24,Mini,4.99,50
12748,2071,2026-01-21,Creator,49.99,700
12749,12055,2026-01-20,Starter,9.99,110
12750,1580,2026-07-22,Starter,9.99,110
12751,9360,2026-07-16,Popular,24.99,300
12752,9816,2026-04-30,Starter,9.99,110
12753,14148,2026-06-03,Mini,4.99,50
12754,1184,2026-06-16,Popular,24.99,300
12755,3863,2026-02-22,Popular,24.99,300
12756,8180,2026-03-08,Popular,24.99,300
12757,1576,2026-04-11,Creator,49.99,700
12758,11008,2026-06-02,Popular,24.99,300
12759,2264,2026-03-05,Studio,499.99,10000
12760,2253,2026-03-12,Pro,99.99,1600
12761,3638,2026-04-11,Creator,49.99,700
12762,1011,2026-05-24,Popular,24.99,300
12763,5965,2026-06-06,Mini,4.99,50
12764,782,2026-07-05,Popular,24.99,300
12765,9840,2026-06-01,Creator,49.99,700
12766,1601,2026-05-14,Starter,9.99,110
12767,6461,2026-07-31,Creator,49.99,700
12768,1895,2026-07-17,Studio,499.99,10000
12769,13396,2026-01-28,Creator,49.99,700
12770,7945,2026-05-18,Popular,24.99,300
12771,10713,2026-02-10,Starter,9.99,110
12772,6498,2026-08-05,Starter,9.99,110
12773,8272,2026-01-07,Starter,9.99,110
12774,3526,2026-03-21,Popular,24.99,300
12775,7613,2026-07-28,Pro,99.99,1600
12776,4410,2026-03-16,Creator,49.99,700
12777,11614,2026-02-16,Starter,9.99,110
12778,6485,2026-01-15,Popular,24.99,300
12779,8015,2026-03-07,Pro,99.99,1600
12780,10539,2026-04-06,Starter,9.99,110
12781,7322,2026-06-19,Creator,49.99,700
12782,11777,2026-02-26,Popular,24.99,300
12783,11495,2026-06-04,Studio,499.99,10000
12784,13153,2026-04-08,Starter,9.99,110
12785,11088,2026-02-14,Popular,24.99,300
12786,12406,2026-08-30,Starter,9.99,110
12787,8837,2026-07-15,Popular,24.99,300
12788,5148,2026-01-18,Max,199.99,3500
12789,14117,2026-07-10,Max,199.99,3500
12790,11059,2026-07-18,Pro,99.99,1600
12791,4263,2026-02-15,Pro,99.99,1600
12792,9168,2026-01-18,Starter,9.99,110
12793,6628,2026-05-30,Starter,9.99,110
12794,8137,2026-06-26,Popular,24.99,300
12795,4530,2026-08-23,Creator,49.99,700
12796,9294,2026-08-07,Starter,9.99,110
12797,178,2026-02-12,Pro,99.99,1600
12798,2169,2026-02-13,Pro,99.99,1600
12799,13080,2026-04-27,Popular,24.99,300
12800,7120,2026-07-21,Starter,9.99,110
12801,569,2026-03-19,Popular,24.99,300
12802,14195,2026-06-29,Studio,499.99,10000
12803,11122,2026-03-08,Starter,9.99,110
12804,2069,2026-04-14,Starter,9.99,110
12805,14666,2026-02-07,Pro,99.99,1600
12806,9831,2026-07-26,Max,199.99,3500
12807,3957,2026-06-19,Starter,9.99,110
12808,6849,2026-02-15,Creator,49.99,700
12809,4649,2026-06-16,Studio,499.99,10000
12810,10317,2026-01-31,Pro,99.99,1600
12811,2141,2026-03-13,Mini,4.99,50
12812,6328,2026-01-22,Creator,49.99,700
12813,12238,2026-06-01,Starter,9.99,110
12814,14953,2026-08-15,Popular,24.99,300
12815,5589,2026-03-12,Max,199.99,3500
12816,10810,2026-07-06,Popular,24.99,300
12817,4707,2026-03-25,Mini,4.99,50
12818,10130,2026-03-23,Studio,499.99,10000
12819,2006,2026-07-14,Mini,4.99,50
12820,1386,2026-07-29,Mini,4.99,50
12821,7201,2026-06-19,Creator,49.99,700
12822,4869,2026-06-21,Starter,9.99,110
12823,14928,2026-07-09,Pro,99.99,1600
12824,9445,2026-01-24,Pro,99.99,1600
12825,14622,2026-02-26,Max,199.99,3500
12826,5581,2026-01-22,Max,199.99,3500
12827,6979,2026-05-13,Starter,9.99,110
12828,11500,2026-06-22,Starter,9.99,110
12829,226,2026-08-15,Mini,4.99,50
12830,10784,2026-03-06,Starter,9.99,110
12831,12032,2026-01-09,Creator,49.99,700
12832,5983,2026-07-30,Popular,24.99,300
12833,3815,2026-06-21,Mini,4.99,50
12834,3673,2026-02-20,Max,199.99,3500
12835,14466,2026-07-31,Studio,499.99,10000
12836,430,2026-06-22,Mini,4.99,50
12837,3627,2026-03-15,Creator,49.99,700
12838,1230,2026-03-01,Pro,99.99,1600
12839,2974,2026-05-16,Popular,24.99,300
12840,833,2026-01-23,Mini,4.99,50
12841,890,2026-01-23,Mini,4.99,50
12842,14240,2026-08-03,Max,199.99,3500
12843,1631,2026-04-26,Popular,24.99,300
12844,10924,2026-05-07,Mini,4.99,50
12845,13290,2026-02-08,Starter,9.99,110
12846,7107,2026-04-06,Creator,49.99,700
12847,2924,2026-02-23,Max,199.99,3500
12848,5663,2026-05-06,Pro,99.99,1600
12849,1790,2026-04-17,Starter,9.99,110
12850,14001,2026-05-05,Popular,24.99,300
12851,9354,2026-03-31,Mini,4.99,50
12852,9081,2026-03-14,Pro,99.99,1600
12853,13960,2026-07-17,Starter,9.99,110
12854,786,2026-05-04,Creator,49.99,700
12855,2808,2026-06-06,Starter,9.99,110
12856,8857,2026-07-26,Starter,9.99,110
12857,6327,2026-03-12,Popular,24.99,300
12858,4759,2026-08-06,Popular,24.99,300
12859,4032,2026-04-11,Popular,24.99,300
12860,12744,2026-06-14,Max,199.99,3500
12861,7264,2026-05-24,Popular,24.99,300
12862,6407,2026-08-20,Mini,4.99,50
12863,4171,2026-02-03,Mini,4.99,50
12864,8493,2026-04-30,Creator,49.99,700
12865,4593,2026-05-25,Popular,24.99,300
12866,2775,2026-02-21,Creator,49.99,700
12867,2325,2026-01-10,Pro,99.99,1600
12868,2786,2026-03-31,Max,199.99,3500
12869,10563,2026-04-16,Creator,49.99,700
12870,11910,2026-01-08,Mini,4.99,50
12871,6811,2026-02-04,Pro,99.99,1600
12872,10889,2026-02-10,Mini,4.99,50
12873,6216,2026-02-25,Starter,9.99,110
12874,1828,2026-05-14,Mini,4.99,50
12875,14746,2026-02-28,Starter,9.99,110
12876,10981,2026-03-16,Max,199.99,3500
12877,4402,2026-03-31,Creator,49.99,700
12878,1047,2026-03-31,Creator,49.99,700
12879,8958,2026-06-29,Starter,9.99,110
12880,1828,2026-03-25,Pro,99.99,1600
12881,10676,2026-03-26,Max,199.99,3500
12882,5976,2026-03-02,Max,199.99,3500
12883,12392,2026-05-22,Mini,4.99,50
12884,4089,2026-06-04,Popular,24.99,300
12885,9902,2026-06-02,Popular,24.99,300
12886,6743,2026-07-03,Mini,4.99,50
12887,2292,2026-04-10,Popular,24.99,300
12888,1979,2026-07-23,Popular,24.99,300
12889,2808,2026-02-21,Pro,99.99,1600
12890,13287,2026-05-30,Starter,9.99,110
12891,4124,2026-04-27,Starter,9.99,110
12892,10091,2026-05-29,Popular,24.99,300
12893,509,2026-01-09,Studio,499.99,10000
12894,13627,2026-01-21,Starter,9.99,110
12895,11375,2026-03-23,Mini,4.99,50
12896,8762,2026-02-22,Popular,24.99,300
12897,10348,2026-08-20,Max,199.99,3500
12898,8973,2026-05-23,Starter,9.99,110
12899,524,2026-08-20,Mini,4.99,50
12900,8073,2026-03-15,Popular,24.99,300
12901,14434,2026-01-01,Pro,99.99,1600
12902,14217,2026-03-27,Starter,9.99,110
12903,417,2026-03-28,Starter,9.99,110
12904,6074,2026-01-23,Creator,49.99,700
12905,3865,2026-02-17,Max,199.99,3500
12906,3262,2026-06-03,Mini,4.99,50
12907,1229,2026-05-31,Mini,4.99,50
12908,5073,2026-06-03,Creator,49.99,700
12909,616,2026-05-14,Creator,49.99,700
12910,13348,2026-01-17,Popular,24.99,300
12911,3778,2026-01-22,Creator,49.99,700
12912,12876,2026-08-22,Studio,499.99,10000
12913,4455,2026-05-26,Max,199.99,3500
12914,7177,2026-01-19,Max,199.99,3500
12915,5266,2026-04-18,Pro,99.99,1600
12916,12735,2026-07-25,Studio,499.99,10000
12917,8801,2026-08-02,Starter,9.99,110
12918,13514,2026-03-17,Popular,24.99,300
12919,10510,2026-06-27,Creator,49.99,700
12920,14689,2026-04-25,Max,199.99,3500
12921,14850,2026-07-11,Popular,24.99,300
12922,14141,2026-06-30,Max,199.99,3500
12923,746,2026-06-03,Pro,99.99,1600
12924,10579,2026-06-14,Popular,24.99,300
12925,7478,2026-02-18,Creator,49.99,700
12926,3534,2026-03-31,Starter,9.99,110
12927,10229,2026-08-16,Pro,99.99,1600
12928,7124,2026-03-23,Starter,9.99,110
12929,3519,2026-05-27,Popular,24.99,300
12930,7649,2026-01-15,Creator,49.99,700
12931,11913,2026-01-10,Popular,24.99,300
12932,9869,2026-06-11,Creator,49.99,700
12933,11202,2026-03-04,Popular,24.99,300
12934,7558,2026-03-23,Creator,49.99,700
12935,5905,2026-08-09,Max,199.99,3500
12936,10136,2026-06-23,Starter,9.99,110
12937,3798,2026-05-04,Popular,24.99,300
12938,1834,2026-08-02,Studio,499.99,10000
12939,10891,2026-04-26,Starter,9.99,110
12940,9824,2026-05-17,Creator,49.99,700
12941,12200,2026-02-10,Pro,99.99,1600
12942,1843,2026-04-19,Creator,49.99,700
12943,10089,2026-04-08,Popular,24.99,300
12944,14179,2026-04-07,Creator,49.99,700
12945,4294,2026-04-12,Popular,24.99,300
12946,14151,2026-06-06,Popular,24.99,300
12947,13098,2026-02-20,Popular,24.99,300
12948,10469,2026-05-24,Starter,9.99,110
12949,1478,2026-06-02,Popular,24.99,300
12950,11630,2026-01-12,Pro,99.99,1600
12951,9647,2026-08-14,Popular,24.99,300
12952,10429,2026-08-15,Mini,4.99,50
12953,14204,2026-04-28,Starter,9.99,110
12954,2592,2026-05-24,Starter,9.99,110
12955,8625,2026-07-17,Starter,9.99,110
12956,6365,2026-02-23,Creator,49.99,700
12957,14501,2026-07-01,Starter,9.99,110
12958,8615,2026-06-14,Max,199.99,3500
12959,10917,2026-02-01,Starter,9.99,110
12960,14521,2026-01-29,Starter,9.99,110
12961,8743,2026-05-15,Mini,4.99,50
12962,199,2026-06-06,Starter,9.99,110
12963,13144,2026-03-21,Studio,499.99,10000
12964,9064,2026-01-14,Creator,49.99,700
12965,8530,2026-07-17,Starter,9.99,110
12966,14916,2026-01-18,Mini,4.99,50
12967,8488,2026-01-20,Creator,49.99,700
12968,6188,2026-02-09,Creator,49.99,700
12969,14431,2026-02-19,Pro,99.99,1600
12970,12238,2026-04-18,Mini,4.99,50
12971,11431,2026-02-08,Popular,24.99,300
12972,11343,2026-04-18,Creator,49.99,700
12973,9602,2026-04-04,Creator,49.99,700
12974,13012,2026-06-28,Starter,9.99,110
12975,4616,2026-04-14,Max,199.99,3500
12976,4235,2026-02-08,Mini,4.99,50
12977,9365,2026-01-15,Creator,49.99,700
12978,4652,2026-01-15,Pro,99.99,1600
12979,426,2026-06-02,Creator,49.99,700
12980,14950,2026-07-04,Starter,9.99,110
12981,12729,2026-03-05,Pro,99.99,1600
12982,6562,2026-08-28,Mini,4.99,50
12983,10462,2026-06-01,Starter,9.99,110
12984,1294,2026-04-22,Pro,99.99,1600
12985,10866,2026-06-01,Starter,9.99,110
12986,614,2026-03-10,Pro,99.99,1600
12987,1469,2026-07-01,Max,199.99,3500
12988,10900,2026-08-26,Creator,49.99,700
12989,12325,2026-06-21,Mini,4.99,50
12990,436,2026-01-25,Pro,99.99,1600
12991,8120,2026-03-04,Starter,9.99,110
12992,7954,2026-06-23,Popular,24.99,300
12993,7895,2026-01-19,Starter,9.99,110
12994,7851,2026-04-28,Creator,49.99,700
12995,8454,2026-03-13,Starter,9.99,110
12996,9054,2026-08-25,Creator,49.99,700
12997,10810,2026-01-02,Popular,24.99,300
12998,13402,2026-02-23,Mini,4.99,50
12999,11105,2026-08-08,Mini,4.99,50
13000,8760,2026-01-10,Starter,9.99,110
13001,10426,2026-02-12,Popular,24.99,300
13002,1271,2026-03-04,Starter,9.99,110
13003,6168,2026-03-09,Starter,9.99,110
13004,3843,2026-05-29,Popular,24.99,300
13005,14018,2026-04-03,Pro,99.99,1600
13006,13274,2026-07-27,Studio,499.99,10000
13007,8088,2026-06-23,Max,199.99,3500
13008,1597,2026-06-27,Creator,49.99,700
13009,3613,2026-03-23,Popular,24.99,300
13010,4564,2026-08-31,Pro,99.99,1600
13011,7422,2026-03-11,Studio,499.99,10000
13012,4561,2026-01-11,Studio,499.99,10000
13013,8190,2026-05-25,Starter,9.99,110
13014,13018,2026-02-09,Creator,49.99,700
13015,8829,2026-02-28,Popular,24.99,300
13016,6547,2026-04-26,Pro,99.99,1600
13017,12537,2026-07-06,Popular,24.99,300
13018,8813,2026-02-25,Creator,49.99,700
13019,6055,2026-08-07,Popular,24.99,300
13020,11752,2026-05-02,Popular,24.99,300
13021,8184,2026-01-26,Pro,99.99,1600
13022,13468,2026-05-27,Mini,4.99,50
13023,5457,2026-04-23,Popular,24.99,300
13024,4467,2026-08-24,Max,199.99,3500
13025,5280,2026-06-19,Starter,9.99,110
13026,2702,2026-04-30,Starter,9.99,110
13027,11673,2026-04-20,Mini,4.99,50
13028,13520,2026-04-30,Studio,499.99,10000
13029,4850,2026-02-16,Pro,99.99,1600
13030,12606,2026-05-26,Popular,24.99,300
13031,427,2026-07-15,Max,199.99,3500
13032,13623,2026-07-16,Starter,9.99,110
13033,1896,2026-05-19,Popular,24.99,300
13034,11502,2026-02-08,Starter,9.99,110
13035,1709,2026-03-04,Starter,9.99,110
13036,8643,2026-08-03,Starter,9.99,110
13037,7504,2026-05-12,Mini,4.99,50
13038,12974,2026-08-20,Starter,9.99,110
13039,13970,2026-08-15,Starter,9.99,110
13040,6398,2026-03-31,Max,199.99,3500
13041,11799,2026-01-08,Pro,99.99,1600
13042,7915,2026-01-18,Pro,99.99,1600
13043,1494,2026-08-29,Popular,24.99,300
13044,2989,2026-01-29,Creator,49.99,700
13045,6215,2026-05-30,Starter,9.99,110
13046,12302,2026-07-05,Starter,9.99,110
13047,10446,2026-01-12,Creator,49.99,700
13048,10241,2026-01-17,Popular,24.99,300
13049,3467,2026-08-03,Mini,4.99,50
13050,10018,2026-01-02,Creator,49.99,700
13051,13274,2026-08-10,Mini,4.99,50
13052,5248,2026-07-10,Pro,99.99,1600
13053,14275,2026-08-10,Popular,24.99,300
13054,11808,2026-01-08,Popular,24.99,300
13055,12530,2026-07-13,Mini,4.99,50
13056,8242,2026-07-03,Studio,499.99,10000
13057,6633,2026-06-27,Max,199.99,3500
13058,7543,2026-05-03,Starter,9.99,110
13059,30,2026-06-06,Starter,9.99,110
13060,6097,2026-08-15,Pro,99.99,1600
13061,9255,2026-05-02,Mini,4.99,50
13062,13420,2026-07-20,Mini,4.99,50
13063,11503,2026-07-05,Popular,24.99,300
13064,8153,2026-08-12,Popular,24.99,300
13065,14007,2026-08-11,Mini,4.99,50
13066,10951,2026-04-08,Popular,24.99,300
13067,12046,2026-05-05,Popular,24.99,300
13068,3459,2026-05-23,Max,199.99,3500
13069,10233,2026-05-14,Starter,9.99,110
13070,13908,2026-08-07,Pro,99.99,1600
13071,13043,2026-04-19,Pro,99.99,1600
13072,4597,2026-05-13,Max,199.99,3500
13073,13934,2026-02-02,Starter,9.99,110
13074,2957,2026-02-22,Mini,4.99,50
13075,6459,2026-04-08,Starter,9.99,110
13076,7188,2026-06-08,Creator,49.99,700
13077,12684,2026-06-28,Popular,24.99,300
13078,10112,2026-02-16,Mini,4.99,50
13079,9507,2026-03-28,Creator,49.99,700
13080,1425,2026-02-24,Popular,24.99,300
13081,8171,2026-01-29,Popular,24.99,300
13082,1729,2026-08-30,Starter,9.99,110
13083,13132,2026-05-28,Starter,9.99,110
13084,13405,2026-04-26,Max,199.99,3500
13085,12125,2026-01-14,Studio,499.99,10000
13086,12818,2026-08-18,Starter,9.99,110
13087,14337,2026-07-06,Popular,24.99,300
13088,14252,2026-07-30,Starter,9.99,110
13089,6206,2026-07-27,Pro,99.99,1600
13090,10967,2026-06-30,Mini,4.99,50
13091,10679,2026-08-08,Mini,4.99,50
13092,6373,2026-01-13,Starter,9.99,110
13093,2608,2026-05-18,Popular,24.99,300
13094,538,2026-04-28,Creator,49.99,700
13095,5284,2026-08-27,Pro,99.99,1600
13096,306,2026-02-01,Creator,49.99,700
13097,13401,2026-03-28,Creator,49.99,700
13098,11910,2026-08-26,Creator,49.99,700
13099,14750,2026-08-22,Creator,49.99,700
13100,11502,2026-07-10,Pro,99.99,1600
13101,10526,2026-02-20,Max,199.99,3500
13102,6751,2026-01-19,Max,199.99,3500
13103,10156,2026-04-03,Creator,49.99,700
13104,12524,2026-07-13,Starter,9.99,110
13105,5730,2026-02-28,Pro,99.99,1600
13106,7492,2026-02-18,Starter,9.99,110
13107,1204,2026-05-26,Popular,24.99,300
13108,13127,2026-03-12,Creator,49.99,700
13109,5557,2026-07-06,Popular,24.99,300
13110,4953,2026-03-28,Pro,99.99,1600
13111,3395,2026-05-03,Max,199.99,3500
13112,1486,2026-02-09,Popular,24.99,300
13113,7174,2026-02-01,Max,199.99,3500
13114,764,2026-07-27,Mini,4.99,50
13115,13958,2026-04-07,Studio,499.99,10000
13116,12145,2026-01-25,Starter,9.99,110
13117,3008,2026-08-06,Popular,24.99,300
13118,4612,2026-07-12,Pro,99.99,1600
13119,14304,2026-03-25,Popular,24.99,300
13120,10471,2026-03-14,Popular,24.99,300
13121,13972,2026-06-30,Starter,9.99,110
13122,12291,2026-08-20,Studio,499.99,10000
13123,5691,2026-06-24,Max,199.99,3500
13124,12689,2026-07-11,Starter,9.99,110
13125,3678,2026-01-22,Mini,4.99,50
13126,8901,2026-03-06,Studio,499.99,10000
13127,1886,2026-08-24,Max,199.99,3500
13128,10068,2026-03-30,Studio,499.99,10000
13129,14945,2026-05-25,Popular,24.99,300
13130,4582,2026-06-01,Mini,4.99,50
13131,2333,2026-08-06,Pro,99.99,1600
13132,11475,2026-06-09,Creator,49.99,700
13133,10993,2026-02-02,Creator,49.99,700
13134,6657,2026-06-18,Starter,9.99,110
13135,7301,2026-06-23,Starter,9.99,110
13136,13418,2026-07-01,Studio,499.99,10000
13137,11324,2026-08-22,Creator,49.99,700
13138,933,2026-06-10,Mini,4.99,50
13139,9037,2026-06-23,Starter,9.99,110
13140,3312,2026-05-28,Mini,4.99,50
13141,9174,2026-07-14,Pro,99.99,1600
13142,12300,2026-05-04,Popular,24.99,300
13143,5081,2026-03-21,Studio,499.99,10000
13144,1855,2026-06-05,Starter,9.99,110
13145,9677,2026-04-19,Starter,9.99,110
13146,13432,2026-06-29,Creator,49.99,700
13147,2948,2026-02-24,Creator,49.99,700
13148,3804,2026-01-31,Max,199.99,3500
13149,6551,2026-02-17,Studio,499.99,10000
13150,5233,2026-01-12,Starter,9.99,110
13151,12142,2026-07-11,Creator,49.99,700
13152,10596,2026-06-21,Popular,24.99,300
13153,7425,2026-01-17,Max,199.99,3500
13154,3793,2026-08-25,Starter,9.99,110
13155,2740,2026-08-09,Starter,9.99,110
13156,1617,2026-05-01,Popular,24.99,300
13157,8638,2026-08-07,Starter,9.99,110
13158,1552,2026-07-09,Max,199.99,3500
13159,9211,2026-01-31,Popular,24.99,300
13160,6773,2026-03-11,Starter,9.99,110
13161,1297,2026-03-11,Starter,9.99,110
13162,11947,2026-08-09,Mini,4.99,50
13163,9308,2026-07-03,Starter,9.99,110
13164,10993,2026-01-10,Mini,4.99,50
13165,8517,2026-03-18,Creator,49.99,700
13166,2422,2026-01-20,Starter,9.99,110
13167,2409,2026-02-24,Studio,499.99,10000
13168,13686,2026-03-20,Popular,24.99,300
13169,7938,2026-06-24,Pro,99.99,1600
13170,9650,2026-01-21,Starter,9.99,110
13171,9272,2026-04-30,Starter,9.99,110
13172,10520,2026-05-27,Popular,24.99,300
13173,9068,2026-01-31,Popular,24.99,300
13174,8033,2026-02-24,Starter,9.99,110
13175,2188,2026-07-09,Starter,9.99,110
13176,400,2026-01-25,Mini,4.99,50
13177,10478,2026-05-06,Mini,4.99,50
13178,3963,2026-05-27,Creator,49.99,700
13179,1564,2026-02-14,Starter,9.99,110
13180,9633,2026-03-06,Mini,4.99,50
13181,1497,2026-03-12,Popular,24.99,300
13182,3035,2026-07-31,Starter,9.99,110
13183,4432,2026-08-27,Creator,49.99,700
13184,5041,2026-08-09,Starter,9.99,110
13185,3087,2026-03-10,Creator,49.99,700
13186,13047,2026-04-30,Starter,9.99,110
13187,14220,2026-06-15,Pro,99.99,1600
13188,6940,2026-01-11,Popular,24.99,300
13189,610,2026-06-07,Creator,49.99,700
13190,3277,2026-07-15,Popular,24.99,300
13191,12453,2026-04-26,Popular,24.99,300
13192,5961,2026-05-28,Popular,24.99,300
13193,1926,2026-04-10,Pro,99.99,1600
13194,6555,2026-05-28,Max,199.99,3500
13195,2741,2026-02-13,Mini,4.99,50
13196,6391,2026-03-05,Starter,9.99,110
13197,6589,2026-06-16,Starter,9.99,110
13198,8770,2026-03-31,Creator,49.99,700
13199,380,2026-06-24,Starter,9.99,110
13200,14833,2026-07-21,Popular,24.99,300
13201,4224,2026-07-31,Pro,99.99,1600
13202,3897,2026-01-06,Popular,24.99,300
13203,13899,2026-02-10,Mini,4.99,50
13204,3605,2026-05-23,Popular,24.99,300
13205,11682,2026-07-29,Popular,24.99,300
13206,6681,2026-01-19,Max,199.99,3500
13207,2081,2026-02-24,Starter,9.99,110
13208,12257,2026-01-16,Mini,4.99,50
13209,13889,2026-02-21,Starter,9.99,110
13210,8182,2026-04-28,Popular,24.99,300
13211,14843,2026-03-09,Popular,24.99,300
13212,11422,2026-04-11,Creator,49.99,700
13213,6565,2026-07-27,Popular,24.99,300
13214,9224,2026-08-24,Mini,4.99,50
13215,12548,2026-07-22,Starter,9.99,110
13216,13097,2026-05-11,Creator,49.99,700
13217,10026,2026-01-14,Mini,4.99,50
13218,13444,2026-06-19,Creator,49.99,700
13219,6833,2026-06-19,Pro,99.99,1600
13220,2939,2026-04-22,Pro,99.99,1600
13221,699,2026-04-29,Starter,9.99,110
13222,12522,2026-06-13,Starter,9.99,110
13223,14124,2026-07-18,Creator,49.99,700
13224,12591,2026-07-14,Mini,4.99,50
13225,8133,2026-08-01,Mini,4.99,50
13226,7785,2026-08-13,Mini,4.99,50
13227,2298,2026-08-07,Starter,9.99,110
13228,11629,2026-05-05,Mini,4.99,50
13229,3536,2026-05-08,Pro,99.99,1600
13230,6060,2026-03-19,Popular,24.99,300
13231,10072,2026-06-08,Popular,24.99,300
13232,3740,2026-02-18,Mini,4.99,50
13233,2560,2026-03-04,Popular,24.99,300
13234,824,2026-02-23,Starter,9.99,110
13235,13736,2026-07-17,Popular,24.99,300
13236,8937,2026-06-02,Popular,24.99,300
13237,9663,2026-02-15,Studio,499.99,10000
13238,522,2026-05-24,Max,199.99,3500
13239,1615,2026-02-22,Creator,49.99,700
13240,5582,2026-02-25,Pro,99.99,1600
13241,5896,2026-05-12,Popular,24.99,300
13242,505,2026-05-24,Popular,24.99,300
13243,5023,2026-01-27,Popular,24.99,300
13244,4419,2026-07-12,Starter,9.99,110
13245,14943,2026-05-19,Studio,499.99,10000
13246,1304,2026-08-10,Popular,24.99,300
13247,8224,2026-04-18,Creator,49.99,700
13248,12224,2026-08-26,Pro,99.99,1600
13249,853,2026-03-14,Popular,24.99,300
13250,6175,2026-04-25,Pro,99.99,1600
13251,1737,2026-05-11,Pro,99.99,1600
13252,8187,2026-01-10,Starter,9.99,110
13253,55,2026-04-21,Starter,9.99,110
13254,396,2026-06-25,Pro,99.99,1600
13255,5595,2026-07-18,Starter,9.99,110
13256,7941,2026-07-07,Starter,9.99,110
13257,1111,2026-04-24,Creator,49.99,700
13258,12014,2026-01-07,Mini,4.99,50
13259,8184,2026-08-01,Popular,24.99,300
13260,8156,2026-07-09,Pro,99.99,1600
13261,8121,2026-06-16,Creator,49.99,700
13262,392,2026-03-07,Creator,49.99,700
13263,8871,2026-06-13,Starter,9.99,110
13264,10714,2026-03-11,Starter,9.99,110
13265,2975,2026-03-20,Starter,9.99,110
13266,3236,2026-03-12,Pro,99.99,1600
13267,14553,2026-03-30,Creator,49.99,700
13268,9186,2026-08-29,Starter,9.99,110
13269,11889,2026-05-17,Mini,4.99,50
13270,4543,2026-02-20,Creator,49.99,700
13271,3703,2026-08-30,Studio,499.99,10000
13272,3931,2026-04-08,Popular,24.99,300
13273,10311,2026-06-14,Creator,49.99,700
13274,5790,2026-06-04,Creator,49.99,700
13275,14756,2026-02-13,Creator,49.99,700
13276,2789,2026-03-13,Creator,49.99,700
13277,10582,2026-03-30,Pro,99.99,1600
13278,12635,2026-06-05,Pro,99.99,1600
13279,23,2026-05-26,Studio,499.99,10000
13280,590,2026-02-07,Popular,24.99,300
13281,12172,2026-06-18,Pro,99.99,1600
13282,9989,2026-05-19,Creator,49.99,700
13283,1498,2026-02-12,Starter,9.99,110
13284,9541,2026-04-15,Starter,9.99,110
13285,3254,2026-04-06,Popular,24.99,300
13286,4855,2026-08-04,Creator,49.99,700
13287,3237,2026-08-17,Starter,9.99,110
13288,100,2026-01-18,Max,199.99,3500
13289,8420,2026-05-23,Popular,24.99,300
13290,9866,2026-05-28,Studio,499.99,10000
13291,14947,2026-03-26,Popular,24.99,300
13292,12318,2026-03-02,Creator,49.99,700
13293,6784,2026-07-13,Pro,99.99,1600
13294,11098,2026-03-09,Creator,49.99,700
13295,13492,2026-06-16,Starter,9.99,110
13296,3613,2026-05-04,Starter,9.99,110
13297,2804,2026-05-01,Mini,4.99,50
13298,12068,2026-03-10,Creator,49.99,700
13299,617,2026-03-05,Popular,24.99,300
13300,5742,2026-02-05,Popular,24.99,300
13301,5814,2026-07-31,Pro,99.99,1600
13302,3670,2026-07-21,Starter,9.99,110
13303,7507,2026-03-13,Popular,24.99,300
13304,770,2026-08-09,Popular,24.99,300
13305,571,2026-06-21,Creator,49.99,700
13306,9048,2026-06-26,Max,199.99,3500
13307,7596,2026-08-18,Max,199.99,3500
13308,992,2026-06-25,Creator,49.99,700
13309,11982,2026-08-04,Starter,9.99,110
13310,13753,2026-04-06,Pro,99.99,1600
13311,188,2026-07-09,Creator,49.99,700
13312,14605,2026-01-02,Mini,4.99,50
13313,11340,2026-07-03,Starter,9.99,110
13314,13285,2026-07-09,Popular,24.99,300
13315,14737,2026-02-20,Popular,24.99,300
13316,9242,2026-07-14,Popular,24.99,300
13317,10760,2026-03-21,Pro,99.99,1600
13318,8360,2026-06-01,Starter,9.99,110
13319,14082,2026-08-25,Creator,49.99,700
13320,14119,2026-01-19,Studio,499.99,10000
13321,10523,2026-07-29,Pro,99.99,1600
13322,6924,2026-04-13,Mini,4.99,50
13323,1747,2026-06-11,Studio,499.99,10000
13324,7126,2026-07-07,Studio,499.99,10000
13325,2555,2026-04-13,Creator,49.99,700
13326,9829,2026-01-31,Popular,24.99,300
13327,1773,2026-05-30,Creator,49.99,700
13328,1734,2026-05-22,Mini,4.99,50
13329,14030,2026-01-17,Starter,9.99,110
13330,9013,2026-01-17,Max,199.99,3500
13331,6103,2026-01-16,Mini,4.99,50
13332,1968,2026-07-15,Max,199.99,3500
13333,12947,2026-02-09,Starter,9.99,110
13334,7444,2026-04-22,Popular,24.99,300
13335,3107,2026-06-16,Popular,24.99,300
13336,12523,2026-07-14,Mini,4.99,50
13337,9328,2026-02-07,Starter,9.99,110
13338,7551,2026-02-25,Pro,99.99,1600
13339,1543,2026-05-17,Creator,49.99,700
13340,14285,2026-02-20,Mini,4.99,50
13341,6502,2026-03-09,Pro,99.99,1600
13342,7685,2026-08-20,Creator,49.99,700
13343,7292,2026-06-12,Studio,499.99,10000
13344,7616,2026-06-09,Pro,99.99,1600
13345,2600,2026-04-03,Starter,9.99,110
13346,8574,2026-08-27,Creator,49.99,700
13347,6079,2026-06-16,Popular,24.99,300
13348,13162,2026-05-22,Max,199.99,3500
13349,10008,2026-02-28,Max,199.99,3500
13350,1717,2026-01-27,Creator,49.99,700
13351,1167,2026-01-06,Pro,99.99,1600
13352,2308,2026-03-03,Mini,4.99,50
13353,13180,2026-02-03,Starter,9.99,110
13354,1589,2026-08-15,Starter,9.99,110
13355,1503,2026-06-02,Popular,24.99,300
13356,13746,2026-06-04,Starter,9.99,110
13357,1364,2026-02-21,Max,199.99,3500
13358,12462,2026-06-23,Mini,4.99,50
13359,1162,2026-06-22,Mini,4.99,50
13360,1915,2026-02-22,Mini,4.99,50
13361,6796,2026-08-09,Popular,24.99,300
13362,6870,2026-03-15,Starter,9.99,110
13363,10647,2026-03-29,Starter,9.99,110
13364,9104,2026-01-16,Popular,24.99,300
13365,3866,2026-03-25,Creator,49.99,700
13366,2209,2026-08-07,Studio,499.99,10000
13367,548,2026-04-20,Popular,24.99,300
13368,1028,2026-05-29,Starter,9.99,110
13369,2379,2026-01-23,Creator,49.99,700
13370,2779,2026-06-18,Pro,99.99,1600
13371,10162,2026-03-01,Max,199.99,3500
13372,7438,2026-02-11,Popular,24.99,300
13373,14053,2026-03-10,Creator,49.99,700
13374,4756,2026-01-23,Creator,49.99,700
13375,4719,2026-01-05,Mini,4.99,50
13376,789,2026-06-10,Popular,24.99,300
13377,7007,2026-03-05,Max,199.99,3500
13378,12370,2026-05-04,Popular,24.99,300
13379,9387,2026-01-17,Starter,9.99,110
13380,6526,2026-04-22,Starter,9.99,110
13381,2350,2026-03-02,Max,199.99,3500
13382,9522,2026-02-23,Starter,9.99,110
13383,278,2026-03-28,Mini,4.99,50
13384,12772,2026-03-09,Starter,9.99,110
13385,6293,2026-03-22,Pro,99.99,1600
13386,10328,2026-05-04,Creator,49.99,700
13387,2633,2026-07-30,Creator,49.99,700
13388,12636,2026-01-23,Creator,49.99,700
13389,11608,2026-02-15,Pro,99.99,1600
13390,9293,2026-03-04,Popular,24.99,300
13391,14019,2026-05-26,Popular,24.99,300
13392,11252,2026-04-14,Pro,99.99,1600
13393,5815,2026-02-20,Mini,4.99,50
13394,1018,2026-05-19,Mini,4.99,50
13395,10366,2026-05-30,Mini,4.99,50
13396,14679,2026-03-20,Studio,499.99,10000
13397,1650,2026-07-26,Starter,9.99,110
13398,857,2026-04-20,Popular,24.99,300
13399,12114,2026-03-13,Pro,99.99,1600
13400,3027,2026-01-05,Starter,9.99,110
13401,9368,2026-03-19,Starter,9.99,110
13402,95,2026-02-02,Starter,9.99,110
13403,13677,2026-05-09,Max,199.99,3500
13404,10780,2026-05-21,Studio,499.99,10000
13405,966,2026-08-24,Pro,99.99,1600
13406,10259,2026-06-25,Pro,99.99,1600
13407,12724,2026-07-23,Starter,9.99,110
13408,1861,2026-01-15,Popular,24.99,300
13409,7383,2026-05-25,Creator,49.99,700
13410,8599,2026-04-24,Studio,499.99,10000
13411,1050,2026-05-10,Starter,9.99,110
13412,6766,2026-02-28,Pro,99.99,1600
13413,1352,2026-04-28,Creator,49.99,700
13414,3726,2026-07-23,Starter,9.99,110
13415,14846,2026-06-05,Creator,49.99,700
13416,7952,2026-02-05,Max,199.99,3500
13417,8954,2026-02-06,Creator,49.99,700
13418,6166,2026-06-26,Creator,49.99,700
13419,2786,2026-02-18,Popular,24.99,300
13420,2252,2026-04-03,Max,199.99,3500
13421,2151,2026-07-17,Starter,9.99,110
13422,9185,2026-03-02,Creator,49.99,700
13423,8638,2026-03-26,Creator,49.99,700
13424,12360,2026-05-27,Creator,49.99,700
13425,2751,2026-06-25,Popular,24.99,300
13426,11066,2026-04-22,Starter,9.99,110
13427,5945,2026-04-04,Creator,49.99,700
13428,6612,2026-02-22,Creator,49.99,700
13429,7451,2026-06-16,Creator,49.99,700
13430,14889,2026-05-10,Popular,24.99,300
13431,10421,2026-01-11,Starter,9.99,110
13432,11024,2026-07-30,Max,199.99,3500
13433,8524,2026-01-05,Studio,499.99,10000
13434,7256,2026-08-02,Mini,4.99,50
13435,9105,2026-02-06,Pro,99.99,1600
13436,8631,2026-02-08,Starter,9.99,110
13437,5398,2026-08-07,Max,199.99,3500
13438,4120,2026-06-17,Pro,99.99,1600
13439,7971,2026-05-13,Creator,49.99,700
13440,5766,2026-08-22,Pro,99.99,1600
13441,7323,2026-02-15,Starter,9.99,110
13442,8474,2026-05-15,Popular,24.99,300
13443,14729,2026-07-30,Popular,24.99,300
13444,4374,2026-03-29,Creator,49.99,700
13445,12000,2026-05-11,Popular,24.99,300
13446,12066,2026-05-30,Starter,9.99,110
13447,5192,2026-05-26,Creator,49.99,700
13448,8221,2026-08-22,Popular,24.99,300
13449,14548,2026-03-23,Pro,99.99,1600
13450,13900,2026-04-26,Creator,49.99,700
13451,6671,2026-05-08,Creator,49.99,700
13452,2767,2026-07-26,Creator,49.99,700
13453,14333,2026-01-24,Pro,99.99,1600
13454,13369,2026-07-07,Studio,499.99,10000
13455,4897,2026-07-18,Creator,49.99,700
13456,212,2026-04-17,Starter,9.99,110
13457,7559,2026-04-25,Popular,24.99,300
13458,3594,2026-08-24,Starter,9.99,110
13459,2185,2026-02-10,Max,199.99,3500
13460,11790,2026-04-21,Popular,24.99,300
13461,7222,2026-08-25,Starter,9.99,110
13462,11883,2026-02-22,Popular,24.99,300
13463,6913,2026-02-07,Max,199.99,3500
13464,3885,2026-02-04,Mini,4.99,50
13465,4675,2026-06-22,Popular,24.99,300
13466,1980,2026-08-16,Creator,49.99,700
13467,11337,2026-08-02,Creator,49.99,700
13468,12992,2026-01-04,Creator,49.99,700
13469,7868,2026-02-02,Mini,4.99,50
13470,1366,2026-08-04,Max,199.99,3500
13471,4900,2026-04-19,Max,199.99,3500
13472,5990,2026-04-08,Starter,9.99,110
13473,8565,2026-06-23,Creator,49.99,700
13474,14407,2026-07-05,Mini,4.99,50
13475,13585,2026-04-26,Starter,9.99,110
13476,894,2026-04-02,Starter,9.99,110
13477,4328,2026-08-06,Pro,99.99,1600
13478,3336,2026-07-08,Pro,99.99,1600
13479,2765,2026-07-30,Starter,9.99,110
13480,12803,2026-07-04,Creator,49.99,700
13481,10138,2026-01-26,Popular,24.99,300
13482,168,2026-08-19,Mini,4.99,50
13483,10917,2026-02-03,Popular,24.99,300
13484,937,2026-04-21,Starter,9.99,110
13485,9979,2026-04-08,Max,199.99,3500
13486,14150,2026-03-30,Popular,24.99,300
13487,3603,2026-01-02,Starter,9.99,110
13488,1495,2026-01-17,Max,199.99,3500
13489,8755,2026-06-08,Creator,49.99,700
13490,10866,2026-07-11,Studio,499.99,10000
13491,14241,2026-01-03,Popular,24.99,300
13492,11223,2026-07-13,Creator,49.99,700
13493,2904,2026-02-21,Popular,24.99,300
13494,1693,2026-05-09,Pro,99.99,1600
13495,13545,2026-03-25,Starter,9.99,110
13496,12161,2026-03-31,Mini,4.99,50
13497,6031,2026-05-07,Starter,9.99,110
13498,1751,2026-05-27,Starter,9.99,110
13499,10177,2026-08-11,Popular,24.99,300
13500,4303,2026-06-22,Popular,24.99,300
13501,8991,2026-08-03,Creator,49.99,700
13502,45,2026-06-19,Starter,9.99,110
13503,10885,2026-02-25,Creator,49.99,700
13504,4185,2026-06-04,Starter,9.99,110
13505,12771,2026-04-12,Pro,99.99,1600
13506,3485,2026-01-21,Popular,24.99,300
13507,4897,2026-04-16,Creator,49.99,700
13508,14205,2026-06-10,Creator,49.99,700
13509,3120,2026-01-31,Starter,9.99,110
13510,4400,2026-08-15,Creator,49.99,700
13511,13374,2026-02-15,Popular,24.99,300
13512,6800,2026-01-02,Mini,4.99,50
13513,11511,2026-04-21,Pro,99.99,1600
13514,11575,2026-04-22,Max,199.99,3500
13515,14625,2026-04-13,Creator,49.99,700
13516,8654,2026-02-14,Starter,9.99,110
13517,11322,2026-05-24,Creator,49.99,700
13518,5464,2026-05-02,Creator,49.99,700
13519,6617,2026-05-24,Creator,49.99,700
13520,283,2026-07-19,Creator,49.99,700
13521,2117,2026-02-20,Starter,9.99,110
13522,10934,2026-02-19,Studio,499.99,10000
13523,8358,2026-01-21,Mini,4.99,50
13524,1257,2026-03-29,Creator,49.99,700
13525,8601,2026-04-22,Starter,9.99,110
13526,13836,2026-03-23,Studio,499.99,10000
13527,14330,2026-05-19,Popular,24.99,300
13528,12555,2026-04-20,Pro,99.99,1600
13529,3525,2026-05-23,Creator,49.99,700
13530,3117,2026-04-12,Starter,9.99,110
13531,6225,2026-03-01,Popular,24.99,300
13532,14376,2026-06-21,Starter,9.99,110
13533,5926,2026-06-22,Pro,99.99,1600
13534,8153,2026-05-16,Creator,49.99,700
13535,3347,2026-06-01,Popular,24.99,300
13536,5649,2026-06-06,Starter,9.99,110
13537,6424,2026-03-01,Starter,9.99,110
13538,4907,2026-06-21,Starter,9.99,110
13539,6540,2026-02-08,Max,199.99,3500
13540,9850,2026-06-01,Creator,49.99,700
13541,13058,2026-04-29,Creator,49.99,700
13542,14892,2026-03-29,Starter,9.99,110
13543,6509,2026-04-07,Pro,99.99,1600
13544,12776,2026-01-01,Creator,49.99,700
13545,13348,2026-01-09,Creator,49.99,700
13546,2006,2026-05-28,Popular,24.99,300
13547,1732,2026-08-22,Pro,99.99,1600
13548,6016,2026-05-09,Max,199.99,3500
13549,8138,2026-05-09,Creator,49.99,700
13550,11383,2026-02-25,Mini,4.99,50
13551,1782,2026-07-16,Starter,9.99,110
13552,2675,2026-08-11,Creator,49.99,700
13553,8556,2026-03-17,Popular,24.99,300
13554,14769,2026-03-02,Studio,499.99,10000
13555,2461,2026-02-27,Pro,99.99,1600
13556,8772,2026-01-08,Pro,99.99,1600
13557,12467,2026-01-13,Max,199.99,3500
13558,3014,2026-01-17,Pro,99.99,1600
13559,13250,2026-08-13,Starter,9.99,110
13560,2575,2026-02-19,Creator,49.99,700
13561,10324,2026-02-03,Pro,99.99,1600
13562,3010,2026-02-02,Creator,49.99,700
13563,14661,2026-06-15,Starter,9.99,110
13564,43,2026-04-08,Pro,99.99,1600
13565,2832,2026-01-13,Pro,99.99,1600
13566,86,2026-06-10,Starter,9.99,110
13567,10027,2026-01-24,Pro,99.99,1600
13568,3087,2026-04-22,Studio,499.99,10000
13569,14082,2026-04-09,Creator,49.99,700
13570,14598,2026-05-27,Mini,4.99,50
13571,6925,2026-06-06,Starter,9.99,110
13572,13163,2026-04-08,Starter,9.99,110
13573,7244,2026-08-26,Creator,49.99,700
13574,11858,2026-06-30,Mini,4.99,50
13575,7902,2026-05-08,Studio,499.99,10000
13576,577,2026-05-26,Studio,499.99,10000
13577,13634,2026-06-25,Popular,24.99,300
13578,10418,2026-06-14,Creator,49.99,700
13579,6374,2026-04-26,Popular,24.99,300
13580,6761,2026-03-19,Starter,9.99,110
13581,3793,2026-01-27,Starter,9.99,110
13582,14732,2026-01-30,Popular,24.99,300
13583,3402,2026-03-22,Popular,24.99,300
13584,6224,2026-05-26,Pro,99.99,1600
13585,832,2026-03-06,Mini,4.99,50
13586,4867,2026-08-29,Pro,99.99,1600
13587,927,2026-08-01,Creator,49.99,700
13588,5297,2026-06-13,Popular,24.99,300
13589,792,2026-07-06,Starter,9.99,110
13590,3783,2026-02-17,Popular,24.99,300
13591,9368,2026-08-21,Max,199.99,3500
13592,9109,2026-07-23,Pro,99.99,1600
13593,12211,2026-08-13,Starter,9.99,110
13594,1384,2026-05-01,Popular,24.99,300
13595,9947,2026-07-18,Creator,49.99,700
13596,10090,2026-01-19,Studio,499.99,10000
13597,12994,2026-07-17,Creator,49.99,700
13598,10353,2026-06-08,Pro,99.99,1600
13599,9768,2026-02-10,Creator,49.99,700
13600,9677,2026-01-15,Creator,49.99,700
13601,59,2026-08-12,Popular,24.99,300
13602,10889,2026-03-17,Max,199.99,3500
13603,10604,2026-05-25,Creator,49.99,700
13604,9624,2026-06-06,Creator,49.99,700
13605,3269,2026-01-21,Creator,49.99,700
13606,4901,2026-02-06,Creator,49.99,700
13607,7376,2026-01-20,Mini,4.99,50
13608,3396,2026-05-27,Popular,24.99,300
13609,10,2026-04-03,Mini,4.99,50
13610,1701,2026-08-17,Creator,49.99,700
13611,8244,2026-06-14,Starter,9.99,110
13612,3668,2026-05-17,Popular,24.99,300
13613,14247,2026-02-27,Starter,9.99,110
13614,1599,2026-05-13,Creator,49.99,700
13615,3054,2026-03-19,Max,199.99,3500
13616,4757,2026-03-03,Pro,99.99,1600
13617,7623,2026-01-29,Popular,24.99,300
13618,12425,2026-06-24,Creator,49.99,700
13619,5324,2026-06-13,Creator,49.99,700
13620,4310,2026-07-27,Creator,49.99,700
13621,11577,2026-05-27,Starter,9.99,110
13622,8542,2026-03-07,Creator,49.99,700
13623,9630,2026-06-06,Starter,9.99,110
13624,2886,2026-04-28,Popular,24.99,300
13625,13154,2026-01-19,Studio,499.99,10000
13626,14154,2026-01-15,Mini,4.99,50
13627,8727,2026-06-30,Pro,99.99,1600
13628,6173,2026-08-21,Starter,9.99,110
13629,12388,2026-08-23,Mini,4.99,50
13630,9171,2026-05-24,Popular,24.99,300
13631,5088,2026-04-05,Studio,499.99,10000
13632,2761,2026-06-14,Creator,49.99,700
13633,14512,2026-06-20,Mini,4.99,50
13634,5243,2026-08-26,Mini,4.99,50
13635,14714,2026-02-09,Creator,49.99,700
13636,5786,2026-02-23,Pro,99.99,1600
13637,14785,2026-04-11,Mini,4.99,50
13638,8647,2026-05-29,Pro,99.99,1600
13639,104,2026-08-22,Creator,49.99,700
13640,1479,2026-04-04,Starter,9.99,110
13641,8161,2026-03-29,Mini,4.99,50
13642,659,2026-05-20,Pro,99.99,1600
13643,8005,2026-07-12,Creator,49.99,700
13644,5714,2026-08-31,Starter,9.99,110
13645,14161,2026-08-31,Pro,99.99,1600
13646,14656,2026-07-23,Mini,4.99,50
13647,4336,2026-02-20,Starter,9.99,110
13648,2062,2026-02-09,Max,199.99,3500
13649,13237,2026-02-28,Pro,99.99,1600
13650,2720,2026-08-01,Popular,24.99,300
13651,3944,2026-08-30,Creator,49.99,700
13652,10018,2026-08-22,Creator,49.99,700
13653,14636,2026-05-01,Max,199.99,3500
13654,3772,2026-02-24,Starter,9.99,110
13655,4867,2026-01-18,Pro,99.99,1600
13656,6179,2026-04-04,Popular,24.99,300
13657,9860,2026-08-31,Creator,49.99,700
13658,10713,2026-01-30,Creator,49.99,700
13659,11111,2026-01-18,Starter,9.99,110
13660,11915,2026-01-27,Popular,24.99,300
13661,7008,2026-01-02,Mini,4.99,50
13662,1390,2026-03-08,Pro,99.99,1600
13663,13169,2026-06-23,Creator,49.99,700
13664,758,2026-05-05,Studio,499.99,10000
13665,3698,2026-07-29,Max,199.99,3500
13666,486,2026-08-02,Starter,9.99,110
13667,6264,2026-02-11,Pro,99.99,1600
13668,11635,2026-03-01,Max,199.99,3500
13669,14555,2026-04-04,Creator,49.99,700
13670,5855,2026-01-26,Popular,24.99,300
13671,1611,2026-06-15,Popular,24.99,300
13672,9308,2026-06-16,Max,199.99,3500
13673,12848,2026-08-04,Popular,24.99,300
13674,9762,2026-03-04,Starter,9.99,110
13675,9288,2026-03-21,Starter,9.99,110
13676,7237,2026-07-25,Starter,9.99,110
13677,14494,2026-01-17,Max,199.99,3500
13678,3887,2026-02-21,Starter,9.99,110
13679,12290,2026-04-21,Popular,24.99,300
13680,4964,2026-08-29,Popular,24.99,300
13681,8456,2026-02-24,Mini,4.99,50
13682,11408,2026-08-05,Popular,24.99,300
13683,2390,2026-07-11,Popular,24.99,300
13684,13840,2026-04-01,Max,199.99,3500
13685,2611,2026-07-06,Popular,24.99,300
13686,13886,2026-03-14,Starter,9.99,110
13687,3172,2026-04-22,Creator,49.99,700
13688,6828,2026-06-06,Creator,49.99,700
13689,6339,2026-06-08,Starter,9.99,110
13690,5434,2026-04-20,Pro,99.99,1600
13691,12832,2026-08-04,Starter,9.99,110
13692,13338,2026-04-23,Creator,49.99,700
13693,13748,2026-05-26,Creator,49.99,700
13694,11021,2026-07-08,Starter,9.99,110
13695,6645,2026-05-18,Popular,24.99,300
13696,13750,2026-07-21,Creator,49.99,700
13697,4431,2026-02-01,Popular,24.99,300
13698,6941,2026-07-30,Max,199.99,3500
13699,2827,2026-03-20,Popular,24.99,300
13700,4307,2026-06-03,Popular,24.99,300
13701,7477,2026-08-08,Creator,49.99,700
13702,8365,2026-06-13,Max,199.99,3500
13703,7706,2026-08-05,Starter,9.99,110
13704,14540,2026-08-05,Starter,9.99,110
13705,6034,2026-07-26,Pro,99.99,1600
13706,8295,2026-05-21,Popular,24.99,300
13707,2693,2026-03-02,Starter,9.99,110
13708,7869,2026-04-24,Starter,9.99,110
13709,10131,2026-02-22,Creator,49.99,700
13710,14624,2026-06-09,Starter,9.99,110
13711,12162,2026-07-11,Max,199.99,3500
13712,11930,2026-06-14,Mini,4.99,50
13713,11227,2026-07-24,Creator,49.99,700
13714,2265,2026-01-31,Starter,9.99,110
13715,8630,2026-02-25,Popular,24.99,300
13716,7517,2026-05-06,Starter,9.99,110
13717,9892,2026-08-30,Mini,4.99,50
13718,8065,2026-01-30,Creator,49.99,700
13719,11732,2026-06-10,Starter,9.99,110
13720,6545,2026-05-01,Pro,99.99,1600
13721,11871,2026-08-08,Mini,4.99,50
13722,3387,2026-02-14,Starter,9.99,110
13723,7276,2026-01-15,Pro,99.99,1600
13724,13656,2026-07-26,Creator,49.99,700
13725,64,2026-06-16,Starter,9.99,110
13726,12102,2026-02-08,Mini,4.99,50
13727,12033,2026-01-09,Studio,499.99,10000
13728,11351,2026-08-02,Creator,49.99,700
13729,9351,2026-08-10,Starter,9.99,110
13730,6443,2026-08-27,Max,199.99,3500
13731,9729,2026-06-27,Starter,9.99,110
13732,7462,2026-04-30,Starter,9.99,110
13733,11502,2026-03-10,Creator,49.99,700
13734,3616,2026-07-10,Creator,49.99,700
13735,852,2026-06-16,Mini,4.99,50
13736,8041,2026-04-08,Starter,9.99,110
13737,9127,2026-03-29,Popular,24.99,300
13738,9789,2026-07-22,Mini,4.99,50
13739,7656,2026-06-27,Creator,49.99,700
13740,1975,2026-06-13,Creator,49.99,700
13741,6416,2026-01-11,Popular,24.99,300
13742,2438,2026-06-17,Popular,24.99,300
13743,14904,2026-02-17,Creator,49.99,700
13744,4761,2026-01-07,Max,199.99,3500
13745,11148,2026-05-05,Starter,9.99,110
13746,2129,2026-06-07,Popular,24.99,300
13747,8509,2026-06-16,Pro,99.99,1600
13748,8668,2026-07-05,Studio,499.99,10000
13749,12489,2026-04-22,Creator,49.99,700
13750,11247,2026-05-21,Starter,9.99,110
13751,12601,2026-05-12,Popular,24.99,300
13752,619,2026-03-21,Starter,9.99,110
13753,10815,2026-04-04,Studio,499.99,10000
13754,7545,2026-01-14,Pro,99.99,1600
13755,852,2026-07-23,Studio,499.99,10000
13756,6644,2026-02-11,Starter,9.99,110
13757,5672,2026-02-11,Creator,49.99,700
13758,5193,2026-07-25,Popular,24.99,300
13759,5923,2026-06-22,Mini,4.99,50
13760,11203,2026-07-19,Starter,9.99,110
13761,11057,2026-06-19,Mini,4.99,50
13762,164,2026-02-20,Mini,4.99,50
13763,10593,2026-04-07,Creator,49.99,700
13764,5242,2026-06-21,Studio,499.99,10000
13765,10909,2026-02-01,Pro,99.99,1600
13766,1070,2026-01-28,Starter,9.99,110
13767,10799,2026-07-12,Mini,4.99,50
13768,2177,2026-04-15,Creator,49.99,700
13769,11767,2026-06-25,Starter,9.99,110
13770,11042,2026-01-17,Creator,49.99,700
13771,3962,2026-08-14,Starter,9.99,110
13772,4423,2026-08-31,Creator,49.99,700
13773,10751,2026-05-12,Starter,9.99,110
13774,6998,2026-04-24,Creator,49.99,700
13775,5765,2026-05-06,Starter,9.99,110
13776,12913,2026-03-02,Pro,99.99,1600
13777,14846,2026-01-11,Popular,24.99,300
13778,6212,2026-06-25,Starter,9.99,110
13779,9143,2026-03-17,Popular,24.99,300
13780,7071,2026-07-17,Starter,9.99,110
13781,2817,2026-05-20,Mini,4.99,50
13782,1145,2026-04-27,Popular,24.99,300
13783,5593,2026-05-18,Starter,9.99,110
13784,13064,2026-07-01,Creator,49.99,700
13785,8121,2026-06-15,Max,199.99,3500
13786,6137,2026-07-29,Creator,49.99,700
13787,7147,2026-02-18,Creator,49.99,700
13788,12315,2026-07-17,Starter,9.99,110
13789,9511,2026-08-11,Popular,24.99,300
13790,5939,2026-01-27,Starter,9.99,110
13791,7196,2026-08-10,Max,199.99,3500
13792,3955,2026-01-20,Creator,49.99,700
13793,3610,2026-04-22,Mini,4.99,50
13794,10053,2026-03-22,Starter,9.99,110
13795,7451,2026-02-02,Starter,9.99,110
13796,8174,2026-07-07,Max,199.99,3500
13797,8104,2026-02-09,Creator,49.99,700
13798,3160,2026-07-02,Popular,24.99,300
13799,13735,2026-02-20,Max,199.99,3500
13800,10859,2026-08-07,Pro,99.99,1600
13801,1948,2026-01-03,Popular,24.99,300
13802,13708,2026-04-04,Starter,9.99,110
13803,3076,2026-01-01,Mini,4.99,50
13804,9357,2026-07-04,Pro,99.99,1600
13805,5295,2026-05-25,Studio,499.99,10000
13806,7947,2026-02-09,Studio,499.99,10000
13807,4615,2026-05-30,Starter,9.99,110
13808,7618,2026-06-04,Starter,9.99,110
13809,8195,2026-03-17,Creator,49.99,700
13810,13747,2026-02-22,Popular,24.99,300
13811,854,2026-06-10,Popular,24.99,300
13812,13874,2026-02-07,Popular,24.99,300
13813,10373,2026-01-16,Popular,24.99,300
13814,8509,2026-07-18,Starter,9.99,110
13815,12224,2026-03-06,Creator,49.99,700
13816,5400,2026-08-22,Studio,499.99,10000
13817,12002,2026-03-15,Studio,499.99,10000
13818,6912,2026-06-18,Pro,99.99,1600
13819,3183,2026-05-29,Creator,49.99,700
13820,10388,2026-07-10,Mini,4.99,50
13821,9061,2026-05-08,Pro,99.99,1600
13822,3724,2026-01-09,Studio,499.99,10000
13823,1328,2026-08-17,Popular,24.99,300
13824,10502,2026-07-02,Creator,49.99,700
13825,4079,2026-07-18,Mini,4.99,50
13826,6854,2026-06-23,Creator,49.99,700
13827,12875,2026-01-09,Popular,24.99,300
13828,13315,2026-01-04,Starter,9.99,110
13829,12386,2026-08-07,Creator,49.99,700
13830,5937,2026-04-19,Creator,49.99,700
13831,4626,2026-04-05,Max,199.99,3500
13832,10993,2026-01-22,Mini,4.99,50
13833,8840,2026-04-08,Starter,9.99,110
13834,7378,2026-06-06,Popular,24.99,300
13835,12696,2026-05-30,Popular,24.99,300
13836,12369,2026-04-16,Pro,99.99,1600
13837,3132,2026-06-19,Starter,9.99,110
13838,13566,2026-01-26,Creator,49.99,700
13839,1138,2026-03-11,Mini,4.99,50
13840,3699,2026-03-13,Creator,49.99,700
13841,14678,2026-07-21,Mini,4.99,50
13842,140,2026-06-10,Mini,4.99,50
13843,12850,2026-04-24,Max,199.99,3500
13844,14568,2026-05-12,Max,199.99,3500
13845,12270,2026-08-03,Pro,99.99,1600
13846,10204,2026-06-20,Creator,49.99,700
13847,221,2026-07-24,Popular,24.99,300
13848,11593,2026-05-17,Pro,99.99,1600
13849,12515,2026-01-27,Creator,49.99,700
13850,13284,2026-04-26,Mini,4.99,50
13851,12525,2026-08-28,Pro,99.99,1600
13852,3921,2026-02-22,Creator,49.99,700
13853,9750,2026-01-11,Starter,9.99,110
13854,14687,2026-01-19,Max,199.99,3500
13855,9415,2026-06-06,Popular,24.99,300
13856,3907,2026-02-04,Popular,24.99,300
13857,4760,2026-02-22,Max,199.99,3500
13858,11750,2026-04-07,Mini,4.99,50
13859,8376,2026-06-03,Starter,9.99,110
13860,7889,2026-01-30,Creator,49.99,700
13861,5936,2026-02-18,Pro,99.99,1600
13862,14144,2026-06-25,Popular,24.99,300
13863,2089,2026-04-16,Starter,9.99,110
13864,3569,2026-08-25,Creator,49.99,700
13865,3654,2026-02-15,Creator,49.99,700
13866,3774,2026-05-11,Starter,9.99,110
13867,13675,2026-06-17,Popular,24.99,300
13868,2593,2026-01-13,Pro,99.99,1600
13869,12540,2026-03-22,Creator,49.99,700
13870,8585,2026-06-09,Max,199.99,3500
13871,7692,2026-04-10,Starter,9.99,110
13872,9186,2026-06-11,Pro,99.99,1600
13873,6943,2026-04-15,Popular,24.99,300
13874,6062,2026-05-24,Creator,49.99,700
13875,5307,2026-04-06,Max,199.99,3500
13876,13580,2026-05-29,Mini,4.99,50
13877,9634,2026-05-06,Mini,4.99,50
13878,9785,2026-01-18,Creator,49.99,700
13879,7619,2026-08-30,Creator,49.99,700
13880,4717,2026-03-05,Creator,49.99,700
13881,8675,2026-03-18,Popular,24.99,300
13882,8242,2026-05-08,Popular,24.99,300
13883,13350,2026-05-11,Starter,9.99,110
13884,2656,2026-04-13,Creator,49.99,700
13885,471,2026-05-29,Starter,9.99,110
13886,11117,2026-05-29,Pro,99.99,1600
13887,12383,2026-01-23,Starter,9.99,110
13888,13964,2026-02-02,Creator,49.99,700
13889,9254,2026-08-11,Pro,99.99,1600
13890,10040,2026-04-22,Starter,9.99,110
13891,13046,2026-07-21,Popular,24.99,300
13892,1797,2026-06-09,Studio,499.99,10000
13893,2970,2026-04-01,Max,199.99,3500
13894,1633,2026-03-27,Studio,499.99,10000
13895,3194,2026-03-16,Studio,499.99,10000
13896,3700,2026-07-15,Starter,9.99,110
13897,13451,2026-06-20,Creator,49.99,700
13898,6140,2026-08-08,Starter,9.99,110
13899,1889,2026-07-28,Mini,4.99,50
13900,3491,2026-07-28,Studio,499.99,10000
13901,615,2026-04-23,Creator,49.99,700
13902,5265,2026-07-19,Starter,9.99,110
13903,11688,2026-08-16,Mini,4.99,50
13904,6883,2026-05-26,Popular,24.99,300
13905,602,2026-05-17,Creator,49.99,700
13906,849,2026-05-29,Starter,9.99,110
13907,14053,2026-03-28,Popular,24.99,300
13908,12760,2026-06-28,Popular,24.99,300
13909,13640,2026-07-01,Creator,49.99,700
13910,11684,2026-08-30,Starter,9.99,110
13911,1601,2026-07-19,Mini,4.99,50
13912,12066,2026-05-05,Pro,99.99,1600
13913,8478,2026-05-16,Starter,9.99,110
13914,10602,2026-05-24,Starter,9.99,110
13915,4298,2026-02-11,Starter,9.99,110
13916,5795,2026-01-12,Max,199.99,3500
13917,6655,2026-03-30,Starter,9.99,110
13918,14630,2026-08-18,Popular,24.99,300
13919,6285,2026-07-02,Starter,9.99,110
13920,10412,2026-06-25,Mini,4.99,50
13921,4373,2026-04-12,Pro,99.99,1600
13922,10035,2026-04-09,Popular,24.99,300
13923,7892,2026-01-11,Creator,49.99,700
13924,12763,2026-05-11,Popular,24.99,300
13925,4620,2026-03-22,Popular,24.99,300
13926,13773,2026-02-07,Creator,49.99,700
13927,8698,2026-03-17,Max,199.99,3500
13928,12911,2026-03-02,Creator,49.99,700
13929,9605,2026-08-09,Popular,24.99,300
13930,14577,2026-01-09,Starter,9.99,110
13931,10932,2026-02-28,Max,199.99,3500
13932,10300,2026-01-13,Starter,9.99,110
13933,13799,2026-03-12,Creator,49.99,700
13934,7996,2026-08-10,Popular,24.99,300
13935,7108,2026-03-11,Popular,24.99,300
13936,11483,2026-06-03,Pro,99.99,1600
13937,7304,2026-02-23,Pro,99.99,1600
13938,570,2026-05-27,Starter,9.99,110
13939,9127,2026-02-19,Starter,9.99,110
13940,651,2026-05-18,Pro,99.99,1600
13941,9474,2026-08-23,Pro,99.99,1600
13942,5141,2026-03-08,Starter,9.99,110
13943,795,2026-06-07,Popular,24.99,300
13944,11615,2026-04-15,Popular,24.99,300
13945,10572,2026-06-28,Mini,4.99,50
13946,8159,2026-03-22,Max,199.99,3500
13947,9721,2026-05-06,Mini,4.99,50
13948,6072,2026-01-06,Pro,99.99,1600
13949,3277,2026-05-08,Max,199.99,3500
13950,138,2026-07-30,Mini,4.99,50
13951,2076,2026-01-21,Pro,99.99,1600
13952,8333,2026-07-24,Studio,499.99,10000
13953,13068,2026-01-28,Popular,24.99,300
13954,4792,2026-07-04,Starter,9.99,110
13955,7436,2026-05-19,Creator,49.99,700
13956,7472,2026-07-26,Creator,49.99,700
13957,8354,2026-04-30,Pro,99.99,1600
13958,4413,2026-06-15,Starter,9.99,110
13959,13461,2026-06-19,Popular,24.99,300
13960,13144,2026-07-26,Mini,4.99,50
13961,8568,2026-01-01,Creator,49.99,700
13962,7256,2026-03-12,Creator,49.99,700
13963,467,2026-01-03,Mini,4.99,50
13964,5733,2026-04-06,Creator,49.99,700
13965,3882,2026-05-24,Pro,99.99,1600
13966,3960,2026-02-04,Creator,49.99,700
13967,4642,2026-05-20,Pro,99.99,1600
13968,13207,2026-07-25,Pro,99.99,1600
13969,13639,2026-05-07,Starter,9.99,110
13970,3918,2026-05-17,Creator,49.99,700
13971,1115,2026-04-13,Popular,24.99,300
13972,13268,2026-08-11,Creator,49.99,700
13973,7360,2026-07-04,Starter,9.99,110
13974,456,2026-04-20,Popular,24.99,300
13975,4774,2026-06-30,Creator,49.99,700
13976,242,2026-08-29,Popular,24.99,300
13977,13483,2026-03-28,Mini,4.99,50
13978,8022,2026-01-09,Studio,499.99,10000
13979,14212,2026-03-28,Starter,9.99,110
13980,11347,2026-07-29,Creator,49.99,700
13981,13306,2026-01-01,Creator,49.99,700
13982,4840,2026-01-24,Pro,99.99,1600
13983,3306,2026-08-19,Creator,49.99,700
13984,9829,2026-03-06,Starter,9.99,110
13985,8380,2026-04-25,Starter,9.99,110
13986,10832,2026-08-07,Pro,99.99,1600
13987,2065,2026-08-03,Starter,9.99,110
13988,7553,2026-07-03,Popular,24.99,300
13989,5370,2026-03-16,Starter,9.99,110
13990,8994,2026-01-25,Creator,49.99,700
13991,1502,2026-08-09,Pro,99.99,1600
13992,1058,2026-01-28,Mini,4.99,50
13993,8343,2026-02-05,Max,199.99,3500
13994,12823,2026-05-15,Creator,49.99,700
13995,8407,2026-05-24,Max,199.99,3500
13996,8283,2026-06-27,Max,199.99,3500
13997,12751,2026-01-25,Mini,4.99,50
13998,1489,2026-07-27,Popular,24.99,300
13999,2336,2026-01-07,Creator,49.99,700
14000,11475,2026-06-20,Starter,9.99,110
14001,5652,2026-03-01,Creator,49.99,700
14002,12021,2026-05-05,Starter,9.99,110
14003,13494,2026-06-06,Mini,4.99,50
14004,7314,2026-06-21,Popular,24.99,300
14005,4257,2026-06-22,Popular,24.99,300
14006,1221,2026-07-01,Creator,49.99,700
14007,6480,2026-07-22,Creator,49.99,700
14008,14753,2026-01-13,Pro,99.99,1600
14009,5547,2026-07-10,Creator,49.99,700
14010,5648,2026-06-12,Starter,9.99,110
14011,3782,2026-08-24,Max,199.99,3500
14012,2495,2026-02-23,Pro,99.99,1600
14013,1016,2026-08-06,Pro,99.99,1600
14014,12133,2026-05-09,Pro,99.99,1600
14015,1558,2026-02-18,Pro,99.99,1600
14016,10644,2026-02-05,Mini,4.99,50
14017,210,2026-08-09,Starter,9.99,110
14018,8499,2026-02-11,Popular,24.99,300
14019,4944,2026-03-14,Starter,9.99,110
14020,8677,2026-06-23,Creator,49.99,700
14021,10474,2026-07-13,Popular,24.99,300
14022,14779,2026-04-09,Pro,99.99,1600
14023,916,2026-07-29,Popular,24.99,300
14024,9760,2026-01-23,Pro,99.99,1600
14025,6737,2026-02-21,Creator,49.99,700
14026,8577,2026-08-28,Mini,4.99,50
14027,10459,2026-02-06,Popular,24.99,300
14028,599,2026-06-29,Mini,4.99,50
14029,7646,2026-04-16,Pro,99.99,1600
14030,8847,2026-07-12,Starter,9.99,110
14031,6776,2026-03-09,Mini,4.99,50
14032,520,2026-04-07,Creator,49.99,700
14033,4984,2026-03-28,Max,199.99,3500
14034,13356,2026-07-06,Creator,49.99,700
14035,12096,2026-01-06,Starter,9.99,110
14036,899,2026-06-30,Popular,24.99,300
14037,12887,2026-07-31,Studio,499.99,10000
14038,14594,2026-07-02,Starter,9.99,110
14039,884,2026-06-21,Starter,9.99,110
14040,583,2026-01-03,Creator,49.99,700
14041,11266,2026-04-07,Popular,24.99,300
14042,10531,2026-03-11,Popular,24.99,300
14043,8551,2026-03-20,Starter,9.99,110
14044,10581,2026-07-28,Starter,9.99,110
14045,6017,2026-07-31,Starter,9.99,110
14046,3983,2026-02-20,Creator,49.99,700
14047,1766,2026-07-22,Creator,49.99,700
14048,8626,2026-02-22,Popular,24.99,300
14049,12778,2026-04-01,Creator,49.99,700
14050,14918,2026-01-06,Starter,9.99,110
14051,14007,2026-05-25,Studio,499.99,10000
14052,2446,2026-07-02,Creator,49.99,700
14053,13051,2026-03-22,Max,199.99,3500
14054,6747,2026-05-25,Starter,9.99,110
14055,11911,2026-07-21,Starter,9.99,110
14056,2471,2026-07-07,Pro,99.99,1600
14057,2570,2026-06-08,Pro,99.99,1600
14058,4374,2026-08-20,Max,199.99,3500
14059,13369,2026-08-29,Max,199.99,3500
14060,12867,2026-03-31,Max,199.99,3500
14061,3568,2026-03-17,Starter,9.99,110
14062,6643,2026-05-28,Creator,49.99,700
14063,12020,2026-07-18,Creator,49.99,700
14064,4211,2026-03-01,Max,199.99,3500
14065,2445,2026-07-01,Mini,4.99,50
14066,4348,2026-06-13,Popular,24.99,300
14067,1900,2026-06-14,Studio,499.99,10000
14068,3947,2026-02-04,Pro,99.99,1600
14069,8208,2026-08-28,Starter,9.99,110
14070,7544,2026-03-27,Creator,49.99,700
14071,1514,2026-08-14,Popular,24.99,300
14072,6908,2026-06-19,Max,199.99,3500
14073,2762,2026-08-28,Creator,49.99,700
14074,8999,2026-07-28,Creator,49.99,700
14075,8215,2026-07-30,Pro,99.99,1600
14076,11243,2026-07-09,Creator,49.99,700
14077,8995,2026-08-14,Studio,499.99,10000
14078,91,2026-02-17,Creator,49.99,700
14079,6789,2026-04-13,Max,199.99,3500
14080,1185,2026-02-08,Starter,9.99,110
14081,10929,2026-08-27,Mini,4.99,50
14082,3222,2026-01-31,Popular,24.99,300
14083,4403,2026-01-24,Pro,99.99,1600
14084,13142,2026-07-18,Popular,24.99,300
14085,10307,2026-02-28,Creator,49.99,700
14086,4725,2026-01-16,Max,199.99,3500
14087,1005,2026-01-28,Starter,9.99,110
14088,3809,2026-04-19,Max,199.99,3500
14089,10434,2026-04-07,Studio,499.99,10000
14090,2441,2026-07-17,Popular,24.99,300
14091,10616,2026-07-14,Mini,4.99,50
14092,4037,2026-05-27,Popular,24.99,300
14093,3683,2026-04-19,Popular,24.99,300
14094,4654,2026-03-18,Max,199.99,3500
14095,9989,2026-06-02,Popular,24.99,300
14096,6868,2026-03-27,Mini,4.99,50
14097,181,2026-02-07,Max,199.99,3500
14098,494,2026-06-06,Creator,49.99,700
14099,10650,2026-02-18,Starter,9.99,110
14100,60,2026-08-15,Popular,24.99,300
14101,816,2026-08-30,Studio,499.99,10000
14102,5934,2026-08-01,Mini,4.99,50
14103,9252,2026-05-20,Creator,49.99,700
14104,660,2026-04-27,Starter,9.99,110
14105,6692,2026-05-20,Pro,99.99,1600
14106,12702,2026-01-16,Starter,9.99,110
14107,11041,2026-02-20,Starter,9.99,110
14108,3588,2026-08-08,Popular,24.99,300
14109,498,2026-04-29,Starter,9.99,110
14110,5728,2026-07-08,Starter,9.99,110
14111,438,2026-05-25,Starter,9.99,110
14112,4139,2026-02-14,Starter,9.99,110
14113,9319,2026-08-04,Popular,24.99,300
14114,12757,2026-02-09,Starter,9.99,110
14115,9155,2026-05-09,Creator,49.99,700
14116,9583,2026-07-22,Mini,4.99,50
14117,5264,2026-02-03,Popular,24.99,300
14118,2946,2026-01-03,Mini,4.99,50
14119,11834,2026-08-11,Creator,49.99,700
14120,9950,2026-03-22,Pro,99.99,1600
14121,3071,2026-06-21,Creator,49.99,700
14122,12983,2026-01-25,Max,199.99,3500
14123,2686,2026-01-21,Pro,99.99,1600
14124,3639,2026-08-25,Starter,9.99,110
14125,12807,2026-04-18,Pro,99.99,1600
14126,7673,2026-06-08,Mini,4.99,50
14127,11774,2026-06-16,Starter,9.99,110
14128,7608,2026-01-31,Starter,9.99,110
14129,13019,2026-01-23,Pro,99.99,1600
14130,11369,2026-02-24,Mini,4.99,50
14131,7885,2026-06-28,Mini,4.99,50
14132,1072,2026-08-03,Creator,49.99,700
14133,13594,2026-06-02,Starter,9.99,110
14134,1424,2026-01-28,Studio,499.99,10000
14135,9369,2026-06-29,Pro,99.99,1600
14136,2054,2026-04-24,Pro,99.99,1600
14137,13394,2026-03-21,Popular,24.99,300
14138,13749,2026-02-03,Starter,9.99,110
14139,10494,2026-01-05,Pro,99.99,1600
14140,5071,2026-03-15,Mini,4.99,50
14141,9787,2026-07-18,Starter,9.99,110
14142,240,2026-05-28,Popular,24.99,300
14143,14552,2026-07-19,Popular,24.99,300
14144,14508,2026-01-31,Max,199.99,3500
14145,11424,2026-05-22,Mini,4.99,50
14146,5113,2026-02-21,Starter,9.99,110
14147,7855,2026-03-19,Studio,499.99,10000
14148,443,2026-07-12,Creator,49.99,700
14149,263,2026-01-25,Mini,4.99,50
14150,854,2026-03-15,Starter,9.99,110
14151,4964,2026-01-17,Max,199.99,3500
14152,6151,2026-05-27,Max,199.99,3500
14153,8094,2026-03-17,Starter,9.99,110
14154,11195,2026-05-21,Max,199.99,3500
14155,2432,2026-07-28,Popular,24.99,300
14156,6662,2026-08-05,Max,199.99,3500
14157,12201,2026-03-11,Mini,4.99,50
14158,5809,2026-03-11,Creator,49.99,700
14159,1693,2026-08-30,Max,199.99,3500
14160,8037,2026-02-23,Starter,9.99,110
14161,14995,2026-05-18,Starter,9.99,110
14162,5287,2026-07-22,Max,199.99,3500
14163,10307,2026-02-05,Popular,24.99,300
14164,7141,2026-07-15,Popular,24.99,300
14165,14622,2026-07-07,Starter,9.99,110
14166,12698,2026-05-27,Creator,49.99,700
14167,4556,2026-05-07,Max,199.99,3500
14168,14914,2026-06-08,Starter,9.99,110
14169,2152,2026-08-08,Max,199.99,3500
14170,438,2026-07-01,Popular,24.99,300
14171,10928,2026-05-08,Creator,49.99,700
14172,2773,2026-07-24,Max,199.99,3500
14173,12671,2026-07-14,Pro,99.99,1600
14174,995,2026-08-12,Creator,49.99,700
14175,2374,2026-04-16,Starter,9.99,110
14176,9912,2026-08-21,Max,199.99,3500
14177,2047,2026-04-13,Starter,9.99,110
14178,115,2026-04-13,Creator,49.99,700
14179,11159,2026-06-29,Pro,99.99,1600
14180,10271,2026-07-11,Creator,49.99,700
14181,4631,2026-03-14,Starter,9.99,110
14182,7259,2026-02-16,Starter,9.99,110
14183,1183,2026-06-30,Creator,49.99,700
14184,9735,2026-04-04,Creator,49.99,700
14185,10500,2026-06-11,Studio,499.99,10000
14186,2008,2026-07-04,Popular,24.99,300
14187,14391,2026-07-23,Starter,9.99,110
14188,6992,2026-06-15,Creator,49.99,700
14189,6148,2026-01-23,Popular,24.99,300
14190,12507,2026-07-09,Popular,24.99,300
14191,13041,2026-01-04,Max,199.99,3500
14192,7423,2026-05-02,Studio,499.99,10000
14193,5169,2026-04-24,Max,199.99,3500
14194,6049,2026-04-25,Starter,9.99,110
14195,5918,2026-07-28,Popular,24.99,300
14196,4456,2026-06-24,Mini,4.99,50
14197,58,2026-06-07,Pro,99.99,1600
14198,12770,2026-06-17,Starter,9.99,110
14199,6906,2026-02-25,Creator,49.99,700
14200,10296,2026-08-22,Pro,99.99,1600
14201,6843,2026-01-05,Popular,24.99,300
14202,13407,2026-01-01,Studio,499.99,10000
14203,4674,2026-01-22,Starter,9.99,110
14204,3746,2026-06-24,Popular,24.99,300
14205,10210,2026-07-07,Starter,9.99,110
14206,7962,2026-06-23,Studio,499.99,10000
14207,9798,2026-01-03,Studio,499.99,10000
14208,11233,2026-03-01,Starter,9.99,110
14209,2153,2026-07-27,Mini,4.99,50
14210,734,2026-02-14,Creator,49.99,700
14211,8427,2026-06-21,Pro,99.99,1600
14212,11802,2026-06-01,Pro,99.99,1600
14213,3212,2026-06-07,Popular,24.99,300
14214,2673,2026-04-06,Starter,9.99,110
14215,6278,2026-02-14,Starter,9.99,110
14216,2554,2026-07-15,Popular,24.99,300
14217,3385,2026-06-24,Popular,24.99,300
14218,9378,2026-04-18,Creator,49.99,700
14219,10498,2026-06-23,Starter,9.99,110
14220,2663,2026-08-09,Starter,9.99,110
14221,5752,2026-02-06,Creator,49.99,700
14222,9706,2026-02-02,Starter,9.99,110
14223,9050,2026-04-27,Creator,49.99,700
14224,429,2026-05-23,Popular,24.99,300
14225,2538,2026-03-12,Mini,4.99,50
14226,5350,2026-05-08,Studio,499.99,10000
14227,12140,2026-06-10,Creator,49.99,700
14228,12334,2026-04-08,Starter,9.99,110
14229,9735,2026-02-13,Popular,24.99,300
14230,7320,2026-07-15,Starter,9.99,110
14231,6889,2026-04-18,Starter,9.99,110
14232,11849,2026-03-05,Starter,9.99,110
14233,10281,2026-07-04,Mini,4.99,50
14234,8267,2026-03-16,Creator,49.99,700
14235,1390,2026-05-03,Creator,49.99,700
14236,11923,2026-02-16,Mini,4.99,50
14237,10108,2026-05-09,Popular,24.99,300
14238,6117,2026-04-28,Popular,24.99,300
14239,12775,2026-07-27,Starter,9.99,110
14240,11721,2026-01-23,Pro,99.99,1600
14241,719,2026-07-14,Popular,24.99,300
14242,8773,2026-02-12,Starter,9.99,110
14243,5851,2026-02-01,Studio,499.99,10000
14244,3194,2026-03-07,Popular,24.99,300
14245,9958,2026-05-11,Max,199.99,3500
14246,2608,2026-01-24,Starter,9.99,110
14247,1069,2026-01-15,Starter,9.99,110
14248,11436,2026-03-23,Starter,9.99,110
14249,1912,2026-06-03,Starter,9.99,110
14250,7538,2026-07-09,Pro,99.99,1600
14251,13086,2026-06-07,Max,199.99,3500
14252,14956,2026-03-07,Starter,9.99,110
14253,12214,2026-03-02,Max,199.99,3500
14254,14853,2026-02-14,Starter,9.99,110
14255,11446,2026-08-09,Studio,499.99,10000
14256,4931,2026-01-01,Pro,99.99,1600
14257,11570,2026-03-14,Starter,9.99,110
14258,5984,2026-02-11,Creator,49.99,700
14259,9885,2026-02-25,Mini,4.99,50
14260,11806,2026-03-16,Mini,4.99,50
14261,61,2026-01-29,Max,199.99,3500
14262,14542,2026-07-13,Creator,49.99,700
14263,8255,2026-05-27,Pro,99.99,1600
14264,7766,2026-03-24,Creator,49.99,700
14265,11004,2026-03-14,Starter,9.99,110
14266,3277,2026-07-09,Creator,49.99,700
14267,5494,2026-07-15,Pro,99.99,1600
14268,1751,2026-01-10,Creator,49.99,700
14269,8735,2026-04-29,Popular,24.99,300
14270,11512,2026-04-21,Popular,24.99,300
14271,7875,2026-05-15,Pro,99.99,1600
14272,11523,2026-02-17,Creator,49.99,700
14273,1499,2026-07-14,Popular,24.99,300
14274,10878,2026-02-23,Mini,4.99,50
14275,1175,2026-08-04,Popular,24.99,300
14276,7194,2026-02-16,Creator,49.99,700
14277,10543,2026-01-22,Starter,9.99,110
14278,7771,2026-03-28,Mini,4.99,50
14279,12181,2026-08-08,Popular,24.99,300
14280,10252,2026-08-25,Popular,24.99,300
14281,14888,2026-05-21,Starter,9.99,110
14282,7439,2026-05-27,Starter,9.99,110
14283,8446,2026-03-03,Mini,4.99,50
14284,2559,2026-01-03,Popular,24.99,300
14285,11182,2026-05-12,Mini,4.99,50
14286,8678,2026-06-25,Popular,24.99,300
14287,1261,2026-05-18,Popular,24.99,300
14288,14847,2026-07-30,Popular,24.99,300
14289,14163,2026-08-06,Creator,49.99,700
14290,13656,2026-02-23,Starter,9.99,110
14291,12081,2026-07-28,Mini,4.99,50
14292,14577,2026-08-17,Creator,49.99,700
14293,4436,2026-05-21,Max,199.99,3500
14294,14424,2026-01-13,Popular,24.99,300
14295,4942,2026-07-05,Popular,24.99,300
14296,6264,2026-08-09,Starter,9.99,110
14297,2899,2026-03-30,Starter,9.99,110
14298,11239,2026-01-01,Starter,9.99,110
14299,10271,2026-04-14,Starter,9.99,110
14300,2094,2026-02-04,Starter,9.99,110
14301,1161,2026-08-03,Creator,49.99,700
14302,9812,2026-04-19,Mini,4.99,50
14303,1560,2026-02-25,Creator,49.99,700
14304,664,2026-05-04,Starter,9.99,110
14305,11973,2026-06-30,Max,199.99,3500
14306,10679,2026-04-01,Pro,99.99,1600
14307,2660,2026-04-14,Starter,9.99,110
14308,13229,2026-07-03,Studio,499.99,10000
14309,12690,2026-02-10,Popular,24.99,300
14310,3030,2026-03-25,Pro,99.99,1600
14311,7777,2026-07-28,Starter,9.99,110
14312,13928,2026-06-30,Starter,9.99,110
14313,7314,2026-08-19,Mini,4.99,50
14314,58,2026-02-26,Pro,99.99,1600
14315,5818,2026-07-19,Creator,49.99,700
14316,14982,2026-06-24,Popular,24.99,300
14317,10347,2026-05-17,Mini,4.99,50
14318,7609,2026-05-19,Creator,49.99,700
14319,14858,2026-06-01,Max,199.99,3500
14320,12411,2026-04-27,Starter,9.99,110
14321,14791,2026-05-17,Pro,99.99,1600
14322,7739,2026-04-24,Mini,4.99,50
14323,6362,2026-03-28,Mini,4.99,50
14324,8313,2026-02-03,Popular,24.99,300
14325,811,2026-06-04,Pro,99.99,1600
14326,13847,2026-01-05,Mini,4.99,50
14327,4659,2026-08-07,Max,199.99,3500
14328,12813,2026-08-08,Starter,9.99,110
14329,8416,2026-02-25,Popular,24.99,300
14330,13263,2026-06-24,Popular,24.99,300
14331,9787,2026-02-01,Popular,24.99,300
14332,5840,2026-01-31,Popular,24.99,300
14333,5942,2026-06-12,Popular,24.99,300
14334,2411,2026-03-31,Starter,9.99,110
14335,9692,2026-03-28,Popular,24.99,300
14336,14817,2026-04-20,Pro,99.99,1600
14337,14384,2026-04-17,Max,199.99,3500
14338,3085,2026-08-02,Popular,24.99,300
14339,10880,2026-04-03,Popular,24.99,300
14340,13715,2026-06-05,Creator,49.99,700
14341,1380,2026-03-19,Pro,99.99,1600
14342,1871,2026-02-01,Starter,9.99,110
14343,9020,2026-02-25,Pro,99.99,1600
14344,13900,2026-06-04,Mini,4.99,50
14345,13985,2026-07-09,Mini,4.99,50
14346,10472,2026-06-03,Starter,9.99,110
14347,14758,2026-05-22,Studio,499.99,10000
14348,3094,2026-06-13,Mini,4.99,50
14349,4500,2026-03-27,Creator,49.99,700
14350,9617,2026-02-11,Creator,49.99,700
14351,3373,2026-07-27,Popular,24.99,300
14352,7486,2026-07-02,Popular,24.99,300
14353,7398,2026-06-02,Popular,24.99,300
14354,576,2026-06-07,Pro,99.99,1600
14355,864,2026-02-23,Popular,24.99,300
14356,1777,2026-02-11,Max,199.99,3500
14357,1883,2026-07-10,Pro,99.99,1600
14358,13817,2026-02-01,Creator,49.99,700
14359,11571,2026-01-05,Pro,99.99,1600
14360,13711,2026-02-05,Pro,99.99,1600
14361,2148,2026-03-08,Mini,4.99,50
14362,4939,2026-01-02,Creator,49.99,700
14363,9981,2026-03-26,Studio,499.99,10000
14364,4951,2026-06-22,Studio,499.99,10000
14365,6246,2026-01-07,Mini,4.99,50
14366,2158,2026-03-15,Creator,49.99,700
14367,3359,2026-06-11,Popular,24.99,300
14368,6220,2026-05-05,Creator,49.99,700
14369,654,2026-07-29,Popular,24.99,300
14370,5556,2026-07-13,Creator,49.99,700
14371,10248,2026-07-01,Popular,24.99,300
14372,7522,2026-04-14,Starter,9.99,110
14373,11731,2026-07-08,Mini,4.99,50
14374,3775,2026-03-07,Starter,9.99,110
14375,1020,2026-08-23,Popular,24.99,300
14376,931,2026-03-28,Starter,9.99,110
14377,3109,2026-04-09,Studio,499.99,10000
14378,12489,2026-02-01,Pro,99.99,1600
14379,10680,2026-02-10,Popular,24.99,300
14380,13329,2026-08-07,Popular,24.99,300
14381,1814,2026-07-23,Mini,4.99,50
14382,13916,2026-07-29,Max,199.99,3500
14383,801,2026-01-07,Popular,24.99,300
14384,12832,2026-08-28,Popular,24.99,300
14385,13810,2026-03-26,Creator,49.99,700
14386,5857,2026-03-21,Popular,24.99,300
14387,919,2026-06-13,Starter,9.99,110
14388,14194,2026-06-10,Starter,9.99,110
14389,6909,2026-08-24,Starter,9.99,110
14390,5990,2026-03-07,Creator,49.99,700
14391,4162,2026-05-03,Starter,9.99,110
14392,13827,2026-02-03,Creator,49.99,700
14393,49,2026-04-05,Pro,99.99,1600
14394,14402,2026-02-21,Starter,9.99,110
14395,8185,2026-05-03,Starter,9.99,110
14396,6706,2026-04-10,Creator,49.99,700
14397,2616,2026-06-26,Popular,24.99,300
14398,505,2026-06-25,Max,199.99,3500
14399,11963,2026-07-30,Pro,99.99,1600
14400,7958,2026-07-02,Mini,4.99,50
14401,1196,2026-03-11,Starter,9.99,110
14402,10690,2026-02-03,Popular,24.99,300
14403,6217,2026-05-24,Mini,4.99,50
14404,4086,2026-04-10,Max,199.99,3500
14405,3264,2026-04-10,Starter,9.99,110
14406,5720,2026-07-04,Pro,99.99,1600
14407,8004,2026-04-18,Mini,4.99,50
14408,100,2026-02-12,Starter,9.99,110
14409,6507,2026-05-24,Popular,24.99,300
14410,11364,2026-03-19,Max,199.99,3500
14411,7865,2026-08-12,Starter,9.99,110
14412,302,2026-06-10,Creator,49.99,700
14413,4619,2026-08-14,Popular,24.99,300
14414,5717,2026-07-15,Mini,4.99,50
14415,2143,2026-08-13,Creator,49.99,700
14416,12719,2026-01-31,Popular,24.99,300
14417,8835,2026-02-12,Creator,49.99,700
14418,14020,2026-01-11,Studio,499.99,10000
14419,12975,2026-04-15,Starter,9.99,110
14420,5115,2026-05-18,Pro,99.99,1600
14421,13072,2026-08-03,Studio,499.99,10000
14422,821,2026-04-01,Creator,49.99,700
14423,8459,2026-04-22,Popular,24.99,300
14424,11816,2026-04-08,Starter,9.99,110
14425,10679,2026-07-10,Pro,99.99,1600
14426,11806,2026-06-21,Mini,4.99,50
14427,4484,2026-08-01,Mini,4.99,50
14428,6822,2026-03-09,Mini,4.99,50
14429,5891,2026-08-17,Popular,24.99,300
14430,5882,2026-06-13,Max,199.99,3500
14431,6605,2026-01-07,Popular,24.99,300
14432,9146,2026-08-16,Popular,24.99,300
14433,5821,2026-07-25,Starter,9.99,110
14434,14664,2026-02-13,Pro,99.99,1600
14435,4088,2026-07-25,Popular,24.99,300
14436,8252,2026-08-17,Pro,99.99,1600
14437,1458,2026-02-01,Popular,24.99,300
14438,8248,2026-06-12,Mini,4.99,50
14439,2492,2026-07-30,Popular,24.99,300
14440,6498,2026-02-12,Pro,99.99,1600
14441,1691,2026-08-16,Creator,49.99,700
14442,7044,2026-06-18,Pro,99.99,1600
14443,6095,2026-02-03,Pro,99.99,1600
14444,9182,2026-07-26,Studio,499.99,10000
14445,14552,2026-03-15,Pro,99.99,1600
14446,3189,2026-05-15,Pro,99.99,1600
14447,2779,2026-05-27,Creator,49.99,700
14448,1215,2026-04-12,Starter,9.99,110
14449,8077,2026-08-21,Starter,9.99,110
14450,2046,2026-08-02,Pro,99.99,1600
14451,2401,2026-08-26,Mini,4.99,50
14452,8816,2026-03-13,Creator,49.99,700
14453,8692,2026-05-14,Creator,49.99,700
14454,8126,2026-07-30,Mini,4.99,50
14455,2031,2026-03-27,Mini,4.99,50
14456,6377,2026-07-28,Starter,9.99,110
14457,3349,2026-06-14,Max,199.99,3500
14458,1404,2026-05-28,Max,199.99,3500
14459,8925,2026-02-16,Starter,9.99,110
14460,10859,2026-01-22,Starter,9.99,110
14461,4728,2026-04-13,Popular,24.99,300
14462,6056,2026-05-08,Pro,99.99,1600
14463,4676,2026-01-22,Max,199.99,3500
14464,9468,2026-04-14,Mini,4.99,50
14465,8646,2026-07-12,Pro,99.99,1600
14466,14586,2026-05-09,Popular,24.99,300
14467,9074,2026-01-31,Starter,9.99,110
14468,9282,2026-04-10,Starter,9.99,110
14469,2011,2026-06-02,Creator,49.99,700
14470,6008,2026-02-11,Creator,49.99,700
14471,13349,2026-07-01,Pro,99.99,1600
14472,3085,2026-01-13,Starter,9.99,110
14473,10707,2026-07-18,Mini,4.99,50
14474,2487,2026-03-31,Pro,99.99,1600
14475,13763,2026-04-18,Pro,99.99,1600
14476,9414,2026-06-24,Creator,49.99,700
14477,2356,2026-07-25,Popular,24.99,300
14478,2939,2026-08-21,Mini,4.99,50
14479,13910,2026-05-20,Popular,24.99,300
14480,9073,2026-03-27,Pro,99.99,1600
14481,3083,2026-05-09,Creator,49.99,700
14482,9043,2026-05-24,Pro,99.99,1600
14483,8594,2026-05-17,Starter,9.99,110
14484,9470,2026-04-26,Creator,49.99,700
14485,3415,2026-07-03,Creator,49.99,700
14486,3671,2026-07-02,Popular,24.99,300
14487,6135,2026-03-19,Pro,99.99,1600
14488,10350,2026-06-04,Starter,9.99,110
14489,13981,2026-01-15,Starter,9.99,110
14490,6947,2026-05-16,Starter,9.99,110
14491,331,2026-02-05,Creator,49.99,700
14492,11142,2026-02-10,Starter,9.99,110
14493,9417,2026-01-01,Creator,49.99,700
14494,2693,2026-07-06,Max,199.99,3500
14495,7883,2026-03-26,Creator,49.99,700
14496,1865,2026-06-25,Starter,9.99,110
14497,9264,2026-03-20,Mini,4.99,50
14498,7142,2026-01-21,Starter,9.99,110
14499,5073,2026-04-08,Creator,49.99,700
14500,3825,2026-03-17,Creator,49.99,700
14501,2855,2026-03-07,Max,199.99,3500
14502,5830,2026-01-03,Mini,4.99,50
14503,12920,2026-06-04,Starter,9.99,110
14504,7527,2026-03-30,Popular,24.99,300
14505,5807,2026-03-03,Creator,49.99,700
14506,3651,2026-08-17,Pro,99.99,1600
14507,4544,2026-07-18,Starter,9.99,110
14508,10484,2026-05-26,Popular,24.99,300
14509,464,2026-08-06,Creator,49.99,700
14510,3306,2026-02-14,Popular,24.99,300
14511,9600,2026-06-04,Starter,9.99,110
14512,861,2026-06-11,Starter,9.99,110
14513,12547,2026-05-27,Mini,4.99,50
14514,6172,2026-05-21,Creator,49.99,700
14515,12354,2026-08-16,Starter,9.99,110
14516,517,2026-05-29,Creator,49.99,700
14517,9360,2026-06-21,Mini,4.99,50
14518,12640,2026-05-21,Mini,4.99,50
14519,7993,2026-02-13,Popular,24.99,300
14520,6063,2026-05-31,Starter,9.99,110
14521,11337,2026-08-26,Starter,9.99,110
14522,14011,2026-01-02,Popular,24.99,300
14523,13829,2026-08-18,Starter,9.99,110
14524,6726,2026-03-18,Studio,499.99,10000
14525,12149,2026-08-08,Creator,49.99,700
14526,7022,2026-01-23,Mini,4.99,50
14527,11212,2026-04-10,Studio,499.99,10000
14528,5748,2026-03-02,Mini,4.99,50
14529,5102,2026-05-05,Pro,99.99,1600
14530,4244,2026-05-17,Pro,99.99,1600
14531,6101,2026-04-06,Mini,4.99,50
14532,6003,2026-01-30,Starter,9.99,110
14533,5273,2026-06-19,Popular,24.99,300
14534,10487,2026-05-04,Starter,9.99,110
14535,13451,2026-07-08,Creator,49.99,700
14536,8782,2026-02-25,Mini,4.99,50
14537,6843,2026-08-21,Studio,499.99,10000
14538,1722,2026-07-11,Creator,49.99,700
14539,6907,2026-04-18,Max,199.99,3500
14540,14023,2026-08-07,Starter,9.99,110
14541,4777,2026-02-12,Creator,49.99,700
14542,12190,2026-03-19,Popular,24.99,300
14543,3513,2026-07-24,Creator,49.99,700
14544,6667,2026-02-07,Popular,24.99,300
14545,129,2026-03-09,Popular,24.99,300
14546,6696,2026-03-19,Mini,4.99,50
14547,8870,2026-07-08,Starter,9.99,110
14548,13801,2026-07-04,Creator,49.99,700
14549,3059,2026-05-12,Starter,9.99,110
14550,13923,2026-06-16,Pro,99.99,1600
14551,10545,2026-01-15,Starter,9.99,110
14552,11291,2026-02-04,Max,199.99,3500
14553,8097,2026-08-05,Max,199.99,3500
14554,14892,2026-07-20,Popular,24.99,300
14555,12833,2026-02-26,Starter,9.99,110
14556,11835,2026-05-26,Popular,24.99,300
14557,8195,2026-03-19,Creator,49.99,700
14558,1697,2026-03-06,Popular,24.99,300
14559,1974,2026-01-11,Starter,9.99,110
14560,2301,2026-02-24,Starter,9.99,110
14561,1293,2026-06-23,Studio,499.99,10000
14562,13400,2026-07-27,Popular,24.99,300
14563,9592,2026-01-24,Pro,99.99,1600
14564,7970,2026-08-03,Mini,4.99,50
14565,14530,2026-05-27,Mini,4.99,50
14566,13228,2026-04-15,Starter,9.99,110
14567,4327,2026-08-13,Starter,9.99,110
14568,8797,2026-08-01,Pro,99.99,1600
14569,7944,2026-04-03,Pro,99.99,1600
14570,884,2026-01-10,Starter,9.99,110
14571,1006,2026-07-02,Max,199.99,3500
14572,6063,2026-02-16,Starter,9.99,110
14573,8977,2026-06-30,Starter,9.99,110
14574,13238,2026-06-13,Max,199.99,3500
14575,10068,2026-08-05,Popular,24.99,300
14576,9379,2026-07-21,Pro,99.99,1600
14577,4766,2026-02-10,Popular,24.99,300
14578,4725,2026-08-05,Mini,4.99,50
14579,13742,2026-08-09,Pro,99.99,1600
14580,8860,2026-07-08,Creator,49.99,700
14581,6820,2026-03-14,Studio,499.99,10000
14582,13906,2026-02-13,Starter,9.99,110
14583,6290,2026-04-26,Pro,99.99,1600
14584,2810,2026-05-14,Starter,9.99,110
14585,3697,2026-04-09,Pro,99.99,1600
14586,4949,2026-03-14,Creator,49.99,700
14587,12248,2026-02-27,Starter,9.99,110
14588,8715,2026-07-16,Starter,9.99,110
14589,3993,2026-02-20,Creator,49.99,700
14590,3941,2026-04-13,Pro,99.99,1600
14591,12304,2026-07-16,Mini,4.99,50
14592,2480,2026-03-06,Popular,24.99,300
14593,12040,2026-02-11,Starter,9.99,110
14594,10390,2026-04-28,Studio,499.99,10000
14595,11534,2026-08-03,Starter,9.99,110
14596,9932,2026-06-04,Creator,49.99,700
14597,6079,2026-03-08,Mini,4.99,50
14598,6543,2026-05-12,Starter,9.99,110
14599,9749,2026-06-22,Max,199.99,3500
14600,10126,2026-07-13,Max,199.99,3500
14601,9238,2026-04-01,Pro,99.99,1600
14602,6494,2026-02-23,Starter,9.99,110
14603,7255,2026-03-05,Creator,49.99,700
14604,640,2026-03-09,Starter,9.99,110
14605,12705,2026-08-30,Popular,24.99,300
14606,8507,2026-06-23,Creator,49.99,700
14607,169,2026-04-30,Starter,9.99,110
14608,2095,2026-05-26,Studio,499.99,10000
14609,68,2026-07-07,Popular,24.99,300
14610,3199,2026-05-04,Studio,499.99,10000
14611,11738,2026-07-31,Creator,49.99,700
14612,4643,2026-04-11,Pro,99.99,1600
14613,11053,2026-07-01,Pro,99.99,1600
14614,14786,2026-07-26,Popular,24.99,300
14615,3782,2026-02-06,Starter,9.99,110
14616,10305,2026-06-17,Creator,49.99,700
14617,3641,2026-06-23,Pro,99.99,1600
14618,11771,2026-06-01,Starter,9.99,110
14619,7788,2026-07-13,Popular,24.99,300
14620,6851,2026-07-08,Creator,49.99,700
14621,5654,2026-06-15,Popular,24.99,300
14622,13043,2026-05-27,Starter,9.99,110
14623,5193,2026-04-18,Starter,9.99,110
14624,6166,2026-08-27,Pro,99.99,1600
14625,1072,2026-04-26,Popular,24.99,300
14626,14463,2026-04-10,Starter,9.99,110
14627,13465,2026-01-06,Starter,9.99,110
14628,3755,2026-05-16,Pro,99.99,1600
14629,2355,2026-07-21,Starter,9.99,110
14630,5425,2026-02-18,Creator,49.99,700
14631,2655,2026-07-15,Creator,49.99,700
14632,1266,2026-03-04,Studio,499.99,10000
14633,2307,2026-03-19,Creator,49.99,700
14634,3382,2026-06-14,Popular,24.99,300
14635,4177,2026-06-11,Creator,49.99,700
14636,5136,2026-07-03,Creator,49.99,700
14637,10638,2026-04-26,Creator,49.99,700
14638,8346,2026-05-20,Popular,24.99,300
14639,2249,2026-03-21,Creator,49.99,700
14640,2677,2026-07-21,Creator,49.99,700
14641,3254,2026-02-09,Starter,9.99,110
14642,10434,2026-05-07,Starter,9.99,110
14643,7652,2026-07-01,Creator,49.99,700
14644,1666,2026-07-29,Creator,49.99,700
14645,10104,2026-01-21,Starter,9.99,110
14646,8516,2026-08-03,Creator,49.99,700
14647,763,2026-04-14,Popular,24.99,300
14648,9833,2026-03-27,Starter,9.99,110
14649,6856,2026-03-31,Starter,9.99,110
14650,658,2026-07-03,Pro,99.99,1600
14651,14406,2026-08-25,Creator,49.99,700
14652,8033,2026-02-05,Max,199.99,3500
14653,12429,2026-04-15,Pro,99.99,1600
14654,11755,2026-08-15,Popular,24.99,300
14655,1193,2026-02-20,Starter,9.99,110
14656,1710,2026-03-02,Creator,49.99,700
14657,11137,2026-08-29,Max,199.99,3500
14658,9705,2026-03-09,Popular,24.99,300
14659,11287,2026-08-10,Starter,9.99,110
14660,4390,2026-07-14,Starter,9.99,110
14661,5908,2026-04-27,Starter,9.99,110
14662,12427,2026-02-12,Starter,9.99,110
14663,14153,2026-08-12,Creator,49.99,700
14664,1877,2026-04-30,Popular,24.99,300
14665,539,2026-03-23,Creator,49.99,700
14666,3033,2026-07-27,Starter,9.99,110
14667,705,2026-05-27,Pro,99.99,1600
14668,14500,2026-03-20,Pro,99.99,1600
14669,3126,2026-05-29,Starter,9.99,110
14670,9297,2026-04-16,Mini,4.99,50
14671,3843,2026-06-25,Pro,99.99,1600
14672,9822,2026-07-09,Max,199.99,3500
14673,6386,2026-05-12,Popular,24.99,300
14674,1061,2026-06-24,Creator,49.99,700
14675,13684,2026-07-18,Popular,24.99,300
14676,9845,2026-07-15,Max,199.99,3500
14677,2281,2026-08-27,Starter,9.99,110
14678,13134,2026-07-19,Starter,9.99,110
14679,2233,2026-04-18,Starter,9.99,110
14680,1072,2026-06-01,Popular,24.99,300
14681,14491,2026-08-02,Mini,4.99,50
14682,1273,2026-02-07,Studio,499.99,10000
14683,2019,2026-08-08,Creator,49.99,700
14684,1876,2026-07-16,Creator,49.99,700
14685,9471,2026-06-17,Popular,24.99,300
14686,7881,2026-07-01,Pro,99.99,1600
14687,9871,2026-06-22,Max,199.99,3500
14688,12527,2026-03-23,Pro,99.99,1600
14689,6623,2026-01-11,Creator,49.99,700
14690,14190,2026-05-15,Max,199.99,3500
14691,11559,2026-04-16,Pro,99.99,1600
14692,8197,2026-02-21,Mini,4.99,50
14693,1969,2026-03-02,Max,199.99,3500
14694,4570,2026-03-29,Studio,499.99,10000
14695,1161,2026-01-06,Starter,9.99,110
14696,3513,2026-07-25,Pro,99.99,1600
14697,12807,2026-04-08,Creator,49.99,700
14698,2558,2026-01-28,Creator,49.99,700
14699,10787,2026-07-05,Popular,24.99,300
14700,703,2026-07-24,Creator,49.99,700
14701,8946,2026-03-22,Starter,9.99,110
14702,6937,2026-04-01,Mini,4.99,50
14703,5637,2026-05-18,Creator,49.99,700
14704,7548,2026-03-13,Studio,499.99,10000
14705,2588,2026-03-18,Popular,24.99,300
14706,5465,2026-07-25,Mini,4.99,50
14707,10377,2026-05-24,Starter,9.99,110
14708,707,2026-01-13,Starter,9.99,110
14709,13398,2026-01-09,Popular,24.99,300
14710,7816,2026-07-25,Mini,4.99,50
14711,12424,2026-07-29,Creator,49.99,700
14712,9091,2026-06-21,Popular,24.99,300
14713,5259,2026-01-12,Mini,4.99,50
14714,14619,2026-02-15,Popular,24.99,300
14715,8762,2026-02-08,Creator,49.99,700
14716,3181,2026-05-22,Popular,24.99,300
14717,7822,2026-08-22,Studio,499.99,10000
14718,8295,2026-03-02,Mini,4.99,50
14719,14720,2026-07-10,Mini,4.99,50
14720,10569,2026-06-04,Pro,99.99,1600
14721,11050,2026-03-08,Pro,99.99,1600
14722,5746,2026-08-18,Pro,99.99,1600
14723,3841,2026-01-01,Max,199.99,3500
14724,7028,2026-06-23,Mini,4.99,50
14725,4132,2026-04-27,Mini,4.99,50
14726,3138,2026-07-01,Starter,9.99,110
14727,13711,2026-04-24,Starter,9.99,110
14728,10480,2026-05-26,Starter,9.99,110
14729,7961,2026-07-03,Pro,99.99,1600
14730,12709,2026-05-16,Starter,9.99,110
14731,3251,2026-08-01,Creator,49.99,700
14732,11753,2026-06-16,Starter,9.99,110
14733,523,2026-06-26,Max,199.99,3500
14734,12744,2026-01-08,Creator,49.99,700
14735,7337,2026-04-22,Starter,9.99,110
14736,3533,2026-03-21,Creator,49.99,700
14737,12116,2026-04-19,Popular,24.99,300
14738,10960,2026-08-16,Popular,24.99,300
14739,12452,2026-02-12,Starter,9.99,110
14740,6416,2026-07-03,Mini,4.99,50
14741,5523,2026-08-15,Studio,499.99,10000
14742,2167,2026-06-15,Pro,99.99,1600
14743,1769,2026-01-16,Creator,49.99,700
14744,13387,2026-07-04,Starter,9.99,110
14745,12219,2026-04-26,Starter,9.99,110
14746,6087,2026-08-03,Popular,24.99,300
14747,7749,2026-07-30,Studio,499.99,10000
14748,12340,2026-05-25,Creator,49.99,700
14749,4291,2026-06-02,Pro,99.99,1600
14750,4418,2026-01-23,Pro,99.99,1600
14751,1045,2026-06-04,Max,199.99,3500
14752,12367,2026-07-03,Pro,99.99,1600
14753,4038,2026-07-21,Max,199.99,3500
14754,9870,2026-08-27,Starter,9.99,110
14755,2161,2026-03-23,Starter,9.99,110
14756,3836,2026-01-24,Starter,9.99,110
14757,4343,2026-07-23,Creator,49.99,700
14758,1064,2026-05-10,Popular,24.99,300
14759,12555,2026-04-08,Creator,49.99,700
14760,7801,2026-06-15,Studio,499.99,10000
14761,12615,2026-07-11,Mini,4.99,50
14762,929,2026-04-14,Max,199.99,3500
14763,5478,2026-03-05,Pro,99.99,1600
14764,4037,2026-08-01,Max,199.99,3500
14765,13477,2026-03-02,Starter,9.99,110
14766,7633,2026-01-12,Creator,49.99,700
14767,6988,2026-01-11,Mini,4.99,50
14768,10660,2026-08-14,Creator,49.99,700
14769,14407,2026-03-27,Starter,9.99,110
14770,8763,2026-01-12,Popular,24.99,300
14771,4016,2026-06-28,Popular,24.99,300
14772,8057,2026-05-16,Creator,49.99,700
14773,961,2026-07-12,Starter,9.99,110
14774,3241,2026-08-24,Starter,9.99,110
14775,12717,2026-04-26,Starter,9.99,110
14776,14273,2026-01-16,Popular,24.99,300
14777,7334,2026-04-18,Starter,9.99,110
14778,14718,2026-01-19,Pro,99.99,1600
14779,5680,2026-01-29,Popular,24.99,300
14780,4985,2026-04-18,Studio,499.99,10000
14781,730,2026-04-28,Mini,4.99,50
14782,9591,2026-05-13,Mini,4.99,50
14783,12519,2026-03-29,Creator,49.99,700
14784,10037,2026-03-06,Studio,499.99,10000
14785,11164,2026-05-10,Creator,49.99,700
14786,13713,2026-08-05,Mini,4.99,50
14787,4497,2026-06-03,Max,199.99,3500
14788,2064,2026-04-11,Mini,4.99,50
14789,14494,2026-02-24,Starter,9.99,110
14790,10389,2026-04-10,Max,199.99,3500
14791,1935,2026-02-22,Mini,4.99,50
14792,4280,2026-03-18,Creator,49.99,700
14793,12883,2026-04-26,Studio,499.99,10000
14794,13122,2026-05-11,Popular,24.99,300
14795,13413,2026-07-28,Starter,9.99,110
14796,8367,2026-04-06,Pro,99.99,1600
14797,6495,2026-04-30,Mini,4.99,50
14798,4496,2026-06-13,Starter,9.99,110
14799,8130,2026-06-06,Pro,99.99,1600
14800,1031,2026-08-06,Starter,9.99,110
14801,7395,2026-01-01,Starter,9.99,110
14802,9275,2026-04-12,Pro,99.99,1600
14803,9163,2026-02-27,Pro,99.99,1600
14804,4640,2026-05-11,Starter,9.99,110
14805,10223,2026-07-30,Popular,24.99,300
14806,7053,2026-01-13,Max,199.99,3500
14807,9917,2026-04-18,Max,199.99,3500
14808,11565,2026-07-07,Mini,4.99,50
14809,13648,2026-01-03,Popular,24.99,300
14810,7971,2026-08-07,Creator,49.99,700
14811,3951,2026-05-23,Creator,49.99,700
14812,2737,2026-08-17,Starter,9.99,110
14813,7538,2026-04-04,Starter,9.99,110
14814,10993,2026-01-25,Popular,24.99,300
14815,10387,2026-01-12,Popular,24.99,300
14816,5654,2026-02-25,Mini,4.99,50
14817,6674,2026-07-04,Popular,24.99,300
14818,13149,2026-07-25,Creator,49.99,700
14819,14596,2026-06-06,Mini,4.99,50
14820,5960,2026-04-01,Mini,4.99,50
14821,8481,2026-08-01,Starter,9.99,110
14822,12804,2026-01-29,Popular,24.99,300
14823,1451,2026-03-13,Starter,9.99,110
14824,5475,2026-07-09,Popular,24.99,300
14825,14289,2026-07-31,Starter,9.99,110
14826,1082,2026-08-08,Creator,49.99,700
14827,13031,2026-01-12,Popular,24.99,300
14828,9783,2026-02-01,Starter,9.99,110
14829,6796,2026-02-10,Studio,499.99,10000
14830,14887,2026-06-29,Mini,4.99,50
14831,5738,2026-06-11,Starter,9.99,110
14832,4776,2026-01-09,Creator,49.99,700
14833,10066,2026-01-02,Popular,24.99,300
14834,13228,2026-04-04,Popular,24.99,300
14835,10780,2026-04-14,Popular,24.99,300
14836,8312,2026-07-21,Pro,99.99,1600
14837,5428,2026-08-21,Mini,4.99,50
14838,12805,2026-04-03,Popular,24.99,300
14839,358,2026-08-05,Popular,24.99,300
14840,11297,2026-05-20,Popular,24.99,300
14841,9952,2026-04-06,Mini,4.99,50
14842,4874,2026-02-15,Creator,49.99,700
14843,7023,2026-03-02,Popular,24.99,300
14844,3242,2026-08-25,Creator,49.99,700
14845,920,2026-04-30,Starter,9.99,110
14846,1130,2026-07-27,Starter,9.99,110
14847,2432,2026-04-24,Pro,99.99,1600
14848,11735,2026-01-30,Creator,49.99,700
14849,3924,2026-05-05,Starter,9.99,110
14850,2954,2026-06-12,Creator,49.99,700
14851,12967,2026-05-11,Pro,99.99,1600
14852,1622,2026-07-12,Mini,4.99,50
14853,9500,2026-08-19,Starter,9.99,110
14854,11060,2026-04-06,Creator,49.99,700
14855,13989,2026-07-01,Max,199.99,3500
14856,12154,2026-07-16,Mini,4.99,50
14857,4592,2026-02-07,Mini,4.99,50
14858,5279,2026-06-05,Popular,24.99,300
14859,3317,2026-08-01,Creator,49.99,700
14860,2074,2026-08-28,Popular,24.99,300
14861,6200,2026-02-25,Starter,9.99,110
14862,4036,2026-06-11,Studio,499.99,10000
14863,11008,2026-03-11,Studio,499.99,10000
14864,6642,2026-03-12,Starter,9.99,110
14865,7683,2026-02-17,Creator,49.99,700
14866,7165,2026-05-25,Creator,49.99,700
14867,13202,2026-03-11,Starter,9.99,110
14868,10411,2026-03-18,Studio,499.99,10000
14869,3234,2026-04-12,Creator,49.99,700
14870,7021,2026-08-22,Starter,9.99,110
14871,8544,2026-01-11,Creator,49.99,700
14872,2387,2026-02-25,Popular,24.99,300
14873,9279,2026-08-30,Max,199.99,3500
14874,3931,2026-03-29,Max,199.99,3500
14875,10954,2026-06-09,Popular,24.99,300
14876,6859,2026-04-21,Popular,24.99,300
14877,1968,2026-08-06,Creator,49.99,700
14878,10021,2026-08-31,Popular,24.99,300
14879,6251,2026-03-25,Popular,24.99,300
14880,2242,2026-02-24,Creator,49.99,700
14881,13167,2026-05-18,Popular,24.99,300
14882,8089,2026-01-05,Pro,99.99,1600
14883,4341,2026-02-15,Creator,49.99,700
14884,6035,2026-08-29,Popular,24.99,300
14885,4791,2026-02-01,Starter,9.99,110
14886,502,2026-07-02,Creator,49.99,700
14887,7325,2026-06-23,Creator,49.99,700
14888,7487,2026-07-22,Creator,49.99,700
14889,1102,2026-03-05,Popular,24.99,300
14890,2261,2026-05-13,Popular,24.99,300
14891,5442,2026-01-03,Pro,99.99,1600
14892,11038,2026-04-14,Pro,99.99,1600
14893,11032,2026-07-29,Popular,24.99,300
14894,8624,2026-08-17,Pro,99.99,1600
14895,3559,2026-07-03,Starter,9.99,110
14896,6322,2026-07-15,Max,199.99,3500
14897,4276,2026-07-16,Mini,4.99,50
14898,364,2026-03-09,Pro,99.99,1600
14899,3898,2026-05-04,Pro,99.99,1600
14900,8530,2026-07-27,Starter,9.99,110
14901,12169,2026-05-14,Creator,49.99,700
14902,8522,2026-07-11,Mini,4.99,50
14903,10249,2026-06-07,Mini,4.99,50
14904,6099,2026-04-12,Popular,24.99,300
14905,4332,2026-04-07,Popular,24.99,300
14906,8288,2026-02-10,Starter,9.99,110
14907,11160,2026-07-20,Creator,49.99,700
14908,3835,2026-03-15,Creator,49.99,700
14909,9659,2026-05-07,Max,199.99,3500
14910,14034,2026-04-22,Starter,9.99,110
14911,5444,2026-08-28,Mini,4.99,50
14912,14870,2026-08-28,Popular,24.99,300
14913,14805,2026-06-26,Mini,4.99,50
14914,12070,2026-01-15,Pro,99.99,1600
14915,239,2026-02-16,Mini,4.99,50
14916,9127,2026-05-28,Creator,49.99,700
14917,12460,2026-01-10,Starter,9.99,110
14918,12344,2026-06-20,Pro,99.99,1600
14919,12262,2026-06-13,Popular,24.99,300
14920,2829,2026-07-06,Pro,99.99,1600
14921,2107,2026-05-25,Popular,24.99,300
14922,14922,2026-01-18,Pro,99.99,1600
14923,7511,2026-07-23,Starter,9.99,110
14924,6307,2026-06-26,Starter,9.99,110
14925,6486,2026-06-27,Creator,49.99,700
14926,2050,2026-01-31,Popular,24.99,300
14927,624,2026-08-31,Mini,4.99,50
14928,13739,2026-05-01,Creator,49.99,700
14929,10988,2026-03-13,Creator,49.99,700
14930,9301,2026-07-18,Creator,49.99,700
14931,4280,2026-03-10,Mini,4.99,50
14932,3299,2026-04-12,Max,199.99,3500
14933,9667,2026-07-13,Starter,9.99,110
14934,1247,2026-08-15,Creator,49.99,700
14935,8868,2026-05-03,Popular,24.99,300
14936,9729,2026-08-08,Max,199.99,3500
14937,7934,2026-01-18,Creator,49.99,700
14938,12618,2026-05-19,Popular,24.99,300
14939,14608,2026-02-02,Popular,24.99,300
14940,5356,2026-04-18,Popular,24.99,300
14941,5922,2026-05-11,Creator,49.99,700
14942,8985,2026-03-18,Popular,24.99,300
14943,5794,2026-03-22,Starter,9.99,110
14944,4138,2026-01-28,Mini,4.99,50
14945,8588,2026-07-15,Creator,49.99,700
14946,3456,2026-04-18,Popular,24.99,300
14947,5593,2026-07-21,Popular,24.99,300
14948,8765,2026-03-24,Max,199.99,3500
14949,11212,2026-01-24,Popular,24.99,300
14950,2335,2026-08-22,Starter,9.99,110
14951,11838,2026-01-13,Starter,9.99,110
14952,1683,2026-04-27,Popular,24.99,300
14953,11567,2026-06-07,Max,199.99,3500
14954,1080,2026-02-19,Mini,4.99,50
14955,8749,2026-05-03,Max,199.99,3500
14956,1549,2026-03-29,Studio,499.99,10000
14957,7151,2026-02-12,Popular,24.99,300
14958,12370,2026-01-14,Studio,499.99,10000
14959,8728,2026-06-01,Pro,99.99,1600
14960,8060,2026-07-11,Pro,99.99,1600
14961,10168,2026-04-01,Max,199.99,3500
14962,14142,2026-07-21,Popular,24.99,300
14963,4230,2026-05-18,Max,199.99,3500
14964,13801,2026-01-07,Popular,24.99,300
14965,10619,2026-05-05,Creator,49.99,700
14966,101,2026-05-26,Max,199.99,3500
14967,11375,2026-02-13,Pro,99.99,1600
14968,4316,2026-06-13,Popular,24.99,300
14969,8850,2026-04-26,Starter,9.99,110
14970,5114,2026-02-05,Creator,49.99,700
14971,5367,2026-01-14,Mini,4.99,50
14972,11959,2026-07-12,Creator,49.99,700
14973,11814,2026-06-24,Creator,49.99,700
14974,12847,2026-06-24,Starter,9.99,110
14975,239,2026-07-13,Pro,99.99,1600
14976,11228,2026-01-07,Creator,49.99,700
14977,12512,2026-03-15,Studio,499.99,10000
14978,7956,2026-03-02,Starter,9.99,110
14979,13038,2026-01-17,Popular,24.99,300
14980,9512,2026-03-03,Popular,24.99,300
14981,5736,2026-06-09,Popular,24.99,300
14982,10031,2026-02-14,Creator,49.99,700
14983,7453,2026-07-07,Starter,9.99,110
14984,12360,2026-08-04,Pro,99.99,1600
14985,8196,2026-07-03,Creator,49.99,700
14986,2147,2026-07-18,Creator,49.99,700
14987,3937,2026-06-11,Starter,9.99,110
14988,8977,2026-03-16,Mini,4.99,50
14989,13225,2026-03-17,Studio,499.99,10000
14990,2143,2026-04-17,Starter,9.99,110
14991,5146,2026-02-05,Creator,49.99,700
14992,3104,2026-01-14,Creator,49.99,700
14993,2149,2026-01-10,Mini,4.99,50
14994,12957,2026-05-14,Pro,99.99,1600
14995,1349,2026-06-27,Pro,99.99,1600
14996,1461,2026-06-26,Starter,9.99,110
14997,14616,2026-01-02,Studio,499.99,10000
14998,9204,2026-07-29,Starter,9.99,110
14999,11792,2026-07-27,Creator,49.99,700
15000,10561,2026-04-01,Pro,99.99,1600
15001,13531,2026-03-15,Starter,9.99,110
15002,11152,2026-02-24,Mini,4.99,50
15003,11302,2026-08-03,Creator,49.99,700
15004,6840,2026-01-11,Starter,9.99,110
15005,5726,2026-07-28,Studio,499.99,10000
15006,11110,2026-08-01,Mini,4.99,50
15007,13470,2026-02-04,Max,199.99,3500
15008,9483,2026-02-18,Studio,499.99,10000
15009,10640,2026-04-01,Max,199.99,3500
15010,510,2026-08-04,Creator,49.99,700
15011,1955,2026-04-03,Popular,24.99,300
15012,3616,2026-01-15,Max,199.99,3500
15013,12536,2026-02-04,Popular,24.99,300
15014,3782,2026-07-20,Popular,24.99,300
15015,8681,2026-05-21,Studio,499.99,10000
15016,12225,2026-08-28,Creator,49.99,700
15017,9554,2026-07-02,Pro,99.99,1600
15018,9357,2026-03-28,Mini,4.99,50
15019,4104,2026-02-04,Starter,9.99,110
15020,10183,2026-05-21,Max,199.99,3500
15021,10920,2026-03-22,Max,199.99,3500
15022,12072,2026-05-21,Popular,24.99,300
15023,12069,2026-04-02,Popular,24.99,300
15024,6252,2026-03-09,Creator,49.99,700
15025,10037,2026-03-09,Popular,24.99,300
15026,2894,2026-08-15,Starter,9.99,110
15027,657,2026-06-09,Mini,4.99,50
15028,14651,2026-06-24,Creator,49.99,700
15029,2760,2026-05-05,Max,199.99,3500
15030,3875,2026-08-10,Popular,24.99,300
15031,10887,2026-05-06,Starter,9.99,110
15032,11340,2026-03-04,Popular,24.99,300
15033,14268,2026-05-02,Pro,99.99,1600
15034,1981,2026-04-08,Mini,4.99,50
15035,5152,2026-07-25,Creator,49.99,700
15036,8640,2026-04-25,Creator,49.99,700
15037,9045,2026-03-22,Starter,9.99,110
15038,1497,2026-03-22,Popular,24.99,300
15039,14937,2026-06-01,Pro,99.99,1600
15040,12031,2026-03-20,Starter,9.99,110
15041,14735,2026-05-06,Max,199.99,3500
15042,5638,2026-01-05,Creator,49.99,700
15043,4564,2026-07-06,Starter,9.99,110
15044,7073,2026-01-11,Creator,49.99,700
15045,9798,2026-03-01,Pro,99.99,1600
15046,2875,2026-05-13,Starter,9.99,110
15047,2187,2026-04-22,Creator,49.99,700
15048,497,2026-01-08,Max,199.99,3500
15049,6183,2026-05-01,Starter,9.99,110
15050,1632,2026-05-06,Creator,49.99,700
15051,13534,2026-03-09,Creator,49.99,700
15052,5940,2026-04-09,Studio,499.99,10000
15053,14938,2026-02-06,Pro,99.99,1600
15054,9141,2026-04-19,Popular,24.99,300
15055,5685,2026-03-12,Pro,99.99,1600
15056,4392,2026-01-08,Mini,4.99,50
15057,7808,2026-03-17,Starter,9.99,110
15058,6559,2026-03-24,Pro,99.99,1600
15059,2466,2026-02-27,Creator,49.99,700
15060,2164,2026-07-02,Max,199.99,3500
15061,8412,2026-01-05,Pro,99.99,1600
15062,5174,2026-02-10,Starter,9.99,110
15063,10782,2026-06-12,Pro,99.99,1600
15064,7549,2026-01-14,Popular,24.99,300
15065,10749,2026-07-24,Popular,24.99,300
15066,9439,2026-04-21,Creator,49.99,700
15067,1475,2026-03-22,Popular,24.99,300
15068,2467,2026-02-23,Creator,49.99,700
15069,9400,2026-06-07,Popular,24.99,300
15070,1634,2026-06-19,Popular,24.99,300
15071,13234,2026-02-19,Creator,49.99,700
15072,13810,2026-05-04,Creator,49.99,700
15073,9916,2026-06-20,Creator,49.99,700
15074,4218,2026-03-08,Starter,9.99,110
15075,4963,2026-02-19,Popular,24.99,300
15076,5655,2026-06-11,Popular,24.99,300
15077,3809,2026-01-03,Pro,99.99,1600
15078,4974,2026-03-16,Creator,49.99,700
15079,1051,2026-07-02,Studio,499.99,10000
15080,10222,2026-03-08,Popular,24.99,300
15081,13221,2026-02-16,Starter,9.99,110
15082,5518,2026-06-21,Pro,99.99,1600
15083,5814,2026-03-23,Pro,99.99,1600
15084,154,2026-07-07,Mini,4.99,50
15085,3284,2026-02-27,Max,199.99,3500
15086,10655,2026-02-08,Pro,99.99,1600
15087,5159,2026-01-01,Popular,24.99,300
15088,12391,2026-05-10,Creator,49.99,700
15089,6648,2026-08-07,Starter,9.99,110
15090,502,2026-06-10,Pro,99.99,1600
15091,4832,2026-06-09,Popular,24.99,300
15092,8451,2026-05-24,Starter,9.99,110
15093,3933,2026-07-10,Starter,9.99,110
15094,13757,2026-04-25,Creator,49.99,700
15095,1149,2026-04-20,Popular,24.99,300
15096,10757,2026-07-30,Starter,9.99,110
15097,6829,2026-07-07,Starter,9.99,110
15098,11207,2026-07-07,Starter,9.99,110
15099,6945,2026-02-17,Popular,24.99,300
15100,10404,2026-07-19,Creator,49.99,700
15101,5676,2026-08-24,Pro,99.99,1600
15102,3003,2026-06-23,Creator,49.99,700
15103,2869,2026-02-03,Mini,4.99,50
15104,4622,2026-06-02,Creator,49.99,700
15105,1360,2026-04-23,Starter,9.99,110
15106,5849,2026-01-09,Popular,24.99,300
15107,14552,2026-05-08,Starter,9.99,110
15108,14679,2026-06-14,Creator,49.99,700
15109,10152,2026-07-09,Creator,49.99,700
15110,7639,2026-07-09,Popular,24.99,300
15111,7029,2026-04-30,Popular,24.99,300
15112,12862,2026-07-08,Pro,99.99,1600
15113,3652,2026-08-05,Pro,99.99,1600
15114,3283,2026-01-30,Creator,49.99,700
15115,3717,2026-03-19,Pro,99.99,1600
15116,2951,2026-06-24,Mini,4.99,50
15117,12469,2026-02-18,Mini,4.99,50
15118,4557,2026-02-12,Starter,9.99,110
15119,5209,2026-04-29,Creator,49.99,700
15120,13598,2026-08-12,Starter,9.99,110
15121,3234,2026-07-24,Mini,4.99,50
15122,12909,2026-01-18,Creator,49.99,700
15123,13134,2026-02-27,Studio,499.99,10000
15124,4061,2026-08-28,Pro,99.99,1600
15125,13547,2026-06-23,Creator,49.99,700
15126,11538,2026-01-19,Creator,49.99,700
15127,2027,2026-03-06,Studio,499.99,10000
15128,743,2026-05-13,Mini,4.99,50
15129,2967,2026-07-08,Popular,24.99,300
15130,3250,2026-05-12,Starter,9.99,110
15131,4697,2026-05-07,Creator,49.99,700
15132,6417,2026-07-14,Pro,99.99,1600
15133,12550,2026-01-12,Max,199.99,3500
15134,14406,2026-05-20,Creator,49.99,700
15135,1362,2026-04-12,Max,199.99,3500
15136,12916,2026-06-17,Studio,499.99,10000
15137,10616,2026-07-03,Creator,49.99,700
15138,12438,2026-08-21,Studio,499.99,10000
15139,5069,2026-02-07,Starter,9.99,110
15140,8466,2026-05-01,Popular,24.99,300
15141,1331,2026-02-16,Max,199.99,3500
15142,1175,2026-01-16,Studio,499.99,10000
15143,9705,2026-01-23,Popular,24.99,300
15144,3202,2026-04-28,Creator,49.99,700
15145,5635,2026-08-10,Pro,99.99,1600
15146,13454,2026-05-31,Creator,49.99,700
15147,1499,2026-01-04,Popular,24.99,300
15148,8024,2026-02-14,Creator,49.99,700
15149,13454,2026-01-08,Starter,9.99,110
15150,10667,2026-05-12,Creator,49.99,700
15151,5915,2026-07-01,Creator,49.99,700
15152,6010,2026-08-18,Starter,9.99,110
15153,12683,2026-01-25,Popular,24.99,300
15154,1296,2026-05-04,Max,199.99,3500
15155,1034,2026-01-29,Max,199.99,3500
15156,13581,2026-07-19,Starter,9.99,110
15157,5992,2026-05-09,Pro,99.99,1600
15158,1019,2026-06-21,Creator,49.99,700
15159,2296,2026-04-02,Starter,9.99,110
15160,3814,2026-02-18,Mini,4.99,50
15161,2857,2026-04-09,Starter,9.99,110
15162,13310,2026-02-17,Pro,99.99,1600
15163,3941,2026-02-18,Max,199.99,3500
15164,8149,2026-07-30,Creator,49.99,700
15165,10057,2026-01-19,Studio,499.99,10000
15166,10029,2026-03-14,Starter,9.99,110
15167,865,2026-08-03,Starter,9.99,110
15168,12999,2026-02-18,Pro,99.99,1600
15169,2974,2026-07-25,Max,199.99,3500
15170,5698,2026-05-12,Pro,99.99,1600
15171,12059,2026-07-29,Creator,49.99,700
15172,4725,2026-01-20,Popular,24.99,300
15173,7923,2026-01-24,Popular,24.99,300
15174,6630,2026-07-05,Popular,24.99,300
15175,13803,2026-07-05,Popular,24.99,300
15176,11830,2026-04-25,Creator,49.99,700
15177,14378,2026-07-15,Popular,24.99,300
15178,8785,2026-06-01,Pro,99.99,1600
15179,1142,2026-01-18,Mini,4.99,50
15180,422,2026-06-24,Mini,4.99,50
15181,2444,2026-07-25,Creator,49.99,700
15182,5293,2026-07-23,Popular,24.99,300
15183,4792,2026-08-29,Popular,24.99,300
15184,6734,2026-06-16,Popular,24.99,300
15185,1467,2026-04-23,Max,199.99,3500
15186,4863,2026-04-22,Popular,24.99,300
15187,49,2026-08-02,Popular,24.99,300
15188,8426,2026-07-02,Starter,9.99,110
15189,12429,2026-07-04,Pro,99.99,1600
15190,10827,2026-04-30,Pro,99.99,1600
15191,12930,2026-05-27,Starter,9.99,110
15192,8699,2026-05-14,Studio,499.99,10000
15193,7829,2026-02-01,Starter,9.99,110
15194,12973,2026-05-02,Starter,9.99,110
15195,6750,2026-04-15,Popular,24.99,300
15196,8988,2026-02-24,Creator,49.99,700
15197,11254,2026-08-28,Starter,9.99,110
15198,9212,2026-02-09,Studio,499.99,10000
15199,4746,2026-02-13,Max,199.99,3500
15200,6081,2026-04-01,Popular,24.99,300
15201,11385,2026-02-25,Popular,24.99,300
15202,2048,2026-06-26,Starter,9.99,110
15203,8284,2026-05-24,Popular,24.99,300
15204,1415,2026-01-08,Popular,24.99,300
15205,10209,2026-02-09,Max,199.99,3500
15206,5944,2026-03-27,Max,199.99,3500
15207,12641,2026-08-19,Creator,49.99,700
15208,12835,2026-03-10,Max,199.99,3500
15209,4611,2026-03-07,Starter,9.99,110
15210,2387,2026-03-28,Creator,49.99,700
15211,6163,2026-02-19,Mini,4.99,50
15212,9362,2026-05-14,Creator,49.99,700
15213,14503,2026-07-28,Starter,9.99,110
15214,7569,2026-07-17,Popular,24.99,300
15215,1382,2026-02-23,Popular,24.99,300
15216,3625,2026-08-05,Starter,9.99,110
15217,7357,2026-03-05,Popular,24.99,300
15218,4252,2026-05-09,Creator,49.99,700
15219,3492,2026-04-22,Pro,99.99,1600
15220,11763,2026-06-03,Pro,99.99,1600
15221,1348,2026-08-09,Pro,99.99,1600
15222,11426,2026-08-08,Popular,24.99,300
15223,7150,2026-05-06,Creator,49.99,700
15224,10077,2026-03-06,Starter,9.99,110
15225,8960,2026-04-11,Starter,9.99,110
15226,10153,2026-07-31,Starter,9.99,110
15227,7828,2026-08-26,Starter,9.99,110
15228,14333,2026-06-13,Studio,499.99,10000
15229,3521,2026-05-12,Starter,9.99,110
15230,7676,2026-05-22,Creator,49.99,700
15231,2819,2026-06-15,Starter,9.99,110
15232,10597,2026-04-30,Starter,9.99,110
15233,1153,2026-03-20,Popular,24.99,300
15234,501,2026-05-11,Creator,49.99,700
15235,9355,2026-04-08,Creator,49.99,700
15236,12710,2026-03-05,Popular,24.99,300
15237,14771,2026-06-25,Starter,9.99,110
15238,9587,2026-05-03,Creator,49.99,700
15239,8596,2026-05-06,Pro,99.99,1600
15240,13168,2026-07-15,Starter,9.99,110
15241,2176,2026-07-10,Popular,24.99,300
15242,10653,2026-05-04,Max,199.99,3500
15243,5082,2026-01-02,Pro,99.99,1600
15244,3625,2026-05-29,Max,199.99,3500
15245,1320,2026-05-22,Mini,4.99,50
15246,8116,2026-01-15,Creator,49.99,700
15247,13280,2026-04-15,Mini,4.99,50
15248,5517,2026-05-19,Starter,9.99,110
15249,10801,2026-07-30,Pro,99.99,1600
15250,482,2026-03-20,Starter,9.99,110
15251,13562,2026-06-14,Studio,499.99,10000
15252,13814,2026-08-03,Starter,9.99,110
15253,3402,2026-08-13,Starter,9.99,110
15254,3585,2026-04-16,Pro,99.99,1600
15255,9291,2026-06-07,Popular,24.99,300
15256,12488,2026-07-11,Studio,499.99,10000
15257,9874,2026-07-08,Mini,4.99,50
15258,13713,2026-06-15,Creator,49.99,700
15259,7522,2026-02-15,Creator,49.99,700
15260,12005,2026-05-11,Pro,99.99,1600
15261,3747,2026-06-25,Starter,9.99,110
15262,6781,2026-07-14,Popular,24.99,300
15263,11085,2026-07-20,Popular,24.99,300
15264,4399,2026-08-16,Pro,99.99,1600
15265,7115,2026-01-24,Creator,49.99,700
15266,5531,2026-01-02,Mini,4.99,50
15267,12940,2026-08-06,Starter,9.99,110
15268,655,2026-07-22,Popular,24.99,300
15269,6519,2026-08-13,Starter,9.99,110
15270,12025,2026-01-26,Starter,9.99,110
15271,11343,2026-04-12,Starter,9.99,110
15272,1583,2026-07-15,Pro,99.99,1600
15273,2226,2026-02-05,Creator,49.99,700
15274,8673,2026-01-01,Creator,49.99,700
15275,14615,2026-08-26,Mini,4.99,50
15276,4811,2026-05-27,Mini,4.99,50
15277,1450,2026-01-08,Creator,49.99,700
15278,7102,2026-02-17,Pro,99.99,1600
15279,6675,2026-07-28,Starter,9.99,110
15280,1842,2026-04-16,Mini,4.99,50
15281,14871,2026-05-03,Creator,49.99,700
15282,140,2026-01-30,Popular,24.99,300
15283,10308,2026-05-27,Starter,9.99,110
15284,9003,2026-01-15,Mini,4.99,50
15285,14224,2026-06-23,Max,199.99,3500
15286,12828,2026-01-02,Popular,24.99,300
15287,12921,2026-02-14,Studio,499.99,10000
15288,631,2026-07-16,Starter,9.99,110
15289,4192,2026-06-28,Popular,24.99,300
15290,5013,2026-08-13,Studio,499.99,10000
15291,12037,2026-06-05,Popular,24.99,300
15292,2513,2026-06-16,Mini,4.99,50
15293,9738,2026-06-19,Starter,9.99,110
15294,9705,2026-01-22,Starter,9.99,110
15295,12374,2026-06-02,Pro,99.99,1600
15296,10670,2026-07-25,Creator,49.99,700
15297,10509,2026-08-05,Max,199.99,3500
15298,7363,2026-07-23,Pro,99.99,1600
15299,8094,2026-03-19,Studio,499.99,10000
15300,8433,2026-02-04,Studio,499.99,10000
15301,4732,2026-05-20,Mini,4.99,50
15302,13158,2026-01-04,Creator,49.99,700
15303,9637,2026-02-07,Max,199.99,3500
15304,7844,2026-03-08,Popular,24.99,300
15305,4989,2026-01-21,Mini,4.99,50
15306,5468,2026-08-24,Starter,9.99,110
15307,4274,2026-04-19,Max,199.99,3500
15308,2236,2026-08-27,Popular,24.99,300
15309,3028,2026-03-12,Pro,99.99,1600
15310,11821,2026-03-04,Popular,24.99,300
15311,13153,2026-04-12,Starter,9.99,110
15312,10584,2026-06-21,Pro,99.99,1600
15313,11647,2026-02-26,Mini,4.99,50
15314,7692,2026-04-02,Popular,24.99,300
15315,10612,2026-04-17,Creator,49.99,700
15316,12128,2026-01-08,Creator,49.99,700
15317,2468,2026-06-02,Creator,49.99,700
15318,8533,2026-06-21,Starter,9.99,110
15319,357,2026-05-24,Creator,49.99,700
15320,885,2026-08-25,Creator,49.99,700
15321,6628,2026-03-24,Creator,49.99,700
15322,45,2026-04-28,Studio,499.99,10000
15323,2599,2026-07-11,Creator,49.99,700
15324,8190,2026-06-02,Starter,9.99,110
15325,13835,2026-07-18,Pro,99.99,1600
15326,3440,2026-06-25,Creator,49.99,700
15327,1630,2026-04-26,Pro,99.99,1600
15328,12386,2026-04-08,Pro,99.99,1600
15329,9189,2026-06-25,Studio,499.99,10000
15330,7264,2026-02-19,Popular,24.99,300
15331,6395,2026-05-23,Max,199.99,3500
15332,6739,2026-06-18,Popular,24.99,300
15333,5884,2026-07-26,Creator,49.99,700
15334,2109,2026-05-08,Starter,9.99,110
15335,7401,2026-02-01,Creator,49.99,700
15336,4950,2026-02-07,Max,199.99,3500
15337,11860,2026-03-19,Starter,9.99,110
15338,10238,2026-02-23,Starter,9.99,110
15339,8954,2026-05-20,Mini,4.99,50
15340,9827,2026-05-16,Starter,9.99,110
15341,4245,2026-03-01,Popular,24.99,300
15342,10342,2026-07-11,Popular,24.99,300
15343,13092,2026-07-29,Popular,24.99,300
15344,6380,2026-03-01,Popular,24.99,300
15345,9097,2026-02-11,Popular,24.99,300
15346,10633,2026-07-14,Popular,24.99,300
15347,13545,2026-07-31,Pro,99.99,1600
15348,8661,2026-05-24,Studio,499.99,10000
15349,13844,2026-06-04,Mini,4.99,50
15350,11296,2026-03-12,Mini,4.99,50
15351,12110,2026-05-19,Creator,49.99,700
15352,8031,2026-05-27,Max,199.99,3500
15353,6445,2026-01-20,Creator,49.99,700
15354,12219,2026-01-07,Starter,9.99,110
15355,3819,2026-02-25,Popular,24.99,300
15356,14165,2026-01-10,Popular,24.99,300
15357,11751,2026-05-31,Starter,9.99,110
15358,3319,2026-06-27,Pro,99.99,1600
15359,9397,2026-04-13,Pro,99.99,1600
15360,11552,2026-03-26,Creator,49.99,700
15361,3633,2026-08-01,Popular,24.99,300
15362,12229,2026-04-03,Creator,49.99,700
15363,1472,2026-06-17,Pro,99.99,1600
15364,14575,2026-08-20,Mini,4.99,50
15365,9541,2026-08-11,Creator,49.99,700
15366,4345,2026-07-17,Max,199.99,3500
15367,8372,2026-01-08,Starter,9.99,110
15368,3549,2026-07-04,Pro,99.99,1600
15369,10329,2026-04-06,Popular,24.99,300
15370,12101,2026-06-25,Mini,4.99,50
15371,11553,2026-05-22,Creator,49.99,700
15372,9339,2026-02-20,Starter,9.99,110
15373,3353,2026-06-04,Creator,49.99,700
15374,14870,2026-07-10,Pro,99.99,1600
15375,11023,2026-07-27,Popular,24.99,300
15376,1312,2026-06-20,Max,199.99,3500
15377,4955,2026-05-05,Popular,24.99,300
15378,13237,2026-04-30,Starter,9.99,110
15379,5963,2026-06-25,Pro,99.99,1600
15380,9582,2026-03-05,Popular,24.99,300
15381,6079,2026-06-23,Creator,49.99,700
15382,14815,2026-04-02,Max,199.99,3500
15383,2595,2026-06-12,Max,199.99,3500
15384,6787,2026-01-14,Starter,9.99,110
15385,3750,2026-01-22,Starter,9.99,110
15386,12056,2026-07-30,Popular,24.99,300
15387,11850,2026-08-05,Creator,49.99,700
15388,11116,2026-03-01,Mini,4.99,50
15389,11184,2026-01-18,Popular,24.99,300
15390,9291,2026-05-29,Starter,9.99,110
15391,6807,2026-01-17,Max,199.99,3500
15392,8745,2026-01-07,Popular,24.99,300
15393,2797,2026-04-03,Starter,9.99,110
15394,8064,2026-04-20,Creator,49.99,700
15395,1489,2026-06-17,Pro,99.99,1600
15396,11908,2026-03-19,Studio,499.99,10000
15397,7979,2026-02-10,Studio,499.99,10000
15398,2137,2026-05-26,Pro,99.99,1600
15399,520,2026-07-25,Popular,24.99,300
15400,838,2026-05-06,Popular,24.99,300
15401,6770,2026-01-02,Starter,9.99,110
15402,11045,2026-05-05,Creator,49.99,700
15403,1776,2026-06-20,Max,199.99,3500
15404,4764,2026-06-05,Popular,24.99,300
15405,8371,2026-05-25,Starter,9.99,110
15406,8289,2026-01-14,Pro,99.99,1600
15407,14277,2026-01-22,Starter,9.99,110
15408,4660,2026-01-03,Starter,9.99,110
15409,11581,2026-06-13,Max,199.99,3500
15410,12755,2026-06-25,Starter,9.99,110
15411,13262,2026-05-18,Pro,99.99,1600
15412,1249,2026-04-13,Studio,499.99,10000
15413,2091,2026-03-17,Popular,24.99,300
15414,2812,2026-07-01,Starter,9.99,110
15415,1761,2026-01-09,Popular,24.99,300
15416,12213,2026-07-06,Pro,99.99,1600
15417,6607,2026-01-21,Starter,9.99,110
15418,3996,2026-03-07,Popular,24.99,300
15419,1433,2026-06-17,Pro,99.99,1600
15420,11152,2026-03-18,Creator,49.99,700
15421,12313,2026-03-14,Popular,24.99,300
15422,8119,2026-05-10,Studio,499.99,10000
15423,12943,2026-05-13,Mini,4.99,50
15424,2457,2026-08-10,Max,199.99,3500
15425,653,2026-04-14,Pro,99.99,1600
15426,4681,2026-07-29,Max,199.99,3500
15427,10146,2026-04-06,Popular,24.99,300
15428,10221,2026-07-10,Starter,9.99,110
15429,11260,2026-05-31,Starter,9.99,110
15430,520,2026-03-16,Popular,24.99,300
15431,3020,2026-06-18,Max,199.99,3500
15432,13036,2026-05-05,Mini,4.99,50
15433,13748,2026-03-03,Starter,9.99,110
15434,4595,2026-02-28,Popular,24.99,300
15435,6157,2026-08-22,Pro,99.99,1600
15436,11699,2026-08-24,Mini,4.99,50
15437,10438,2026-07-10,Starter,9.99,110
15438,8288,2026-08-02,Starter,9.99,110
15439,2004,2026-08-18,Mini,4.99,50
15440,9347,2026-08-23,Popular,24.99,300
15441,4679,2026-01-26,Mini,4.99,50
15442,14598,2026-04-07,Popular,24.99,300
15443,8945,2026-08-16,Starter,9.99,110
15444,7692,2026-01-06,Popular,24.99,300
15445,14120,2026-05-17,Pro,99.99,1600
15446,14729,2026-02-05,Popular,24.99,300
15447,1613,2026-07-29,Starter,9.99,110
15448,4587,2026-03-22,Starter,9.99,110
15449,3117,2026-08-16,Popular,24.99,300
15450,14840,2026-06-25,Mini,4.99,50
15451,7180,2026-05-13,Pro,99.99,1600
15452,8243,2026-06-29,Mini,4.99,50
15453,10475,2026-01-27,Pro,99.99,1600
15454,10058,2026-01-02,Max,199.99,3500
15455,10795,2026-06-04,Popular,24.99,300
15456,10203,2026-07-27,Creator,49.99,700
15457,4658,2026-06-19,Creator,49.99,700
15458,1909,2026-02-18,Starter,9.99,110
15459,8636,2026-01-27,Starter,9.99,110
15460,3198,2026-08-07,Popular,24.99,300
15461,12301,2026-03-26,Popular,24.99,300
15462,5187,2026-06-26,Popular,24.99,300
15463,12717,2026-07-07,Starter,9.99,110
15464,6546,2026-02-19,Popular,24.99,300
15465,11391,2026-04-18,Studio,499.99,10000
15466,12954,2026-08-18,Popular,24.99,300
15467,9106,2026-01-06,Starter,9.99,110
15468,10896,2026-03-18,Max,199.99,3500
15469,7696,2026-01-15,Pro,99.99,1600
15470,12038,2026-06-27,Starter,9.99,110
15471,988,2026-06-23,Mini,4.99,50
15472,6563,2026-01-13,Studio,499.99,10000
15473,9253,2026-05-17,Studio,499.99,10000
15474,3286,2026-01-18,Studio,499.99,10000
15475,13631,2026-06-16,Studio,499.99,10000
15476,5531,2026-06-09,Creator,49.99,700
15477,7842,2026-02-25,Max,199.99,3500
15478,7595,2026-07-18,Pro,99.99,1600
15479,6607,2026-03-07,Pro,99.99,1600
15480,9518,2026-06-18,Starter,9.99,110
15481,12206,2026-02-27,Popular,24.99,300
15482,4290,2026-02-13,Creator,49.99,700
15483,8575,2026-05-13,Starter,9.99,110
15484,10876,2026-02-23,Pro,99.99,1600
15485,12382,2026-03-29,Popular,24.99,300
15486,6629,2026-04-26,Mini,4.99,50
15487,10071,2026-02-25,Starter,9.99,110
15488,6626,2026-03-14,Creator,49.99,700
15489,356,2026-05-03,Studio,499.99,10000
15490,14691,2026-06-24,Starter,9.99,110
15491,14630,2026-04-04,Max,199.99,3500
15492,6062,2026-02-01,Starter,9.99,110
15493,3079,2026-01-12,Starter,9.99,110
15494,11561,2026-01-10,Pro,99.99,1600
15495,13126,2026-05-08,Mini,4.99,50
15496,992,2026-05-15,Popular,24.99,300
15497,3596,2026-07-17,Starter,9.99,110
15498,8707,2026-05-08,Pro,99.99,1600
15499,6856,2026-05-18,Starter,9.99,110
15500,9022,2026-07-25,Studio,499.99,10000
15501,4374,2026-05-23,Starter,9.99,110
15502,11285,2026-04-11,Max,199.99,3500
15503,152,2026-05-05,Starter,9.99,110
15504,7269,2026-05-13,Popular,24.99,300
15505,8577,2026-02-04,Popular,24.99,300
15506,6463,2026-03-14,Starter,9.99,110
15507,5417,2026-03-17,Mini,4.99,50
15508,192,2026-04-11,Starter,9.99,110
15509,13623,2026-05-20,Popular,24.99,300
15510,8531,2026-04-23,Pro,99.99,1600
15511,56,2026-08-25,Pro,99.99,1600
15512,1941,2026-02-16,Max,199.99,3500
15513,3045,2026-02-14,Pro,99.99,1600
15514,744,2026-04-19,Creator,49.99,700
15515,5155,2026-06-22,Popular,24.99,300
15516,6161,2026-08-25,Creator,49.99,700
15517,7306,2026-08-25,Mini,4.99,50
15518,7684,2026-07-16,Max,199.99,3500
15519,3700,2026-04-09,Popular,24.99,300
15520,2021,2026-06-27,Starter,9.99,110
15521,8118,2026-07-20,Max,199.99,3500
15522,1492,2026-07-14,Mini,4.99,50
15523,8951,2026-04-26,Mini,4.99,50
15524,9302,2026-01-21,Starter,9.99,110
15525,3230,2026-08-07,Starter,9.99,110
15526,13559,2026-06-16,Starter,9.99,110
15527,2743,2026-01-06,Mini,4.99,50
15528,5950,2026-06-28,Starter,9.99,110
15529,5689,2026-03-15,Studio,499.99,10000
15530,11599,2026-03-04,Popular,24.99,300
15531,14157,2026-08-27,Popular,24.99,300
15532,12711,2026-07-04,Mini,4.99,50
15533,8440,2026-02-25,Max,199.99,3500
15534,3024,2026-03-07,Pro,99.99,1600
15535,7857,2026-08-14,Mini,4.99,50
15536,440,2026-01-03,Starter,9.99,110
15537,1359,2026-05-21,Pro,99.99,1600
15538,14392,2026-04-16,Popular,24.99,300
15539,8945,2026-01-13,Creator,49.99,700
15540,4809,2026-08-07,Starter,9.99,110
15541,11327,2026-07-19,Mini,4.99,50
15542,1143,2026-03-11,Popular,24.99,300
15543,8655,2026-03-18,Pro,99.99,1600
15544,13988,2026-08-25,Mini,4.99,50
15545,10350,2026-05-27,Mini,4.99,50
15546,12897,2026-01-19,Popular,24.99,300
15547,10938,2026-06-04,Starter,9.99,110
15548,3215,2026-07-12,Max,199.99,3500
15549,5622,2026-02-13,Starter,9.99,110
15550,14588,2026-01-04,Creator,49.99,700
15551,3125,2026-05-02,Pro,99.99,1600
15552,4538,2026-05-08,Popular,24.99,300
15553,4507,2026-05-12,Mini,4.99,50
15554,13320,2026-03-15,Starter,9.99,110
15555,4379,2026-04-29,Popular,24.99,300
15556,5259,2026-03-07,Popular,24.99,300
15557,7532,2026-07-12,Popular,24.99,300
15558,3497,2026-03-09,Popular,24.99,300
15559,20,2026-04-04,Popular,24.99,300
15560,13818,2026-03-24,Max,199.99,3500
15561,2133,2026-05-25,Studio,499.99,10000
15562,1545,2026-05-09,Creator,49.99,700
15563,685,2026-08-22,Starter,9.99,110
15564,1958,2026-07-29,Max,199.99,3500
15565,3126,2026-04-13,Pro,99.99,1600
15566,870,2026-05-09,Popular,24.99,300
15567,2443,2026-05-15,Starter,9.99,110
15568,895,2026-01-27,Pro,99.99,1600
15569,4193,2026-08-13,Mini,4.99,50
15570,6562,2026-07-18,Starter,9.99,110
15571,11948,2026-08-19,Pro,99.99,1600
15572,1742,2026-04-04,Mini,4.99,50
15573,6921,2026-03-03,Max,199.99,3500
15574,9665,2026-01-23,Starter,9.99,110
15575,397,2026-07-12,Pro,99.99,1600
15576,12801,2026-04-29,Popular,24.99,300
15577,8434,2026-01-02,Creator,49.99,700
15578,14902,2026-08-06,Studio,499.99,10000
15579,14603,2026-02-17,Creator,49.99,700
15580,2035,2026-05-15,Pro,99.99,1600
15581,9418,2026-08-14,Creator,49.99,700
15582,7122,2026-06-07,Pro,99.99,1600
15583,1300,2026-03-18,Mini,4.99,50
15584,8389,2026-02-04,Creator,49.99,700
15585,7075,2026-03-25,Creator,49.99,700
15586,7203,2026-05-09,Mini,4.99,50
15587,1524,2026-03-02,Popular,24.99,300
15588,11262,2026-03-30,Pro,99.99,1600
15589,1322,2026-08-07,Starter,9.99,110
15590,14571,2026-07-19,Pro,99.99,1600
15591,1954,2026-01-12,Starter,9.99,110
15592,4189,2026-01-20,Popular,24.99,300
15593,6960,2026-07-31,Popular,24.99,300
15594,12746,2026-04-30,Creator,49.99,700
15595,3036,2026-05-15,Pro,99.99,1600
15596,12735,2026-04-11,Popular,24.99,300
15597,13385,2026-06-27,Pro,99.99,1600
15598,6704,2026-03-31,Mini,4.99,50
15599,7401,2026-06-01,Pro,99.99,1600
15600,7815,2026-04-18,Studio,499.99,10000
15601,8352,2026-05-23,Pro,99.99,1600
15602,2633,2026-07-08,Starter,9.99,110
15603,7273,2026-06-28,Pro,99.99,1600
15604,13756,2026-03-04,Pro,99.99,1600
15605,13495,2026-04-24,Creator,49.99,700
15606,1172,2026-04-12,Max,199.99,3500
15607,6082,2026-05-13,Mini,4.99,50
15608,12929,2026-05-25,Studio,499.99,10000
15609,14518,2026-08-15,Starter,9.99,110
15610,7752,2026-05-04,Popular,24.99,300
15611,904,2026-06-16,Popular,24.99,300
15612,8093,2026-07-14,Max,199.99,3500
15613,2542,2026-01-19,Mini,4.99,50
15614,11705,2026-08-21,Max,199.99,3500
15615,10462,2026-08-14,Starter,9.99,110
15616,833,2026-06-29,Starter,9.99,110
15617,9062,2026-06-28,Starter,9.99,110
15618,2172,2026-02-12,Starter,9.99,110
15619,11228,2026-02-10,Creator,49.99,700
15620,14693,2026-07-29,Max,199.99,3500
15621,10979,2026-08-01,Pro,99.99,1600
15622,10829,2026-08-15,Mini,4.99,50
15623,10714,2026-01-19,Starter,9.99,110
15624,8586,2026-01-27,Starter,9.99,110
15625,10692,2026-03-21,Mini,4.99,50
15626,651,2026-07-02,Starter,9.99,110
15627,1261,2026-04-15,Starter,9.99,110
15628,7449,2026-05-07,Max,199.99,3500
15629,13495,2026-06-11,Starter,9.99,110
15630,10639,2026-03-19,Pro,99.99,1600
15631,9722,2026-03-04,Starter,9.99,110
15632,5187,2026-07-10,Popular,24.99,300
15633,11836,2026-07-01,Starter,9.99,110
15634,11134,2026-07-10,Mini,4.99,50
15635,2776,2026-03-27,Popular,24.99,300
15636,2398,2026-05-07,Starter,9.99,110
15637,8058,2026-01-30,Studio,499.99,10000
15638,8982,2026-07-12,Popular,24.99,300
15639,11613,2026-01-07,Pro,99.99,1600
15640,12097,2026-01-19,Starter,9.99,110
15641,3788,2026-07-31,Popular,24.99,300
15642,1099,2026-04-10,Popular,24.99,300
15643,8785,2026-02-24,Popular,24.99,300
15644,6366,2026-04-20,Mini,4.99,50
15645,2790,2026-03-17,Starter,9.99,110
15646,7788,2026-06-08,Creator,49.99,700
15647,5184,2026-05-29,Creator,49.99,700
15648,4263,2026-06-24,Popular,24.99,300
15649,2532,2026-08-17,Pro,99.99,1600
15650,13836,2026-03-22,Starter,9.99,110
15651,5515,2026-05-26,Studio,499.99,10000
15652,13145,2026-05-02,Starter,9.99,110
15653,6917,2026-02-16,Creator,49.99,700
15654,7338,2026-08-09,Popular,24.99,300
15655,14304,2026-05-22,Creator,49.99,700
15656,6821,2026-04-07,Popular,24.99,300
15657,970,2026-01-27,Mini,4.99,50
15658,539,2026-04-08,Popular,24.99,300
15659,3400,2026-04-19,Mini,4.99,50
15660,14080,2026-08-26,Pro,99.99,1600
15661,8738,2026-02-03,Starter,9.99,110
15662,6955,2026-01-01,Max,199.99,3500
15663,4976,2026-08-09,Starter,9.99,110
15664,11262,2026-01-07,Creator,49.99,700
15665,7660,2026-01-02,Studio,499.99,10000
15666,8624,2026-07-15,Mini,4.99,50
15667,5636,2026-03-16,Creator,49.99,700
15668,13480,2026-06-18,Mini,4.99,50
15669,1808,2026-04-19,Creator,49.99,700
15670,6535,2026-05-08,Starter,9.99,110
15671,10253,2026-01-10,Popular,24.99,300
15672,5758,2026-07-09,Starter,9.99,110
15673,8335,2026-04-06,Mini,4.99,50
15674,2023,2026-04-05,Popular,24.99,300
15675,14183,2026-04-25,Starter,9.99,110
15676,13286,2026-08-18,Pro,99.99,1600
15677,11458,2026-01-12,Starter,9.99,110
15678,5666,2026-01-09,Studio,499.99,10000
15679,13757,2026-05-17,Starter,9.99,110
15680,11033,2026-06-03,Creator,49.99,700
15681,7752,2026-02-12,Mini,4.99,50
15682,13247,2026-08-02,Starter,9.99,110
15683,3326,2026-05-23,Studio,499.99,10000
15684,13566,2026-07-10,Starter,9.99,110
15685,11752,2026-05-16,Creator,49.99,700
15686,4941,2026-05-09,Starter,9.99,110
15687,12103,2026-04-26,Popular,24.99,300
15688,4623,2026-06-14,Pro,99.99,1600
15689,2114,2026-02-26,Creator,49.99,700
15690,13911,2026-05-30,Studio,499.99,10000
15691,11657,2026-07-04,Starter,9.99,110
15692,9755,2026-06-14,Max,199.99,3500
15693,2929,2026-06-27,Creator,49.99,700
15694,11833,2026-01-04,Mini,4.99,50
15695,14969,2026-04-03,Pro,99.99,1600
15696,6681,2026-08-08,Popular,24.99,300
15697,11050,2026-08-20,Max,199.99,3500
15698,5079,2026-05-25,Pro,99.99,1600
15699,7486,2026-05-12,Starter,9.99,110
15700,13532,2026-05-14,Popular,24.99,300
15701,11465,2026-01-24,Creator,49.99,700
15702,7429,2026-08-21,Starter,9.99,110
15703,7811,2026-06-26,Mini,4.99,50
15704,9102,2026-04-02,Studio,499.99,10000
15705,2378,2026-02-09,Creator,49.99,700
15706,9504,2026-01-18,Popular,24.99,300
15707,6863,2026-07-13,Popular,24.99,300
15708,10204,2026-08-10,Starter,9.99,110
15709,12535,2026-02-23,Pro,99.99,1600
15710,8014,2026-08-09,Creator,49.99,700
15711,8163,2026-01-03,Creator,49.99,700
15712,12734,2026-02-26,Starter,9.99,110
15713,8153,2026-02-07,Starter,9.99,110
15714,7506,2026-03-15,Starter,9.99,110
15715,13683,2026-04-08,Creator,49.99,700
15716,7739,2026-08-15,Studio,499.99,10000
15717,14732,2026-06-25,Pro,99.99,1600
15718,889,2026-06-23,Mini,4.99,50
15719,3390,2026-05-26,Popular,24.99,300
15720,7171,2026-08-01,Mini,4.99,50
15721,14670,2026-05-04,Creator,49.99,700
15722,12510,2026-03-10,Pro,99.99,1600
15723,14838,2026-01-15,Popular,24.99,300
15724,14860,2026-07-11,Max,199.99,3500
15725,3338,2026-02-17,Studio,499.99,10000
15726,13975,2026-02-19,Max,199.99,3500
15727,3157,2026-07-29,Popular,24.99,300
15728,5942,2026-08-13,Popular,24.99,300
15729,4573,2026-04-17,Max,199.99,3500
15730,12542,2026-04-13,Creator,49.99,700
15731,14368,2026-02-22,Starter,9.99,110
15732,12945,2026-08-02,Studio,499.99,10000
15733,3019,2026-07-30,Max,199.99,3500
15734,12383,2026-06-19,Popular,24.99,300
15735,10459,2026-05-06,Starter,9.99,110
15736,4000,2026-02-25,Studio,499.99,10000
15737,12557,2026-01-13,Starter,9.99,110
15738,6063,2026-04-26,Starter,9.99,110
15739,4775,2026-02-08,Creator,49.99,700
15740,13846,2026-06-04,Pro,99.99,1600
15741,14693,2026-02-09,Creator,49.99,700
15742,14963,2026-01-09,Creator,49.99,700
15743,12391,2026-04-07,Starter,9.99,110
15744,5914,2026-01-12,Studio,499.99,10000
15745,14737,2026-04-09,Pro,99.99,1600
15746,14038,2026-02-27,Starter,9.99,110
15747,14274,2026-04-10,Popular,24.99,300
15748,3349,2026-01-08,Starter,9.99,110
15749,14036,2026-06-27,Creator,49.99,700
15750,8364,2026-06-07,Max,199.99,3500
15751,6269,2026-03-13,Popular,24.99,300
15752,3272,2026-07-25,Popular,24.99,300
15753,3432,2026-03-21,Popular,24.99,300
15754,1383,2026-08-02,Mini,4.99,50
15755,8064,2026-02-17,Mini,4.99,50
15756,8200,2026-07-15,Starter,9.99,110
15757,3700,2026-01-14,Popular,24.99,300
15758,13929,2026-01-19,Popular,24.99,300
15759,478,2026-02-06,Starter,9.99,110
15760,13485,2026-08-16,Starter,9.99,110
15761,12856,2026-07-03,Pro,99.99,1600
15762,5449,2026-01-30,Creator,49.99,700
15763,8927,2026-05-09,Popular,24.99,300
15764,11830,2026-05-15,Creator,49.99,700
15765,9148,2026-07-20,Popular,24.99,300
15766,4495,2026-05-26,Pro,99.99,1600
15767,10809,2026-04-07,Pro,99.99,1600
15768,4596,2026-01-24,Popular,24.99,300
15769,14943,2026-01-03,Studio,499.99,10000
15770,9847,2026-02-23,Starter,9.99,110
15771,6975,2026-04-26,Creator,49.99,700
15772,7165,2026-08-21,Mini,4.99,50
15773,7943,2026-01-02,Starter,9.99,110
15774,6315,2026-08-13,Popular,24.99,300
15775,8875,2026-08-27,Popular,24.99,300
15776,6392,2026-04-12,Starter,9.99,110
15777,6832,2026-08-02,Popular,24.99,300
15778,7700,2026-01-18,Mini,4.99,50
15779,14057,2026-04-13,Starter,9.99,110
15780,1867,2026-03-31,Starter,9.99,110
15781,14268,2026-06-18,Popular,24.99,300
15782,3887,2026-07-10,Mini,4.99,50
15783,11007,2026-03-23,Pro,99.99,1600
15784,5438,2026-08-24,Studio,499.99,10000
15785,7676,2026-07-10,Mini,4.99,50
15786,560,2026-04-03,Starter,9.99,110
15787,12566,2026-07-05,Popular,24.99,300
15788,7833,2026-03-13,Mini,4.99,50
15789,8936,2026-03-27,Popular,24.99,300
15790,14106,2026-01-04,Creator,49.99,700
15791,8526,2026-07-06,Popular,24.99,300
15792,1454,2026-07-05,Max,199.99,3500
15793,12491,2026-05-27,Mini,4.99,50
15794,10777,2026-03-17,Popular,24.99,300
15795,8739,2026-04-14,Pro,99.99,1600
15796,14137,2026-01-07,Creator,49.99,700
15797,10270,2026-04-26,Starter,9.99,110
15798,11473,2026-06-13,Creator,49.99,700
15799,311,2026-04-29,Starter,9.99,110
15800,10503,2026-05-20,Studio,499.99,10000
15801,2415,2026-02-04,Starter,9.99,110
15802,2246,2026-06-25,Starter,9.99,110
15803,4030,2026-07-04,Max,199.99,3500
15804,13236,2026-05-30,Starter,9.99,110
15805,10997,2026-06-22,Creator,49.99,700
15806,3330,2026-04-24,Creator,49.99,700
15807,9240,2026-05-27,Max,199.99,3500
15808,13772,2026-06-06,Starter,9.99,110
15809,9957,2026-01-12,Popular,24.99,300
15810,10643,2026-03-04,Pro,99.99,1600
15811,764,2026-08-22,Popular,24.99,300
15812,12595,2026-04-04,Mini,4.99,50
15813,13928,2026-02-14,Starter,9.99,110
15814,3686,2026-06-03,Starter,9.99,110
15815,1032,2026-01-11,Popular,24.99,300
15816,2983,2026-03-05,Creator,49.99,700
15817,8298,2026-06-23,Starter,9.99,110
15818,6079,2026-08-23,Studio,499.99,10000
15819,7669,2026-05-29,Starter,9.99,110
15820,4677,2026-07-25,Popular,24.99,300
15821,9527,2026-03-01,Pro,99.99,1600
15822,9052,2026-03-10,Popular,24.99,300
15823,7794,2026-02-01,Starter,9.99,110
15824,636,2026-05-14,Max,199.99,3500
15825,14165,2026-03-11,Pro,99.99,1600
15826,4035,2026-06-15,Starter,9.99,110
15827,5854,2026-03-26,Popular,24.99,300
15828,14360,2026-01-30,Studio,499.99,10000
15829,8971,2026-04-22,Pro,99.99,1600
15830,3420,2026-05-02,Mini,4.99,50
15831,11907,2026-03-25,Pro,99.99,1600
15832,8439,2026-07-19,Starter,9.99,110
15833,6174,2026-06-01,Pro,99.99,1600
15834,4395,2026-07-05,Starter,9.99,110
15835,4774,2026-07-27,Pro,99.99,1600
15836,11660,2026-03-06,Starter,9.99,110
15837,14855,2026-07-20,Max,199.99,3500
15838,11892,2026-02-28,Pro,99.99,1600
15839,3829,2026-04-16,Creator,49.99,700
15840,12142,2026-08-10,Starter,9.99,110
15841,5313,2026-01-02,Studio,499.99,10000
15842,14151,2026-05-28,Mini,4.99,50
15843,9283,2026-08-06,Pro,99.99,1600
15844,12703,2026-01-28,Popular,24.99,300
15845,905,2026-01-05,Starter,9.99,110
15846,1041,2026-05-02,Creator,49.99,700
15847,11768,2026-01-04,Studio,499.99,10000
15848,3484,2026-02-27,Starter,9.99,110
15849,7506,2026-07-19,Starter,9.99,110
15850,8635,2026-05-09,Popular,24.99,300
15851,1407,2026-03-19,Creator,49.99,700
15852,11834,2026-03-01,Starter,9.99,110
15853,12995,2026-07-04,Popular,24.99,300
15854,2224,2026-03-19,Creator,49.99,700
15855,333,2026-03-23,Mini,4.99,50
15856,3958,2026-06-21,Creator,49.99,700
15857,11113,2026-03-30,Starter,9.99,110
15858,6195,2026-03-25,Popular,24.99,300
15859,4120,2026-07-10,Creator,49.99,700
15860,13811,2026-07-17,Creator,49.99,700
15861,1113,2026-08-03,Creator,49.99,700
15862,4411,2026-03-26,Max,199.99,3500
15863,7330,2026-05-10,Popular,24.99,300
15864,10258,2026-03-22,Starter,9.99,110
15865,9191,2026-07-29,Starter,9.99,110
15866,7106,2026-05-20,Starter,9.99,110
15867,14525,2026-05-05,Creator,49.99,700
15868,12013,2026-01-04,Popular,24.99,300
15869,13835,2026-01-12,Starter,9.99,110
15870,12636,2026-05-05,Popular,24.99,300
15871,10308,2026-07-01,Starter,9.99,110
15872,8480,2026-05-13,Max,199.99,3500
15873,4918,2026-02-02,Creator,49.99,700
15874,11983,2026-02-06,Mini,4.99,50
15875,1231,2026-07-21,Starter,9.99,110
15876,10195,2026-03-17,Starter,9.99,110
15877,11745,2026-03-02,Starter,9.99,110
15878,2699,2026-08-23,Mini,4.99,50
15879,3167,2026-07-11,Creator,49.99,700
15880,1830,2026-05-30,Pro,99.99,1600
15881,12625,2026-05-15,Popular,24.99,300
15882,924,2026-08-14,Popular,24.99,300
15883,4251,2026-08-12,Starter,9.99,110
15884,3132,2026-03-23,Popular,24.99,300
15885,10985,2026-06-12,Creator,49.99,700
15886,6903,2026-07-31,Starter,9.99,110
15887,6699,2026-06-19,Popular,24.99,300
15888,4432,2026-08-18,Max,199.99,3500
15889,10018,2026-04-01,Starter,9.99,110
15890,12245,2026-05-12,Starter,9.99,110
15891,2237,2026-03-17,Mini,4.99,50
15892,9216,2026-04-23,Creator,49.99,700
15893,2160,2026-02-20,Mini,4.99,50
15894,6941,2026-07-30,Mini,4.99,50
15895,3314,2026-07-26,Starter,9.99,110
15896,6251,2026-01-19,Creator,49.99,700
15897,2567,2026-05-12,Starter,9.99,110
15898,5126,2026-08-14,Starter,9.99,110
15899,9767,2026-05-09,Mini,4.99,50
15900,8924,2026-01-23,Mini,4.99,50
15901,3727,2026-06-24,Popular,24.99,300
15902,4580,2026-01-02,Mini,4.99,50
15903,3482,2026-06-13,Mini,4.99,50
15904,9849,2026-08-08,Popular,24.99,300
15905,10591,2026-01-18,Mini,4.99,50
15906,9576,2026-08-13,Starter,9.99,110
15907,5405,2026-03-28,Starter,9.99,110
15908,7297,2026-08-26,Mini,4.99,50
15909,2345,2026-04-15,Starter,9.99,110
15910,1913,2026-08-15,Popular,24.99,300
15911,2969,2026-01-21,Creator,49.99,700
15912,7013,2026-03-24,Popular,24.99,300
15913,4421,2026-01-15,Pro,99.99,1600
15914,6491,2026-08-13,Creator,49.99,700
15915,8272,2026-08-21,Popular,24.99,300
15916,12248,2026-01-15,Starter,9.99,110
15917,7147,2026-07-11,Popular,24.99,300
15918,5256,2026-06-10,Popular,24.99,300
15919,6493,2026-01-25,Creator,49.99,700
15920,4178,2026-01-15,Starter,9.99,110
15921,6093,2026-04-20,Starter,9.99,110
15922,4022,2026-02-16,Popular,24.99,300
15923,1916,2026-08-05,Creator,49.99,700
15924,2448,2026-05-16,Creator,49.99,700
15925,4139,2026-02-25,Popular,24.99,300
15926,8516,2026-01-28,Creator,49.99,700
15927,11690,2026-06-17,Starter,9.99,110
15928,6017,2026-08-12,Starter,9.99,110
15929,13014,2026-04-08,Studio,499.99,10000
15930,6920,2026-04-15,Popular,24.99,300
15931,3073,2026-05-25,Popular,24.99,300
15932,3670,2026-02-26,Mini,4.99,50
15933,9408,2026-04-22,Max,199.99,3500
15934,5916,2026-07-28,Max,199.99,3500
15935,1584,2026-05-03,Starter,9.99,110
15936,171,2026-03-20,Studio,499.99,10000
15937,8786,2026-07-19,Mini,4.99,50
15938,13255,2026-05-12,Popular,24.99,300
15939,14699,2026-08-14,Mini,4.99,50
15940,4633,2026-07-12,Mini,4.99,50
15941,10465,2026-05-02,Pro,99.99,1600
15942,8623,2026-03-09,Popular,24.99,300
15943,13532,2026-02-09,Max,199.99,3500
15944,4516,2026-04-04,Studio,499.99,10000
15945,9711,2026-07-18,Pro,99.99,1600
15946,9169,2026-03-11,Starter,9.99,110
15947,1194,2026-06-04,Starter,9.99,110
15948,14176,2026-03-22,Starter,9.99,110
15949,10240,2026-01-04,Mini,4.99,50
15950,3291,2026-05-03,Studio,499.99,10000
15951,2720,2026-08-16,Pro,99.99,1600
15952,13037,2026-08-24,Popular,24.99,300
15953,6189,2026-03-03,Creator,49.99,700
15954,10230,2026-04-29,Starter,9.99,110
15955,3557,2026-02-18,Starter,9.99,110
15956,5080,2026-06-10,Studio,499.99,10000
15957,11043,2026-01-22,Starter,9.99,110
15958,8882,2026-05-08,Popular,24.99,300
15959,3457,2026-05-03,Popular,24.99,300
15960,9262,2026-05-14,Mini,4.99,50
15961,5243,2026-07-20,Mini,4.99,50
15962,10950,2026-04-27,Pro,99.99,1600
15963,8942,2026-07-18,Starter,9.99,110
15964,6694,2026-08-18,Mini,4.99,50
15965,5103,2026-02-28,Creator,49.99,700
15966,865,2026-05-05,Pro,99.99,1600
15967,11249,2026-05-23,Creator,49.99,700
15968,5302,2026-06-19,Studio,499.99,10000
15969,6339,2026-03-25,Studio,499.99,10000
15970,8981,2026-03-13,Creator,49.99,700
15971,6196,2026-06-15,Creator,49.99,700
15972,2755,2026-08-27,Max,199.99,3500
15973,4832,2026-07-26,Popular,24.99,300
15974,13277,2026-01-29,Max,199.99,3500
15975,12706,2026-01-22,Mini,4.99,50
15976,9433,2026-03-02,Creator,49.99,700
15977,8972,2026-05-21,Popular,24.99,300
15978,10385,2026-07-04,Mini,4.99,50
15979,12705,2026-02-27,Creator,49.99,700
15980,11034,2026-01-22,Creator,49.99,700
15981,7479,2026-07-09,Creator,49.99,700
15982,9551,2026-04-07,Mini,4.99,50
15983,3661,2026-04-07,Starter,9.99,110
15984,7758,2026-08-30,Max,199.99,3500
15985,7284,2026-06-28,Mini,4.99,50
15986,9001,2026-07-30,Popular,24.99,300
15987,10525,2026-08-14,Popular,24.99,300
15988,10896,2026-05-31,Creator,49.99,700
15989,13487,2026-03-06,Starter,9.99,110
15990,5095,2026-04-19,Starter,9.99,110
15991,13966,2026-07-26,Popular,24.99,300
15992,4785,2026-03-10,Popular,24.99,300
15993,6670,2026-04-06,Starter,9.99,110
15994,9083,2026-08-11,Popular,24.99,300
15995,13042,2026-01-12,Popular,24.99,300
15996,9581,2026-01-07,Popular,24.99,300
15997,8366,2026-05-02,Pro,99.99,1600
15998,8204,2026-08-28,Starter,9.99,110
15999,13552,2026-04-11,Starter,9.99,110
16000,1462,2026-06-05,Starter,9.99,110
16001,1489,2026-05-16,Creator,49.99,700
16002,9085,2026-08-09,Starter,9.99,110
16003,12928,2026-08-11,Starter,9.99,110
16004,2318,2026-04-02,Pro,99.99,1600
16005,10649,2026-08-18,Popular,24.99,300
16006,799,2026-01-23,Creator,49.99,700
16007,1479,2026-04-06,Popular,24.99,300
16008,1548,2026-04-20,Starter,9.99,110
16009,4475,2026-08-26,Pro,99.99,1600
16010,14025,2026-03-02,Starter,9.99,110
16011,10401,2026-05-19,Creator,49.99,700
16012,3955,2026-04-04,Creator,49.99,700
16013,835,2026-04-10,Pro,99.99,1600
16014,2384,2026-03-15,Popular,24.99,300
16015,14204,2026-08-14,Creator,49.99,700
16016,12560,2026-05-10,Max,199.99,3500
16017,9899,2026-08-29,Starter,9.99,110
16018,763,2026-06-17,Popular,24.99,300
16019,2386,2026-01-12,Mini,4.99,50
16020,7067,2026-04-11,Popular,24.99,300
16021,3574,2026-01-20,Starter,9.99,110
16022,9817,2026-07-10,Mini,4.99,50
16023,13274,2026-08-30,Creator,49.99,700
16024,3700,2026-04-12,Starter,9.99,110
16025,7282,2026-01-25,Studio,499.99,10000
16026,1673,2026-06-27,Starter,9.99,110
16027,8513,2026-06-04,Starter,9.99,110
16028,12237,2026-01-18,Pro,99.99,1600
16029,11662,2026-06-07,Studio,499.99,10000
16030,219,2026-02-18,Max,199.99,3500
16031,2320,2026-06-24,Studio,499.99,10000
16032,6160,2026-02-16,Creator,49.99,700
16033,2472,2026-05-30,Pro,99.99,1600
16034,6808,2026-05-12,Popular,24.99,300
16035,4389,2026-02-08,Popular,24.99,300
16036,9641,2026-08-02,Popular,24.99,300
16037,5347,2026-05-17,Mini,4.99,50
16038,1279,2026-07-18,Studio,499.99,10000
16039,12496,2026-06-12,Mini,4.99,50
16040,6434,2026-07-18,Mini,4.99,50
16041,12221,2026-08-22,Popular,24.99,300
16042,6230,2026-06-30,Pro,99.99,1600
16043,8262,2026-05-21,Starter,9.99,110
16044,2431,2026-06-05,Creator,49.99,700
16045,7619,2026-04-22,Mini,4.99,50
16046,7161,2026-08-10,Creator,49.99,700
16047,14331,2026-04-13,Creator,49.99,700
16048,10455,2026-05-19,Starter,9.99,110
16049,8938,2026-01-17,Pro,99.99,1600
16050,9256,2026-05-13,Starter,9.99,110
16051,10272,2026-07-31,Studio,499.99,10000
16052,10838,2026-06-19,Starter,9.99,110
16053,11085,2026-04-08,Mini,4.99,50
16054,3968,2026-06-04,Popular,24.99,300
16055,2098,2026-04-06,Popular,24.99,300
16056,14902,2026-04-06,Popular,24.99,300
16057,3705,2026-06-25,Popular,24.99,300
16058,947,2026-01-02,Starter,9.99,110
16059,13561,2026-03-31,Popular,24.99,300
16060,10232,2026-02-02,Popular,24.99,300
16061,1033,2026-02-20,Starter,9.99,110
16062,1871,2026-01-14,Popular,24.99,300
16063,8174,2026-08-07,Starter,9.99,110
16064,6202,2026-05-15,Popular,24.99,300
16065,14607,2026-06-19,Max,199.99,3500
16066,9828,2026-04-23,Creator,49.99,700
16067,3726,2026-03-04,Max,199.99,3500
16068,6468,2026-08-15,Mini,4.99,50
16069,9315,2026-01-02,Pro,99.99,1600
16070,13162,2026-07-02,Starter,9.99,110
16071,13529,2026-03-11,Starter,9.99,110
16072,7854,2026-01-03,Starter,9.99,110
16073,9132,2026-02-24,Pro,99.99,1600
16074,6470,2026-06-06,Mini,4.99,50
16075,224,2026-02-23,Starter,9.99,110
16076,1421,2026-07-31,Max,199.99,3500
16077,12319,2026-08-24,Studio,499.99,10000
16078,12041,2026-04-11,Studio,499.99,10000
16079,7809,2026-08-26,Starter,9.99,110
16080,12967,2026-04-09,Starter,9.99,110
16081,4508,2026-06-12,Creator,49.99,700
16082,7772,2026-07-02,Starter,9.99,110
16083,6236,2026-03-15,Mini,4.99,50
16084,10469,2026-06-24,Starter,9.99,110
16085,8847,2026-05-04,Max,199.99,3500
16086,12596,2026-02-17,Max,199.99,3500
16087,12182,2026-04-21,Popular,24.99,300
16088,9993,2026-06-19,Starter,9.99,110
16089,13600,2026-06-03,Starter,9.99,110
16090,13517,2026-06-12,Mini,4.99,50
16091,6908,2026-01-13,Popular,24.99,300
16092,8308,2026-05-29,Pro,99.99,1600
16093,4478,2026-07-24,Creator,49.99,700
16094,923,2026-08-31,Popular,24.99,300
16095,13689,2026-04-01,Starter,9.99,110
16096,8806,2026-04-20,Pro,99.99,1600
16097,8039,2026-03-20,Starter,9.99,110
16098,7979,2026-02-28,Max,199.99,3500
16099,11659,2026-08-07,Popular,24.99,300
16100,13310,2026-07-15,Popular,24.99,300
16101,12712,2026-06-13,Mini,4.99,50
16102,8678,2026-07-05,Creator,49.99,700
16103,3140,2026-03-11,Pro,99.99,1600
16104,13856,2026-08-03,Popular,24.99,300
16105,3680,2026-01-05,Starter,9.99,110
16106,11077,2026-06-11,Popular,24.99,300
16107,14572,2026-07-24,Starter,9.99,110
16108,1583,2026-08-20,Mini,4.99,50
16109,14462,2026-04-06,Creator,49.99,700
16110,10505,2026-05-19,Starter,9.99,110
16111,10261,2026-04-08,Pro,99.99,1600
16112,1422,2026-07-07,Starter,9.99,110
16113,14298,2026-05-05,Popular,24.99,300
16114,14502,2026-06-15,Max,199.99,3500
16115,8425,2026-02-03,Mini,4.99,50
16116,12188,2026-03-09,Popular,24.99,300
16117,6836,2026-08-24,Creator,49.99,700
16118,9291,2026-05-09,Mini,4.99,50
16119,2905,2026-01-27,Max,199.99,3500
16120,5932,2026-07-18,Starter,9.99,110
16121,3414,2026-05-07,Mini,4.99,50
16122,12503,2026-02-09,Creator,49.99,700
16123,267,2026-01-25,Studio,499.99,10000
16124,6454,2026-01-09,Starter,9.99,110
16125,6521,2026-01-04,Popular,24.99,300
16126,8005,2026-06-30,Max,199.99,3500
16127,7008,2026-04-14,Creator,49.99,700
16128,6488,2026-04-01,Popular,24.99,300
16129,7926,2026-08-31,Creator,49.99,700
16130,7654,2026-08-06,Pro,99.99,1600
16131,13397,2026-03-09,Studio,499.99,10000
16132,564,2026-05-06,Starter,9.99,110
16133,9232,2026-06-11,Popular,24.99,300
16134,9503,2026-06-13,Creator,49.99,700
16135,13974,2026-08-14,Popular,24.99,300
16136,485,2026-01-24,Starter,9.99,110
16137,10288,2026-04-21,Creator,49.99,700
16138,13870,2026-08-27,Popular,24.99,300
16139,809,2026-02-20,Pro,99.99,1600
16140,5115,2026-08-05,Popular,24.99,300
16141,1209,2026-08-28,Popular,24.99,300
16142,7475,2026-03-30,Pro,99.99,1600
16143,3943,2026-02-05,Max,199.99,3500
16144,11518,2026-01-21,Creator,49.99,700
16145,9773,2026-04-19,Max,199.99,3500
16146,945,2026-08-27,Max,199.99,3500
16147,12782,2026-03-28,Starter,9.99,110
16148,3145,2026-08-12,Starter,9.99,110
16149,1578,2026-04-20,Starter,9.99,110
16150,7832,2026-05-20,Starter,9.99,110
16151,12614,2026-07-03,Popular,24.99,300
16152,8828,2026-07-17,Creator,49.99,700
16153,2561,2026-06-14,Pro,99.99,1600
16154,354,2026-05-16,Pro,99.99,1600
16155,5545,2026-01-18,Starter,9.99,110
16156,7514,2026-07-12,Creator,49.99,700
16157,7760,2026-04-12,Pro,99.99,1600
16158,11782,2026-04-25,Starter,9.99,110
16159,8619,2026-03-09,Starter,9.99,110
16160,1585,2026-01-18,Popular,24.99,300
16161,13075,2026-02-18,Creator,49.99,700
16162,7669,2026-08-19,Starter,9.99,110
16163,13431,2026-03-01,Creator,49.99,700
16164,6429,2026-03-10,Studio,499.99,10000
16165,14930,2026-01-25,Mini,4.99,50
16166,8981,2026-08-24,Creator,49.99,700
16167,7392,2026-04-02,Creator,49.99,700
16168,11762,2026-07-23,Starter,9.99,110
16169,2068,2026-03-19,Mini,4.99,50
16170,1152,2026-06-04,Starter,9.99,110
16171,14757,2026-02-13,Popular,24.99,300
16172,14588,2026-02-24,Starter,9.99,110
16173,13598,2026-02-23,Popular,24.99,300
16174,6662,2026-01-13,Popular,24.99,300
16175,9604,2026-02-16,Mini,4.99,50
16176,11208,2026-08-09,Starter,9.99,110
16177,4326,2026-07-13,Max,199.99,3500
16178,6374,2026-03-17,Max,199.99,3500
16179,5973,2026-04-17,Pro,99.99,1600
16180,2273,2026-08-30,Popular,24.99,300
16181,14362,2026-02-20,Creator,49.99,700
16182,2648,2026-03-31,Popular,24.99,300
16183,10182,2026-01-21,Starter,9.99,110
16184,10907,2026-06-08,Popular,24.99,300
16185,13853,2026-07-24,Popular,24.99,300
16186,9548,2026-04-15,Starter,9.99,110
16187,3127,2026-08-29,Mini,4.99,50
16188,14649,2026-07-24,Popular,24.99,300
16189,10271,2026-05-26,Max,199.99,3500
16190,11141,2026-05-12,Starter,9.99,110
16191,5369,2026-08-05,Pro,99.99,1600
16192,1712,2026-01-09,Popular,24.99,300
16193,7254,2026-08-15,Creator,49.99,700
16194,1835,2026-04-23,Popular,24.99,300
16195,9202,2026-06-06,Popular,24.99,300
16196,8135,2026-07-24,Studio,499.99,10000
16197,2651,2026-05-04,Pro,99.99,1600
16198,900,2026-04-20,Mini,4.99,50
16199,1892,2026-05-08,Popular,24.99,300
16200,9975,2026-08-16,Starter,9.99,110
16201,8527,2026-02-15,Creator,49.99,700
16202,7956,2026-02-03,Starter,9.99,110
16203,4996,2026-04-18,Mini,4.99,50
16204,1248,2026-08-11,Pro,99.99,1600
16205,5441,2026-07-02,Popular,24.99,300
16206,1344,2026-02-08,Mini,4.99,50
16207,10709,2026-05-11,Max,199.99,3500
16208,13784,2026-03-19,Starter,9.99,110
16209,2813,2026-07-07,Creator,49.99,700
16210,5438,2026-07-27,Popular,24.99,300
16211,3246,2026-04-13,Creator,49.99,700
16212,9168,2026-03-26,Starter,9.99,110
16213,6573,2026-04-29,Creator,49.99,700
16214,8776,2026-05-13,Pro,99.99,1600
16215,11113,2026-07-28,Starter,9.99,110
16216,1731,2026-07-13,Max,199.99,3500
16217,14561,2026-03-16,Popular,24.99,300
16218,2504,2026-02-05,Starter,9.99,110
16219,11828,2026-03-13,Creator,49.99,700
16220,10330,2026-06-21,Popular,24.99,300
16221,10145,2026-05-03,Mini,4.99,50
16222,10764,2026-03-30,Mini,4.99,50
16223,3031,2026-06-14,Mini,4.99,50
16224,13332,2026-03-03,Starter,9.99,110
16225,3744,2026-05-09,Starter,9.99,110
16226,3485,2026-05-07,Max,199.99,3500
16227,7828,2026-04-01,Popular,24.99,300
16228,8510,2026-01-22,Creator,49.99,700
16229,7614,2026-07-02,Studio,499.99,10000
16230,1843,2026-07-10,Pro,99.99,1600
16231,7364,2026-07-15,Creator,49.99,700
16232,1024,2026-08-18,Popular,24.99,300
16233,13744,2026-04-23,Popular,24.99,300
16234,13464,2026-02-18,Mini,4.99,50
16235,13842,2026-03-18,Popular,24.99,300
16236,6323,2026-08-24,Creator,49.99,700
16237,12189,2026-01-29,Starter,9.99,110
16238,2773,2026-08-14,Mini,4.99,50
16239,354,2026-03-08,Popular,24.99,300
16240,5475,2026-08-24,Creator,49.99,700
16241,7121,2026-01-29,Creator,49.99,700
16242,3149,2026-07-30,Creator,49.99,700
16243,8044,2026-06-21,Starter,9.99,110
16244,12249,2026-05-14,Pro,99.99,1600
16245,13730,2026-06-17,Creator,49.99,700
16246,14533,2026-01-09,Max,199.99,3500
16247,8801,2026-01-11,Studio,499.99,10000
16248,13611,2026-05-14,Popular,24.99,300
16249,14595,2026-04-26,Mini,4.99,50
16250,10157,2026-08-28,Creator,49.99,700
16251,10282,2026-02-16,Creator,49.99,700
16252,1498,2026-08-16,Pro,99.99,1600
16253,10032,2026-02-19,Creator,49.99,700
16254,3378,2026-02-22,Starter,9.99,110
16255,4413,2026-06-07,Mini,4.99,50
16256,9828,2026-06-24,Mini,4.99,50
16257,1016,2026-04-15,Creator,49.99,700
16258,2761,2026-04-27,Max,199.99,3500
16259,3890,2026-05-09,Creator,49.99,700
16260,14289,2026-05-15,Max,199.99,3500
16261,1335,2026-02-04,Studio,499.99,10000
16262,4734,2026-08-21,Popular,24.99,300
16263,7044,2026-03-13,Starter,9.99,110
16264,6173,2026-01-05,Pro,99.99,1600
16265,11474,2026-03-17,Starter,9.99,110
16266,13294,2026-02-09,Starter,9.99,110
16267,5726,2026-07-19,Studio,499.99,10000
16268,6860,2026-02-19,Popular,24.99,300
16269,5593,2026-03-04,Popular,24.99,300
16270,5534,2026-05-26,Starter,9.99,110
16271,14578,2026-04-16,Starter,9.99,110
16272,11204,2026-06-05,Starter,9.99,110
16273,3275,2026-01-14,Popular,24.99,300
16274,14721,2026-01-19,Max,199.99,3500
16275,3836,2026-05-29,Starter,9.99,110
16276,9400,2026-07-11,Max,199.99,3500
16277,113,2026-06-27,Mini,4.99,50
16278,8561,2026-07-08,Mini,4.99,50
16279,11015,2026-01-19,Popular,24.99,300
16280,1731,2026-05-30,Popular,24.99,300
16281,8479,2026-05-03,Creator,49.99,700
16282,6040,2026-08-13,Creator,49.99,700
16283,4562,2026-05-28,Popular,24.99,300
16284,2040,2026-03-09,Popular,24.99,300
16285,5431,2026-07-24,Starter,9.99,110
16286,2935,2026-07-05,Creator,49.99,700
16287,7733,2026-07-07,Starter,9.99,110
16288,14055,2026-08-10,Max,199.99,3500
16289,9858,2026-03-06,Starter,9.99,110
16290,6466,2026-06-21,Starter,9.99,110
16291,3457,2026-04-29,Popular,24.99,300
16292,3907,2026-01-06,Popular,24.99,300
16293,3029,2026-05-24,Creator,49.99,700
16294,3461,2026-06-03,Starter,9.99,110
16295,9415,2026-02-19,Pro,99.99,1600
16296,771,2026-06-09,Popular,24.99,300
16297,9429,2026-04-13,Popular,24.99,300
16298,4625,2026-08-04,Creator,49.99,700
16299,12763,2026-04-25,Popular,24.99,300
16300,9467,2026-04-21,Starter,9.99,110
16301,2974,2026-03-13,Creator,49.99,700
16302,169,2026-06-23,Popular,24.99,300
16303,6706,2026-07-18,Creator,49.99,700
16304,8209,2026-08-26,Creator,49.99,700
16305,12599,2026-04-04,Starter,9.99,110
16306,4706,2026-02-22,Popular,24.99,300
16307,8335,2026-03-29,Max,199.99,3500
16308,919,2026-04-20,Pro,99.99,1600
16309,11643,2026-04-01,Creator,49.99,700
16310,9976,2026-04-12,Creator,49.99,700
16311,14092,2026-08-27,Max,199.99,3500
16312,6015,2026-05-07,Pro,99.99,1600
16313,9669,2026-08-22,Starter,9.99,110
16314,2819,2026-01-17,Creator,49.99,700
16315,755,2026-04-19,Pro,99.99,1600
16316,12635,2026-08-24,Starter,9.99,110
16317,12214,2026-07-13,Max,199.99,3500
16318,6099,2026-08-29,Pro,99.99,1600
16319,8442,2026-08-02,Mini,4.99,50
16320,1097,2026-05-09,Studio,499.99,10000
16321,12050,2026-08-02,Pro,99.99,1600
16322,14878,2026-08-07,Starter,9.99,110
16323,13920,2026-06-05,Max,199.99,3500
16324,14744,2026-08-27,Starter,9.99,110
16325,5827,2026-07-14,Pro,99.99,1600
16326,4166,2026-04-21,Studio,499.99,10000
16327,8265,2026-01-17,Popular,24.99,300
16328,8259,2026-07-28,Popular,24.99,300
16329,1683,2026-01-12,Max,199.99,3500
16330,6651,2026-01-18,Starter,9.99,110
16331,5423,2026-02-25,Pro,99.99,1600
16332,6566,2026-04-03,Mini,4.99,50
16333,12393,2026-04-08,Max,199.99,3500
16334,7587,2026-02-25,Max,199.99,3500
16335,1723,2026-08-30,Starter,9.99,110
16336,6670,2026-06-23,Mini,4.99,50
16337,13064,2026-04-22,Starter,9.99,110
16338,2174,2026-02-19,Mini,4.99,50
16339,4110,2026-03-02,Creator,49.99,700
16340,2497,2026-02-22,Starter,9.99,110
16341,14142,2026-01-11,Max,199.99,3500
16342,14941,2026-07-30,Pro,99.99,1600
16343,11971,2026-03-02,Popular,24.99,300
16344,14216,2026-02-25,Creator,49.99,700
16345,2524,2026-01-19,Starter,9.99,110
16346,10169,2026-05-21,Starter,9.99,110
16347,8087,2026-03-01,Starter,9.99,110
16348,12008,2026-02-26,Creator,49.99,700
16349,14248,2026-04-07,Popular,24.99,300
16350,11841,2026-01-19,Mini,4.99,50
16351,2273,2026-01-18,Pro,99.99,1600
16352,3293,2026-04-03,Popular,24.99,300
16353,8607,2026-03-17,Max,199.99,3500
16354,7878,2026-06-22,Popular,24.99,300
16355,2817,2026-05-06,Creator,49.99,700
16356,9986,2026-07-30,Creator,49.99,700
16357,13236,2026-07-10,Popular,24.99,300
16358,5249,2026-06-09,Starter,9.99,110
16359,2645,2026-08-27,Popular,24.99,300
16360,13073,2026-04-23,Creator,49.99,700
16361,2505,2026-08-29,Creator,49.99,700
16362,10459,2026-06-29,Pro,99.99,1600
16363,8820,2026-04-03,Pro,99.99,1600
16364,12108,2026-05-11,Creator,49.99,700
16365,9487,2026-01-29,Mini,4.99,50
16366,6960,2026-07-17,Mini,4.99,50
16367,5887,2026-05-22,Starter,9.99,110
16368,1791,2026-08-01,Popular,24.99,300
16369,13483,2026-03-05,Studio,499.99,10000
16370,6619,2026-07-02,Starter,9.99,110
16371,11837,2026-07-02,Creator,49.99,700
16372,3963,2026-07-26,Creator,49.99,700
16373,1909,2026-03-08,Starter,9.99,110
16374,1180,2026-07-13,Starter,9.99,110
16375,14236,2026-07-07,Popular,24.99,300
16376,7528,2026-05-02,Starter,9.99,110
16377,7768,2026-04-20,Mini,4.99,50
16378,8731,2026-05-06,Popular,24.99,300
16379,9860,2026-05-13,Popular,24.99,300
16380,2127,2026-06-17,Pro,99.99,1600
16381,5952,2026-01-06,Creator,49.99,700
16382,8994,2026-04-22,Creator,49.99,700
16383,12109,2026-04-12,Popular,24.99,300
16384,11796,2026-03-25,Starter,9.99,110
16385,12398,2026-07-08,Popular,24.99,300
16386,2711,2026-02-21,Popular,24.99,300
16387,10042,2026-06-12,Popular,24.99,300
16388,1603,2026-03-11,Pro,99.99,1600
16389,10530,2026-08-20,Creator,49.99,700
16390,6748,2026-02-22,Starter,9.99,110
16391,8199,2026-03-04,Mini,4.99,50
16392,10944,2026-07-24,Popular,24.99,300
16393,9790,2026-08-01,Max,199.99,3500
16394,5885,2026-05-03,Creator,49.99,700
16395,12620,2026-04-05,Pro,99.99,1600
16396,3918,2026-04-12,Starter,9.99,110
16397,2621,2026-07-28,Pro,99.99,1600
16398,11678,2026-01-07,Popular,24.99,300
16399,13364,2026-01-09,Studio,499.99,10000
16400,6617,2026-08-01,Max,199.99,3500
16401,5277,2026-02-04,Creator,49.99,700
16402,690,2026-04-10,Starter,9.99,110
16403,4247,2026-07-04,Creator,49.99,700
16404,11231,2026-02-25,Creator,49.99,700
16405,12329,2026-03-11,Creator,49.99,700
16406,314,2026-04-20,Starter,9.99,110
16407,5803,2026-08-15,Starter,9.99,110
16408,11177,2026-06-20,Starter,9.99,110
16409,12695,2026-03-26,Starter,9.99,110
16410,6109,2026-08-22,Creator,49.99,700
16411,13856,2026-08-03,Creator,49.99,700
16412,4115,2026-02-26,Starter,9.99,110
16413,8092,2026-06-06,Pro,99.99,1600
16414,298,2026-02-08,Max,199.99,3500
16415,7678,2026-07-22,Starter,9.99,110
16416,10322,2026-01-15,Popular,24.99,300
16417,2530,2026-06-02,Max,199.99,3500
16418,11298,2026-04-12,Creator,49.99,700
16419,13491,2026-01-10,Popular,24.99,300
16420,13050,2026-04-03,Starter,9.99,110
16421,9982,2026-06-17,Creator,49.99,700
16422,13396,2026-05-25,Pro,99.99,1600
16423,1637,2026-03-24,Mini,4.99,50
16424,1058,2026-05-19,Popular,24.99,300
16425,1575,2026-04-14,Starter,9.99,110
16426,12943,2026-03-28,Popular,24.99,300
16427,10065,2026-07-06,Popular,24.99,300
16428,12053,2026-07-18,Studio,499.99,10000
16429,10259,2026-05-13,Mini,4.99,50
16430,12130,2026-01-04,Starter,9.99,110
16431,903,2026-07-21,Mini,4.99,50
16432,4312,2026-08-31,Pro,99.99,1600
16433,9594,2026-02-23,Creator,49.99,700
16434,9241,2026-04-14,Starter,9.99,110
16435,5807,2026-08-04,Max,199.99,3500
16436,4868,2026-08-03,Creator,49.99,700
16437,12104,2026-07-21,Creator,49.99,700
16438,14272,2026-05-31,Studio,499.99,10000
16439,8791,2026-08-31,Starter,9.99,110
16440,13854,2026-03-17,Starter,9.99,110
16441,3233,2026-07-11,Starter,9.99,110
16442,14906,2026-03-03,Studio,499.99,10000
16443,3479,2026-05-23,Mini,4.99,50
16444,5602,2026-08-16,Popular,24.99,300
16445,10820,2026-01-01,Starter,9.99,110
16446,7326,2026-05-27,Popular,24.99,300
16447,8921,2026-04-01,Pro,99.99,1600
16448,6751,2026-08-28,Starter,9.99,110
16449,6013,2026-05-15,Starter,9.99,110
16450,12145,2026-06-25,Creator,49.99,700
16451,5467,2026-06-21,Popular,24.99,300
16452,13686,2026-02-08,Starter,9.99,110
16453,12891,2026-07-06,Pro,99.99,1600
16454,13561,2026-02-22,Starter,9.99,110
16455,11527,2026-03-31,Popular,24.99,300
16456,5054,2026-02-18,Mini,4.99,50
16457,1099,2026-08-27,Creator,49.99,700
16458,8090,2026-07-27,Mini,4.99,50
16459,3006,2026-04-02,Popular,24.99,300
16460,10919,2026-04-05,Pro,99.99,1600
16461,451,2026-02-06,Creator,49.99,700
16462,5387,2026-01-07,Pro,99.99,1600
16463,4017,2026-02-08,Mini,4.99,50
16464,4066,2026-01-28,Pro,99.99,1600
16465,4417,2026-02-26,Creator,49.99,700
16466,632,2026-01-05,Max,199.99,3500
16467,4524,2026-01-08,Pro,99.99,1600
16468,13067,2026-06-14,Max,199.99,3500
16469,8286,2026-04-06,Pro,99.99,1600
16470,8227,2026-08-13,Starter,9.99,110
16471,7801,2026-02-28,Creator,49.99,700
16472,8468,2026-06-04,Popular,24.99,300
16473,6576,2026-02-11,Max,199.99,3500
16474,11274,2026-04-30,Starter,9.99,110
16475,3407,2026-08-20,Creator,49.99,700
16476,11701,2026-02-07,Starter,9.99,110
16477,2434,2026-08-31,Mini,4.99,50
16478,179,2026-05-04,Mini,4.99,50
16479,11375,2026-06-12,Starter,9.99,110
16480,9704,2026-04-30,Creator,49.99,700
16481,12318,2026-06-24,Max,199.99,3500
16482,9384,2026-01-02,Starter,9.99,110
16483,8716,2026-06-11,Pro,99.99,1600
16484,13292,2026-01-04,Popular,24.99,300
16485,4240,2026-03-06,Starter,9.99,110
16486,3252,2026-02-22,Max,199.99,3500
16487,10538,2026-01-31,Popular,24.99,300
16488,7961,2026-01-02,Starter,9.99,110
16489,8095,2026-08-18,Creator,49.99,700
16490,3066,2026-02-01,Starter,9.99,110
16491,13099,2026-02-02,Starter,9.99,110
16492,6181,2026-01-14,Starter,9.99,110
16493,9379,2026-08-22,Popular,24.99,300
16494,10148,2026-06-10,Pro,99.99,1600
16495,976,2026-06-07,Popular,24.99,300
16496,1972,2026-05-19,Starter,9.99,110
16497,7238,2026-02-03,Starter,9.99,110
16498,1977,2026-04-20,Popular,24.99,300
16499,239,2026-03-06,Starter,9.99,110
16500,1063,2026-03-18,Creator,49.99,700
16501,8624,2026-08-27,Starter,9.99,110
16502,8285,2026-05-05,Popular,24.99,300
16503,2731,2026-01-25,Starter,9.99,110
16504,7624,2026-04-21,Starter,9.99,110
16505,2135,2026-03-19,Popular,24.99,300
16506,1908,2026-03-21,Starter,9.99,110
16507,1647,2026-06-26,Studio,499.99,10000
16508,11510,2026-07-30,Starter,9.99,110
16509,8855,2026-02-23,Starter,9.99,110
16510,7779,2026-06-04,Starter,9.99,110
16511,1037,2026-01-13,Pro,99.99,1600
16512,12696,2026-08-24,Starter,9.99,110
16513,2370,2026-08-04,Starter,9.99,110
16514,731,2026-01-10,Starter,9.99,110
16515,8790,2026-03-20,Max,199.99,3500
16516,6059,2026-07-01,Mini,4.99,50
16517,3876,2026-01-03,Starter,9.99,110
16518,14764,2026-08-20,Pro,99.99,1600
16519,13534,2026-02-09,Mini,4.99,50
16520,12147,2026-05-19,Creator,49.99,700
16521,8158,2026-05-18,Pro,99.99,1600
16522,2189,2026-03-12,Creator,49.99,700
16523,2476,2026-04-14,Creator,49.99,700
16524,6890,2026-04-29,Popular,24.99,300
16525,4519,2026-05-21,Starter,9.99,110
16526,11153,2026-08-05,Pro,99.99,1600
16527,7419,2026-05-07,Creator,49.99,700
16528,13651,2026-02-02,Studio,499.99,10000
16529,5188,2026-05-13,Max,199.99,3500
16530,13535,2026-04-09,Starter,9.99,110
16531,2454,2026-06-24,Starter,9.99,110
16532,7552,2026-08-21,Pro,99.99,1600
16533,8485,2026-06-19,Starter,9.99,110
16534,13132,2026-01-24,Starter,9.99,110
16535,294,2026-07-01,Creator,49.99,700
16536,5059,2026-01-25,Starter,9.99,110
16537,12675,2026-06-02,Studio,499.99,10000
16538,10372,2026-04-27,Popular,24.99,300
16539,9298,2026-08-04,Popular,24.99,300
16540,3319,2026-07-13,Starter,9.99,110
16541,977,2026-01-25,Starter,9.99,110
16542,9658,2026-04-18,Pro,99.99,1600
16543,1066,2026-05-05,Starter,9.99,110
16544,12243,2026-02-19,Popular,24.99,300
16545,1276,2026-03-16,Starter,9.99,110
16546,10036,2026-05-24,Creator,49.99,700
16547,14933,2026-05-09,Studio,499.99,10000
16548,12156,2026-07-30,Creator,49.99,700
16549,11952,2026-04-30,Popular,24.99,300
16550,3911,2026-08-07,Popular,24.99,300
16551,11421,2026-01-18,Starter,9.99,110
16552,5731,2026-05-11,Studio,499.99,10000
16553,8894,2026-07-14,Mini,4.99,50
16554,11679,2026-07-14,Popular,24.99,300
16555,11490,2026-05-12,Mini,4.99,50
16556,749,2026-07-14,Creator,49.99,700
16557,364,2026-03-16,Popular,24.99,300
16558,6256,2026-05-10,Max,199.99,3500
16559,4529,2026-05-09,Studio,499.99,10000
16560,12833,2026-04-26,Starter,9.99,110
16561,14312,2026-03-15,Popular,24.99,300
16562,13761,2026-07-18,Starter,9.99,110
16563,11958,2026-02-16,Starter,9.99,110
16564,4784,2026-05-23,Popular,24.99,300
16565,4198,2026-02-13,Max,199.99,3500
16566,1946,2026-08-06,Creator,49.99,700
16567,10031,2026-03-11,Pro,99.99,1600
16568,7429,2026-08-11,Mini,4.99,50
16569,13519,2026-08-22,Starter,9.99,110
16570,6944,2026-01-05,Popular,24.99,300
16571,3053,2026-07-13,Popular,24.99,300
16572,11582,2026-06-04,Popular,24.99,300
16573,13019,2026-03-29,Starter,9.99,110
16574,14159,2026-04-17,Pro,99.99,1600
16575,2535,2026-05-13,Pro,99.99,1600
16576,9024,2026-07-23,Pro,99.99,1600
16577,284,2026-03-27,Popular,24.99,300
16578,7559,2026-06-08,Starter,9.99,110
16579,5585,2026-06-13,Mini,4.99,50
16580,8378,2026-08-11,Popular,24.99,300
16581,3650,2026-07-03,Max,199.99,3500
16582,8491,2026-06-19,Popular,24.99,300
16583,12455,2026-05-27,Creator,49.99,700
16584,8379,2026-08-28,Creator,49.99,700
16585,13347,2026-01-13,Starter,9.99,110
16586,9710,2026-08-14,Creator,49.99,700
16587,10796,2026-02-12,Starter,9.99,110
16588,11738,2026-02-12,Mini,4.99,50
16589,7356,2026-08-09,Starter,9.99,110
16590,11986,2026-04-18,Pro,99.99,1600
16591,9284,2026-01-07,Popular,24.99,300
16592,255,2026-03-15,Max,199.99,3500
16593,3474,2026-02-04,Popular,24.99,300
16594,10608,2026-01-28,Creator,49.99,700
16595,13003,2026-03-27,Starter,9.99,110
16596,6520,2026-04-18,Popular,24.99,300
16597,11995,2026-07-19,Pro,99.99,1600
16598,5339,2026-06-10,Creator,49.99,700
16599,6808,2026-05-19,Max,199.99,3500
16600,1277,2026-07-19,Starter,9.99,110
16601,4751,2026-03-28,Creator,49.99,700
16602,13460,2026-02-25,Creator,49.99,700
16603,6753,2026-02-07,Starter,9.99,110
16604,12546,2026-08-18,Starter,9.99,110
16605,1146,2026-01-04,Starter,9.99,110
16606,475,2026-03-31,Mini,4.99,50
16607,14949,2026-03-12,Pro,99.99,1600
16608,13503,2026-04-04,Mini,4.99,50
16609,13815,2026-07-19,Max,199.99,3500
16610,5850,2026-08-01,Max,199.99,3500
16611,11690,2026-02-18,Starter,9.99,110
16612,14293,2026-02-25,Mini,4.99,50
16613,14383,2026-02-18,Studio,499.99,10000
16614,2543,2026-08-21,Mini,4.99,50
16615,13089,2026-05-24,Popular,24.99,300
16616,6037,2026-04-17,Starter,9.99,110
16617,6267,2026-01-31,Pro,99.99,1600
16618,6950,2026-03-01,Starter,9.99,110
16619,13084,2026-04-15,Popular,24.99,300
16620,11577,2026-07-11,Creator,49.99,700
16621,4271,2026-02-22,Creator,49.99,700
16622,12353,2026-03-01,Starter,9.99,110
16623,6896,2026-02-27,Starter,9.99,110
16624,1455,2026-03-21,Starter,9.99,110
16625,6498,2026-04-21,Mini,4.99,50
16626,9561,2026-07-19,Mini,4.99,50
16627,9138,2026-05-25,Starter,9.99,110
16628,4953,2026-04-12,Mini,4.99,50
16629,7795,2026-06-18,Popular,24.99,300
16630,6958,2026-06-10,Pro,99.99,1600
16631,11128,2026-01-09,Creator,49.99,700
16632,3188,2026-04-06,Max,199.99,3500
16633,602,2026-02-10,Pro,99.99,1600
16634,10560,2026-03-05,Popular,24.99,300
16635,1579,2026-02-05,Starter,9.99,110
16636,4496,2026-06-24,Creator,49.99,700
16637,13771,2026-01-19,Mini,4.99,50
16638,9612,2026-05-20,Starter,9.99,110
16639,14963,2026-05-26,Max,199.99,3500
16640,14386,2026-05-21,Max,199.99,3500
16641,7736,2026-04-09,Popular,24.99,300
16642,14115,2026-08-31,Starter,9.99,110
16643,14033,2026-05-05,Studio,499.99,10000
16644,946,2026-01-12,Popular,24.99,300
16645,13132,2026-06-07,Popular,24.99,300
16646,5473,2026-07-08,Popular,24.99,300
16647,262,2026-08-05,Mini,4.99,50
16648,6139,2026-02-06,Popular,24.99,300
16649,11205,2026-07-08,Creator,49.99,700
16650,14414,2026-05-25,Creator,49.99,700
16651,12277,2026-08-30,Popular,24.99,300
16652,11385,2026-01-21,Creator,49.99,700
16653,10283,2026-03-20,Max,199.99,3500
16654,9324,2026-04-05,Creator,49.99,700
16655,5528,2026-06-28,Creator,49.99,700
16656,7698,2026-08-17,Mini,4.99,50
16657,3814,2026-02-06,Starter,9.99,110
16658,4498,2026-03-04,Starter,9.99,110
16659,1239,2026-01-10,Creator,49.99,700
16660,7152,2026-02-07,Max,199.99,3500
16661,5663,2026-02-04,Popular,24.99,300
16662,3752,2026-03-02,Popular,24.99,300
16663,3009,2026-08-31,Creator,49.99,700
16664,12371,2026-08-25,Creator,49.99,700
16665,8968,2026-08-18,Popular,24.99,300
16666,9194,2026-02-08,Mini,4.99,50
16667,941,2026-01-10,Studio,499.99,10000
16668,3232,2026-07-02,Mini,4.99,50
16669,9848,2026-08-25,Popular,24.99,300
16670,2807,2026-01-28,Starter,9.99,110
16671,6696,2026-07-17,Starter,9.99,110
16672,2937,2026-08-06,Max,199.99,3500
16673,11781,2026-01-02,Starter,9.99,110
16674,5465,2026-07-31,Popular,24.99,300
16675,1561,2026-08-11,Starter,9.99,110
16676,5801,2026-08-24,Studio,499.99,10000
16677,501,2026-05-20,Popular,24.99,300
16678,1598,2026-05-16,Max,199.99,3500
16679,4859,2026-03-01,Max,199.99,3500
16680,5726,2026-07-12,Studio,499.99,10000
16681,8478,2026-05-06,Max,199.99,3500
16682,6577,2026-07-07,Starter,9.99,110
16683,3793,2026-05-26,Starter,9.99,110
16684,1471,2026-07-19,Starter,9.99,110
16685,12907,2026-03-30,Mini,4.99,50
16686,12938,2026-06-10,Starter,9.99,110
16687,275,2026-07-31,Popular,24.99,300
16688,4564,2026-03-10,Starter,9.99,110
16689,428,2026-07-11,Studio,499.99,10000
16690,830,2026-08-14,Creator,49.99,700
16691,4559,2026-08-17,Mini,4.99,50
16692,4071,2026-05-01,Starter,9.99,110
16693,113,2026-01-21,Creator,49.99,700
16694,2506,2026-03-13,Mini,4.99,50
16695,8202,2026-05-28,Max,199.99,3500
16696,735,2026-07-15,Mini,4.99,50
16697,9124,2026-07-12,Pro,99.99,1600
16698,14926,2026-08-13,Mini,4.99,50
16699,4996,2026-02-06,Starter,9.99,110
16700,12740,2026-03-01,Starter,9.99,110
16701,11701,2026-05-14,Starter,9.99,110
16702,13693,2026-03-18,Popular,24.99,300
16703,13621,2026-01-02,Popular,24.99,300
16704,528,2026-06-05,Pro,99.99,1600
16705,13332,2026-01-24,Starter,9.99,110
16706,2758,2026-02-08,Popular,24.99,300
16707,9691,2026-07-20,Creator,49.99,700
16708,1983,2026-08-09,Creator,49.99,700
16709,5915,2026-07-03,Pro,99.99,1600
16710,11233,2026-03-02,Creator,49.99,700
16711,14936,2026-01-05,Max,199.99,3500
16712,6315,2026-04-04,Creator,49.99,700
16713,9116,2026-03-26,Popular,24.99,300
16714,14977,2026-02-04,Popular,24.99,300
16715,5846,2026-07-02,Starter,9.99,110
16716,5346,2026-05-23,Max,199.99,3500
16717,10872,2026-02-27,Mini,4.99,50
16718,14561,2026-07-15,Creator,49.99,700
16719,7045,2026-05-05,Creator,49.99,700
16720,12301,2026-02-11,Creator,49.99,700
16721,416,2026-07-06,Creator,49.99,700
16722,14759,2026-07-14,Creator,49.99,700
16723,10462,2026-04-03,Creator,49.99,700
16724,3521,2026-04-03,Popular,24.99,300
16725,13464,2026-03-18,Starter,9.99,110
16726,10405,2026-02-22,Popular,24.99,300
16727,10107,2026-04-20,Creator,49.99,700
16728,9135,2026-04-22,Popular,24.99,300
16729,2624,2026-03-19,Popular,24.99,300
16730,13491,2026-08-21,Mini,4.99,50
16731,10595,2026-07-23,Popular,24.99,300
16732,11320,2026-06-25,Max,199.99,3500
16733,3756,2026-08-17,Pro,99.99,1600
16734,3243,2026-06-17,Pro,99.99,1600
16735,8811,2026-05-20,Creator,49.99,700
16736,2483,2026-01-21,Max,199.99,3500
16737,14353,2026-03-25,Mini,4.99,50
16738,7095,2026-03-30,Pro,99.99,1600
16739,5788,2026-06-06,Max,199.99,3500
16740,10429,2026-06-19,Starter,9.99,110
16741,11613,2026-04-26,Mini,4.99,50
16742,7172,2026-05-04,Mini,4.99,50
16743,13361,2026-04-08,Popular,24.99,300
16744,408,2026-03-30,Starter,9.99,110
16745,5633,2026-03-31,Popular,24.99,300
16746,9425,2026-02-20,Starter,9.99,110
16747,8783,2026-02-04,Max,199.99,3500
16748,6734,2026-02-14,Popular,24.99,300
16749,12574,2026-05-20,Pro,99.99,1600
16750,402,2026-03-28,Max,199.99,3500
16751,14768,2026-01-04,Creator,49.99,700
16752,9058,2026-05-02,Pro,99.99,1600
16753,10887,2026-01-07,Starter,9.99,110
16754,12838,2026-02-23,Starter,9.99,110
16755,4070,2026-01-12,Starter,9.99,110
16756,5174,2026-06-03,Pro,99.99,1600
16757,5431,2026-06-08,Max,199.99,3500
16758,2084,2026-04-24,Popular,24.99,300
16759,3360,2026-01-15,Max,199.99,3500
16760,3464,2026-04-11,Creator,49.99,700
16761,6995,2026-07-13,Popular,24.99,300
16762,10070,2026-06-27,Starter,9.99,110
16763,13885,2026-04-17,Creator,49.99,700
16764,11615,2026-07-12,Starter,9.99,110
16765,211,2026-04-22,Studio,499.99,10000
16766,8164,2026-01-06,Popular,24.99,300
16767,9388,2026-04-13,Max,199.99,3500
16768,4094,2026-04-08,Popular,24.99,300
16769,13229,2026-05-20,Starter,9.99,110
16770,13181,2026-07-05,Starter,9.99,110
16771,7773,2026-04-28,Starter,9.99,110
16772,12746,2026-05-28,Mini,4.99,50
16773,14987,2026-05-26,Starter,9.99,110
16774,4490,2026-04-18,Popular,24.99,300
16775,9852,2026-02-12,Mini,4.99,50
16776,14090,2026-04-14,Starter,9.99,110
16777,1679,2026-05-26,Popular,24.99,300
16778,1089,2026-06-27,Starter,9.99,110
16779,14784,2026-02-17,Max,199.99,3500
16780,5585,2026-07-26,Pro,99.99,1600
16781,11474,2026-07-11,Mini,4.99,50
16782,2136,2026-07-23,Popular,24.99,300
16783,652,2026-01-23,Max,199.99,3500
16784,3749,2026-08-19,Starter,9.99,110
16785,6922,2026-08-21,Starter,9.99,110
16786,14945,2026-01-23,Studio,499.99,10000
16787,8447,2026-08-28,Studio,499.99,10000
16788,3646,2026-04-25,Creator,49.99,700
16789,3360,2026-07-16,Popular,24.99,300
16790,9134,2026-07-26,Popular,24.99,300
16791,3103,2026-04-25,Creator,49.99,700
16792,3960,2026-03-01,Max,199.99,3500
16793,7565,2026-08-29,Max,199.99,3500
16794,11847,2026-02-20,Starter,9.99,110
16795,7833,2026-05-19,Popular,24.99,300
16796,6899,2026-07-17,Pro,99.99,1600
16797,12967,2026-06-28,Starter,9.99,110
16798,13336,2026-06-18,Popular,24.99,300
16799,3183,2026-07-21,Popular,24.99,300
16800,2714,2026-07-16,Starter,9.99,110
16801,2289,2026-06-15,Pro,99.99,1600
16802,6342,2026-08-15,Creator,49.99,700
16803,10800,2026-06-22,Starter,9.99,110
16804,4839,2026-08-10,Starter,9.99,110
16805,8606,2026-03-23,Popular,24.99,300
16806,7235,2026-06-04,Pro,99.99,1600
16807,14166,2026-06-07,Starter,9.99,110
16808,5089,2026-08-04,Popular,24.99,300
16809,9666,2026-05-05,Popular,24.99,300
16810,13537,2026-06-16,Creator,49.99,700
16811,3253,2026-01-25,Mini,4.99,50
16812,6812,2026-03-14,Creator,49.99,700
16813,4669,2026-07-07,Mini,4.99,50
16814,5238,2026-01-07,Creator,49.99,700
16815,14384,2026-01-23,Max,199.99,3500
16816,1452,2026-05-10,Max,199.99,3500
16817,11101,2026-02-03,Studio,499.99,10000
16818,4650,2026-03-26,Popular,24.99,300
16819,9306,2026-02-18,Pro,99.99,1600
16820,13373,2026-05-17,Popular,24.99,300
16821,60,2026-04-04,Creator,49.99,700
16822,14292,2026-03-29,Starter,9.99,110
16823,14231,2026-01-27,Creator,49.99,700
16824,14847,2026-07-05,Creator,49.99,700
16825,13320,2026-08-24,Pro,99.99,1600
16826,4750,2026-03-18,Popular,24.99,300
16827,13474,2026-01-12,Mini,4.99,50
16828,4355,2026-06-24,Creator,49.99,700
16829,501,2026-08-31,Popular,24.99,300
16830,360,2026-03-07,Creator,49.99,700
16831,9427,2026-05-20,Starter,9.99,110
16832,1125,2026-07-16,Popular,24.99,300
16833,12235,2026-04-26,Starter,9.99,110
16834,2382,2026-08-07,Popular,24.99,300
16835,7015,2026-04-19,Starter,9.99,110
16836,10744,2026-07-29,Creator,49.99,700
16837,8644,2026-05-02,Max,199.99,3500
16838,14471,2026-03-16,Starter,9.99,110
16839,13636,2026-02-01,Starter,9.99,110
16840,14093,2026-01-22,Popular,24.99,300
16841,8428,2026-03-15,Mini,4.99,50
16842,980,2026-08-17,Pro,99.99,1600
16843,11461,2026-07-22,Mini,4.99,50
16844,6401,2026-03-20,Starter,9.99,110
16845,672,2026-08-29,Creator,49.99,700
16846,11405,2026-06-05,Starter,9.99,110
16847,895,2026-06-29,Pro,99.99,1600
16848,7612,2026-08-25,Pro,99.99,1600
16849,3966,2026-06-29,Starter,9.99,110
16850,6458,2026-01-19,Popular,24.99,300
16851,5853,2026-04-29,Popular,24.99,300
16852,7911,2026-04-27,Creator,49.99,700
16853,7969,2026-07-08,Creator,49.99,700
16854,3577,2026-07-03,Mini,4.99,50
16855,4101,2026-08-21,Studio,499.99,10000
16856,4556,2026-05-08,Creator,49.99,700
16857,6819,2026-02-06,Pro,99.99,1600
16858,415,2026-08-04,Creator,49.99,700
16859,11875,2026-01-02,Creator,49.99,700
16860,7786,2026-02-10,Popular,24.99,300
16861,3759,2026-08-03,Popular,24.99,300
16862,3562,2026-04-21,Mini,4.99,50
16863,14213,2026-05-17,Starter,9.99,110
16864,2570,2026-01-08,Starter,9.99,110
16865,1517,2026-02-27,Creator,49.99,700
16866,13432,2026-08-11,Creator,49.99,700
16867,6885,2026-05-29,Starter,9.99,110
16868,13867,2026-06-06,Popular,24.99,300
16869,10670,2026-02-19,Creator,49.99,700
16870,6049,2026-08-05,Pro,99.99,1600
16871,7194,2026-03-15,Starter,9.99,110
16872,9177,2026-08-25,Max,199.99,3500
16873,665,2026-08-17,Starter,9.99,110
16874,10157,2026-08-22,Popular,24.99,300
16875,2444,2026-02-07,Starter,9.99,110
16876,1829,2026-03-22,Creator,49.99,700
16877,1283,2026-07-24,Creator,49.99,700
16878,471,2026-01-16,Popular,24.99,300
16879,11639,2026-07-28,Starter,9.99,110
16880,6963,2026-04-22,Creator,49.99,700
16881,8182,2026-06-22,Starter,9.99,110
16882,2575,2026-01-12,Pro,99.99,1600
16883,7952,2026-06-25,Popular,24.99,300
16884,9479,2026-01-13,Creator,49.99,700
16885,12644,2026-04-05,Studio,499.99,10000
16886,10749,2026-07-25,Starter,9.99,110
16887,2202,2026-05-31,Popular,24.99,300
16888,2812,2026-07-12,Starter,9.99,110
16889,4229,2026-03-21,Mini,4.99,50
16890,1081,2026-03-03,Creator,49.99,700
16891,2674,2026-01-09,Max,199.99,3500
16892,10720,2026-04-01,Creator,49.99,700
16893,11588,2026-04-06,Pro,99.99,1600
16894,11537,2026-03-12,Starter,9.99,110
16895,3584,2026-05-02,Mini,4.99,50
16896,14118,2026-03-21,Pro,99.99,1600
16897,13347,2026-01-04,Starter,9.99,110
16898,14104,2026-03-28,Pro,99.99,1600
16899,1199,2026-07-23,Starter,9.99,110
16900,12834,2026-05-20,Studio,499.99,10000
16901,2278,2026-02-25,Popular,24.99,300
16902,11094,2026-05-22,Creator,49.99,700
16903,4351,2026-01-24,Starter,9.99,110
16904,4211,2026-03-23,Popular,24.99,300
16905,3140,2026-06-11,Starter,9.99,110
16906,4293,2026-01-06,Starter,9.99,110
16907,8652,2026-02-25,Studio,499.99,10000
16908,5246,2026-01-19,Popular,24.99,300
16909,8265,2026-05-25,Pro,99.99,1600
16910,3270,2026-08-10,Creator,49.99,700
16911,5389,2026-07-15,Starter,9.99,110
16912,6181,2026-07-30,Creator,49.99,700
16913,6914,2026-04-01,Mini,4.99,50
16914,647,2026-03-18,Popular,24.99,300
16915,2083,2026-01-27,Creator,49.99,700
16916,3839,2026-03-15,Starter,9.99,110
16917,14275,2026-01-23,Max,199.99,3500
16918,11059,2026-08-17,Popular,24.99,300
16919,11191,2026-01-08,Mini,4.99,50
16920,13289,2026-07-15,Popular,24.99,300
16921,14096,2026-04-13,Max,199.99,3500
16922,1435,2026-08-07,Starter,9.99,110
16923,11759,2026-03-31,Starter,9.99,110
16924,8872,2026-03-12,Creator,49.99,700
16925,11186,2026-02-14,Max,199.99,3500
16926,4075,2026-05-06,Starter,9.99,110
16927,5416,2026-01-23,Popular,24.99,300
16928,7175,2026-08-09,Max,199.99,3500
16929,1029,2026-08-06,Mini,4.99,50
16930,5071,2026-01-31,Max,199.99,3500
16931,8019,2026-08-26,Popular,24.99,300
16932,8311,2026-08-05,Pro,99.99,1600
16933,12851,2026-07-05,Mini,4.99,50
16934,11998,2026-08-27,Creator,49.99,700
16935,3431,2026-03-17,Mini,4.99,50
16936,9786,2026-05-16,Starter,9.99,110
16937,871,2026-06-07,Popular,24.99,300
16938,420,2026-03-27,Starter,9.99,110
16939,6733,2026-07-10,Mini,4.99,50
16940,12887,2026-07-09,Creator,49.99,700
16941,13933,2026-02-06,Max,199.99,3500
16942,3026,2026-02-05,Popular,24.99,300
16943,6958,2026-06-13,Creator,49.99,700
16944,1153,2026-06-29,Creator,49.99,700
16945,1867,2026-07-12,Creator,49.99,700
16946,1580,2026-07-28,Popular,24.99,300
16947,8656,2026-07-25,Popular,24.99,300
16948,12747,2026-07-10,Popular,24.99,300
16949,2713,2026-02-22,Max,199.99,3500
16950,4400,2026-02-17,Starter,9.99,110
16951,10428,2026-07-11,Pro,99.99,1600
16952,1336,2026-04-01,Popular,24.99,300
16953,2361,2026-07-24,Popular,24.99,300
16954,1756,2026-03-21,Popular,24.99,300
16955,10937,2026-03-02,Starter,9.99,110
16956,10184,2026-08-06,Creator,49.99,700
16957,13364,2026-03-20,Studio,499.99,10000
16958,2,2026-05-15,Popular,24.99,300
16959,8971,2026-03-17,Max,199.99,3500
16960,7285,2026-05-07,Starter,9.99,110
16961,10610,2026-08-07,Max,199.99,3500
16962,2395,2026-03-21,Max,199.99,3500
16963,9009,2026-04-20,Creator,49.99,700
16964,7748,2026-06-30,Mini,4.99,50
16965,8653,2026-08-17,Mini,4.99,50
16966,11044,2026-06-20,Creator,49.99,700
16967,630,2026-08-31,Mini,4.99,50
16968,10215,2026-07-14,Mini,4.99,50
16969,9716,2026-07-06,Starter,9.99,110
16970,7742,2026-07-12,Pro,99.99,1600
16971,9596,2026-04-16,Starter,9.99,110
16972,373,2026-05-28,Max,199.99,3500
16973,10774,2026-04-18,Max,199.99,3500
16974,9258,2026-08-30,Creator,49.99,700
16975,14565,2026-03-03,Starter,9.99,110
16976,3793,2026-04-28,Starter,9.99,110
16977,14915,2026-08-29,Popular,24.99,300
16978,11921,2026-03-20,Starter,9.99,110
16979,11912,2026-02-21,Studio,499.99,10000
16980,10052,2026-06-23,Starter,9.99,110
16981,13427,2026-05-01,Mini,4.99,50
16982,11701,2026-06-08,Pro,99.99,1600
16983,3537,2026-01-30,Mini,4.99,50
16984,1067,2026-06-10,Mini,4.99,50
16985,5021,2026-05-20,Starter,9.99,110
16986,7809,2026-03-10,Popular,24.99,300
16987,14860,2026-07-11,Starter,9.99,110
16988,7078,2026-04-29,Starter,9.99,110
16989,9877,2026-05-14,Creator,49.99,700
16990,5110,2026-06-20,Creator,49.99,700
16991,13210,2026-08-23,Max,199.99,3500
16992,13033,2026-06-18,Starter,9.99,110
16993,5833,2026-06-01,Creator,49.99,700
16994,221,2026-07-13,Creator,49.99,700
16995,3863,2026-07-13,Starter,9.99,110
16996,10409,2026-08-30,Popular,24.99,300
16997,9686,2026-08-30,Mini,4.99,50
16998,7875,2026-02-09,Popular,24.99,300
16999,13039,2026-05-28,Max,199.99,3500
17000,7257,2026-01-20,Creator,49.99,700
17001,8317,2026-03-07,Creator,49.99,700
17002,12380,2026-01-06,Mini,4.99,50
17003,3569,2026-01-11,Starter,9.99,110
17004,3012,2026-04-07,Creator,49.99,700
17005,8186,2026-08-21,Max,199.99,3500
17006,12783,2026-07-13,Creator,49.99,700
17007,6023,2026-01-03,Popular,24.99,300
17008,1007,2026-05-18,Popular,24.99,300
17009,9698,2026-01-20,Pro,99.99,1600
17010,11893,2026-06-24,Mini,4.99,50
17011,13831,2026-02-11,Max,199.99,3500
17012,8062,2026-04-02,Creator,49.99,700
17013,7645,2026-08-05,Pro,99.99,1600
17014,4982,2026-01-26,Popular,24.99,300
17015,7331,2026-07-27,Starter,9.99,110
17016,10670,2026-01-05,Creator,49.99,700
17017,9885,2026-07-20,Starter,9.99,110
17018,9332,2026-04-01,Pro,99.99,1600
17019,1647,2026-06-11,Creator,49.99,700
17020,5588,2026-06-16,Popular,24.99,300
17021,14666,2026-05-07,Pro,99.99,1600
17022,10971,2026-02-18,Popular,24.99,300
17023,4655,2026-05-05,Pro,99.99,1600
17024,4691,2026-02-24,Starter,9.99,110
17025,3452,2026-01-30,Pro,99.99,1600
17026,285,2026-04-13,Mini,4.99,50
17027,14911,2026-03-07,Popular,24.99,300
17028,3813,2026-04-19,Mini,4.99,50
17029,11323,2026-06-29,Starter,9.99,110
17030,13660,2026-03-19,Creator,49.99,700
17031,12965,2026-02-22,Pro,99.99,1600
17032,14610,2026-03-29,Pro,99.99,1600
17033,12081,2026-07-18,Popular,24.99,300
17034,6875,2026-03-06,Pro,99.99,1600
17035,9209,2026-01-18,Mini,4.99,50
17036,10861,2026-01-18,Starter,9.99,110
17037,11415,2026-08-29,Starter,9.99,110
17038,2115,2026-03-07,Popular,24.99,300
17039,508,2026-01-18,Pro,99.99,1600
17040,8101,2026-03-23,Creator,49.99,700
17041,7992,2026-07-27,Mini,4.99,50
17042,14183,2026-03-29,Popular,24.99,300
17043,8142,2026-01-11,Max,199.99,3500
17044,227,2026-04-15,Starter,9.99,110
17045,9999,2026-07-14,Mini,4.99,50
17046,9910,2026-05-12,Pro,99.99,1600
17047,9629,2026-02-21,Creator,49.99,700
17048,7187,2026-08-07,Pro,99.99,1600
17049,3684,2026-02-07,Creator,49.99,700
17050,9446,2026-05-31,Max,199.99,3500
17051,1811,2026-04-05,Mini,4.99,50
17052,10041,2026-06-07,Pro,99.99,1600
17053,3714,2026-07-17,Pro,99.99,1600
17054,6435,2026-01-28,Popular,24.99,300
17055,9853,2026-06-11,Creator,49.99,700
17056,12990,2026-06-24,Popular,24.99,300
17057,3143,2026-03-27,Pro,99.99,1600
17058,7813,2026-01-06,Starter,9.99,110
17059,12160,2026-03-05,Mini,4.99,50
17060,9965,2026-07-18,Starter,9.99,110
17061,5046,2026-03-13,Starter,9.99,110
17062,717,2026-02-17,Mini,4.99,50
17063,1227,2026-03-02,Starter,9.99,110
17064,9433,2026-05-28,Mini,4.99,50
17065,7698,2026-08-24,Starter,9.99,110
17066,1262,2026-08-13,Studio,499.99,10000
17067,12536,2026-01-22,Pro,99.99,1600
17068,5347,2026-01-10,Starter,9.99,110
17069,9328,2026-01-18,Starter,9.99,110
17070,6562,2026-05-06,Pro,99.99,1600
17071,2373,2026-03-27,Starter,9.99,110
17072,9086,2026-04-27,Pro,99.99,1600
17073,5338,2026-05-01,Starter,9.99,110
17074,1620,2026-08-07,Pro,99.99,1600
17075,8226,2026-02-26,Mini,4.99,50
17076,8728,2026-03-11,Starter,9.99,110
17077,9692,2026-05-16,Creator,49.99,700
17078,9586,2026-07-07,Pro,99.99,1600
17079,6232,2026-08-21,Popular,24.99,300
17080,14706,2026-05-08,Pro,99.99,1600
17081,6070,2026-06-03,Starter,9.99,110
17082,872,2026-01-20,Popular,24.99,300
17083,2289,2026-07-16,Creator,49.99,700
17084,13579,2026-01-05,Pro,99.99,1600
17085,10449,2026-06-21,Starter,9.99,110
17086,7484,2026-04-02,Pro,99.99,1600
17087,2504,2026-02-01,Pro,99.99,1600
17088,13181,2026-06-05,Popular,24.99,300
17089,5389,2026-05-20,Mini,4.99,50
17090,11476,2026-08-28,Popular,24.99,300
17091,8491,2026-06-28,Max,199.99,3500
17092,10553,2026-01-04,Starter,9.99,110
17093,11823,2026-02-28,Creator,49.99,700
17094,13536,2026-08-20,Max,199.99,3500
17095,5497,2026-04-05,Studio,499.99,10000
17096,848,2026-01-07,Creator,49.99,700
17097,3878,2026-07-21,Starter,9.99,110
17098,10366,2026-01-31,Starter,9.99,110
17099,10607,2026-07-16,Starter,9.99,110
17100,5492,2026-01-09,Mini,4.99,50
17101,6812,2026-03-25,Starter,9.99,110
17102,4575,2026-07-06,Popular,24.99,300
17103,5396,2026-08-07,Max,199.99,3500
17104,3662,2026-03-17,Creator,49.99,700
17105,8337,2026-05-22,Starter,9.99,110
17106,13343,2026-02-05,Starter,9.99,110
17107,2024,2026-05-17,Mini,4.99,50
17108,1922,2026-04-08,Mini,4.99,50
17109,6822,2026-02-10,Studio,499.99,10000
17110,5021,2026-04-28,Starter,9.99,110
17111,2550,2026-06-04,Popular,24.99,300
17112,4350,2026-05-28,Popular,24.99,300
17113,11874,2026-06-25,Starter,9.99,110
17114,10683,2026-05-11,Starter,9.99,110
17115,14228,2026-02-01,Popular,24.99,300
17116,13045,2026-05-28,Max,199.99,3500
17117,1846,2026-04-06,Pro,99.99,1600
17118,8352,2026-03-26,Creator,49.99,700
17119,13323,2026-07-27,Max,199.99,3500
17120,4189,2026-06-22,Popular,24.99,300
17121,11760,2026-06-02,Starter,9.99,110
17122,2567,2026-03-25,Starter,9.99,110
17123,2444,2026-02-12,Creator,49.99,700
17124,12597,2026-04-20,Studio,499.99,10000
17125,12218,2026-07-13,Starter,9.99,110
17126,11661,2026-07-01,Pro,99.99,1600
17127,1032,2026-01-28,Studio,499.99,10000
17128,7358,2026-02-06,Starter,9.99,110
17129,7255,2026-06-11,Popular,24.99,300
17130,2437,2026-05-31,Starter,9.99,110
17131,14742,2026-08-30,Creator,49.99,700
17132,9553,2026-03-01,Creator,49.99,700
17133,10886,2026-02-26,Popular,24.99,300
17134,4007,2026-02-18,Pro,99.99,1600
17135,14957,2026-01-30,Mini,4.99,50
17136,8024,2026-01-10,Pro,99.99,1600
17137,9271,2026-01-09,Popular,24.99,300
17138,11333,2026-04-24,Creator,49.99,700
17139,8908,2026-04-14,Starter,9.99,110
17140,359,2026-03-14,Starter,9.99,110
17141,7049,2026-08-16,Starter,9.99,110
17142,7668,2026-02-21,Starter,9.99,110
17143,134,2026-01-27,Pro,99.99,1600
17144,750,2026-08-10,Popular,24.99,300
17145,9004,2026-01-02,Popular,24.99,300
17146,14266,2026-05-22,Starter,9.99,110
17147,11387,2026-02-22,Studio,499.99,10000
17148,12635,2026-01-05,Max,199.99,3500
17149,14677,2026-03-08,Popular,24.99,300
17150,9219,2026-04-02,Pro,99.99,1600
17151,399,2026-01-27,Max,199.99,3500
17152,6574,2026-04-02,Mini,4.99,50
17153,7553,2026-05-07,Starter,9.99,110
17154,2332,2026-06-17,Starter,9.99,110
17155,3701,2026-01-26,Popular,24.99,300
17156,12917,2026-02-28,Pro,99.99,1600
17157,9596,2026-06-10,Studio,499.99,10000
17158,5719,2026-04-15,Mini,4.99,50
17159,5949,2026-06-04,Starter,9.99,110
17160,13206,2026-06-10,Mini,4.99,50
17161,13332,2026-04-01,Popular,24.99,300
17162,4449,2026-07-03,Creator,49.99,700
17163,10482,2026-04-16,Popular,24.99,300
17164,1832,2026-04-18,Starter,9.99,110
17165,4449,2026-08-05,Popular,24.99,300
17166,6754,2026-03-19,Starter,9.99,110
17167,5141,2026-04-05,Creator,49.99,700
17168,3076,2026-02-04,Mini,4.99,50
17169,12864,2026-07-14,Starter,9.99,110
17170,7197,2026-08-10,Starter,9.99,110
17171,2933,2026-05-01,Creator,49.99,700
17172,11300,2026-01-06,Pro,99.99,1600
17173,1316,2026-06-25,Creator,49.99,700
17174,1472,2026-02-22,Creator,49.99,700
17175,3131,2026-01-14,Pro,99.99,1600
17176,2500,2026-05-17,Starter,9.99,110
17177,12438,2026-03-27,Popular,24.99,300
17178,5823,2026-07-12,Pro,99.99,1600
17179,14208,2026-03-09,Popular,24.99,300
17180,13867,2026-05-30,Starter,9.99,110
17181,1022,2026-03-03,Popular,24.99,300
17182,11062,2026-04-25,Creator,49.99,700
17183,669,2026-01-10,Starter,9.99,110
17184,14915,2026-04-20,Starter,9.99,110
17185,10180,2026-05-02,Starter,9.99,110
17186,2163,2026-04-11,Popular,24.99,300
17187,12669,2026-06-07,Popular,24.99,300
17188,1016,2026-01-22,Creator,49.99,700
17189,3005,2026-02-28,Starter,9.99,110
17190,6749,2026-02-23,Max,199.99,3500
17191,2564,2026-04-02,Popular,24.99,300
17192,2148,2026-07-08,Starter,9.99,110
17193,5890,2026-08-15,Popular,24.99,300
17194,8665,2026-08-19,Max,199.99,3500
17195,1963,2026-08-08,Starter,9.99,110
17196,1589,2026-01-27,Max,199.99,3500
17197,524,2026-03-26,Mini,4.99,50
17198,13908,2026-03-01,Creator,49.99,700
17199,178,2026-02-25,Max,199.99,3500
17200,6524,2026-07-25,Creator,49.99,700
17201,5820,2026-01-30,Max,199.99,3500
17202,2746,2026-08-21,Creator,49.99,700
17203,1366,2026-02-10,Popular,24.99,300
17204,8244,2026-01-19,Popular,24.99,300
17205,1878,2026-04-27,Creator,49.99,700
17206,11645,2026-04-18,Mini,4.99,50
17207,14815,2026-07-10,Pro,99.99,1600
17208,12189,2026-06-30,Mini,4.99,50
17209,9450,2026-02-16,Starter,9.99,110
17210,2184,2026-02-26,Starter,9.99,110
17211,9680,2026-08-05,Popular,24.99,300
17212,7148,2026-08-27,Starter,9.99,110
17213,7387,2026-08-06,Popular,24.99,300
17214,14841,2026-04-04,Starter,9.99,110
17215,3907,2026-08-28,Max,199.99,3500
17216,1444,2026-02-26,Popular,24.99,300
17217,5168,2026-05-31,Pro,99.99,1600
17218,11431,2026-05-09,Studio,499.99,10000
17219,13832,2026-08-06,Starter,9.99,110
17220,7440,2026-06-03,Creator,49.99,700
17221,45,2026-08-09,Starter,9.99,110
17222,8255,2026-07-10,Creator,49.99,700
17223,12905,2026-04-09,Popular,24.99,300
17224,5548,2026-03-08,Starter,9.99,110
17225,9035,2026-01-02,Starter,9.99,110
17226,1130,2026-07-01,Popular,24.99,300
17227,10961,2026-02-20,Creator,49.99,700
17228,3669,2026-07-26,Pro,99.99,1600
17229,11028,2026-02-26,Starter,9.99,110
17230,4294,2026-04-06,Max,199.99,3500
17231,14286,2026-03-08,Creator,49.99,700
17232,11004,2026-08-16,Pro,99.99,1600
17233,7373,2026-07-08,Pro,99.99,1600
17234,6210,2026-01-17,Mini,4.99,50
17235,13356,2026-05-19,Creator,49.99,700
17236,11596,2026-08-18,Creator,49.99,700
17237,4110,2026-02-16,Starter,9.99,110
17238,8571,2026-04-15,Starter,9.99,110
17239,274,2026-01-16,Starter,9.99,110
17240,14877,2026-04-13,Mini,4.99,50
17241,5495,2026-05-07,Popular,24.99,300
17242,1044,2026-07-20,Pro,99.99,1600
17243,12299,2026-07-15,Starter,9.99,110
17244,12057,2026-07-11,Max,199.99,3500
17245,4775,2026-05-02,Popular,24.99,300
17246,12248,2026-05-19,Starter,9.99,110
17247,2506,2026-01-17,Creator,49.99,700
17248,7696,2026-01-04,Starter,9.99,110
17249,8657,2026-03-21,Max,199.99,3500
17250,1225,2026-04-14,Pro,99.99,1600
17251,13515,2026-08-26,Starter,9.99,110
17252,7730,2026-08-10,Popular,24.99,300
17253,4227,2026-03-27,Creator,49.99,700
17254,1765,2026-02-11,Popular,24.99,300
17255,3554,2026-06-22,Starter,9.99,110
17256,199,2026-05-12,Pro,99.99,1600
17257,3912,2026-01-08,Popular,24.99,300
17258,4720,2026-04-06,Pro,99.99,1600
17259,14098,2026-02-27,Mini,4.99,50
17260,14169,2026-08-06,Starter,9.99,110
17261,13439,2026-04-13,Starter,9.99,110
17262,1494,2026-06-04,Starter,9.99,110
17263,2238,2026-01-15,Starter,9.99,110
17264,11984,2026-06-30,Starter,9.99,110
17265,8374,2026-05-14,Max,199.99,3500
17266,777,2026-08-03,Popular,24.99,300
17267,2392,2026-05-17,Studio,499.99,10000
17268,13893,2026-05-27,Pro,99.99,1600
17269,6083,2026-08-22,Starter,9.99,110
17270,13762,2026-06-06,Studio,499.99,10000
17271,14728,2026-07-08,Creator,49.99,700
17272,7056,2026-05-17,Max,199.99,3500
17273,2134,2026-07-26,Max,199.99,3500
17274,10725,2026-08-02,Creator,49.99,700
17275,1173,2026-08-27,Starter,9.99,110
17276,4193,2026-05-03,Popular,24.99,300
17277,9220,2026-01-14,Creator,49.99,700
17278,2417,2026-06-04,Popular,24.99,300
17279,11200,2026-08-28,Pro,99.99,1600
17280,4745,2026-08-12,Max,199.99,3500
17281,10444,2026-07-10,Starter,9.99,110
17282,8753,2026-05-19,Max,199.99,3500
17283,14355,2026-05-14,Creator,49.99,700
17284,13921,2026-04-02,Popular,24.99,300
17285,13661,2026-04-15,Starter,9.99,110
17286,9660,2026-03-10,Popular,24.99,300
17287,9000,2026-01-28,Mini,4.99,50
17288,4031,2026-04-19,Pro,99.99,1600
17289,9201,2026-03-05,Creator,49.99,700
17290,13619,2026-05-20,Pro,99.99,1600
17291,14008,2026-05-01,Pro,99.99,1600
17292,8222,2026-06-24,Max,199.99,3500
17293,9950,2026-04-12,Mini,4.99,50
17294,10363,2026-03-07,Starter,9.99,110
17295,2973,2026-08-07,Popular,24.99,300
17296,11598,2026-06-27,Max,199.99,3500
17297,6783,2026-01-31,Pro,99.99,1600
17298,7277,2026-03-18,Starter,9.99,110
17299,1423,2026-05-19,Starter,9.99,110
17300,2775,2026-08-05,Creator,49.99,700
17301,12796,2026-02-22,Pro,99.99,1600
17302,320,2026-07-15,Pro,99.99,1600
17303,13194,2026-03-06,Creator,49.99,700
17304,10884,2026-05-21,Popular,24.99,300
17305,3286,2026-01-30,Max,199.99,3500
17306,3234,2026-03-21,Popular,24.99,300
17307,12771,2026-05-23,Popular,24.99,300
17308,9325,2026-01-06,Max,199.99,3500
17309,8200,2026-08-03,Starter,9.99,110
17310,13546,2026-02-28,Starter,9.99,110
17311,7233,2026-06-15,Starter,9.99,110
17312,6730,2026-02-10,Creator,49.99,700
17313,14739,2026-05-20,Creator,49.99,700
17314,2350,2026-08-13,Studio,499.99,10000
17315,8352,2026-03-24,Starter,9.99,110
17316,8785,2026-03-25,Creator,49.99,700
17317,14367,2026-03-20,Max,199.99,3500
17318,12420,2026-03-11,Creator,49.99,700
17319,2686,2026-07-05,Starter,9.99,110
17320,7378,2026-03-24,Pro,99.99,1600
17321,1519,2026-04-16,Starter,9.99,110
17322,1670,2026-05-19,Popular,24.99,300
17323,11442,2026-01-02,Starter,9.99,110
17324,4916,2026-06-10,Popular,24.99,300
17325,5490,2026-07-05,Creator,49.99,700
17326,12217,2026-05-01,Popular,24.99,300
17327,8941,2026-01-29,Max,199.99,3500
17328,3172,2026-07-03,Studio,499.99,10000
17329,6942,2026-05-28,Max,199.99,3500
17330,6797,2026-08-19,Creator,49.99,700
17331,12943,2026-06-11,Popular,24.99,300
17332,5591,2026-07-16,Max,199.99,3500
17333,1268,2026-03-24,Starter,9.99,110
17334,10493,2026-06-05,Creator,49.99,700
17335,4672,2026-01-05,Studio,499.99,10000
17336,6822,2026-08-14,Creator,49.99,700
17337,9757,2026-07-27,Pro,99.99,1600
17338,8017,2026-02-20,Popular,24.99,300
17339,5887,2026-05-06,Pro,99.99,1600
17340,145,2026-07-13,Mini,4.99,50
17341,12698,2026-07-27,Mini,4.99,50
17342,284,2026-07-08,Starter,9.99,110
17343,3633,2026-05-20,Starter,9.99,110
17344,14362,2026-06-12,Studio,499.99,10000
17345,6271,2026-07-28,Popular,24.99,300
17346,4044,2026-01-21,Starter,9.99,110
17347,5144,2026-06-23,Creator,49.99,700
17348,543,2026-01-29,Pro,99.99,1600
17349,9142,2026-01-16,Max,199.99,3500
17350,11577,2026-05-01,Mini,4.99,50
17351,5952,2026-03-02,Creator,49.99,700
17352,481,2026-06-26,Starter,9.99,110
17353,9589,2026-07-09,Starter,9.99,110
17354,14316,2026-01-25,Max,199.99,3500
17355,14483,2026-05-04,Max,199.99,3500
17356,1150,2026-08-17,Starter,9.99,110
17357,11659,2026-08-19,Pro,99.99,1600
17358,1399,2026-08-15,Popular,24.99,300
17359,14407,2026-05-26,Creator,49.99,700
17360,10126,2026-04-30,Starter,9.99,110
17361,10618,2026-05-06,Popular,24.99,300
17362,4055,2026-08-27,Starter,9.99,110
17363,4904,2026-03-25,Creator,49.99,700
17364,8477,2026-02-28,Starter,9.99,110
17365,2460,2026-04-30,Creator,49.99,700
17366,2837,2026-01-16,Starter,9.99,110
17367,8161,2026-05-19,Max,199.99,3500
17368,12951,2026-08-14,Popular,24.99,300
17369,10730,2026-01-19,Studio,499.99,10000
17370,13236,2026-07-04,Popular,24.99,300
17371,5439,2026-06-27,Creator,49.99,700
17372,14053,2026-07-08,Pro,99.99,1600
17373,11811,2026-02-08,Mini,4.99,50
17374,7180,2026-06-09,Studio,499.99,10000
17375,3535,2026-02-14,Popular,24.99,300
17376,2076,2026-02-06,Pro,99.99,1600
17377,6502,2026-03-06,Max,199.99,3500
17378,2225,2026-07-29,Creator,49.99,700
17379,1530,2026-03-20,Max,199.99,3500
17380,3996,2026-03-22,Creator,49.99,700
17381,14734,2026-01-15,Mini,4.99,50
17382,8539,2026-02-01,Mini,4.99,50
17383,9297,2026-06-06,Starter,9.99,110
17384,5448,2026-03-23,Popular,24.99,300
17385,5173,2026-02-12,Mini,4.99,50
17386,670,2026-08-27,Mini,4.99,50
17387,7720,2026-05-26,Creator,49.99,700
17388,12343,2026-01-27,Mini,4.99,50
17389,4047,2026-08-07,Creator,49.99,700
17390,12814,2026-07-10,Max,199.99,3500
17391,14601,2026-08-02,Max,199.99,3500
17392,9425,2026-01-10,Pro,99.99,1600
17393,9466,2026-01-16,Mini,4.99,50
17394,13407,2026-04-27,Popular,24.99,300
17395,7812,2026-04-01,Mini,4.99,50
17396,11547,2026-01-14,Starter,9.99,110
17397,8744,2026-08-03,Popular,24.99,300
17398,8440,2026-04-06,Max,199.99,3500
17399,2415,2026-03-26,Creator,49.99,700
17400,6575,2026-08-14,Popular,24.99,300
17401,513,2026-08-31,Pro,99.99,1600
17402,4175,2026-02-13,Max,199.99,3500
17403,11104,2026-06-13,Studio,499.99,10000
17404,10612,2026-04-20,Creator,49.99,700
17405,7123,2026-05-27,Starter,9.99,110
17406,1670,2026-01-03,Max,199.99,3500
17407,12304,2026-05-10,Creator,49.99,700
17408,9283,2026-04-04,Popular,24.99,300
17409,11901,2026-04-12,Starter,9.99,110
17410,10690,2026-03-01,Studio,499.99,10000
17411,6114,2026-06-12,Starter,9.99,110
17412,10286,2026-07-13,Max,199.99,3500
17413,8731,2026-03-12,Creator,49.99,700
17414,5187,2026-02-15,Mini,4.99,50
17415,4405,2026-06-26,Starter,9.99,110
17416,158,2026-07-24,Popular,24.99,300
17417,11186,2026-07-09,Creator,49.99,700
17418,12033,2026-07-21,Mini,4.99,50
17419,14437,2026-05-20,Studio,499.99,10000
17420,6219,2026-04-26,Pro,99.99,1600
17421,12874,2026-01-02,Mini,4.99,50
17422,138,2026-04-02,Creator,49.99,700
17423,4168,2026-03-09,Max,199.99,3500
17424,9351,2026-06-18,Creator,49.99,700
17425,9822,2026-02-20,Starter,9.99,110
17426,10634,2026-02-13,Popular,24.99,300
17427,13443,2026-03-18,Popular,24.99,300
17428,6345,2026-07-03,Creator,49.99,700
17429,12064,2026-01-15,Creator,49.99,700
17430,12479,2026-07-22,Creator,49.99,700
17431,4280,2026-06-29,Starter,9.99,110
17432,4744,2026-01-16,Creator,49.99,700
17433,5637,2026-03-20,Starter,9.99,110
17434,3502,2026-02-01,Mini,4.99,50
17435,9145,2026-01-09,Starter,9.99,110
17436,10441,2026-02-27,Popular,24.99,300
17437,9025,2026-04-07,Creator,49.99,700
17438,2410,2026-03-14,Starter,9.99,110
17439,4847,2026-07-10,Creator,49.99,700
17440,5630,2026-05-15,Starter,9.99,110
17441,14298,2026-02-03,Pro,99.99,1600
17442,7552,2026-05-17,Max,199.99,3500
17443,899,2026-08-03,Creator,49.99,700
17444,5732,2026-03-31,Creator,49.99,700
17445,3676,2026-01-08,Mini,4.99,50
17446,1161,2026-05-07,Mini,4.99,50
17447,6540,2026-01-20,Mini,4.99,50
17448,289,2026-07-13,Starter,9.99,110
17449,3816,2026-07-30,Mini,4.99,50
17450,7002,2026-03-23,Mini,4.99,50
17451,6925,2026-06-30,Popular,24.99,300
17452,14933,2026-01-31,Starter,9.99,110
17453,6621,2026-05-08,Popular,24.99,300
17454,11933,2026-04-01,Creator,49.99,700
17455,3532,2026-02-20,Popular,24.99,300
17456,8583,2026-01-25,Pro,99.99,1600
17457,56,2026-01-30,Starter,9.99,110
17458,12379,2026-02-07,Starter,9.99,110
17459,3439,2026-03-17,Creator,49.99,700
17460,1521,2026-05-05,Max,199.99,3500
17461,10726,2026-04-30,Studio,499.99,10000
17462,13293,2026-06-08,Pro,99.99,1600
17463,6212,2026-08-30,Popular,24.99,300
17464,4051,2026-05-06,Starter,9.99,110
17465,7257,2026-02-07,Popular,24.99,300
17466,13413,2026-04-25,Max,199.99,3500
17467,5273,2026-03-17,Max,199.99,3500
17468,11595,2026-07-04,Starter,9.99,110
17469,8976,2026-07-09,Popular,24.99,300
17470,5254,2026-01-31,Creator,49.99,700
17471,6344,2026-06-07,Mini,4.99,50
17472,4096,2026-07-07,Popular,24.99,300
17473,1886,2026-02-13,Mini,4.99,50
17474,13780,2026-02-13,Starter,9.99,110
17475,3638,2026-01-23,Creator,49.99,700
17476,14572,2026-02-15,Mini,4.99,50
17477,8179,2026-01-23,Popular,24.99,300
17478,735,2026-04-30,Creator,49.99,700
17479,7535,2026-04-28,Mini,4.99,50
17480,11885,2026-02-25,Popular,24.99,300
17481,14860,2026-05-12,Starter,9.99,110
17482,12779,2026-07-19,Popular,24.99,300
17483,9600,2026-08-07,Starter,9.99,110
17484,9178,2026-05-04,Creator,49.99,700
17485,4202,2026-08-22,Starter,9.99,110
17486,5106,2026-01-12,Mini,4.99,50
17487,8147,2026-03-23,Max,199.99,3500
17488,1059,2026-03-01,Popular,24.99,300
17489,318,2026-05-04,Max,199.99,3500
17490,4272,2026-01-16,Starter,9.99,110
17491,924,2026-01-19,Pro,99.99,1600
17492,658,2026-02-22,Creator,49.99,700
17493,9487,2026-07-27,Pro,99.99,1600
17494,4346,2026-02-06,Pro,99.99,1600
17495,3303,2026-06-17,Pro,99.99,1600
17496,7750,2026-05-29,Popular,24.99,300
17497,13766,2026-08-31,Pro,99.99,1600
17498,10989,2026-08-30,Starter,9.99,110
17499,5839,2026-08-18,Popular,24.99,300
17500,3341,2026-01-16,Pro,99.99,1600
17501,2800,2026-05-31,Creator,49.99,700
17502,13925,2026-06-14,Starter,9.99,110
17503,6898,2026-04-30,Pro,99.99,1600
17504,5686,2026-02-06,Max,199.99,3500
17505,13790,2026-01-02,Pro,99.99,1600
17506,12699,2026-04-28,Starter,9.99,110
17507,4932,2026-03-05,Creator,49.99,700
17508,10892,2026-03-10,Starter,9.99,110
17509,1896,2026-04-26,Pro,99.99,1600
17510,2470,2026-04-30,Starter,9.99,110
17511,12865,2026-08-28,Studio,499.99,10000
17512,11037,2026-03-02,Pro,99.99,1600
17513,10700,2026-01-31,Starter,9.99,110
17514,12598,2026-03-23,Creator,49.99,700
17515,2354,2026-02-21,Starter,9.99,110
17516,7392,2026-06-30,Popular,24.99,300
17517,34,2026-05-26,Popular,24.99,300
17518,9548,2026-05-11,Popular,24.99,300
17519,14790,2026-08-15,Max,199.99,3500
17520,8454,2026-01-06,Starter,9.99,110
17521,11248,2026-01-31,Starter,9.99,110
17522,13311,2026-08-02,Mini,4.99,50
17523,6552,2026-05-13,Popular,24.99,300
17524,14859,2026-04-07,Mini,4.99,50
17525,932,2026-05-24,Creator,49.99,700
17526,12499,2026-01-13,Mini,4.99,50
17527,4026,2026-05-16,Creator,49.99,700
17528,8480,2026-01-19,Creator,49.99,700
17529,12756,2026-05-27,Creator,49.99,700
17530,1726,2026-03-19,Studio,499.99,10000
17531,7081,2026-02-20,Starter,9.99,110
17532,11591,2026-01-11,Creator,49.99,700
17533,1494,2026-04-18,Studio,499.99,10000
17534,10481,2026-03-01,Popular,24.99,300
17535,14698,2026-07-20,Mini,4.99,50
17536,6942,2026-02-25,Creator,49.99,700
17537,11410,2026-04-03,Mini,4.99,50
17538,915,2026-08-01,Mini,4.99,50
17539,12498,2026-02-14,Starter,9.99,110
17540,6946,2026-07-18,Creator,49.99,700
17541,14676,2026-04-07,Popular,24.99,300
17542,8833,2026-07-05,Mini,4.99,50
17543,11653,2026-03-10,Starter,9.99,110
17544,6096,2026-01-04,Max,199.99,3500
17545,3252,2026-02-10,Creator,49.99,700
17546,1160,2026-07-27,Pro,99.99,1600
17547,4329,2026-05-12,Starter,9.99,110
17548,3924,2026-07-08,Pro,99.99,1600
17549,3123,2026-07-11,Starter,9.99,110
17550,14821,2026-05-21,Popular,24.99,300
17551,334,2026-01-30,Starter,9.99,110
17552,11482,2026-04-13,Creator,49.99,700
17553,1970,2026-04-27,Starter,9.99,110
17554,13453,2026-08-27,Starter,9.99,110
17555,6780,2026-03-29,Starter,9.99,110
17556,9413,2026-04-13,Starter,9.99,110
17557,7516,2026-06-15,Mini,4.99,50
17558,8617,2026-03-16,Popular,24.99,300
17559,1583,2026-03-31,Mini,4.99,50
17560,13207,2026-03-08,Max,199.99,3500
17561,1240,2026-05-18,Popular,24.99,300
17562,13880,2026-04-05,Creator,49.99,700
17563,1502,2026-06-03,Creator,49.99,700
17564,10709,2026-06-01,Creator,49.99,700
17565,5691,2026-05-05,Starter,9.99,110
17566,6308,2026-07-23,Starter,9.99,110
17567,4193,2026-05-18,Popular,24.99,300
17568,14464,2026-07-19,Starter,9.99,110
17569,5089,2026-05-18,Studio,499.99,10000
17570,12953,2026-01-27,Studio,499.99,10000
17571,3049,2026-08-07,Starter,9.99,110
17572,7991,2026-06-01,Pro,99.99,1600
17573,5384,2026-03-28,Mini,4.99,50
17574,11967,2026-06-01,Pro,99.99,1600
17575,13245,2026-07-08,Mini,4.99,50
17576,8372,2026-05-21,Popular,24.99,300
17577,2337,2026-06-29,Popular,24.99,300
17578,14380,2026-08-07,Creator,49.99,700
17579,4155,2026-02-12,Popular,24.99,300
17580,13585,2026-01-23,Creator,49.99,700
17581,1547,2026-07-29,Creator,49.99,700
17582,12011,2026-04-06,Creator,49.99,700
17583,203,2026-03-16,Popular,24.99,300
17584,1390,2026-04-10,Creator,49.99,700
17585,9995,2026-01-23,Starter,9.99,110
17586,8259,2026-02-01,Starter,9.99,110
17587,3468,2026-01-22,Pro,99.99,1600
17588,9480,2026-02-14,Starter,9.99,110
17589,11641,2026-05-18,Popular,24.99,300
17590,6634,2026-07-27,Starter,9.99,110
17591,7900,2026-02-18,Max,199.99,3500
17592,11790,2026-06-06,Studio,499.99,10000
17593,858,2026-04-13,Mini,4.99,50
17594,4759,2026-08-11,Pro,99.99,1600
17595,5258,2026-03-14,Creator,49.99,700
17596,1282,2026-02-14,Popular,24.99,300
17597,8318,2026-01-26,Starter,9.99,110
17598,2814,2026-07-07,Starter,9.99,110
17599,10394,2026-08-01,Popular,24.99,300
17600,13283,2026-08-26,Starter,9.99,110
17601,8520,2026-04-10,Creator,49.99,700
17602,13583,2026-08-29,Mini,4.99,50
17603,635,2026-04-02,Creator,49.99,700
17604,146,2026-03-20,Mini,4.99,50
17605,14879,2026-02-11,Starter,9.99,110
17606,4296,2026-01-22,Starter,9.99,110
17607,348,2026-02-11,Starter,9.99,110
17608,5241,2026-03-30,Popular,24.99,300
17609,8517,2026-04-23,Creator,49.99,700
17610,1752,2026-06-28,Studio,499.99,10000
17611,1314,2026-03-17,Mini,4.99,50
17612,13064,2026-01-30,Popular,24.99,300
17613,7551,2026-06-27,Starter,9.99,110
17614,7831,2026-08-30,Starter,9.99,110
17615,48,2026-08-18,Popular,24.99,300
17616,6461,2026-07-26,Popular,24.99,300
17617,58,2026-02-15,Starter,9.99,110
17618,7173,2026-06-10,Starter,9.99,110
17619,11443,2026-02-01,Mini,4.99,50
17620,831,2026-05-03,Starter,9.99,110
17621,7489,2026-07-26,Popular,24.99,300
17622,1513,2026-03-02,Mini,4.99,50
17623,14866,2026-01-30,Popular,24.99,300
17624,3205,2026-04-14,Starter,9.99,110
17625,5745,2026-08-31,Starter,9.99,110
17626,3932,2026-06-06,Creator,49.99,700
17627,12883,2026-03-04,Starter,9.99,110
17628,13595,2026-04-09,Mini,4.99,50
17629,8858,2026-06-06,Pro,99.99,1600
17630,4909,2026-05-25,Mini,4.99,50
17631,10644,2026-03-20,Popular,24.99,300
17632,2593,2026-05-26,Starter,9.99,110
17633,7431,2026-07-10,Starter,9.99,110
17634,14495,2026-03-25,Popular,24.99,300
17635,9987,2026-02-07,Max,199.99,3500
17636,9709,2026-01-28,Popular,24.99,300
17637,571,2026-02-19,Popular,24.99,300
17638,1303,2026-04-08,Creator,49.99,700
17639,5840,2026-08-14,Max,199.99,3500
17640,7223,2026-02-13,Starter,9.99,110
17641,11588,2026-03-01,Popular,24.99,300
17642,13615,2026-07-10,Creator,49.99,700
17643,3450,2026-02-12,Mini,4.99,50
17644,2314,2026-08-20,Mini,4.99,50
17645,7675,2026-07-19,Mini,4.99,50
17646,10416,2026-05-30,Creator,49.99,700
17647,4193,2026-08-26,Creator,49.99,700
17648,1755,2026-04-08,Mini,4.99,50
17649,4630,2026-08-21,Starter,9.99,110
17650,8950,2026-03-03,Creator,49.99,700
17651,5774,2026-07-20,Starter,9.99,110
17652,8539,2026-04-28,Popular,24.99,300
17653,810,2026-03-10,Starter,9.99,110
17654,10175,2026-05-04,Pro,99.99,1600
17655,332,2026-02-27,Mini,4.99,50
17656,8176,2026-03-24,Creator,49.99,700
17657,6646,2026-05-09,Pro,99.99,1600
17658,3176,2026-03-10,Max,199.99,3500
17659,1487,2026-08-11,Pro,99.99,1600
17660,5848,2026-03-08,Popular,24.99,300
17661,13743,2026-07-29,Popular,24.99,300
17662,713,2026-06-18,Popular,24.99,300
17663,1969,2026-07-02,Starter,9.99,110
17664,11333,2026-08-18,Popular,24.99,300
17665,14255,2026-06-22,Starter,9.99,110
17666,402,2026-02-02,Starter,9.99,110
17667,12480,2026-04-09,Mini,4.99,50
17668,9012,2026-01-05,Popular,24.99,300
17669,8279,2026-05-11,Popular,24.99,300
17670,1466,2026-05-24,Mini,4.99,50
17671,68,2026-01-11,Starter,9.99,110
17672,6694,2026-04-26,Starter,9.99,110
17673,9074,2026-01-30,Max,199.99,3500
17674,6343,2026-07-05,Creator,49.99,700
17675,698,2026-03-06,Studio,499.99,10000
17676,13866,2026-02-14,Starter,9.99,110
17677,9378,2026-01-04,Popular,24.99,300
17678,5125,2026-01-22,Popular,24.99,300
17679,14085,2026-06-17,Creator,49.99,700
17680,1553,2026-06-25,Pro,99.99,1600
17681,297,2026-05-25,Creator,49.99,700
17682,12829,2026-02-28,Studio,499.99,10000
17683,9438,2026-01-28,Popular,24.99,300
17684,13079,2026-01-13,Creator,49.99,700
17685,1100,2026-01-22,Popular,24.99,300
17686,12474,2026-04-10,Popular,24.99,300
17687,1978,2026-04-30,Pro,99.99,1600
17688,14197,2026-03-23,Mini,4.99,50
17689,4268,2026-02-01,Max,199.99,3500
17690,272,2026-01-05,Creator,49.99,700
17691,12923,2026-04-15,Starter,9.99,110
17692,13360,2026-04-15,Max,199.99,3500
17693,2754,2026-07-05,Pro,99.99,1600
17694,13684,2026-08-14,Starter,9.99,110
17695,1682,2026-01-22,Mini,4.99,50
17696,9318,2026-04-06,Creator,49.99,700
17697,7871,2026-07-24,Mini,4.99,50
17698,5120,2026-04-06,Starter,9.99,110
17699,1327,2026-06-17,Creator,49.99,700
17700,11377,2026-05-25,Creator,49.99,700
17701,10813,2026-04-02,Creator,49.99,700
17702,13570,2026-08-06,Popular,24.99,300
17703,8957,2026-08-20,Pro,99.99,1600
17704,12296,2026-05-29,Mini,4.99,50
17705,825,2026-01-25,Creator,49.99,700
17706,3599,2026-03-03,Popular,24.99,300
17707,3918,2026-01-16,Creator,49.99,700
17708,5368,2026-08-17,Mini,4.99,50
17709,3054,2026-08-13,Starter,9.99,110
17710,6477,2026-07-02,Studio,499.99,10000
17711,12214,2026-05-05,Creator,49.99,700
17712,6932,2026-05-31,Popular,24.99,300
17713,866,2026-03-24,Starter,9.99,110
17714,6940,2026-03-22,Popular,24.99,300
17715,7444,2026-03-24,Creator,49.99,700
17716,8573,2026-07-05,Mini,4.99,50
17717,14292,2026-07-12,Max,199.99,3500
17718,8608,2026-05-16,Studio,499.99,10000
17719,9960,2026-07-26,Creator,49.99,700
17720,14829,2026-03-07,Starter,9.99,110
17721,11846,2026-06-16,Max,199.99,3500
17722,6232,2026-04-22,Popular,24.99,300
17723,12558,2026-06-15,Pro,99.99,1600
17724,5366,2026-01-03,Popular,24.99,300
17725,13658,2026-08-29,Popular,24.99,300
17726,6335,2026-07-10,Popular,24.99,300
17727,8294,2026-02-19,Creator,49.99,700
17728,14711,2026-01-22,Popular,24.99,300
17729,671,2026-02-02,Mini,4.99,50
17730,4823,2026-07-10,Mini,4.99,50
17731,9564,2026-04-09,Creator,49.99,700
17732,6097,2026-07-16,Creator,49.99,700
17733,12085,2026-04-09,Max,199.99,3500
17734,2900,2026-08-27,Max,199.99,3500
17735,5522,2026-06-08,Starter,9.99,110
17736,3145,2026-02-01,Popular,24.99,300
17737,8389,2026-03-04,Mini,4.99,50
17738,7372,2026-02-01,Mini,4.99,50
17739,6842,2026-07-03,Mini,4.99,50
17740,1938,2026-03-14,Popular,24.99,300
17741,8956,2026-05-08,Starter,9.99,110
17742,12723,2026-01-18,Max,199.99,3500
17743,5917,2026-03-28,Popular,24.99,300
17744,6512,2026-02-04,Creator,49.99,700
17745,4532,2026-03-28,Starter,9.99,110
17746,13938,2026-08-16,Creator,49.99,700
17747,862,2026-07-10,Starter,9.99,110
17748,8884,2026-04-30,Creator,49.99,700
17749,11867,2026-02-25,Creator,49.99,700
17750,9157,2026-08-12,Popular,24.99,300
17751,11404,2026-07-14,Pro,99.99,1600
17752,3895,2026-04-11,Creator,49.99,700
17753,9537,2026-07-26,Popular,24.99,300
17754,5236,2026-08-06,Starter,9.99,110
17755,3564,2026-06-20,Starter,9.99,110
17756,1718,2026-08-10,Popular,24.99,300
17757,10075,2026-06-12,Creator,49.99,700
17758,10011,2026-02-18,Creator,49.99,700
17759,13779,2026-08-10,Starter,9.99,110
17760,3459,2026-03-13,Popular,24.99,300
17761,11583,2026-07-31,Max,199.99,3500
17762,6053,2026-02-14,Pro,99.99,1600
17763,14563,2026-07-17,Popular,24.99,300
17764,14973,2026-08-23,Starter,9.99,110
17765,13218,2026-06-07,Starter,9.99,110
17766,12575,2026-06-07,Starter,9.99,110
17767,3346,2026-04-06,Creator,49.99,700
17768,11969,2026-01-22,Starter,9.99,110
17769,12704,2026-07-01,Mini,4.99,50
17770,11754,2026-06-16,Pro,99.99,1600
17771,1491,2026-08-22,Studio,499.99,10000
17772,1796,2026-01-31,Popular,24.99,300
17773,3193,2026-06-07,Max,199.99,3500
17774,12693,2026-01-23,Creator,49.99,700
17775,12545,2026-05-03,Starter,9.99,110
17776,7531,2026-03-16,Studio,499.99,10000
17777,10203,2026-05-21,Popular,24.99,300
17778,13659,2026-01-20,Mini,4.99,50
17779,10722,2026-08-03,Popular,24.99,300
17780,9621,2026-01-10,Mini,4.99,50
17781,6313,2026-02-20,Popular,24.99,300
17782,714,2026-04-11,Creator,49.99,700
17783,12452,2026-06-21,Pro,99.99,1600
17784,5542,2026-02-06,Creator,49.99,700
17785,5069,2026-05-11,Mini,4.99,50
17786,4561,2026-08-01,Popular,24.99,300
17787,14180,2026-08-25,Pro,99.99,1600
17788,9099,2026-02-16,Popular,24.99,300
17789,8678,2026-04-11,Creator,49.99,700
17790,7051,2026-08-02,Popular,24.99,300
17791,4654,2026-06-27,Max,199.99,3500
17792,14044,2026-03-23,Popular,24.99,300
17793,4036,2026-06-14,Popular,24.99,300
17794,5607,2026-08-18,Max,199.99,3500
17795,11066,2026-02-15,Popular,24.99,300
17796,2179,2026-06-07,Mini,4.99,50
17797,5672,2026-01-21,Pro,99.99,1600
17798,695,2026-05-30,Popular,24.99,300
17799,14934,2026-06-06,Creator,49.99,700
17800,10410,2026-05-25,Starter,9.99,110
17801,5922,2026-07-03,Starter,9.99,110
17802,10431,2026-05-11,Mini,4.99,50
17803,1603,2026-05-29,Popular,24.99,300
17804,10417,2026-07-29,Popular,24.99,300
17805,2606,2026-07-07,Starter,9.99,110
17806,9325,2026-06-30,Starter,9.99,110
17807,7561,2026-01-01,Studio,499.99,10000
17808,49,2026-04-27,Pro,99.99,1600
17809,4638,2026-03-10,Creator,49.99,700
17810,6701,2026-02-04,Popular,24.99,300
17811,1233,2026-06-21,Studio,499.99,10000
17812,14583,2026-02-15,Starter,9.99,110
17813,11834,2026-04-14,Starter,9.99,110
17814,8293,2026-04-25,Pro,99.99,1600
17815,9230,2026-07-17,Starter,9.99,110
17816,4903,2026-05-15,Creator,49.99,700
17817,13930,2026-01-23,Mini,4.99,50
17818,5439,2026-06-29,Popular,24.99,300
17819,10166,2026-02-27,Popular,24.99,300
17820,928,2026-06-05,Creator,49.99,700
17821,14740,2026-03-16,Starter,9.99,110
17822,4466,2026-04-07,Starter,9.99,110
17823,3387,2026-08-01,Starter,9.99,110
17824,9745,2026-01-06,Starter,9.99,110
17825,3779,2026-02-16,Creator,49.99,700
17826,6552,2026-04-17,Max,199.99,3500
17827,3129,2026-03-11,Mini,4.99,50
17828,3532,2026-08-19,Pro,99.99,1600
17829,527,2026-02-05,Mini,4.99,50
17830,13720,2026-01-27,Mini,4.99,50
17831,14358,2026-08-31,Popular,24.99,300
17832,6849,2026-04-19,Starter,9.99,110
17833,13462,2026-04-06,Starter,9.99,110
17834,2471,2026-08-22,Starter,9.99,110
17835,11298,2026-06-19,Pro,99.99,1600
17836,8597,2026-04-16,Creator,49.99,700
17837,3240,2026-05-25,Creator,49.99,700
17838,512,2026-03-09,Popular,24.99,300
17839,12010,2026-04-07,Mini,4.99,50
17840,209,2026-03-21,Starter,9.99,110
17841,10377,2026-04-11,Popular,24.99,300
17842,2351,2026-06-19,Popular,24.99,300
17843,10061,2026-03-08,Creator,49.99,700
17844,5530,2026-01-06,Mini,4.99,50
17845,3919,2026-07-23,Starter,9.99,110
17846,8599,2026-05-19,Creator,49.99,700
17847,4874,2026-03-21,Pro,99.99,1600
17848,11864,2026-03-29,Pro,99.99,1600
17849,10003,2026-03-10,Popular,24.99,300
17850,10041,2026-07-27,Popular,24.99,300
17851,3691,2026-05-20,Max,199.99,3500
17852,4622,2026-01-19,Mini,4.99,50
17853,11000,2026-08-17,Mini,4.99,50
17854,1910,2026-02-12,Popular,24.99,300
17855,3281,2026-08-17,Max,199.99,3500
17856,4385,2026-08-28,Starter,9.99,110
17857,7525,2026-02-20,Max,199.99,3500
17858,9103,2026-05-16,Creator,49.99,700
17859,9176,2026-05-19,Popular,24.99,300
17860,1434,2026-04-25,Creator,49.99,700
17861,8410,2026-05-11,Mini,4.99,50
17862,10065,2026-03-16,Starter,9.99,110
17863,12918,2026-08-23,Starter,9.99,110
17864,10193,2026-07-03,Mini,4.99,50
17865,10907,2026-08-14,Starter,9.99,110
17866,7939,2026-03-23,Mini,4.99,50
17867,8490,2026-07-20,Popular,24.99,300
17868,4053,2026-08-19,Creator,49.99,700
17869,11799,2026-06-28,Mini,4.99,50
17870,2016,2026-03-09,Pro,99.99,1600
17871,14524,2026-02-26,Starter,9.99,110
17872,8918,2026-05-07,Mini,4.99,50
17873,7921,2026-04-06,Starter,9.99,110
17874,14539,2026-02-16,Starter,9.99,110
17875,5331,2026-06-06,Max,199.99,3500
17876,11794,2026-03-17,Pro,99.99,1600
17877,2962,2026-03-23,Max,199.99,3500
17878,9646,2026-03-20,Popular,24.99,300
17879,8254,2026-08-24,Creator,49.99,700
17880,9289,2026-06-12,Popular,24.99,300
17881,6104,2026-01-25,Popular,24.99,300
17882,6915,2026-01-26,Starter,9.99,110
17883,10870,2026-08-31,Creator,49.99,700
17884,10890,2026-03-19,Mini,4.99,50
17885,6326,2026-02-27,Popular,24.99,300
17886,9428,2026-05-21,Mini,4.99,50
17887,9512,2026-08-20,Creator,49.99,700
17888,1005,2026-08-22,Popular,24.99,300
17889,6762,2026-06-12,Starter,9.99,110
17890,8322,2026-05-12,Popular,24.99,300
17891,7986,2026-06-11,Starter,9.99,110
17892,1380,2026-05-25,Creator,49.99,700
17893,3932,2026-01-23,Popular,24.99,300
17894,12418,2026-01-23,Pro,99.99,1600
17895,2689,2026-01-17,Pro,99.99,1600
17896,11707,2026-04-12,Pro,99.99,1600
17897,6113,2026-07-16,Mini,4.99,50
17898,449,2026-07-12,Starter,9.99,110
17899,7398,2026-05-29,Creator,49.99,700
17900,10235,2026-08-02,Popular,24.99,300
17901,6436,2026-08-24,Max,199.99,3500
17902,9383,2026-04-22,Mini,4.99,50
17903,4970,2026-02-16,Max,199.99,3500
17904,12616,2026-07-22,Mini,4.99,50
17905,11186,2026-03-06,Creator,49.99,700
17906,11774,2026-06-04,Starter,9.99,110
17907,10166,2026-01-16,Max,199.99,3500
17908,907,2026-06-12,Creator,49.99,700
17909,6293,2026-03-17,Starter,9.99,110
17910,5987,2026-05-07,Creator,49.99,700
17911,11791,2026-01-04,Starter,9.99,110
17912,12964,2026-01-20,Creator,49.99,700
17913,13974,2026-02-15,Max,199.99,3500
17914,1418,2026-06-17,Pro,99.99,1600
17915,13727,2026-03-20,Starter,9.99,110
17916,13929,2026-03-27,Starter,9.99,110
17917,8499,2026-02-27,Creator,49.99,700
17918,13281,2026-06-24,Max,199.99,3500
17919,2088,2026-03-06,Starter,9.99,110
17920,13956,2026-08-22,Popular,24.99,300
17921,12957,2026-08-24,Max,199.99,3500
17922,3467,2026-06-21,Popular,24.99,300
17923,182,2026-01-31,Popular,24.99,300
17924,11796,2026-08-13,Creator,49.99,700
17925,8284,2026-08-10,Starter,9.99,110
17926,12199,2026-02-20,Mini,4.99,50
17927,10602,2026-07-07,Mini,4.99,50
17928,7529,2026-08-25,Pro,99.99,1600
17929,1028,2026-01-06,Max,199.99,3500
17930,9634,2026-07-02,Max,199.99,3500
17931,301,2026-04-20,Starter,9.99,110
17932,10692,2026-04-24,Studio,499.99,10000
17933,10687,2026-03-10,Mini,4.99,50
17934,12340,2026-04-08,Pro,99.99,1600
17935,2986,2026-05-12,Creator,49.99,700
17936,14421,2026-03-08,Popular,24.99,300
17937,12005,2026-01-22,Studio,499.99,10000
17938,1563,2026-06-17,Popular,24.99,300
17939,8749,2026-08-30,Starter,9.99,110
17940,6723,2026-06-12,Pro,99.99,1600
17941,1877,2026-02-13,Creator,49.99,700
17942,7644,2026-08-06,Starter,9.99,110
17943,9581,2026-04-13,Pro,99.99,1600
17944,5836,2026-05-31,Popular,24.99,300
17945,12101,2026-03-30,Pro,99.99,1600
17946,11584,2026-01-25,Pro,99.99,1600
17947,9575,2026-04-14,Pro,99.99,1600
17948,12488,2026-04-17,Popular,24.99,300
17949,7066,2026-05-21,Creator,49.99,700
17950,4318,2026-01-14,Creator,49.99,700
17951,8194,2026-06-25,Pro,99.99,1600
17952,11706,2026-03-21,Max,199.99,3500
17953,4147,2026-02-14,Mini,4.99,50
17954,8217,2026-07-31,Starter,9.99,110
17955,677,2026-05-23,Popular,24.99,300
17956,8355,2026-04-05,Popular,24.99,300
17957,14156,2026-06-30,Creator,49.99,700
17958,8172,2026-04-17,Creator,49.99,700
17959,8032,2026-06-11,Studio,499.99,10000
17960,12893,2026-08-04,Popular,24.99,300
17961,11806,2026-07-12,Studio,499.99,10000
17962,121,2026-06-01,Pro,99.99,1600
17963,13595,2026-08-16,Starter,9.99,110
17964,14454,2026-04-06,Pro,99.99,1600
17965,14187,2026-05-17,Starter,9.99,110
17966,10775,2026-04-10,Pro,99.99,1600
17967,10325,2026-07-16,Starter,9.99,110
17968,13495,2026-03-24,Starter,9.99,110
17969,1147,2026-01-04,Popular,24.99,300
17970,3321,2026-01-10,Mini,4.99,50
17971,12096,2026-05-12,Mini,4.99,50
17972,8046,2026-08-06,Max,199.99,3500
17973,5328,2026-02-16,Mini,4.99,50
17974,3419,2026-03-29,Creator,49.99,700
17975,3045,2026-08-13,Mini,4.99,50
17976,6271,2026-01-14,Mini,4.99,50
17977,12953,2026-05-20,Mini,4.99,50
17978,14601,2026-08-30,Creator,49.99,700
17979,8187,2026-01-01,Starter,9.99,110
17980,7458,2026-08-14,Creator,49.99,700
17981,4965,2026-03-14,Starter,9.99,110
17982,13581,2026-03-26,Popular,24.99,300
17983,13810,2026-05-17,Pro,99.99,1600
17984,14639,2026-01-20,Pro,99.99,1600
17985,7847,2026-06-26,Popular,24.99,300
17986,1441,2026-05-29,Creator,49.99,700
17987,6621,2026-06-21,Creator,49.99,700
17988,541,2026-02-27,Creator,49.99,700
17989,10888,2026-03-06,Starter,9.99,110
17990,595,2026-03-18,Mini,4.99,50
17991,14972,2026-08-16,Studio,499.99,10000
17992,9625,2026-01-17,Max,199.99,3500
17993,1027,2026-06-03,Starter,9.99,110
17994,12954,2026-06-16,Popular,24.99,300
17995,49,2026-03-13,Creator,49.99,700
17996,1046,2026-05-08,Popular,24.99,300
17997,4604,2026-03-15,Creator,49.99,700
17998,2853,2026-03-22,Max,199.99,3500
17999,3967,2026-02-20,Pro,99.99,1600
18000,9426,2026-04-15,Studio,499.99,10000
