reward_id,creator_id,content_id,reward_date,reward_type,credits_earned
1,7730,33229,2026-06-12,Recreate,20
2,1091,29946,2026-08-27,Engagement Bonus,5
3,9936,25624,2026-08-16,Remix,10
4,3479,25813,2026-01-28,Engagement Bonus,5
5,50,35977,2026-05-30,Recreate,20
6,6961,34062,2026-07-20,Remix,10
7,5044,1063,2026-03-17,Remix,10
8,5233,55894,2026-08-17,Recreate,10
9,6212,14873,2026-01-23,Recreate,100
10,3514,28385,2026-01-25,Remix,5
11,3521,11868,2026-06-30,Remix,5
12,9639,17850,2026-02-16,Recreate,30
13,454,54625,2026-08-25,Recreate,100
14,8977,21456,2026-04-05,Recreate,50
15,7566,58189,2026-04-27,Recreate,10
16,496,7171,2026-01-17,Recreate,30
17,8052,17013,2026-05-02,Recreate,10
18,8350,24170,2026-04-17,Remix,50
19,874,44618,2026-05-06,Recreate,20
20,4487,48838,2026-03-06,Remix,30
21,4786,30574,2026-05-08,Remix,20
22,3244,54834,2026-08-25,Recreate,10
23,3093,32287,2026-02-03,Recreate,20
24,7968,57525,2026-07-29,Remix,100
25,9982,35226,2026-02-06,Remix,30
26,9507,43901,2026-07-23,Engagement Bonus,5
27,6276,29667,2026-02-28,Recreate,50
28,2273,12775,2026-01-14,Recreate,20
29,8588,7899,2026-04-29,Remix,10
30,5689,44328,2026-05-31,Recreate,5
31,7654,27345,2026-02-21,Recreate,20
32,4145,23707,2026-01-21,Remix,30
33,8477,50533,2026-04-27,Remix,5
34,9211,14610,2026-01-11,Engagement Bonus,10
35,9768,49995,2026-03-02,Recreate,20
36,6453,53378,2026-05-20,Recreate,20
37,3203,24530,2026-07-14,Recreate,5
38,3904,42255,2026-07-19,Recreate,5
39,9166,925,2026-03-20,Recreate,100
40,2570,22238,2026-01-18,Recreate,20
41,5279,42887,2026-03-24,Recreate,5
42,6044,44762,2026-02-28,Recreate,5
43,9864,15698,2026-04-07,Recreate,5
44,9130,9691,2026-02-02,Remix,50
45,3371,56690,2026-08-24,Remix,10
46,213,39984,2026-04-03,Recreate,100
47,5945,8966,2026-08-04,Engagement Bonus,10
48,9975,49557,2026-08-20,Remix,10
49,5414,35382,2026-01-30,Remix,10
50,3619,1071,2026-07-15,Recreate,20
51,9895,38804,2026-06-14,Remix,10
52,3583,11630,2026-03-13,Remix,10
53,8726,25704,2026-04-10,Recreate,20
54,2543,34303,2026-08-28,Recreate,20
55,212,27550,2026-04-28,Recreate,20
56,4584,55803,2026-06-13,Recreate,10
57,6652,40043,2026-02-04,Recreate,10
58,8724,1064,2026-07-22,Recreate,5
59,5476,42625,2026-08-25,Remix,50
60,5214,12359,2026-05-12,Remix,5
61,2691,9336,2026-06-13,Recreate,100
62,5047,37468,2026-07-22,Recreate,5
63,7957,20516,2026-08-23,Engagement Bonus,5
64,4547,10835,2026-01-16,Engagement Bonus,30
65,5819,37420,2026-08-19,Remix,50
66,291,52765,2026-08-25,Remix,20
67,1763,42063,2026-05-16,Recreate,5
68,2596,15793,2026-05-24,Remix,20
69,9652,32553,2026-01-04,Remix,10
70,8736,1261,2026-04-13,Recreate,100
71,9810,17866,2026-07-10,Recreate,50
72,2179,11970,2026-08-31,Remix,10
73,3564,29551,2026-07-04,Recreate,5
74,1824,28068,2026-08-19,Remix,5
75,6683,40234,2026-05-19,Recreate,5
76,3447,43083,2026-07-27,Remix,20
77,8163,56763,2026-02-25,Recreate,30
78,6464,29700,2026-05-27,Recreate,30
79,9602,39813,2026-07-22,Engagement Bonus,20
80,452,52351,2026-07-11,Recreate,5
81,7766,41232,2026-06-08,Recreate,10
82,3765,788,2026-07-06,Recreate,50
83,895,8277,2026-02-07,Engagement Bonus,10
84,1338,42059,2026-02-06,Recreate,10
85,3290,11363,2026-04-12,Engagement Bonus,20
86,6112,41602,2026-01-28,Recreate,20
87,5792,50932,2026-02-18,Remix,30
88,8863,47182,2026-04-23,Recreate,30
89,8109,49112,2026-03-09,Recreate,20
90,3205,43571,2026-08-13,Remix,10
91,8100,24970,2026-08-05,Remix,30
92,8821,28703,2026-06-14,Engagement Bonus,30
93,6530,39551,2026-06-06,Remix,5
94,2781,54172,2026-04-30,Recreate,10
95,8556,22778,2026-07-03,Recreate,10
96,9624,46279,2026-04-04,Recreate,10
97,9069,28026,2026-02-16,Remix,20
98,610,35866,2026-07-16,Recreate,100
99,6719,39163,2026-08-13,Remix,100
100,9655,21282,2026-06-21,Recreate,5
101,2057,53930,2026-03-21,Engagement Bonus,100
102,329,38014,2026-02-01,Recreate,5
103,4440,8711,2026-06-30,Remix,20
104,647,22397,2026-08-17,Recreate,5
105,7759,53044,2026-02-17,Recreate,20
106,2632,9161,2026-03-31,Engagement Bonus,20
107,1274,57696,2026-06-27,Recreate,10
108,2400,47428,2026-01-21,Recreate,30
109,6002,1863,2026-06-09,Remix,10
110,4428,1956,2026-07-28,Engagement Bonus,5
111,9173,52807,2026-02-21,Engagement Bonus,5
112,7099,45669,2026-03-26,Engagement Bonus,5
113,4977,35536,2026-03-09,Engagement Bonus,30
114,823,35171,2026-04-11,Recreate,20
115,6435,59632,2026-05-19,Engagement Bonus,5
116,4433,57239,2026-06-15,Engagement Bonus,10
117,8360,1592,2026-02-14,Engagement Bonus,5
118,6640,46892,2026-04-05,Remix,20
119,2871,35585,2026-02-23,Recreate,50
120,6170,104,2026-08-11,Remix,30
121,4768,2660,2026-07-15,Recreate,10
122,9999,14496,2026-03-27,Remix,10
123,4576,15022,2026-05-18,Recreate,20
124,5463,50272,2026-08-07,Recreate,10
125,3563,52416,2026-08-17,Recreate,10
126,3252,20147,2026-07-22,Recreate,5
127,1884,939,2026-05-11,Remix,20
128,3746,52583,2026-04-05,Remix,50
129,1742,53187,2026-02-13,Engagement Bonus,50
130,4528,41834,2026-02-24,Recreate,50
131,4206,18076,2026-05-31,Recreate,20
132,8776,53949,2026-01-15,Remix,100
133,4424,8439,2026-01-28,Remix,10
134,7369,16333,2026-01-31,Recreate,5
135,5117,2062,2026-07-23,Engagement Bonus,50
136,8264,7323,2026-06-17,Remix,5
137,2617,25319,2026-03-13,Remix,30
138,9858,22468,2026-06-21,Recreate,10
139,734,10184,2026-06-06,Recreate,20
140,1716,56215,2026-01-14,Recreate,20
141,7502,42685,2026-01-17,Recreate,5
142,3406,13214,2026-01-12,Recreate,30
143,3212,24351,2026-04-12,Remix,20
144,2530,31982,2026-08-17,Recreate,5
145,3012,16102,2026-01-11,Remix,5
146,7291,18696,2026-03-29,Recreate,20
147,3035,4113,2026-03-16,Engagement Bonus,10
148,1349,44279,2026-02-06,Recreate,5
149,4496,35778,2026-05-02,Engagement Bonus,5
150,3211,58649,2026-06-10,Recreate,5
151,4890,9994,2026-08-18,Remix,10
152,1059,12222,2026-01-26,Remix,10
153,4294,34848,2026-04-28,Remix,30
154,2240,22108,2026-05-22,Remix,30
155,4982,31611,2026-05-15,Recreate,20
156,1661,43054,2026-05-07,Engagement Bonus,20
157,2760,5117,2026-01-20,Remix,5
158,300,37497,2026-05-26,Remix,20
159,4647,38871,2026-06-24,Recreate,10
160,9206,7090,2026-03-08,Remix,5
161,6188,8953,2026-05-08,Recreate,5
162,4040,5049,2026-02-11,Remix,10
163,6750,6005,2026-04-26,Recreate,20
164,4861,49102,2026-01-18,Engagement Bonus,5
165,8007,11952,2026-08-21,Recreate,20
166,6839,22787,2026-07-17,Recreate,20
167,4304,9576,2026-04-29,Recreate,10
168,5337,44406,2026-06-03,Remix,10
169,5131,37913,2026-07-31,Recreate,100
170,1052,6002,2026-03-16,Engagement Bonus,10
171,1394,30415,2026-08-24,Remix,50
172,253,32720,2026-07-09,Remix,5
173,462,22729,2026-07-20,Engagement Bonus,30
174,5643,55442,2026-03-11,Recreate,30
175,6268,58254,2026-05-30,Recreate,20
176,4342,42416,2026-07-02,Recreate,10
177,9286,28292,2026-02-05,Recreate,10
178,7224,194,2026-08-20,Recreate,20
179,9813,51101,2026-06-15,Recreate,5
180,7457,35067,2026-01-30,Recreate,10
181,5903,42399,2026-08-06,Remix,30
182,4828,55833,2026-03-17,Engagement Bonus,5
183,6935,52674,2026-01-20,Remix,5
184,7217,56106,2026-01-17,Engagement Bonus,20
185,1922,36434,2026-08-21,Recreate,10
186,5856,57107,2026-02-08,Recreate,5
187,5535,44502,2026-01-05,Remix,30
188,2364,32153,2026-01-23,Recreate,20
189,5422,41502,2026-02-23,Engagement Bonus,20
190,891,39401,2026-07-12,Remix,10
191,6566,506,2026-02-11,Recreate,50
192,926,30775,2026-01-17,Recreate,50
193,1309,6487,2026-05-18,Recreate,100
194,1508,11197,2026-06-03,Recreate,20
195,9117,36178,2026-04-20,Recreate,30
196,4139,37933,2026-06-04,Recreate,5
197,9718,7658,2026-01-17,Recreate,10
198,7223,26487,2026-04-23,Remix,20
199,4297,21298,2026-05-18,Recreate,10
200,586,14111,2026-07-05,Recreate,50
201,1347,57627,2026-07-23,Recreate,5
202,6468,41229,2026-02-16,Recreate,50
203,3351,19323,2026-04-24,Remix,100
204,5607,3114,2026-05-06,Engagement Bonus,10
205,3395,46196,2026-01-15,Engagement Bonus,50
206,3489,45101,2026-05-17,Recreate,10
207,5847,25816,2026-05-19,Recreate,10
208,5395,47339,2026-02-03,Engagement Bonus,5
209,2167,30888,2026-05-17,Remix,20
210,5883,11818,2026-05-14,Engagement Bonus,5
211,7083,56585,2026-08-16,Remix,5
212,6128,42482,2026-01-25,Recreate,100
213,860,39559,2026-07-17,Recreate,10
214,1859,5812,2026-03-26,Recreate,5
215,1285,38427,2026-08-26,Recreate,10
216,6128,17516,2026-05-25,Recreate,5
217,636,59751,2026-08-27,Remix,5
218,9598,213,2026-01-11,Engagement Bonus,30
219,7071,32405,2026-03-22,Recreate,20
220,9912,6118,2026-06-14,Engagement Bonus,5
221,2892,27494,2026-03-16,Remix,50
222,3105,55853,2026-06-09,Recreate,10
223,3967,43590,2026-03-02,Remix,5
224,7749,36367,2026-04-07,Recreate,10
225,1283,46354,2026-03-31,Recreate,30
226,9375,42389,2026-03-17,Engagement Bonus,10
227,3743,57098,2026-08-05,Remix,30
228,6292,40952,2026-03-01,Recreate,30
229,7720,38158,2026-06-17,Engagement Bonus,30
230,8062,20640,2026-01-11,Recreate,100
231,7304,10109,2026-05-20,Remix,5
232,9131,47209,2026-07-22,Engagement Bonus,5
233,231,38999,2026-03-05,Engagement Bonus,5
234,5813,11822,2026-03-26,Engagement Bonus,20
235,4309,35081,2026-05-25,Recreate,100
236,9994,31583,2026-01-16,Recreate,5
237,5563,14883,2026-06-06,Engagement Bonus,5
238,846,1395,2026-07-16,Recreate,30
239,6776,17456,2026-06-10,Recreate,5
240,7394,56411,2026-07-18,Remix,5
241,2120,34908,2026-02-01,Remix,5
242,3963,33891,2026-06-14,Recreate,10
243,3961,4204,2026-08-13,Remix,20
244,7991,9640,2026-08-15,Recreate,5
245,387,50487,2026-01-15,Remix,50
246,5682,54082,2026-07-22,Recreate,5
247,2209,5660,2026-04-11,Recreate,50
248,3830,3233,2026-05-21,Recreate,100
249,5943,34659,2026-03-06,Recreate,10
250,8917,5323,2026-05-31,Remix,10
251,5704,28772,2026-01-02,Recreate,50
252,4589,12597,2026-07-04,Recreate,10
253,2141,7179,2026-04-27,Recreate,20
254,1140,33629,2026-04-28,Recreate,10
255,4045,43295,2026-05-14,Engagement Bonus,10
256,806,21352,2026-02-26,Recreate,5
257,7651,1158,2026-04-20,Recreate,10
258,8712,15144,2026-06-03,Engagement Bonus,5
259,692,27276,2026-03-21,Recreate,50
260,5597,16605,2026-08-14,Recreate,50
261,7338,16828,2026-08-11,Engagement Bonus,20
262,5782,56415,2026-03-26,Recreate,10
263,8776,21542,2026-03-25,Engagement Bonus,5
264,3567,7449,2026-01-20,Remix,10
265,7564,651,2026-01-24,Engagement Bonus,100
266,84,3373,2026-06-17,Recreate,5
267,5866,31552,2026-04-10,Recreate,10
268,150,33345,2026-01-24,Remix,20
269,5700,4947,2026-07-20,Recreate,10
270,8776,21542,2026-05-17,Recreate,30
271,3138,20509,2026-03-07,Recreate,10
272,3874,2057,2026-02-22,Engagement Bonus,5
273,3027,22770,2026-04-14,Remix,30
274,9781,28602,2026-06-20,Recreate,20
275,3923,28194,2026-05-22,Recreate,10
276,2918,39560,2026-08-16,Recreate,10
277,7568,22917,2026-07-24,Recreate,10
278,8387,6897,2026-02-07,Engagement Bonus,10
279,4113,45154,2026-01-09,Recreate,10
280,5047,18333,2026-04-07,Recreate,5
281,2642,14825,2026-02-14,Engagement Bonus,5
282,7456,58969,2026-06-28,Recreate,5
283,2135,34366,2026-04-05,Recreate,10
284,2022,15175,2026-03-11,Remix,5
285,2402,56167,2026-04-05,Remix,50
286,7987,8527,2026-01-02,Recreate,5
287,1223,7769,2026-01-01,Engagement Bonus,20
288,5018,37119,2026-04-26,Recreate,30
289,8826,28185,2026-02-26,Recreate,20
290,7197,47270,2026-05-24,Recreate,10
291,8172,8773,2026-01-13,Recreate,100
292,7684,45076,2026-06-10,Remix,10
293,6741,32784,2026-01-24,Recreate,100
294,8152,49767,2026-05-01,Recreate,50
295,4481,14664,2026-05-28,Recreate,20
296,6754,50845,2026-01-29,Recreate,30
297,9475,9724,2026-05-06,Recreate,100
298,8054,15438,2026-04-24,Recreate,20
299,493,40026,2026-08-26,Recreate,5
300,5873,40191,2026-04-21,Remix,5
301,2913,22615,2026-04-21,Recreate,5
302,9334,31986,2026-02-10,Engagement Bonus,10
303,2162,42374,2026-07-17,Engagement Bonus,10
304,586,6447,2026-06-20,Remix,5
305,7798,19589,2026-07-17,Engagement Bonus,10
306,7884,57629,2026-04-03,Remix,5
307,7735,5038,2026-06-26,Recreate,10
308,9408,36667,2026-04-01,Recreate,10
309,9068,54461,2026-03-18,Remix,10
310,8887,11846,2026-05-22,Remix,5
311,5046,50523,2026-03-25,Recreate,30
312,5286,39834,2026-07-31,Recreate,5
313,933,53804,2026-02-23,Recreate,5
314,5916,43974,2026-06-15,Remix,5
315,2967,15389,2026-02-24,Recreate,10
316,5229,48421,2026-06-01,Remix,50
317,1203,2160,2026-08-09,Recreate,10
318,3892,2988,2026-03-20,Remix,5
319,634,45860,2026-07-16,Recreate,10
320,8442,46686,2026-07-03,Remix,20
321,8244,49708,2026-04-16,Remix,30
322,605,42140,2026-01-19,Recreate,30
323,4519,57503,2026-05-07,Recreate,30
324,5210,17434,2026-04-07,Recreate,5
325,112,28841,2026-06-10,Recreate,50
326,8544,40378,2026-01-24,Remix,20
327,1397,5588,2026-04-04,Remix,100
328,129,40756,2026-01-17,Recreate,30
329,1824,59824,2026-01-08,Recreate,30
330,2459,5316,2026-03-20,Recreate,5
331,6608,57586,2026-02-23,Recreate,5
332,6628,34902,2026-06-30,Recreate,20
333,4861,49102,2026-04-22,Recreate,10
334,7181,34177,2026-06-10,Remix,5
335,3069,10616,2026-05-13,Recreate,50
336,710,22731,2026-01-04,Recreate,10
337,8194,15776,2026-07-08,Remix,5
338,2228,13105,2026-06-01,Remix,5
339,770,15978,2026-01-03,Recreate,50
340,344,13005,2026-07-28,Recreate,10
341,1652,47764,2026-03-20,Recreate,30
342,8945,5811,2026-04-30,Remix,100
343,6438,7300,2026-08-27,Recreate,30
344,3061,28511,2026-05-16,Remix,5
345,1061,49582,2026-08-24,Engagement Bonus,5
346,458,56293,2026-01-26,Recreate,20
347,8916,21697,2026-05-13,Recreate,5
348,6704,18238,2026-07-22,Recreate,20
349,5970,34302,2026-01-08,Remix,30
350,1292,40276,2026-05-02,Remix,20
351,1036,24094,2026-05-15,Remix,10
352,8232,47766,2026-08-07,Remix,5
353,2605,57391,2026-04-06,Recreate,20
354,7058,53333,2026-06-17,Recreate,100
355,9424,4578,2026-03-19,Recreate,5
356,4877,15039,2026-08-26,Remix,10
357,6623,40330,2026-06-08,Recreate,30
358,8685,17856,2026-01-31,Remix,20
359,8818,33861,2026-01-21,Engagement Bonus,10
360,507,53020,2026-08-07,Engagement Bonus,5
361,9772,33943,2026-06-01,Remix,10
362,1349,3427,2026-08-31,Recreate,100
363,4915,13664,2026-07-06,Recreate,10
364,8685,41090,2026-06-30,Recreate,50
365,5418,39513,2026-08-18,Recreate,50
366,4365,32155,2026-07-24,Recreate,5
367,7133,20023,2026-07-02,Recreate,5
368,2541,41521,2026-02-18,Recreate,20
369,8563,1756,2026-08-28,Remix,30
370,1918,17890,2026-03-13,Engagement Bonus,100
371,1607,34522,2026-07-27,Recreate,30
372,6412,7813,2026-04-29,Engagement Bonus,20
373,4317,12120,2026-04-29,Remix,20
374,7788,56812,2026-01-02,Remix,5
375,3501,24741,2026-04-19,Recreate,5
376,7263,8997,2026-03-02,Engagement Bonus,50
377,9978,6977,2026-01-04,Recreate,30
378,8886,869,2026-06-05,Remix,10
379,4148,52263,2026-05-06,Recreate,5
380,2954,50522,2026-05-29,Recreate,5
381,7517,49732,2026-08-25,Recreate,5
382,4736,58915,2026-04-16,Recreate,5
383,5014,44211,2026-07-02,Recreate,20
384,7699,38050,2026-04-22,Recreate,5
385,2317,24670,2026-02-23,Recreate,20
386,4920,13985,2026-04-08,Engagement Bonus,50
387,6131,20317,2026-06-06,Recreate,10
388,1104,16022,2026-07-02,Recreate,5
389,1481,59844,2026-02-15,Recreate,10
390,1246,30315,2026-04-01,Recreate,100
391,3960,25898,2026-04-06,Recreate,100
392,1571,21036,2026-05-22,Recreate,10
393,5846,9621,2026-07-18,Remix,50
394,6722,31368,2026-07-24,Remix,20
395,6536,59924,2026-04-29,Recreate,100
396,883,31291,2026-03-18,Engagement Bonus,5
397,5591,20674,2026-08-17,Recreate,20
398,9636,34475,2026-08-08,Recreate,5
399,477,10745,2026-03-26,Recreate,10
400,8754,57770,2026-01-12,Recreate,20
401,4537,9819,2026-04-21,Remix,10
402,8955,42444,2026-04-23,Recreate,100
403,2949,49921,2026-04-14,Recreate,10
404,1504,36024,2026-04-30,Recreate,5
405,1018,22947,2026-02-09,Remix,10
406,1082,21500,2026-02-08,Recreate,5
407,1164,31229,2026-04-06,Remix,5
408,7052,172,2026-07-13,Remix,20
409,2337,45264,2026-08-10,Remix,30
410,1690,39949,2026-07-14,Recreate,10
411,8011,3543,2026-07-14,Recreate,5
412,1890,12034,2026-06-12,Recreate,20
413,3428,54052,2026-08-17,Remix,5
414,9677,29653,2026-06-30,Recreate,50
415,1156,32165,2026-01-30,Recreate,5
416,2174,14932,2026-03-05,Recreate,20
417,2464,83,2026-03-13,Recreate,20
418,910,19710,2026-03-21,Remix,5
419,3379,50655,2026-04-08,Engagement Bonus,50
420,7783,18581,2026-05-01,Recreate,50
421,2588,15310,2026-08-01,Recreate,5
422,2830,42942,2026-06-06,Recreate,20
423,1982,36206,2026-01-26,Remix,20
424,5280,1145,2026-01-14,Recreate,5
425,2596,16400,2026-04-30,Remix,30
426,4279,10873,2026-04-02,Engagement Bonus,20
427,9614,21443,2026-05-01,Recreate,20
428,4921,46967,2026-01-16,Remix,20
429,1125,19218,2026-07-06,Engagement Bonus,20
430,6899,3028,2026-05-10,Recreate,30
431,8653,5315,2026-05-12,Remix,50
432,1602,14399,2026-01-23,Recreate,20
433,3248,45907,2026-04-10,Engagement Bonus,10
434,551,33836,2026-05-01,Remix,10
435,8933,41135,2026-06-14,Recreate,20
436,1881,20980,2026-08-01,Remix,5
437,4210,4711,2026-02-20,Recreate,100
438,1230,21400,2026-02-12,Engagement Bonus,50
439,5717,46244,2026-02-12,Recreate,20
440,6901,556,2026-07-08,Recreate,20
441,8536,15754,2026-01-15,Recreate,5
442,8618,34785,2026-08-24,Recreate,5
443,1916,7601,2026-02-11,Remix,100
444,4757,33028,2026-05-12,Recreate,30
445,3520,1779,2026-03-09,Engagement Bonus,5
446,6416,39092,2026-08-04,Recreate,10
447,1269,12565,2026-05-14,Recreate,5
448,4423,39960,2026-02-24,Recreate,20
449,1919,58399,2026-06-03,Recreate,50
450,2779,48446,2026-03-01,Remix,30
451,2804,1352,2026-03-02,Remix,20
452,5954,52971,2026-02-23,Remix,5
453,3258,19941,2026-02-03,Recreate,10
454,2945,3451,2026-05-26,Remix,20
455,8111,46015,2026-06-04,Recreate,10
456,2561,21930,2026-02-04,Recreate,5
457,3049,54722,2026-08-25,Engagement Bonus,10
458,4712,34393,2026-05-01,Remix,5
459,328,38584,2026-08-26,Recreate,10
460,6870,57973,2026-06-06,Recreate,30
461,1669,4878,2026-03-05,Recreate,20
462,5409,210,2026-02-09,Recreate,5
463,973,45182,2026-02-16,Recreate,10
464,4136,28637,2026-08-13,Recreate,5
465,9417,44140,2026-03-07,Recreate,30
466,3253,28875,2026-02-21,Engagement Bonus,5
467,2389,29,2026-02-23,Recreate,10
468,5414,34245,2026-03-01,Remix,50
469,5540,53981,2026-03-26,Recreate,20
470,7388,6865,2026-03-14,Remix,20
471,8040,22247,2026-05-14,Remix,10
472,8550,56407,2026-03-28,Recreate,10
473,4706,35612,2026-02-26,Recreate,5
474,69,19728,2026-04-14,Recreate,5
475,3331,19651,2026-03-08,Remix,5
476,7601,34715,2026-01-18,Recreate,50
477,3571,47358,2026-02-24,Recreate,10
478,1997,48193,2026-02-13,Recreate,10
479,1578,54900,2026-04-16,Recreate,5
480,3846,41285,2026-01-14,Remix,30
481,8315,15865,2026-03-10,Engagement Bonus,5
482,7645,10322,2026-06-07,Engagement Bonus,5
483,3585,15790,2026-02-24,Remix,20
484,5822,49278,2026-04-21,Engagement Bonus,10
485,1691,44657,2026-03-08,Remix,10
486,8442,59247,2026-05-10,Recreate,10
487,5089,43439,2026-04-03,Engagement Bonus,100
488,8268,31714,2026-01-29,Remix,5
489,6761,27549,2026-02-03,Engagement Bonus,5
490,12,4962,2026-06-28,Engagement Bonus,20
491,8022,46,2026-01-31,Recreate,10
492,20,34128,2026-01-09,Remix,20
493,2361,24328,2026-06-25,Recreate,5
494,3509,46104,2026-01-19,Engagement Bonus,10
495,1128,52605,2026-06-16,Recreate,30
496,1256,8643,2026-08-24,Recreate,5
497,3120,26775,2026-02-09,Recreate,5
498,3682,40924,2026-04-13,Recreate,5
499,5709,40662,2026-04-18,Engagement Bonus,30
500,800,18332,2026-06-01,Recreate,30
501,8919,47517,2026-04-27,Engagement Bonus,20
502,9546,26415,2026-04-20,Recreate,5
503,4379,48908,2026-07-02,Recreate,5
504,38,25408,2026-04-01,Recreate,20
505,1897,40405,2026-05-26,Recreate,100
506,4685,47503,2026-07-06,Recreate,50
507,9862,9800,2026-03-24,Engagement Bonus,10
508,1929,1811,2026-06-14,Remix,20
509,7214,29938,2026-06-01,Remix,20
510,4288,4139,2026-08-14,Remix,100
511,7358,22666,2026-03-28,Engagement Bonus,5
512,8799,33965,2026-02-06,Remix,5
513,9645,13837,2026-07-27,Remix,50
514,4003,27701,2026-06-18,Engagement Bonus,20
515,1907,27176,2026-01-18,Engagement Bonus,5
516,3980,28404,2026-07-21,Recreate,100
517,98,8199,2026-03-09,Remix,30
518,4825,42392,2026-06-17,Recreate,10
519,8387,36458,2026-04-15,Recreate,10
520,9835,5455,2026-01-12,Remix,20
521,4942,43057,2026-06-11,Recreate,100
522,1250,7297,2026-05-11,Recreate,10
523,1156,21957,2026-08-20,Recreate,5
524,7311,34814,2026-07-19,Recreate,20
525,948,20545,2026-08-26,Remix,100
526,5342,59516,2026-06-10,Recreate,30
527,5447,48083,2026-01-05,Engagement Bonus,5
528,9758,6444,2026-03-13,Recreate,5
529,3547,8053,2026-07-28,Recreate,10
530,2848,54529,2026-06-12,Recreate,30
531,5767,44420,2026-04-27,Recreate,5
532,1654,19522,2026-07-01,Engagement Bonus,50
533,1830,55113,2026-02-22,Engagement Bonus,20
534,5491,25680,2026-07-07,Remix,20
535,2465,40729,2026-07-26,Engagement Bonus,5
536,9467,41351,2026-08-28,Recreate,20
537,5430,9605,2026-02-28,Recreate,5
538,3643,26794,2026-01-11,Remix,10
539,9610,48117,2026-02-18,Recreate,100
540,5617,31679,2026-08-01,Recreate,5
541,9650,24457,2026-08-22,Remix,10
542,484,5257,2026-04-25,Recreate,5
543,6765,58960,2026-05-02,Remix,10
544,8181,50222,2026-02-24,Remix,10
545,6709,54790,2026-02-28,Recreate,50
546,162,36634,2026-03-23,Recreate,5
547,5602,43743,2026-06-17,Recreate,10
548,5931,30829,2026-04-08,Engagement Bonus,10
549,1297,44239,2026-07-17,Recreate,5
550,1144,21076,2026-02-21,Recreate,5
551,5390,42750,2026-06-29,Recreate,100
552,3870,24338,2026-05-03,Recreate,50
553,8136,42066,2026-05-01,Recreate,30
554,8016,6940,2026-01-07,Recreate,20
555,8214,54796,2026-07-08,Recreate,5
556,1576,46457,2026-03-05,Remix,10
557,7891,7372,2026-07-19,Recreate,20
558,5731,3268,2026-03-18,Remix,5
559,7285,3070,2026-08-22,Recreate,5
560,6267,45552,2026-03-11,Remix,30
561,7637,33079,2026-03-14,Recreate,10
562,2274,48702,2026-07-01,Recreate,10
563,1748,23079,2026-04-30,Recreate,100
564,4133,37715,2026-02-08,Remix,10
565,3336,21241,2026-01-14,Remix,10
566,6124,7021,2026-04-18,Engagement Bonus,50
567,3495,25709,2026-03-24,Recreate,10
568,101,45915,2026-02-13,Remix,10
569,9203,26307,2026-07-13,Remix,30
570,3150,18970,2026-04-14,Recreate,10
571,6297,58117,2026-08-09,Recreate,20
572,4378,21526,2026-02-06,Remix,10
573,448,18766,2026-07-02,Recreate,10
574,9525,28209,2026-02-27,Engagement Bonus,50
575,2581,41300,2026-02-27,Recreate,10
576,5006,29762,2026-08-30,Remix,10
577,5849,10047,2026-05-23,Recreate,10
578,3052,49146,2026-05-19,Recreate,50
579,1231,20782,2026-02-19,Remix,30
580,2290,1422,2026-04-09,Recreate,20
581,6,55550,2026-02-28,Recreate,20
582,8907,53138,2026-04-02,Recreate,50
583,9756,12039,2026-08-11,Remix,5
584,2148,35773,2026-03-01,Recreate,10
585,7902,15305,2026-06-29,Recreate,20
586,1613,20148,2026-08-17,Remix,20
587,8050,49077,2026-07-08,Remix,30
588,9541,41303,2026-02-28,Engagement Bonus,20
589,9992,45379,2026-05-28,Remix,5
590,9805,17679,2026-04-02,Remix,20
591,731,53032,2026-01-09,Remix,5
592,7676,7077,2026-07-30,Recreate,5
593,4309,5273,2026-08-07,Remix,5
594,9119,4128,2026-04-12,Recreate,50
595,2844,1663,2026-04-29,Remix,10
596,4579,54535,2026-05-27,Recreate,50
597,878,15566,2026-06-18,Engagement Bonus,30
598,5051,23696,2026-07-07,Engagement Bonus,5
599,4038,17839,2026-06-17,Remix,30
600,2165,41199,2026-04-25,Remix,5
601,6317,21338,2026-05-24,Recreate,10
602,2839,50423,2026-08-11,Engagement Bonus,10
603,4551,14800,2026-03-22,Recreate,20
604,9461,12854,2026-07-18,Recreate,5
605,5152,54782,2026-08-23,Engagement Bonus,10
606,8203,28770,2026-01-13,Recreate,30
607,5492,9500,2026-07-07,Remix,10
608,3191,37020,2026-07-18,Engagement Bonus,10
609,5491,4771,2026-07-03,Recreate,10
610,7126,48438,2026-05-16,Engagement Bonus,50
611,6706,52163,2026-03-11,Recreate,10
612,9907,49744,2026-02-03,Engagement Bonus,20
613,2331,6337,2026-08-31,Remix,5
614,9458,51136,2026-01-03,Recreate,50
615,7334,17687,2026-06-23,Engagement Bonus,10
616,4567,19783,2026-08-01,Recreate,10
617,5453,30620,2026-02-08,Recreate,10
618,9077,17166,2026-05-03,Recreate,50
619,5306,3379,2026-03-20,Recreate,10
620,5775,6563,2026-04-15,Recreate,30
621,4420,6213,2026-05-13,Recreate,10
622,5656,36791,2026-05-26,Recreate,30
623,8381,52203,2026-06-25,Recreate,20
624,9161,45759,2026-03-09,Remix,5
625,6300,29605,2026-04-06,Remix,10
626,9154,37991,2026-03-09,Recreate,30
627,2646,24748,2026-03-29,Recreate,30
628,8322,28363,2026-01-14,Recreate,10
629,520,16110,2026-06-10,Recreate,5
630,6681,30431,2026-07-30,Engagement Bonus,20
631,4401,45338,2026-08-19,Recreate,5
632,2018,50288,2026-05-03,Engagement Bonus,5
633,6066,55427,2026-02-21,Engagement Bonus,10
634,2552,16284,2026-03-30,Remix,20
635,1924,4295,2026-07-18,Recreate,5
636,668,58710,2026-01-14,Engagement Bonus,5
637,7085,11562,2026-02-17,Remix,10
638,4782,39336,2026-02-18,Remix,50
639,2038,20755,2026-05-29,Recreate,10
640,5629,55342,2026-01-26,Remix,5
641,2875,33741,2026-01-01,Remix,50
642,1619,42867,2026-05-04,Recreate,30
643,3140,39240,2026-04-17,Recreate,5
644,6691,19560,2026-08-02,Recreate,50
645,5962,16434,2026-04-16,Remix,20
646,7636,44127,2026-07-07,Remix,50
647,4685,7891,2026-02-21,Recreate,10
648,5790,16071,2026-01-18,Recreate,30
649,509,55078,2026-03-21,Recreate,30
650,7201,13219,2026-07-04,Engagement Bonus,20
651,98,23144,2026-02-28,Remix,20
652,4442,19825,2026-02-14,Remix,20
653,1177,48321,2026-03-14,Recreate,10
654,7604,46975,2026-07-14,Recreate,30
655,8350,22956,2026-06-13,Recreate,10
656,5060,42349,2026-02-24,Recreate,50
657,8998,29517,2026-08-08,Recreate,20
658,2062,8524,2026-02-14,Engagement Bonus,100
659,172,36936,2026-05-29,Engagement Bonus,30
660,2690,52937,2026-06-26,Recreate,10
661,6717,49348,2026-04-02,Recreate,20
662,1223,49198,2026-04-12,Remix,50
663,3918,39416,2026-03-24,Recreate,10
664,5672,56478,2026-02-18,Remix,10
665,9640,19399,2026-08-12,Remix,20
666,95,58067,2026-01-22,Remix,5
667,3852,24963,2026-06-14,Engagement Bonus,20
668,1185,7668,2026-05-23,Remix,30
669,4285,49713,2026-06-18,Recreate,100
670,7032,44964,2026-03-20,Remix,20
671,7808,10075,2026-02-25,Recreate,10
672,4481,7462,2026-01-31,Remix,100
673,3631,16048,2026-02-24,Remix,50
674,5523,8006,2026-02-24,Recreate,10
675,2264,27428,2026-04-16,Recreate,30
676,1552,3149,2026-05-29,Engagement Bonus,10
677,9992,17070,2026-08-28,Recreate,100
678,2760,5117,2026-07-20,Recreate,30
679,2370,19837,2026-02-06,Recreate,5
680,2999,31308,2026-05-11,Engagement Bonus,50
681,5036,19315,2026-04-29,Recreate,30
682,9559,9319,2026-06-25,Recreate,10
683,9461,2358,2026-03-21,Recreate,100
684,4100,14259,2026-04-13,Recreate,5
685,316,58585,2026-08-24,Remix,10
686,3463,51012,2026-05-22,Recreate,5
687,3916,31425,2026-07-27,Recreate,10
688,7638,44222,2026-03-16,Recreate,30
689,1655,6357,2026-02-02,Remix,5
690,2224,33940,2026-03-24,Remix,10
691,7370,6525,2026-04-24,Recreate,5
692,3042,16690,2026-02-18,Recreate,20
693,8158,48603,2026-07-18,Recreate,10
694,8536,52883,2026-05-25,Recreate,20
695,4934,51177,2026-06-12,Engagement Bonus,10
696,408,1030,2026-06-12,Recreate,5
697,6213,47938,2026-02-24,Remix,10
698,7505,22657,2026-07-09,Remix,100
699,9456,170,2026-08-29,Remix,100
700,9897,28747,2026-05-09,Recreate,30
701,5845,23186,2026-02-27,Recreate,50
702,8065,42134,2026-07-05,Engagement Bonus,50
703,1186,54836,2026-05-12,Engagement Bonus,5
704,3112,54555,2026-02-24,Engagement Bonus,5
705,5277,12586,2026-03-28,Recreate,10
706,7913,15294,2026-03-28,Remix,50
707,2412,8916,2026-01-17,Recreate,20
708,4580,28487,2026-05-11,Remix,10
709,5977,6275,2026-06-14,Recreate,10
710,7539,1288,2026-08-23,Engagement Bonus,10
711,2632,34322,2026-08-12,Recreate,20
712,646,13082,2026-06-07,Recreate,5
713,8799,6882,2026-03-18,Recreate,20
714,522,28864,2026-04-17,Remix,5
715,6023,40959,2026-07-08,Recreate,30
716,1879,33661,2026-04-29,Recreate,10
717,1294,687,2026-01-21,Recreate,30
718,8016,50926,2026-01-08,Recreate,100
719,2543,24646,2026-07-09,Engagement Bonus,10
720,303,8500,2026-06-13,Recreate,20
721,7146,9826,2026-06-08,Recreate,50
722,3117,48994,2026-03-21,Recreate,100
723,7901,22297,2026-06-19,Engagement Bonus,10
724,4192,11396,2026-07-12,Recreate,5
725,5098,56281,2026-08-31,Remix,100
726,9328,53198,2026-04-03,Recreate,10
727,416,17459,2026-02-26,Recreate,30
728,6895,36699,2026-07-01,Recreate,5
729,810,33480,2026-05-16,Engagement Bonus,30
730,4113,45587,2026-06-17,Remix,10
731,5189,5246,2026-01-21,Recreate,30
732,5517,4857,2026-02-26,Recreate,5
733,4467,51912,2026-06-11,Recreate,30
734,5832,53425,2026-05-06,Engagement Bonus,50
735,295,55307,2026-02-03,Remix,100
736,190,42839,2026-04-13,Recreate,20
737,4641,28977,2026-08-04,Engagement Bonus,20
738,1915,35816,2026-08-05,Engagement Bonus,5
739,5546,23635,2026-01-10,Recreate,20
740,520,25769,2026-07-15,Remix,20
741,3317,50824,2026-04-12,Recreate,20
742,7045,29308,2026-04-02,Remix,5
743,8864,59528,2026-03-04,Recreate,20
744,9325,41452,2026-06-23,Engagement Bonus,100
745,7999,20296,2026-05-07,Recreate,5
746,4079,53426,2026-05-31,Recreate,5
747,7780,28724,2026-06-27,Remix,10
748,9023,2956,2026-03-22,Remix,20
749,4173,57707,2026-07-28,Recreate,5
750,2791,55905,2026-04-21,Recreate,20
751,3539,28925,2026-01-24,Recreate,20
752,6182,44179,2026-08-30,Engagement Bonus,30
753,5363,391,2026-01-10,Recreate,5
754,5435,38459,2026-02-18,Engagement Bonus,20
755,7115,27271,2026-04-28,Recreate,100
756,8056,23513,2026-06-06,Remix,100
757,2342,3802,2026-07-06,Remix,30
758,68,41316,2026-07-20,Recreate,50
759,4856,57516,2026-02-21,Remix,50
760,5577,35906,2026-02-18,Recreate,5
761,1040,45432,2026-07-04,Recreate,20
762,7152,54124,2026-06-20,Recreate,10
763,821,4959,2026-08-22,Recreate,5
764,5880,29785,2026-04-11,Engagement Bonus,30
765,9555,669,2026-02-21,Recreate,30
766,6377,28381,2026-04-25,Recreate,30
767,1884,59777,2026-05-10,Recreate,20
768,3083,8409,2026-02-11,Remix,5
769,2887,27229,2026-02-28,Engagement Bonus,5
770,1811,33708,2026-06-07,Recreate,10
771,4794,24210,2026-01-04,Recreate,5
772,1466,44712,2026-07-02,Remix,20
773,8720,3906,2026-08-10,Recreate,50
774,8770,32622,2026-06-09,Remix,100
775,3930,31735,2026-06-05,Remix,30
776,509,55078,2026-03-12,Recreate,5
777,9426,41917,2026-03-16,Recreate,20
778,3130,11986,2026-05-07,Recreate,100
779,6380,19644,2026-02-12,Recreate,10
780,363,24264,2026-07-07,Remix,5
781,8352,53269,2026-03-15,Recreate,5
782,8276,13928,2026-02-04,Recreate,20
783,1302,58469,2026-03-18,Recreate,100
784,9610,96,2026-04-02,Engagement Bonus,100
785,8899,51595,2026-03-15,Recreate,10
786,6070,37346,2026-02-08,Recreate,10
787,6969,56802,2026-02-01,Recreate,50
788,4562,35591,2026-07-22,Remix,10
789,5431,48901,2026-08-29,Remix,10
790,236,3581,2026-02-19,Recreate,10
791,6374,3159,2026-07-06,Recreate,30
792,6564,24771,2026-04-26,Recreate,30
793,8850,42078,2026-01-10,Remix,10
794,3432,15646,2026-04-14,Recreate,10
795,4810,36669,2026-03-23,Recreate,10
796,7027,45028,2026-06-25,Remix,10
797,8974,36624,2026-03-30,Recreate,5
798,535,24031,2026-01-07,Recreate,100
799,2720,34964,2026-04-03,Engagement Bonus,5
800,863,39331,2026-08-06,Recreate,20
801,9784,26803,2026-03-08,Remix,10
802,4489,45051,2026-01-26,Engagement Bonus,5
803,4001,7004,2026-07-16,Recreate,50
804,7103,6294,2026-08-01,Recreate,5
805,3689,18369,2026-07-14,Recreate,100
806,3860,58234,2026-03-22,Recreate,5
807,1296,15758,2026-01-31,Recreate,10
808,9705,36267,2026-01-06,Remix,30
809,665,24145,2026-06-21,Recreate,20
810,1959,43487,2026-04-23,Recreate,5
811,2595,34060,2026-07-24,Recreate,50
812,7056,26353,2026-03-24,Engagement Bonus,50
813,9503,15689,2026-01-26,Recreate,50
814,6829,51855,2026-07-05,Engagement Bonus,20
815,4055,37927,2026-06-12,Recreate,20
816,2099,33627,2026-04-06,Recreate,10
817,6472,53488,2026-03-31,Remix,30
818,7940,6701,2026-03-02,Remix,5
819,9546,16509,2026-07-17,Recreate,100
820,7406,26787,2026-01-28,Remix,50
821,1830,1197,2026-08-07,Remix,5
822,5583,48032,2026-08-04,Remix,20
823,2940,53079,2026-02-06,Recreate,20
824,8585,8774,2026-07-28,Recreate,10
825,6676,56110,2026-07-06,Recreate,100
826,962,34086,2026-04-15,Recreate,20
827,9042,7333,2026-01-10,Recreate,5
828,3864,48541,2026-02-12,Recreate,10
829,3585,46478,2026-08-21,Recreate,10
830,8466,8406,2026-07-05,Remix,50
831,6336,6806,2026-02-21,Remix,20
832,9289,59701,2026-01-22,Recreate,20
833,7380,33114,2026-03-21,Recreate,10
834,5641,45411,2026-03-07,Recreate,10
835,4389,28882,2026-02-28,Remix,10
836,9888,3156,2026-02-04,Recreate,5
837,1668,17869,2026-05-15,Recreate,30
838,4878,43703,2026-02-04,Recreate,20
839,5273,49850,2026-04-13,Recreate,20
840,9211,13641,2026-04-27,Recreate,50
841,2836,20682,2026-03-01,Recreate,100
842,2943,7321,2026-01-16,Remix,10
843,7191,16900,2026-04-05,Recreate,100
844,2340,23728,2026-04-22,Recreate,5
845,2188,19380,2026-06-16,Recreate,20
846,4607,41525,2026-05-18,Recreate,5
847,8534,18413,2026-05-21,Remix,20
848,6729,58097,2026-03-12,Engagement Bonus,10
849,6524,23584,2026-03-19,Remix,30
850,4453,47254,2026-02-23,Recreate,20
851,1989,10046,2026-02-28,Remix,50
852,4556,33955,2026-05-17,Remix,5
853,5111,40142,2026-02-18,Recreate,5
854,2412,8916,2026-06-01,Remix,50
855,5281,33017,2026-07-03,Recreate,50
856,9732,23781,2026-01-10,Recreate,5
857,1193,15491,2026-08-06,Engagement Bonus,30
858,330,10782,2026-01-15,Recreate,50
859,5434,18412,2026-01-31,Remix,100
860,1658,50897,2026-03-15,Remix,5
861,2716,19289,2026-08-17,Recreate,20
862,4845,46907,2026-03-07,Recreate,30
863,7891,50137,2026-02-20,Remix,20
864,7584,16108,2026-03-21,Remix,20
865,2857,28480,2026-01-27,Recreate,5
866,4444,10803,2026-02-05,Engagement Bonus,50
867,3447,24440,2026-03-05,Remix,20
868,2046,29688,2026-05-12,Recreate,20
869,5998,38118,2026-05-18,Engagement Bonus,50
870,1118,20525,2026-04-24,Recreate,5
871,7778,49973,2026-03-23,Remix,30
872,5431,52194,2026-08-16,Recreate,5
873,2052,2986,2026-05-02,Recreate,5
874,6597,19931,2026-04-21,Recreate,5
875,3261,45026,2026-04-25,Remix,50
876,2244,6965,2026-08-12,Engagement Bonus,20
877,2959,9960,2026-08-11,Recreate,20
878,4254,39496,2026-05-20,Recreate,20
879,757,44444,2026-03-08,Engagement Bonus,10
880,2848,40343,2026-05-22,Remix,50
881,5374,39933,2026-04-16,Recreate,100
882,4217,54873,2026-08-25,Engagement Bonus,30
883,5283,29091,2026-07-22,Recreate,10
884,4268,43728,2026-06-08,Engagement Bonus,30
885,5161,4691,2026-04-06,Remix,10
886,3355,13844,2026-02-27,Remix,20
887,70,23032,2026-02-03,Remix,10
888,4850,51458,2026-06-30,Recreate,50
889,5338,52575,2026-04-06,Engagement Bonus,20
890,7975,52298,2026-05-01,Remix,20
891,6969,57369,2026-02-01,Recreate,20
892,8182,7147,2026-03-16,Engagement Bonus,5
893,9480,34138,2026-02-22,Recreate,5
894,6157,56799,2026-03-11,Recreate,10
895,1337,38739,2026-08-01,Recreate,20
896,1241,35095,2026-08-30,Recreate,100
897,7725,24752,2026-01-14,Recreate,10
898,7693,59525,2026-02-20,Recreate,10
899,8329,40832,2026-04-03,Recreate,10
900,3439,35200,2026-07-02,Recreate,20
901,3806,17720,2026-08-21,Recreate,20
902,9770,47723,2026-05-10,Remix,5
903,103,13811,2026-03-21,Remix,30
904,1328,52279,2026-07-15,Engagement Bonus,10
905,9210,52642,2026-03-08,Engagement Bonus,30
906,4578,27212,2026-05-24,Remix,20
907,2145,12491,2026-07-30,Engagement Bonus,10
908,1098,400,2026-03-28,Recreate,10
909,6083,23351,2026-06-12,Remix,20
910,5087,46266,2026-03-01,Recreate,30
911,2089,3246,2026-07-16,Remix,50
912,2510,15212,2026-04-26,Recreate,10
913,5033,2440,2026-01-27,Recreate,100
914,6246,24393,2026-03-26,Remix,5
915,5155,42523,2026-05-23,Recreate,20
916,4794,47361,2026-01-21,Engagement Bonus,5
917,1812,4116,2026-02-07,Engagement Bonus,20
918,854,20841,2026-01-07,Recreate,100
919,9140,52335,2026-03-09,Engagement Bonus,20
920,8768,5249,2026-08-24,Recreate,5
921,8193,18623,2026-08-14,Recreate,50
922,7335,59192,2026-08-02,Remix,5
923,1122,1606,2026-05-30,Recreate,5
924,266,39681,2026-06-25,Remix,30
925,4703,3398,2026-05-21,Recreate,100
926,5431,13258,2026-01-19,Remix,5
927,514,40467,2026-06-17,Engagement Bonus,5
928,3020,39313,2026-07-01,Recreate,30
929,3440,23919,2026-06-10,Recreate,30
930,8310,51440,2026-05-20,Recreate,30
931,9264,26502,2026-08-20,Remix,20
932,9490,40787,2026-08-27,Engagement Bonus,10
933,5870,28462,2026-02-25,Recreate,30
934,4665,17424,2026-02-13,Remix,10
935,2837,13522,2026-04-15,Recreate,10
936,9367,35069,2026-01-17,Remix,10
937,816,30292,2026-07-07,Recreate,20
938,7531,30920,2026-06-07,Engagement Bonus,10
939,6777,58690,2026-02-14,Recreate,20
940,5020,13941,2026-04-29,Recreate,10
941,4660,23283,2026-08-16,Remix,5
942,2747,23287,2026-07-03,Recreate,20
943,9977,48254,2026-04-03,Recreate,10
944,7780,28724,2026-07-04,Recreate,20
945,8617,35019,2026-01-11,Recreate,10
946,5712,45261,2026-03-03,Engagement Bonus,20
947,7972,49915,2026-05-05,Recreate,10
948,5063,55414,2026-07-10,Recreate,30
949,9606,32429,2026-04-28,Recreate,20
950,7805,11095,2026-05-05,Engagement Bonus,20
951,6807,684,2026-04-12,Remix,100
952,1905,17263,2026-01-09,Recreate,50
953,5338,36607,2026-04-12,Recreate,5
954,9863,55745,2026-06-09,Engagement Bonus,10
955,7465,58108,2026-01-24,Recreate,5
956,9102,33586,2026-03-20,Recreate,5
957,5147,28214,2026-08-06,Engagement Bonus,20
958,2029,47965,2026-02-25,Remix,10
959,8245,39084,2026-05-05,Recreate,20
960,5341,4225,2026-02-25,Recreate,5
961,1301,31449,2026-04-10,Remix,10
962,8819,37284,2026-03-18,Recreate,10
963,5205,18515,2026-03-14,Recreate,5
964,1976,56986,2026-07-21,Remix,30
965,7064,5962,2026-04-12,Remix,30
966,5328,17527,2026-02-15,Recreate,5
967,9312,43559,2026-03-09,Recreate,50
968,695,46007,2026-03-15,Recreate,50
969,3706,29748,2026-04-21,Recreate,10
970,7901,10152,2026-07-21,Recreate,5
971,5114,56688,2026-07-07,Recreate,10
972,1748,17331,2026-05-07,Engagement Bonus,20
973,5180,55517,2026-07-22,Recreate,10
974,1290,49735,2026-01-30,Remix,20
975,5294,11414,2026-06-29,Engagement Bonus,5
976,1472,16616,2026-06-23,Recreate,30
977,5386,14037,2026-07-24,Recreate,20
978,753,59603,2026-03-15,Engagement Bonus,10
979,814,54394,2026-04-23,Engagement Bonus,10
980,4769,37312,2026-02-16,Recreate,5
981,8413,50767,2026-04-19,Recreate,10
982,3891,39276,2026-01-27,Engagement Bonus,50
983,4992,51088,2026-03-06,Recreate,100
984,6858,21461,2026-06-14,Recreate,30
985,6192,58989,2026-01-18,Recreate,10
986,2749,46676,2026-03-14,Engagement Bonus,100
987,804,10940,2026-05-10,Engagement Bonus,20
988,6081,45650,2026-04-23,Recreate,20
989,2840,4263,2026-02-14,Recreate,10
990,2922,22445,2026-02-18,Recreate,100
991,7591,9,2026-08-03,Recreate,20
992,9573,30369,2026-04-29,Remix,100
993,8810,36808,2026-03-29,Remix,5
994,3267,1135,2026-01-13,Recreate,30
995,7393,49372,2026-06-03,Recreate,30
996,1735,44070,2026-01-26,Recreate,20
997,7030,46883,2026-01-12,Recreate,20
998,9601,51653,2026-06-25,Remix,5
999,8813,48449,2026-03-03,Recreate,10
1000,4343,32095,2026-01-26,Recreate,5
1001,660,55787,2026-08-12,Remix,50
1002,8895,30384,2026-04-22,Recreate,30
1003,2774,59964,2026-06-29,Recreate,5
1004,2322,59354,2026-08-14,Recreate,10
1005,4242,31833,2026-07-23,Recreate,50
1006,9911,9116,2026-01-07,Engagement Bonus,30
1007,4559,58489,2026-05-13,Remix,30
1008,9503,11977,2026-04-17,Recreate,10
1009,3914,19158,2026-06-30,Remix,30
1010,9577,34392,2026-06-21,Remix,5
1011,4202,33677,2026-03-06,Recreate,10
1012,5894,14821,2026-05-09,Remix,30
1013,6954,47676,2026-01-29,Remix,10
1014,6736,773,2026-05-23,Remix,20
1015,4549,48378,2026-05-12,Recreate,5
1016,43,4819,2026-05-28,Recreate,5
1017,7318,34886,2026-05-23,Recreate,100
1018,4139,52038,2026-06-06,Recreate,5
1019,4790,28910,2026-08-08,Recreate,10
1020,5971,2603,2026-07-27,Recreate,10
1021,9311,27909,2026-01-28,Remix,5
1022,7254,14668,2026-04-09,Engagement Bonus,30
1023,4938,57419,2026-03-23,Engagement Bonus,100
1024,6241,39856,2026-02-10,Recreate,100
1025,3236,8736,2026-05-12,Recreate,20
1026,2685,21768,2026-07-14,Recreate,50
1027,793,51490,2026-02-25,Recreate,30
1028,791,36163,2026-06-21,Engagement Bonus,5
1029,6070,37346,2026-02-07,Recreate,30
1030,5155,46014,2026-07-19,Remix,5
1031,8011,31588,2026-04-07,Recreate,5
1032,9965,20807,2026-05-19,Recreate,50
1033,6342,25328,2026-02-22,Remix,5
1034,6363,8777,2026-04-21,Recreate,5
1035,20,39694,2026-06-18,Remix,5
1036,3671,36613,2026-06-27,Engagement Bonus,5
1037,1985,23702,2026-08-07,Remix,30
1038,248,6927,2026-08-08,Remix,20
1039,225,42682,2026-05-07,Recreate,10
1040,1776,2473,2026-08-15,Recreate,30
1041,7383,57897,2026-04-01,Engagement Bonus,10
1042,6565,42789,2026-05-15,Remix,30
1043,8913,6549,2026-01-08,Remix,5
1044,4114,19138,2026-08-14,Recreate,10
1045,2701,48837,2026-04-27,Remix,20
1046,4090,18759,2026-03-02,Remix,20
1047,9128,47829,2026-08-13,Remix,50
1048,4226,21623,2026-04-18,Recreate,30
1049,9820,4534,2026-01-19,Recreate,5
1050,3432,32596,2026-04-30,Remix,20
1051,2228,14411,2026-07-29,Remix,100
1052,5320,16856,2026-08-28,Remix,5
1053,466,39774,2026-04-21,Engagement Bonus,5
1054,8509,57701,2026-05-16,Remix,10
1055,3171,31192,2026-04-24,Remix,10
1056,400,50617,2026-05-22,Recreate,30
1057,5169,26015,2026-06-20,Recreate,10
1058,1128,21510,2026-04-24,Recreate,10
1059,6557,48605,2026-03-06,Recreate,30
1060,590,14756,2026-07-16,Recreate,10
1061,3776,19612,2026-04-12,Recreate,50
1062,8598,18435,2026-05-24,Remix,30
1063,3531,17465,2026-05-29,Remix,100
1064,8943,8373,2026-01-28,Recreate,100
1065,3219,33543,2026-04-17,Recreate,100
1066,2954,34356,2026-01-26,Recreate,20
1067,5237,29031,2026-03-15,Recreate,5
1068,4284,50664,2026-06-01,Engagement Bonus,5
1069,4553,25850,2026-08-14,Remix,30
1070,6783,42697,2026-04-06,Recreate,50
1071,4050,59262,2026-03-24,Remix,10
1072,7992,54397,2026-07-22,Recreate,5
1073,2689,28340,2026-01-27,Recreate,30
1074,6345,53399,2026-01-01,Remix,30
1075,71,53317,2026-06-22,Recreate,30
1076,3175,25359,2026-05-10,Engagement Bonus,5
1077,1787,35506,2026-03-13,Engagement Bonus,20
1078,8927,35080,2026-06-23,Recreate,50
1079,3232,21212,2026-05-13,Remix,20
1080,7820,53926,2026-08-17,Recreate,30
1081,4963,35404,2026-04-17,Remix,10
1082,9190,25287,2026-01-19,Engagement Bonus,10
1083,506,49954,2026-08-04,Recreate,10
1084,6709,32177,2026-08-03,Engagement Bonus,30
1085,3322,40539,2026-02-13,Recreate,20
1086,8436,38192,2026-05-09,Recreate,20
1087,8711,51077,2026-05-17,Recreate,20
1088,4275,55563,2026-02-03,Engagement Bonus,20
1089,9754,9711,2026-05-07,Recreate,5
1090,9398,27832,2026-08-28,Recreate,50
1091,9329,54412,2026-04-26,Recreate,50
1092,6256,24300,2026-02-14,Engagement Bonus,10
1093,600,56073,2026-07-05,Recreate,30
1094,680,42219,2026-05-29,Recreate,30
1095,8018,1403,2026-01-15,Remix,20
1096,6118,29139,2026-02-25,Engagement Bonus,20
1097,8217,22322,2026-04-25,Recreate,30
1098,2009,49306,2026-04-23,Remix,10
1099,4116,42690,2026-06-26,Recreate,30
1100,4621,49645,2026-05-25,Engagement Bonus,5
1101,2690,56435,2026-05-27,Remix,20
1102,1988,49682,2026-03-22,Recreate,10
1103,3724,58233,2026-05-29,Remix,100
1104,4633,45769,2026-04-02,Remix,10
1105,3154,48329,2026-02-11,Engagement Bonus,50
1106,3326,35366,2026-03-24,Recreate,30
1107,4615,16498,2026-07-14,Recreate,10
1108,7778,25810,2026-01-16,Engagement Bonus,10
1109,6839,24985,2026-06-15,Engagement Bonus,20
1110,200,55763,2026-03-19,Remix,100
1111,7287,18900,2026-02-15,Recreate,30
1112,683,38123,2026-06-04,Remix,30
1113,8264,54483,2026-05-19,Remix,5
1114,2898,40513,2026-06-25,Engagement Bonus,30
1115,8575,3215,2026-04-16,Recreate,5
1116,3744,22723,2026-03-19,Recreate,10
1117,8715,12903,2026-04-16,Recreate,5
1118,7256,3987,2026-07-18,Engagement Bonus,50
1119,5759,23253,2026-03-02,Remix,20
1120,7570,29010,2026-02-13,Recreate,5
1121,5866,49903,2026-01-16,Engagement Bonus,5
1122,4219,10194,2026-05-27,Remix,100
1123,7816,38849,2026-05-01,Recreate,20
1124,7509,44453,2026-03-02,Recreate,50
1125,1562,7001,2026-08-01,Remix,30
1126,76,24072,2026-08-08,Recreate,10
1127,3034,17750,2026-07-29,Recreate,10
1128,1301,56978,2026-07-09,Recreate,30
1129,7428,23694,2026-06-03,Recreate,20
1130,5051,47308,2026-03-02,Remix,50
1131,1165,18276,2026-04-14,Remix,10
1132,594,25836,2026-02-22,Recreate,5
1133,5767,19552,2026-08-18,Remix,50
1134,3647,19404,2026-08-10,Recreate,30
1135,1039,56369,2026-04-10,Recreate,30
1136,8503,42005,2026-05-09,Remix,10
1137,452,11461,2026-08-28,Engagement Bonus,30
1138,1097,42616,2026-01-02,Recreate,30
1139,5402,16890,2026-02-07,Recreate,5
1140,5408,11088,2026-05-08,Remix,5
1141,6930,37462,2026-05-20,Recreate,5
1142,4913,4991,2026-07-04,Engagement Bonus,20
1143,4232,7283,2026-07-20,Recreate,30
1144,8775,20430,2026-01-23,Engagement Bonus,10
1145,2590,2521,2026-07-20,Engagement Bonus,5
1146,3906,10010,2026-07-12,Recreate,10
1147,3122,26970,2026-07-17,Recreate,5
1148,410,25773,2026-01-02,Recreate,50
1149,3841,55203,2026-01-19,Recreate,30
1150,7937,41595,2026-08-02,Recreate,30
1151,6044,44762,2026-02-11,Engagement Bonus,10
1152,6293,7938,2026-08-03,Remix,10
1153,8553,5480,2026-05-12,Recreate,5
1154,1286,47851,2026-01-18,Remix,50
1155,892,44860,2026-05-15,Remix,50
1156,7445,33353,2026-07-15,Remix,5
1157,7706,33525,2026-04-18,Engagement Bonus,10
1158,9969,2222,2026-06-25,Engagement Bonus,5
1159,9337,30916,2026-02-08,Recreate,5
1160,1405,48487,2026-07-30,Recreate,30
1161,9820,17311,2026-03-19,Recreate,10
1162,1977,21521,2026-07-02,Recreate,20
1163,8808,21915,2026-02-03,Recreate,5
1164,7735,4647,2026-06-09,Recreate,30
1165,3328,14596,2026-03-15,Engagement Bonus,10
1166,3229,24275,2026-05-17,Recreate,10
1167,4093,31193,2026-07-02,Remix,20
1168,5362,42248,2026-04-18,Recreate,5
1169,5316,50944,2026-08-18,Recreate,20
1170,3574,51648,2026-05-06,Recreate,10
1171,7099,58821,2026-07-09,Recreate,30
1172,8180,14721,2026-04-13,Recreate,100
1173,6363,16940,2026-02-14,Recreate,10
1174,6317,33683,2026-07-06,Engagement Bonus,10
1175,9342,19956,2026-08-26,Recreate,100
1176,3583,9199,2026-03-09,Remix,20
1177,6093,31920,2026-05-30,Engagement Bonus,50
1178,8877,25295,2026-04-15,Recreate,5
1179,7486,46458,2026-02-07,Remix,10
1180,9932,32166,2026-03-21,Recreate,30
1181,1641,16811,2026-05-04,Recreate,30
1182,4182,21368,2026-03-08,Engagement Bonus,30
1183,6016,28866,2026-05-18,Recreate,5
1184,4059,4137,2026-06-11,Recreate,5
1185,9795,38940,2026-02-15,Recreate,5
1186,8906,53885,2026-05-16,Recreate,20
1187,80,39397,2026-06-14,Recreate,30
1188,6491,5344,2026-07-23,Recreate,30
1189,9297,21336,2026-04-26,Recreate,5
1190,7630,27860,2026-08-17,Recreate,30
1191,2241,25380,2026-05-26,Remix,10
1192,2868,27302,2026-06-16,Recreate,5
1193,7602,13776,2026-01-30,Recreate,20
1194,7492,5703,2026-07-05,Recreate,10
1195,5609,39537,2026-04-15,Recreate,30
1196,750,45904,2026-07-11,Recreate,5
1197,9959,3915,2026-04-10,Recreate,20
1198,5380,43286,2026-07-19,Remix,5
1199,500,402,2026-03-16,Recreate,10
1200,8006,41673,2026-01-26,Recreate,10
1201,594,25836,2026-08-02,Engagement Bonus,10
1202,9885,5685,2026-01-31,Remix,10
1203,4629,51954,2026-05-15,Recreate,10
1204,8729,29961,2026-07-02,Engagement Bonus,50
1205,6058,33475,2026-02-01,Recreate,5
1206,8664,13874,2026-03-19,Remix,30
1207,3878,35130,2026-01-11,Recreate,20
1208,5406,6559,2026-06-10,Recreate,10
1209,8259,46942,2026-04-25,Remix,10
1210,6664,40561,2026-06-15,Recreate,10
1211,5907,14842,2026-06-15,Remix,30
1212,7214,56224,2026-05-05,Recreate,10
1213,7806,32223,2026-06-25,Recreate,10
1214,779,56174,2026-08-05,Remix,30
1215,1089,35814,2026-06-04,Recreate,5
1216,257,9696,2026-03-12,Recreate,5
1217,2760,35088,2026-02-22,Remix,10
1218,9893,133,2026-01-07,Remix,50
1219,8911,16262,2026-02-02,Recreate,10
1220,7421,41684,2026-08-15,Recreate,10
1221,2836,33556,2026-01-24,Remix,10
1222,1096,42612,2026-06-07,Remix,10
1223,4978,36608,2026-02-26,Recreate,50
1224,3127,5735,2026-05-23,Recreate,100
1225,9032,52470,2026-01-05,Remix,10
1226,7329,5233,2026-06-22,Remix,20
1227,4161,55772,2026-01-24,Recreate,10
1228,8282,26795,2026-02-13,Recreate,100
1229,230,44149,2026-05-19,Recreate,20
1230,7845,18597,2026-03-25,Recreate,50
1231,7917,39020,2026-06-06,Engagement Bonus,5
1232,8996,52967,2026-05-05,Recreate,30
1233,1953,6100,2026-06-21,Remix,10
1234,8758,41890,2026-06-20,Recreate,10
1235,4508,8557,2026-02-05,Recreate,30
1236,3087,307,2026-02-14,Recreate,5
1237,655,12770,2026-03-18,Remix,20
1238,6195,21021,2026-05-25,Recreate,5
1239,3998,37216,2026-06-20,Recreate,10
1240,2074,48453,2026-03-14,Remix,30
1241,3390,4336,2026-05-08,Recreate,10
1242,849,19224,2026-04-24,Recreate,30
1243,5407,40570,2026-01-01,Remix,50
1244,8194,472,2026-03-16,Recreate,50
1245,285,17074,2026-05-10,Recreate,10
1246,7485,20553,2026-07-05,Recreate,5
1247,8194,9049,2026-06-26,Recreate,20
1248,5066,8121,2026-05-24,Recreate,5
1249,2203,59709,2026-07-06,Recreate,30
1250,9704,28208,2026-08-28,Recreate,20
1251,7916,1987,2026-06-08,Recreate,5
1252,6453,53378,2026-06-10,Recreate,10
1253,1014,9593,2026-05-18,Remix,100
1254,4989,38763,2026-05-23,Remix,20
1255,2694,33314,2026-02-12,Remix,5
1256,266,39681,2026-07-26,Recreate,5
1257,454,11596,2026-06-12,Recreate,100
1258,1900,46948,2026-03-05,Engagement Bonus,5
1259,1380,23058,2026-07-23,Recreate,10
1260,3032,29116,2026-07-07,Remix,5
1261,5763,18565,2026-05-27,Engagement Bonus,5
1262,2927,54779,2026-01-27,Engagement Bonus,100
1263,1944,55488,2026-04-24,Recreate,10
1264,200,55763,2026-01-19,Recreate,10
1265,7604,5607,2026-05-10,Recreate,5
1266,3858,58342,2026-04-14,Remix,30
1267,7526,37079,2026-02-18,Remix,5
1268,4618,8333,2026-07-20,Remix,30
1269,8634,4779,2026-03-09,Remix,5
1270,812,47318,2026-04-10,Recreate,50
1271,7883,55399,2026-02-11,Recreate,20
1272,5092,16312,2026-06-05,Remix,30
1273,6634,54365,2026-07-30,Recreate,20
1274,7402,22986,2026-05-18,Remix,20
1275,595,4954,2026-02-25,Remix,20
1276,4274,36443,2026-07-20,Recreate,5
1277,1694,51150,2026-05-27,Engagement Bonus,5
1278,2746,12302,2026-02-18,Recreate,5
1279,5796,39829,2026-01-19,Recreate,10
1280,8717,22254,2026-08-30,Recreate,5
1281,2812,17714,2026-01-22,Engagement Bonus,30
1282,9426,43294,2026-03-13,Remix,5
1283,8783,2657,2026-03-04,Recreate,20
1284,6495,18397,2026-05-15,Recreate,5
1285,8834,59729,2026-02-20,Recreate,20
1286,6716,24302,2026-04-28,Recreate,5
1287,4372,43106,2026-07-06,Recreate,20
1288,7723,56182,2026-02-17,Remix,5
1289,6377,40164,2026-04-26,Recreate,20
1290,1084,45234,2026-01-07,Recreate,10
1291,2782,32300,2026-01-04,Recreate,10
1292,747,48012,2026-07-13,Recreate,5
1293,6219,14772,2026-06-12,Engagement Bonus,30
1294,6361,24397,2026-05-21,Remix,10
1295,4776,51866,2026-08-23,Recreate,30
1296,4460,48080,2026-03-25,Remix,5
1297,3595,44706,2026-03-05,Recreate,10
1298,635,18309,2026-02-25,Recreate,100
1299,7022,44297,2026-02-27,Recreate,5
1300,4866,38238,2026-04-23,Remix,5
1301,89,38769,2026-08-26,Remix,5
1302,4117,17668,2026-03-04,Engagement Bonus,10
1303,1973,38705,2026-05-21,Recreate,20
1304,1318,31044,2026-03-06,Recreate,5
1305,5916,34164,2026-08-22,Remix,10
1306,458,50182,2026-04-30,Recreate,5
1307,4781,39867,2026-01-07,Engagement Bonus,20
1308,6298,57198,2026-08-26,Remix,20
1309,1412,17875,2026-05-03,Remix,10
1310,5330,33508,2026-08-19,Recreate,20
1311,993,41949,2026-04-04,Engagement Bonus,5
1312,7658,59282,2026-05-24,Remix,100
1313,7524,11334,2026-06-06,Engagement Bonus,50
1314,2777,51053,2026-08-10,Recreate,5
1315,6544,34226,2026-07-16,Engagement Bonus,10
1316,2696,39688,2026-03-22,Recreate,50
1317,1412,39347,2026-03-29,Recreate,10
1318,7023,43132,2026-05-08,Recreate,100
1319,2183,20568,2026-03-18,Recreate,10
1320,6525,58793,2026-08-07,Recreate,5
1321,4817,15883,2026-04-07,Recreate,20
1322,6221,44283,2026-04-07,Recreate,10
1323,9732,4285,2026-08-29,Recreate,100
1324,1581,53233,2026-05-17,Recreate,20
1325,203,27999,2026-02-10,Recreate,10
1326,9727,58589,2026-05-24,Remix,20
1327,9141,24971,2026-03-03,Recreate,5
1328,7335,31940,2026-08-24,Recreate,50
1329,7670,22364,2026-08-01,Recreate,100
1330,1752,549,2026-07-25,Recreate,10
1331,3412,18386,2026-01-08,Recreate,5
1332,1887,57780,2026-07-18,Engagement Bonus,5
1333,5961,7345,2026-07-21,Recreate,30
1334,7425,38036,2026-01-26,Recreate,50
1335,6960,33298,2026-03-24,Remix,10
1336,5568,36558,2026-04-28,Recreate,5
1337,5598,10522,2026-06-10,Engagement Bonus,10
1338,5023,2230,2026-07-19,Recreate,100
1339,3150,11797,2026-01-05,Recreate,5
1340,5328,55068,2026-02-23,Remix,5
1341,7873,15188,2026-07-25,Recreate,20
1342,8874,36914,2026-06-09,Recreate,10
1343,8289,32785,2026-02-20,Remix,100
1344,495,13701,2026-07-31,Recreate,10
1345,3035,4113,2026-04-28,Remix,5
1346,9491,52304,2026-01-09,Recreate,10
1347,4237,59187,2026-07-08,Recreate,100
1348,8270,40143,2026-06-30,Recreate,50
1349,1668,22181,2026-04-26,Engagement Bonus,10
1350,6822,27654,2026-05-01,Remix,10
1351,8221,37030,2026-04-28,Recreate,20
1352,2804,40676,2026-07-14,Recreate,50
1353,257,14437,2026-07-20,Engagement Bonus,5
1354,3607,5561,2026-06-15,Recreate,5
1355,9335,37319,2026-04-29,Recreate,10
1356,1445,26188,2026-02-13,Remix,30
1357,6249,44486,2026-03-27,Remix,10
1358,5956,40148,2026-03-01,Engagement Bonus,50
1359,279,6400,2026-01-17,Recreate,10
1360,5056,10083,2026-03-20,Engagement Bonus,30
1361,7216,24102,2026-02-22,Remix,50
1362,1283,33845,2026-07-24,Engagement Bonus,10
1363,6547,27802,2026-02-03,Recreate,30
1364,5763,41628,2026-05-20,Remix,5
1365,1651,9446,2026-05-20,Engagement Bonus,5
1366,3588,33496,2026-05-16,Remix,30
1367,4615,38499,2026-04-24,Recreate,20
1368,2474,43936,2026-05-11,Remix,30
1369,9924,4573,2026-03-11,Remix,50
1370,5203,22765,2026-06-22,Recreate,10
1371,7655,763,2026-03-27,Recreate,30
1372,8243,40349,2026-02-14,Remix,5
1373,1912,9278,2026-03-21,Recreate,5
1374,7959,39069,2026-01-29,Engagement Bonus,5
1375,2135,52879,2026-06-29,Recreate,100
1376,6882,47203,2026-03-05,Engagement Bonus,30
1377,2255,19583,2026-06-30,Recreate,10
1378,2314,1436,2026-02-24,Remix,20
1379,2157,29977,2026-05-29,Recreate,30
1380,7132,46153,2026-08-11,Remix,5
1381,5039,10156,2026-04-06,Recreate,5
1382,2760,37814,2026-02-17,Recreate,30
1383,520,25769,2026-06-12,Recreate,100
1384,8672,44378,2026-04-17,Recreate,20
1385,9628,44765,2026-03-28,Recreate,10
1386,3571,48243,2026-03-26,Recreate,10
1387,1756,1126,2026-04-16,Remix,5
1388,2343,35352,2026-01-16,Recreate,50
1389,5529,27621,2026-07-15,Recreate,50
1390,366,32588,2026-01-14,Recreate,10
1391,9100,44009,2026-07-26,Recreate,20
1392,7386,56974,2026-01-28,Remix,5
1393,9387,38452,2026-01-16,Recreate,30
1394,6896,58772,2026-02-10,Recreate,20
1395,3278,18498,2026-03-20,Engagement Bonus,30
1396,1162,45474,2026-01-05,Engagement Bonus,100
1397,1187,43313,2026-04-18,Recreate,10
1398,4423,58464,2026-08-26,Remix,10
1399,6560,48311,2026-06-25,Recreate,20
1400,1044,22899,2026-02-25,Engagement Bonus,20
1401,2642,21855,2026-08-23,Remix,30
1402,8256,34845,2026-07-04,Engagement Bonus,30
1403,3817,34337,2026-08-17,Recreate,100
1404,8385,8748,2026-01-14,Recreate,50
1405,476,9802,2026-01-21,Recreate,10
1406,4052,41594,2026-03-26,Remix,5
1407,2937,37321,2026-02-18,Recreate,100
1408,8192,6949,2026-04-09,Recreate,20
1409,6170,14041,2026-03-10,Recreate,20
1410,814,56603,2026-04-19,Recreate,30
1411,3076,21469,2026-08-28,Engagement Bonus,10
1412,8184,51720,2026-05-13,Remix,50
1413,2341,20381,2026-05-04,Engagement Bonus,100
1414,7891,50137,2026-07-13,Recreate,20
1415,8056,34204,2026-08-26,Remix,10
1416,4840,42544,2026-04-17,Engagement Bonus,30
1417,2912,32702,2026-06-24,Engagement Bonus,20
1418,7354,13794,2026-06-12,Recreate,10
1419,7163,26405,2026-07-01,Engagement Bonus,10
1420,5750,57256,2026-05-31,Engagement Bonus,100
1421,1542,15359,2026-05-23,Remix,50
1422,2606,39783,2026-02-04,Recreate,5
1423,8819,3010,2026-02-04,Remix,10
1424,2100,40590,2026-03-29,Remix,5
1425,7773,35702,2026-08-16,Remix,10
1426,3308,52653,2026-05-20,Remix,10
1427,7777,50559,2026-07-21,Engagement Bonus,10
1428,5937,36757,2026-07-11,Recreate,100
1429,6352,19398,2026-03-22,Recreate,5
1430,6873,54764,2026-05-25,Recreate,50
1431,3669,46078,2026-04-30,Recreate,10
1432,9614,21443,2026-05-09,Remix,50
1433,6235,34891,2026-08-01,Recreate,5
1434,4385,17235,2026-08-05,Recreate,30
1435,2650,7241,2026-07-18,Recreate,10
1436,5701,31332,2026-06-10,Remix,10
1437,6859,2925,2026-08-22,Remix,5
1438,3662,45366,2026-07-22,Engagement Bonus,20
1439,1467,14094,2026-01-11,Remix,100
1440,7370,49660,2026-04-04,Recreate,20
1441,6212,14873,2026-06-16,Engagement Bonus,30
1442,9265,41760,2026-03-10,Recreate,10
1443,9889,45424,2026-02-20,Recreate,50
1444,4288,18298,2026-06-30,Recreate,30
1445,4505,29252,2026-07-24,Recreate,100
1446,3550,22332,2026-08-11,Recreate,20
1447,1191,36998,2026-04-07,Remix,30
1448,740,8249,2026-05-27,Recreate,30
1449,7986,30687,2026-01-08,Remix,20
1450,3376,44497,2026-05-23,Remix,50
1451,5066,11264,2026-01-13,Recreate,20
1452,3473,15621,2026-06-29,Recreate,20
1453,6308,47026,2026-08-05,Recreate,20
1454,1825,12916,2026-05-10,Recreate,100
1455,284,20071,2026-02-27,Recreate,5
1456,4306,59370,2026-05-15,Recreate,30
1457,5486,2821,2026-03-12,Remix,10
1458,4443,12695,2026-02-11,Recreate,20
1459,6649,6817,2026-08-19,Recreate,50
1460,8530,38101,2026-04-20,Remix,20
1461,1770,47731,2026-01-03,Recreate,5
1462,5748,8163,2026-03-15,Remix,100
1463,3908,17142,2026-01-16,Recreate,30
1464,8777,18517,2026-07-16,Engagement Bonus,50
1465,2690,37098,2026-01-25,Recreate,5
1466,4072,50642,2026-05-26,Remix,10
1467,5455,52584,2026-06-16,Recreate,10
1468,511,9888,2026-01-16,Remix,10
1469,1139,24637,2026-08-12,Recreate,5
1470,2633,23,2026-04-24,Recreate,30
1471,3289,3735,2026-06-16,Recreate,30
1472,7809,28120,2026-02-24,Recreate,20
1473,1967,54369,2026-07-23,Recreate,30
1474,5838,17410,2026-08-08,Recreate,50
1475,2974,48433,2026-03-29,Remix,30
1476,3186,35319,2026-06-23,Remix,10
1477,5556,22992,2026-01-31,Engagement Bonus,10
1478,5196,42998,2026-07-29,Remix,10
1479,5763,3513,2026-05-13,Remix,30
1480,5918,26442,2026-02-27,Engagement Bonus,20
1481,9172,49177,2026-04-23,Engagement Bonus,20
1482,9625,34243,2026-06-11,Recreate,10
1483,321,45586,2026-02-01,Recreate,20
1484,5936,18462,2026-03-24,Recreate,50
1485,3656,10508,2026-06-18,Recreate,5
1486,5385,55851,2026-05-09,Recreate,10
1487,6447,22968,2026-03-22,Recreate,10
1488,4337,3196,2026-01-06,Recreate,100
1489,789,40455,2026-02-19,Recreate,10
1490,8129,30324,2026-03-01,Engagement Bonus,30
1491,8642,7042,2026-08-08,Recreate,10
1492,3208,14722,2026-05-16,Remix,50
1493,3963,56809,2026-07-17,Engagement Bonus,30
1494,6491,49205,2026-08-24,Engagement Bonus,10
1495,6742,10815,2026-02-14,Remix,10
1496,4910,26672,2026-08-31,Recreate,10
1497,9985,20781,2026-03-23,Remix,20
1498,4037,14053,2026-07-11,Recreate,20
1499,791,46573,2026-04-08,Recreate,5
1500,8705,25110,2026-04-24,Recreate,5
1501,4564,28189,2026-07-21,Recreate,5
1502,8540,3317,2026-06-25,Recreate,10
1503,6842,29502,2026-05-29,Remix,20
1504,799,51904,2026-03-04,Remix,30
1505,5353,28837,2026-07-06,Recreate,100
1506,6114,59615,2026-03-21,Remix,5
1507,6304,30608,2026-01-08,Engagement Bonus,50
1508,4346,13743,2026-01-14,Recreate,10
1509,2754,32266,2026-07-24,Remix,50
1510,1219,25013,2026-08-01,Recreate,5
1511,5343,48729,2026-02-06,Remix,20
1512,6106,15382,2026-04-07,Recreate,20
1513,2178,56028,2026-05-04,Remix,5
1514,88,37085,2026-06-11,Remix,50
1515,2209,5981,2026-04-16,Recreate,10
1516,6640,32663,2026-02-20,Recreate,50
1517,7379,34799,2026-03-18,Recreate,20
1518,7730,32052,2026-05-23,Recreate,10
1519,3761,58139,2026-07-25,Remix,5
1520,8366,34612,2026-05-20,Recreate,50
1521,2187,19082,2026-05-07,Recreate,5
1522,3506,57479,2026-07-02,Recreate,100
1523,642,52657,2026-01-25,Engagement Bonus,5
1524,1197,56738,2026-01-04,Recreate,20
1525,3803,14488,2026-03-05,Recreate,20
1526,4659,55869,2026-08-28,Recreate,20
1527,5070,30670,2026-05-30,Recreate,5
1528,3851,7095,2026-03-19,Recreate,10
1529,4362,5974,2026-08-04,Recreate,20
1530,856,13415,2026-02-12,Remix,10
1531,3973,26789,2026-01-25,Recreate,5
1532,2581,42879,2026-01-28,Remix,5
1533,4457,39137,2026-06-06,Remix,50
1534,4661,46750,2026-08-30,Remix,10
1535,6181,26024,2026-05-26,Recreate,5
1536,4551,28980,2026-06-23,Engagement Bonus,50
1537,5637,53986,2026-07-03,Recreate,20
1538,2387,21354,2026-02-22,Remix,50
1539,4860,27386,2026-02-01,Recreate,10
1540,8580,58922,2026-04-24,Recreate,20
1541,353,29843,2026-05-24,Engagement Bonus,5
1542,5164,32421,2026-03-18,Recreate,30
1543,3424,34932,2026-01-13,Recreate,5
1544,3541,42864,2026-05-18,Recreate,5
1545,3440,8513,2026-03-16,Recreate,100
1546,1147,59496,2026-08-05,Recreate,10
1547,9979,2178,2026-05-16,Recreate,50
1548,6600,47686,2026-02-20,Recreate,50
1549,343,47589,2026-07-06,Remix,50
1550,212,8469,2026-01-02,Recreate,10
1551,2431,50543,2026-04-28,Remix,100
1552,4553,2527,2026-03-13,Recreate,10
1553,1373,34667,2026-04-17,Recreate,10
1554,535,24031,2026-08-04,Recreate,50
1555,6866,41698,2026-01-16,Recreate,10
1556,2649,2816,2026-04-14,Remix,30
1557,3301,6986,2026-06-28,Recreate,10
1558,5896,29826,2026-02-17,Recreate,20
1559,2354,10627,2026-08-24,Recreate,5
1560,3843,16583,2026-03-29,Remix,10
1561,4611,13716,2026-04-27,Recreate,20
1562,488,43337,2026-04-25,Recreate,100
1563,8654,22267,2026-07-12,Engagement Bonus,50
1564,9389,4836,2026-02-23,Engagement Bonus,10
1565,480,59517,2026-03-05,Engagement Bonus,10
1566,724,6737,2026-08-28,Remix,5
1567,305,14871,2026-05-12,Remix,20
1568,8125,5636,2026-02-22,Recreate,50
1569,395,42836,2026-08-02,Engagement Bonus,30
1570,5501,31322,2026-04-16,Remix,30
1571,1818,109,2026-05-09,Recreate,30
1572,8645,44960,2026-04-06,Remix,100
1573,5461,27784,2026-07-17,Recreate,5
1574,1661,43737,2026-03-16,Recreate,5
1575,6404,51867,2026-02-01,Remix,20
1576,2163,18341,2026-08-23,Recreate,5
1577,8547,32704,2026-08-13,Recreate,5
1578,4836,53751,2026-02-01,Recreate,5
1579,1331,5960,2026-03-29,Recreate,50
1580,1336,14531,2026-02-19,Remix,5
1581,8019,53830,2026-04-11,Recreate,20
1582,6439,3650,2026-03-21,Recreate,100
1583,5745,489,2026-06-08,Recreate,20
1584,7514,15364,2026-03-27,Recreate,30
1585,2253,55700,2026-05-04,Remix,10
1586,3279,6251,2026-08-30,Recreate,5
1587,4634,51699,2026-05-26,Recreate,5
1588,4846,53251,2026-08-27,Remix,5
1589,2464,83,2026-06-10,Engagement Bonus,30
1590,3666,20014,2026-05-11,Recreate,10
1591,315,31231,2026-03-22,Recreate,10
1592,4652,803,2026-08-31,Remix,50
1593,9126,4172,2026-02-24,Recreate,20
1594,6241,39856,2026-05-30,Recreate,100
1595,9623,26122,2026-04-18,Recreate,5
1596,2097,42321,2026-05-20,Recreate,5
1597,2255,17552,2026-08-25,Recreate,30
1598,615,16214,2026-06-23,Recreate,5
1599,654,45375,2026-04-18,Engagement Bonus,20
1600,9994,31583,2026-03-23,Remix,50
1601,7011,21333,2026-08-16,Recreate,20
1602,6799,26754,2026-05-03,Recreate,30
1603,7183,45735,2026-07-18,Remix,10
1604,68,13827,2026-07-23,Recreate,10
1605,3482,22975,2026-06-21,Remix,50
1606,5788,36844,2026-06-14,Remix,10
1607,6585,9849,2026-01-04,Remix,20
1608,3960,15402,2026-02-28,Recreate,5
1609,4127,27190,2026-01-17,Recreate,100
1610,2429,26851,2026-01-06,Recreate,5
1611,6907,2556,2026-02-23,Remix,5
1612,7214,24843,2026-06-17,Remix,20
1613,6824,5536,2026-02-17,Remix,10
1614,1410,54547,2026-05-09,Recreate,10
1615,8656,44224,2026-05-23,Recreate,10
1616,8456,11054,2026-08-07,Recreate,5
1617,7277,15515,2026-07-07,Recreate,30
1618,5668,58849,2026-02-18,Remix,20
1619,2070,51789,2026-07-08,Recreate,5
1620,3941,17970,2026-08-03,Recreate,100
1621,7981,13796,2026-06-18,Recreate,10
1622,1863,41836,2026-06-06,Remix,5
1623,5764,14280,2026-08-25,Recreate,10
1624,6476,56172,2026-03-29,Recreate,10
1625,7249,18185,2026-02-03,Remix,30
1626,3831,34953,2026-06-22,Recreate,10
1627,2540,44966,2026-03-10,Recreate,50
1628,9118,26033,2026-03-23,Recreate,10
1629,7016,2423,2026-01-05,Recreate,20
1630,7506,42300,2026-02-21,Remix,10
1631,1317,50179,2026-08-13,Engagement Bonus,5
1632,3839,15064,2026-02-18,Recreate,30
1633,8976,24620,2026-02-02,Recreate,10
1634,7023,37690,2026-06-15,Remix,10
1635,5885,17688,2026-03-26,Recreate,5
1636,7327,38331,2026-03-08,Remix,10
1637,4634,10757,2026-03-15,Remix,5
1638,9548,18654,2026-04-05,Recreate,5
1639,1166,26410,2026-05-02,Remix,30
1640,7690,46081,2026-05-05,Recreate,10
1641,2014,14294,2026-06-02,Recreate,20
1642,3594,38288,2026-08-17,Recreate,50
1643,9133,59125,2026-02-24,Recreate,10
1644,2999,4862,2026-05-17,Recreate,20
1645,3191,10986,2026-08-05,Recreate,20
1646,458,28081,2026-04-13,Recreate,30
1647,1624,44377,2026-01-27,Recreate,30
1648,7180,46904,2026-05-13,Recreate,10
1649,8973,33910,2026-03-05,Remix,20
1650,9647,43409,2026-02-23,Recreate,20
1651,7521,12036,2026-01-22,Recreate,10
1652,949,46091,2026-04-07,Recreate,10
1653,1175,24015,2026-01-13,Remix,10
1654,8214,54796,2026-01-18,Engagement Bonus,100
1655,8885,42932,2026-05-11,Recreate,10
1656,7571,51424,2026-03-04,Remix,20
1657,3839,41600,2026-03-12,Recreate,20
1658,3862,38094,2026-08-15,Recreate,20
1659,8807,24352,2026-02-12,Recreate,30
1660,4895,36797,2026-01-07,Recreate,10
1661,5347,51727,2026-03-12,Recreate,100
1662,6641,23067,2026-01-01,Recreate,30
1663,6445,24004,2026-01-03,Recreate,10
1664,6146,14647,2026-07-12,Remix,5
1665,8508,18132,2026-06-20,Remix,30
1666,6685,11446,2026-05-14,Recreate,20
1667,941,22028,2026-01-17,Recreate,5
1668,9208,37414,2026-06-13,Recreate,30
1669,9067,16190,2026-01-12,Recreate,50
1670,6864,52960,2026-07-28,Recreate,10
1671,8680,55080,2026-06-29,Recreate,20
1672,6322,27116,2026-05-30,Engagement Bonus,50
1673,8470,6256,2026-02-22,Recreate,100
1674,2614,38524,2026-04-03,Recreate,10
1675,5394,33063,2026-04-17,Remix,10
1676,4019,7580,2026-04-15,Recreate,10
1677,9177,18993,2026-02-25,Recreate,50
1678,4660,4226,2026-03-15,Recreate,10
1679,4165,40381,2026-02-26,Remix,10
1680,1564,33923,2026-04-27,Remix,20
1681,2330,45788,2026-01-07,Remix,100
1682,285,12843,2026-03-08,Recreate,100
1683,8648,52323,2026-04-26,Recreate,10
1684,4348,21928,2026-04-07,Recreate,5
1685,1460,40917,2026-01-17,Recreate,5
1686,9100,14728,2026-02-10,Recreate,5
1687,6720,37196,2026-07-24,Engagement Bonus,10
1688,733,32180,2026-08-19,Remix,10
1689,3035,23421,2026-02-01,Remix,100
1690,4476,34655,2026-08-29,Engagement Bonus,20
1691,5499,3655,2026-06-19,Recreate,5
1692,3599,34700,2026-03-10,Recreate,30
1693,9929,55857,2026-05-14,Remix,10
1694,4708,6188,2026-08-30,Recreate,10
1695,8917,53414,2026-07-31,Recreate,100
1696,1425,27545,2026-03-15,Remix,20
1697,8742,52241,2026-06-17,Engagement Bonus,100
1698,5912,19452,2026-08-14,Recreate,50
1699,6568,2454,2026-06-11,Recreate,5
1700,2562,33382,2026-02-02,Remix,10
1701,720,20441,2026-06-20,Engagement Bonus,5
1702,6264,9751,2026-07-15,Engagement Bonus,10
1703,4351,28142,2026-06-15,Recreate,10
1704,6110,25257,2026-02-27,Recreate,30
1705,2907,30150,2026-08-05,Recreate,10
1706,9621,42783,2026-07-21,Remix,20
1707,609,41695,2026-02-23,Recreate,30
1708,4708,16236,2026-03-29,Recreate,10
1709,2468,9039,2026-03-24,Recreate,5
1710,7633,10004,2026-08-17,Recreate,20
1711,6864,4905,2026-02-10,Recreate,5
1712,3373,32710,2026-01-28,Remix,30
1713,111,39683,2026-08-02,Remix,5
1714,9441,5197,2026-04-06,Remix,5
1715,8792,58386,2026-06-09,Engagement Bonus,10
1716,3833,39346,2026-07-29,Remix,30
1717,5497,54848,2026-07-20,Recreate,20
1718,8020,52597,2026-06-29,Recreate,100
1719,4870,19571,2026-08-07,Engagement Bonus,30
1720,759,45521,2026-04-19,Recreate,20
1721,2725,20218,2026-03-26,Recreate,20
1722,7355,38365,2026-05-23,Engagement Bonus,10
1723,160,3001,2026-05-20,Recreate,20
1724,817,39202,2026-02-21,Recreate,10
1725,3655,44898,2026-06-15,Recreate,10
1726,2131,36678,2026-03-08,Engagement Bonus,100
1727,6303,50662,2026-07-20,Recreate,10
1728,2652,38596,2026-07-29,Recreate,5
1729,628,48109,2026-06-24,Recreate,50
1730,1809,37602,2026-07-17,Recreate,10
1731,1653,23826,2026-01-30,Engagement Bonus,20
1732,7281,51294,2026-08-17,Recreate,10
1733,5351,42197,2026-05-20,Remix,10
1734,8180,55176,2026-03-05,Recreate,100
1735,7853,31195,2026-03-18,Remix,10
1736,6392,33972,2026-05-23,Engagement Bonus,10
1737,7080,21879,2026-05-18,Remix,5
1738,3346,44217,2026-05-31,Recreate,20
1739,6643,57053,2026-06-08,Recreate,10
1740,5168,22966,2026-08-20,Remix,5
1741,5042,19459,2026-02-13,Recreate,10
1742,6560,11777,2026-05-10,Remix,50
1743,584,21688,2026-04-28,Recreate,20
1744,9656,2121,2026-08-04,Recreate,30
1745,2807,2226,2026-02-17,Recreate,50
1746,4661,46750,2026-05-11,Remix,20
1747,6324,31998,2026-05-01,Remix,20
1748,1415,17005,2026-08-09,Recreate,100
1749,4324,32149,2026-05-01,Recreate,5
1750,6113,10040,2026-07-13,Engagement Bonus,50
1751,732,56662,2026-07-31,Recreate,50
1752,5360,43820,2026-01-22,Remix,50
1753,3716,49899,2026-01-07,Recreate,50
1754,4278,42014,2026-08-05,Recreate,10
1755,347,53194,2026-02-04,Remix,5
1756,4338,24155,2026-06-28,Engagement Bonus,5
1757,8769,48086,2026-07-11,Recreate,20
1758,8004,40059,2026-05-30,Recreate,20
1759,8810,58041,2026-01-02,Recreate,30
1760,2303,48016,2026-06-26,Recreate,50
1761,9924,4573,2026-08-26,Recreate,20
1762,149,19160,2026-03-03,Recreate,10
1763,4100,13422,2026-05-05,Recreate,100
1764,3592,38297,2026-08-23,Remix,100
1765,8783,54808,2026-07-01,Remix,20
1766,374,4339,2026-04-10,Engagement Bonus,10
1767,7783,18581,2026-05-01,Engagement Bonus,100
1768,9401,35238,2026-06-23,Engagement Bonus,20
1769,4682,18372,2026-03-28,Remix,10
1770,7622,41642,2026-03-02,Remix,5
1771,8108,49262,2026-01-11,Engagement Bonus,5
1772,9285,4728,2026-02-05,Remix,30
1773,1020,23740,2026-04-29,Remix,20
1774,5272,26099,2026-01-05,Remix,30
1775,3296,7473,2026-05-17,Recreate,20
1776,9080,38069,2026-07-02,Recreate,5
1777,3676,46850,2026-08-31,Recreate,20
1778,6105,38560,2026-03-10,Engagement Bonus,5
1779,1870,9308,2026-03-29,Remix,5
1780,7261,5463,2026-04-02,Remix,100
1781,3197,8125,2026-03-07,Remix,5
1782,3475,36649,2026-06-25,Engagement Bonus,10
1783,1367,13180,2026-01-01,Recreate,20
1784,4969,39474,2026-05-18,Remix,30
1785,6791,22027,2026-01-14,Recreate,30
1786,8305,50502,2026-01-17,Recreate,20
1787,491,51689,2026-06-20,Recreate,20
1788,9430,53322,2026-08-12,Remix,30
1789,5381,18687,2026-03-15,Remix,20
1790,8636,33621,2026-04-20,Remix,100
1791,2089,20344,2026-08-28,Recreate,5
1792,6473,38454,2026-01-11,Recreate,10
1793,3814,32294,2026-05-08,Recreate,20
1794,5490,58450,2026-07-06,Engagement Bonus,5
1795,8479,19785,2026-08-27,Recreate,20
1796,6768,32840,2026-04-11,Recreate,5
1797,5417,22695,2026-04-06,Recreate,20
1798,2700,20871,2026-06-04,Recreate,5
1799,484,37149,2026-08-31,Remix,10
1800,4337,16719,2026-08-04,Remix,10
1801,6100,2243,2026-01-15,Engagement Bonus,30
1802,5467,24724,2026-03-31,Recreate,30
1803,6800,15014,2026-08-22,Recreate,20
1804,5004,51090,2026-05-04,Engagement Bonus,30
1805,1197,58198,2026-03-24,Remix,20
1806,4718,1080,2026-04-12,Remix,100
1807,4599,5724,2026-07-18,Recreate,20
1808,711,23219,2026-08-11,Remix,100
1809,9956,6094,2026-05-15,Recreate,10
1810,1880,59760,2026-01-29,Recreate,30
1811,3146,37107,2026-07-18,Engagement Bonus,30
1812,8807,56158,2026-07-05,Recreate,50
1813,4740,2682,2026-04-05,Recreate,10
1814,9382,29002,2026-01-29,Engagement Bonus,10
1815,3246,52993,2026-05-19,Engagement Bonus,5
1816,1284,36977,2026-03-14,Engagement Bonus,5
1817,4180,17985,2026-01-13,Recreate,100
1818,3080,54410,2026-01-27,Remix,10
1819,9341,14010,2026-02-15,Remix,10
1820,5366,31865,2026-02-22,Remix,10
1821,8559,6152,2026-03-10,Recreate,5
1822,373,40998,2026-04-12,Remix,5
1823,6845,32217,2026-08-27,Remix,30
1824,3315,48992,2026-03-05,Engagement Bonus,10
1825,8075,36924,2026-06-10,Recreate,100
1826,9662,11788,2026-08-15,Recreate,5
1827,4379,21567,2026-07-22,Remix,5
1828,6208,51575,2026-03-08,Recreate,50
1829,9573,54418,2026-02-16,Recreate,10
1830,6876,50049,2026-07-01,Recreate,5
1831,9298,32539,2026-08-27,Recreate,5
1832,3711,20289,2026-02-16,Engagement Bonus,10
1833,287,41319,2026-05-02,Recreate,5
1834,459,32433,2026-08-04,Remix,10
1835,1425,41144,2026-05-10,Recreate,20
1836,3360,57498,2026-08-12,Remix,10
1837,667,15651,2026-01-11,Recreate,50
1838,7157,58413,2026-03-23,Recreate,10
1839,2350,16924,2026-01-02,Remix,5
1840,9347,47821,2026-03-20,Recreate,100
1841,8881,28345,2026-03-10,Engagement Bonus,20
1842,7752,49936,2026-01-31,Recreate,5
1843,9363,13807,2026-06-22,Recreate,20
1844,9826,9227,2026-02-14,Remix,5
1845,42,22152,2026-07-09,Recreate,30
1846,8191,20964,2026-08-22,Recreate,10
1847,5374,39933,2026-08-19,Recreate,20
1848,3975,3962,2026-07-05,Remix,5
1849,6422,4171,2026-03-11,Remix,20
1850,3123,20931,2026-07-14,Recreate,5
1851,1696,4546,2026-03-11,Recreate,10
1852,8119,36755,2026-05-03,Recreate,5
1853,6035,30386,2026-03-16,Remix,30
1854,815,28840,2026-06-30,Engagement Bonus,20
1855,6220,28097,2026-03-30,Recreate,10
1856,6720,40078,2026-03-25,Remix,10
1857,7639,13584,2026-05-10,Remix,30
1858,9558,28706,2026-07-19,Recreate,5
1859,2989,7493,2026-02-07,Recreate,5
1860,3932,5317,2026-06-09,Recreate,5
1861,5583,50015,2026-01-27,Recreate,5
1862,4289,2499,2026-06-09,Recreate,10
1863,7796,14888,2026-07-23,Remix,20
1864,719,56781,2026-02-06,Recreate,5
1865,5536,1407,2026-02-09,Remix,5
1866,9243,42678,2026-06-26,Recreate,10
1867,5190,37610,2026-05-27,Remix,50
1868,2528,8691,2026-05-19,Recreate,5
1869,8978,27995,2026-02-20,Recreate,50
1870,9609,1905,2026-07-18,Recreate,50
1871,2391,18530,2026-03-10,Recreate,10
1872,447,8661,2026-01-05,Recreate,100
1873,3030,21167,2026-01-12,Recreate,5
1874,1568,41617,2026-04-15,Recreate,20
1875,4537,9819,2026-04-05,Recreate,20
1876,6044,59710,2026-07-11,Recreate,50
1877,6958,48469,2026-07-24,Recreate,5
1878,8413,50767,2026-07-11,Remix,20
1879,7024,28827,2026-08-04,Recreate,10
1880,8307,48337,2026-06-24,Engagement Bonus,100
1881,3731,5535,2026-03-01,Remix,10
1882,7173,1401,2026-07-16,Engagement Bonus,50
1883,2375,41174,2026-08-21,Remix,5
1884,6768,15913,2026-02-14,Remix,20
1885,9069,28279,2026-07-08,Remix,20
1886,7526,22922,2026-01-28,Recreate,20
1887,4258,1014,2026-04-17,Recreate,5
1888,766,52360,2026-03-22,Recreate,100
1889,6247,48455,2026-02-20,Recreate,30
1890,1120,20037,2026-05-26,Recreate,20
1891,7215,54348,2026-05-27,Recreate,10
1892,6774,14289,2026-01-11,Engagement Bonus,10
1893,6914,8630,2026-04-21,Recreate,5
1894,642,30805,2026-06-04,Recreate,10
1895,8197,103,2026-07-26,Recreate,100
1896,2001,3005,2026-01-10,Recreate,5
1897,947,7339,2026-04-18,Recreate,50
1898,8748,18220,2026-04-11,Remix,5
1899,5366,35710,2026-04-03,Recreate,10
1900,4221,376,2026-03-28,Remix,10
1901,1648,36852,2026-03-09,Remix,30
1902,2528,37132,2026-06-22,Recreate,20
1903,7230,31377,2026-05-08,Recreate,100
1904,4976,58456,2026-02-02,Remix,5
1905,8358,54330,2026-03-29,Recreate,20
1906,3861,37849,2026-01-29,Recreate,5
1907,766,56792,2026-07-20,Remix,100
1908,1153,7234,2026-05-04,Recreate,100
1909,3256,55925,2026-03-14,Recreate,20
1910,3436,44030,2026-07-10,Recreate,50
1911,9348,37898,2026-04-10,Remix,50
1912,9784,53740,2026-07-14,Recreate,100
1913,5198,645,2026-03-15,Recreate,20
1914,3507,49554,2026-04-01,Remix,5
1915,91,24987,2026-04-12,Remix,5
1916,1582,29498,2026-01-20,Remix,100
1917,4365,38686,2026-06-05,Recreate,10
1918,1681,21733,2026-08-30,Recreate,100
1919,6080,25398,2026-05-30,Engagement Bonus,5
1920,9395,4761,2026-06-04,Recreate,20
1921,9683,12158,2026-08-22,Remix,20
1922,6012,11609,2026-07-15,Recreate,20
1923,865,14636,2026-07-08,Recreate,10
1924,3482,22975,2026-01-20,Recreate,5
1925,800,5375,2026-03-21,Recreate,10
1926,9558,10441,2026-04-24,Engagement Bonus,20
1927,6109,11005,2026-07-27,Recreate,10
1928,8761,23841,2026-05-12,Engagement Bonus,30
1929,8514,2749,2026-07-21,Recreate,30
1930,395,27343,2026-08-20,Engagement Bonus,30
1931,2472,51060,2026-03-09,Recreate,5
1932,1378,22932,2026-03-27,Recreate,50
1933,5922,36786,2026-07-16,Recreate,20
1934,9542,7751,2026-07-28,Recreate,20
1935,9847,9521,2026-05-01,Recreate,50
1936,2247,40126,2026-07-22,Engagement Bonus,50
1937,2206,22978,2026-01-20,Remix,10
1938,9957,56118,2026-06-04,Remix,30
1939,5896,13416,2026-05-06,Remix,5
1940,4170,11421,2026-08-25,Remix,20
1941,5125,53498,2026-04-01,Recreate,5
1942,5283,29091,2026-08-08,Recreate,30
1943,537,27512,2026-05-05,Remix,10
1944,3842,53724,2026-05-14,Engagement Bonus,10
1945,809,4401,2026-02-06,Recreate,5
1946,8806,8008,2026-03-01,Engagement Bonus,10
1947,7318,48940,2026-05-13,Engagement Bonus,20
1948,3056,2518,2026-01-09,Recreate,5
1949,8813,25963,2026-06-29,Recreate,20
1950,5283,33474,2026-04-26,Recreate,30
1951,542,16077,2026-05-28,Engagement Bonus,20
1952,3902,23710,2026-02-05,Remix,20
1953,3776,48338,2026-03-07,Recreate,20
1954,4679,8422,2026-08-03,Engagement Bonus,5
1955,4284,4047,2026-05-28,Recreate,10
1956,9518,17639,2026-01-24,Remix,5
1957,9234,33639,2026-04-05,Remix,5
1958,195,33283,2026-05-13,Engagement Bonus,10
1959,8847,26841,2026-08-14,Remix,5
1960,5815,59179,2026-08-16,Recreate,30
1961,5661,51946,2026-02-12,Engagement Bonus,5
1962,4360,28343,2026-04-09,Remix,20
1963,5851,54286,2026-07-25,Recreate,5
1964,1915,50535,2026-02-15,Recreate,100
1965,9382,29002,2026-04-22,Remix,50
1966,9691,41832,2026-07-18,Engagement Bonus,5
1967,4864,7848,2026-07-09,Recreate,100
1968,7570,4387,2026-05-28,Recreate,10
1969,2895,3053,2026-03-08,Recreate,5
1970,3455,42672,2026-01-01,Recreate,5
1971,1679,23330,2026-05-13,Engagement Bonus,50
1972,3440,8513,2026-06-26,Recreate,30
1973,8437,6686,2026-05-11,Recreate,5
1974,39,38203,2026-04-25,Recreate,5
1975,3340,40851,2026-03-25,Recreate,5
1976,9812,18884,2026-08-16,Recreate,10
1977,2636,34313,2026-02-15,Remix,10
1978,250,772,2026-03-17,Recreate,30
1979,459,19577,2026-08-14,Engagement Bonus,5
1980,8807,43869,2026-08-09,Remix,5
1981,7237,7322,2026-01-15,Remix,50
1982,5809,45548,2026-04-07,Engagement Bonus,50
1983,8283,40569,2026-06-30,Remix,5
1984,6164,37202,2026-03-24,Remix,10
1985,4120,43158,2026-03-26,Recreate,10
1986,689,27828,2026-02-03,Recreate,100
1987,8321,43017,2026-04-13,Recreate,10
1988,2774,29867,2026-05-29,Remix,10
1989,2806,5413,2026-02-07,Engagement Bonus,5
1990,3948,48563,2026-07-30,Recreate,20
1991,1149,25259,2026-08-08,Engagement Bonus,20
1992,5253,23535,2026-03-07,Recreate,10
1993,8256,41226,2026-05-10,Remix,5
1994,3709,13849,2026-02-28,Recreate,10
1995,5903,19338,2026-04-05,Recreate,100
1996,2297,13054,2026-03-20,Remix,30
1997,1420,13885,2026-03-12,Recreate,5
1998,4346,59008,2026-05-28,Recreate,5
1999,2319,23976,2026-04-11,Recreate,20
2000,211,4571,2026-06-26,Recreate,50
2001,3871,32955,2026-06-15,Recreate,20
2002,4442,50064,2026-01-02,Recreate,10
2003,5826,1572,2026-03-12,Recreate,20
2004,3752,59660,2026-01-07,Recreate,20
2005,2524,48749,2026-03-09,Recreate,20
2006,4127,28560,2026-02-01,Remix,20
2007,7262,45491,2026-01-09,Remix,5
2008,150,51070,2026-07-23,Engagement Bonus,20
2009,1437,58518,2026-01-10,Engagement Bonus,100
2010,4695,5231,2026-03-01,Engagement Bonus,50
2011,2188,39246,2026-07-12,Recreate,10
2012,666,12633,2026-05-22,Recreate,5
2013,9119,3145,2026-01-02,Remix,5
2014,1154,58316,2026-04-04,Remix,10
2015,8973,1040,2026-06-17,Recreate,50
2016,8021,57711,2026-05-08,Remix,5
2017,991,16140,2026-02-04,Remix,20
2018,9426,19414,2026-03-10,Recreate,20
2019,3665,26468,2026-05-17,Recreate,10
2020,2167,30888,2026-03-11,Recreate,5
2021,722,56184,2026-08-14,Engagement Bonus,20
2022,4693,55096,2026-03-08,Recreate,10
2023,2549,5779,2026-02-03,Recreate,20
2024,8069,55218,2026-06-03,Recreate,20
2025,8299,10621,2026-03-11,Recreate,20
2026,5099,57147,2026-05-04,Recreate,10
2027,3067,12464,2026-07-28,Recreate,30
2028,6466,17490,2026-02-20,Recreate,10
2029,4257,19041,2026-04-10,Recreate,10
2030,7334,43156,2026-02-03,Engagement Bonus,10
2031,4590,8405,2026-04-06,Recreate,100
2032,6716,15687,2026-01-21,Remix,20
2033,6173,9192,2026-05-25,Remix,5
2034,5399,33622,2026-08-11,Recreate,20
2035,5670,41343,2026-02-27,Engagement Bonus,10
2036,3408,51024,2026-06-03,Recreate,100
2037,2155,11278,2026-04-23,Recreate,30
2038,5969,20925,2026-07-08,Recreate,10
2039,3455,36993,2026-05-03,Remix,50
2040,4943,26404,2026-08-08,Remix,10
2041,3351,53630,2026-05-16,Engagement Bonus,100
2042,6114,59615,2026-05-28,Remix,20
2043,875,47266,2026-01-22,Remix,20
2044,9111,8377,2026-02-05,Remix,10
2045,4970,24342,2026-07-17,Remix,5
2046,2056,34813,2026-04-07,Recreate,50
2047,305,14871,2026-07-23,Remix,10
2048,8662,56121,2026-06-06,Remix,50
2049,665,24217,2026-04-16,Recreate,20
2050,5647,54381,2026-08-02,Recreate,5
2051,1618,31426,2026-05-06,Recreate,20
2052,8912,32135,2026-02-11,Recreate,10
2053,2558,47636,2026-06-28,Recreate,20
2054,4967,1013,2026-07-24,Recreate,30
2055,2921,8891,2026-05-01,Recreate,10
2056,7363,49214,2026-07-24,Recreate,50
2057,6788,6822,2026-05-16,Remix,30
2058,7756,34325,2026-02-24,Recreate,100
2059,4567,31643,2026-01-07,Recreate,10
2060,4352,26467,2026-07-28,Recreate,5
2061,5291,30326,2026-03-29,Remix,30
2062,950,43246,2026-06-13,Recreate,10
2063,3756,28865,2026-01-25,Remix,10
2064,8056,34204,2026-04-19,Recreate,5
2065,335,4165,2026-07-05,Remix,5
2066,5955,40376,2026-01-03,Recreate,30
2067,4797,5790,2026-03-23,Recreate,100
2068,5713,1295,2026-07-05,Remix,20
2069,5640,57386,2026-03-17,Remix,20
2070,655,13870,2026-02-08,Recreate,10
2071,5819,23333,2026-02-11,Remix,20
2072,7406,16186,2026-07-03,Recreate,20
2073,5248,30646,2026-06-27,Recreate,10
2074,2390,27633,2026-08-03,Recreate,30
2075,1181,50350,2026-03-05,Recreate,5
2076,2362,24424,2026-02-06,Engagement Bonus,20
2077,8645,22455,2026-03-09,Remix,5
2078,3970,37916,2026-08-02,Remix,20
2079,2451,3502,2026-01-07,Recreate,10
2080,6207,7035,2026-03-25,Recreate,10
2081,1424,25593,2026-06-23,Recreate,30
2082,2640,13914,2026-04-15,Remix,50
2083,8195,46720,2026-06-27,Recreate,20
2084,8193,18623,2026-03-18,Recreate,20
2085,1369,1385,2026-01-06,Recreate,30
2086,821,8913,2026-06-09,Remix,10
2087,8717,21836,2026-08-09,Remix,50
2088,8160,29529,2026-02-25,Recreate,5
2089,4225,19878,2026-03-08,Engagement Bonus,10
2090,6705,11680,2026-08-24,Recreate,100
2091,3405,32571,2026-06-03,Remix,10
2092,9070,27139,2026-05-03,Remix,10
2093,7468,56253,2026-05-24,Remix,20
2094,2884,16871,2026-05-08,Recreate,10
2095,8901,47248,2026-04-13,Recreate,10
2096,2025,45070,2026-03-18,Remix,20
2097,3841,29763,2026-04-14,Engagement Bonus,10
2098,6297,50159,2026-07-29,Recreate,50
2099,3638,42071,2026-04-30,Engagement Bonus,50
2100,8832,19440,2026-08-02,Recreate,20
2101,5244,4286,2026-06-29,Recreate,50
2102,1817,1722,2026-08-05,Recreate,50
2103,1096,29489,2026-04-06,Recreate,10
2104,393,16439,2026-05-09,Recreate,30
2105,1100,50004,2026-03-25,Remix,100
2106,9757,33636,2026-05-21,Recreate,30
2107,9350,44928,2026-01-28,Recreate,30
2108,1988,32895,2026-08-15,Remix,50
2109,2885,37285,2026-01-19,Recreate,5
2110,4804,52051,2026-05-20,Remix,30
2111,2519,35242,2026-03-27,Recreate,100
2112,4665,17424,2026-06-08,Recreate,30
2113,851,33756,2026-04-26,Recreate,5
2114,1266,51353,2026-02-19,Engagement Bonus,20
2115,6424,399,2026-06-13,Recreate,5
2116,142,6662,2026-06-13,Recreate,50
2117,7769,56042,2026-05-09,Remix,100
2118,502,3261,2026-03-20,Recreate,100
2119,1852,46925,2026-05-11,Recreate,10
2120,6375,20759,2026-01-28,Remix,20
2121,3383,19464,2026-07-04,Recreate,20
2122,3134,2397,2026-01-30,Recreate,10
2123,1395,58312,2026-03-07,Recreate,5
2124,328,36773,2026-08-31,Recreate,50
2125,3026,30761,2026-08-16,Recreate,10
2126,9795,38940,2026-05-25,Remix,5
2127,4478,15634,2026-04-01,Engagement Bonus,50
2128,5328,25800,2026-08-29,Recreate,5
2129,8173,22679,2026-02-05,Recreate,100
2130,3963,33891,2026-01-10,Remix,10
2131,4525,46262,2026-03-27,Remix,5
2132,2008,30189,2026-01-06,Recreate,5
2133,5042,21682,2026-06-12,Recreate,30
2134,7735,43120,2026-03-27,Recreate,100
2135,5865,16487,2026-01-14,Recreate,30
2136,5418,56814,2026-08-16,Engagement Bonus,5
2137,6075,40474,2026-01-24,Recreate,5
2138,7505,31315,2026-02-19,Recreate,20
2139,1115,8706,2026-08-06,Recreate,10
2140,2905,31874,2026-06-07,Recreate,30
2141,8752,59360,2026-01-02,Recreate,30
2142,4220,33542,2026-01-18,Remix,20
2143,3597,15729,2026-03-24,Engagement Bonus,10
2144,6020,15000,2026-07-04,Remix,20
2145,968,34774,2026-05-21,Recreate,10
2146,8445,47665,2026-07-27,Remix,10
2147,3834,56394,2026-02-24,Recreate,20
2148,5848,17954,2026-06-29,Recreate,5
2149,7290,20406,2026-04-14,Recreate,20
2150,8610,38588,2026-04-19,Recreate,5
2151,152,11196,2026-05-23,Engagement Bonus,5
2152,5730,30919,2026-06-22,Remix,30
2153,4077,41766,2026-03-14,Recreate,10
2154,4506,18782,2026-03-27,Remix,10
2155,180,29853,2026-08-22,Remix,20
2156,4313,42188,2026-03-26,Remix,20
2157,4449,57871,2026-02-23,Recreate,5
2158,3343,44821,2026-04-10,Engagement Bonus,5
2159,313,33843,2026-07-29,Recreate,10
2160,9418,12104,2026-03-07,Remix,30
2161,5292,4994,2026-03-04,Recreate,10
2162,3145,49210,2026-06-08,Recreate,5
2163,3207,35643,2026-02-02,Remix,30
2164,8789,26674,2026-02-24,Recreate,50
2165,8600,44049,2026-02-17,Recreate,10
2166,3154,14072,2026-06-20,Recreate,50
2167,4107,28051,2026-03-11,Remix,5
2168,4223,6162,2026-02-26,Engagement Bonus,5
2169,5843,41613,2026-03-01,Remix,5
2170,7559,49621,2026-06-18,Recreate,100
2171,8782,16559,2026-08-03,Recreate,20
2172,8616,37450,2026-06-14,Remix,5
2173,9692,47246,2026-07-08,Remix,5
2174,9410,45875,2026-04-12,Engagement Bonus,5
2175,1101,40877,2026-01-13,Recreate,10
2176,4066,10511,2026-01-01,Recreate,30
2177,8313,14547,2026-05-10,Recreate,10
2178,6779,35823,2026-08-14,Recreate,10
2179,1200,19299,2026-06-22,Remix,30
2180,2783,10949,2026-04-30,Engagement Bonus,10
2181,4106,58493,2026-04-15,Recreate,20
2182,6329,35490,2026-06-07,Engagement Bonus,100
2183,279,30320,2026-02-14,Recreate,10
2184,8458,37920,2026-02-20,Recreate,20
2185,5379,8327,2026-08-17,Recreate,10
2186,8318,59886,2026-01-28,Engagement Bonus,20
2187,3965,9329,2026-07-07,Recreate,30
2188,8705,23578,2026-04-22,Recreate,10
2189,8332,16488,2026-04-29,Remix,10
2190,3498,5970,2026-08-06,Recreate,100
2191,2677,58207,2026-02-08,Recreate,20
2192,5676,42845,2026-03-23,Recreate,30
2193,4338,9103,2026-02-01,Engagement Bonus,50
2194,8675,34872,2026-07-06,Engagement Bonus,50
2195,9100,19862,2026-03-01,Engagement Bonus,20
2196,4972,54254,2026-08-04,Engagement Bonus,10
2197,3663,23288,2026-05-01,Remix,20
2198,6820,46670,2026-07-26,Engagement Bonus,30
2199,1681,46671,2026-05-09,Recreate,5
2200,6693,10419,2026-03-08,Engagement Bonus,20
2201,4241,30756,2026-06-26,Recreate,20
2202,2697,11812,2026-05-09,Recreate,10
2203,7194,30174,2026-02-03,Recreate,5
2204,3477,28751,2026-06-22,Engagement Bonus,30
2205,7514,49631,2026-04-02,Remix,10
2206,9519,10606,2026-01-26,Remix,10
2207,7426,17759,2026-01-07,Engagement Bonus,10
2208,1709,52752,2026-08-06,Remix,5
2209,902,31980,2026-07-21,Recreate,50
2210,1924,4295,2026-02-02,Engagement Bonus,30
2211,5601,46885,2026-06-07,Remix,20
2212,5668,21176,2026-03-22,Recreate,30
2213,8446,2792,2026-06-14,Recreate,10
2214,6590,21098,2026-05-06,Engagement Bonus,5
2215,2342,44829,2026-02-15,Remix,30
2216,1959,59434,2026-05-20,Remix,50
2217,5205,3324,2026-01-09,Engagement Bonus,5
2218,4708,16236,2026-07-22,Recreate,5
2219,3018,1859,2026-03-12,Engagement Bonus,10
2220,9181,35403,2026-04-10,Engagement Bonus,5
2221,9376,35268,2026-03-27,Recreate,50
2222,6424,27564,2026-03-19,Recreate,30
2223,8135,15341,2026-01-10,Recreate,10
2224,2005,43052,2026-07-05,Recreate,10
2225,3502,58678,2026-04-02,Remix,20
2226,8849,34071,2026-01-12,Engagement Bonus,20
2227,2693,18165,2026-01-14,Remix,20
2228,5326,28329,2026-04-08,Recreate,100
2229,3942,16702,2026-03-31,Recreate,10
2230,8866,57888,2026-06-04,Recreate,10
2231,7206,35968,2026-07-29,Remix,100
2232,134,32568,2026-01-30,Recreate,20
2233,3855,54931,2026-08-13,Remix,20
2234,4237,25793,2026-01-14,Recreate,10
2235,563,50313,2026-08-10,Recreate,5
2236,1721,28557,2026-03-01,Recreate,30
2237,3506,32100,2026-04-19,Recreate,30
2238,5356,17197,2026-04-20,Recreate,5
2239,5955,5733,2026-04-12,Recreate,100
2240,7766,42442,2026-05-23,Engagement Bonus,20
2241,1865,29061,2026-01-11,Recreate,5
2242,1834,56076,2026-04-01,Recreate,10
2243,4129,11723,2026-01-04,Recreate,20
2244,846,5261,2026-07-21,Remix,5
2245,3109,53979,2026-04-22,Remix,20
2246,1223,24838,2026-03-30,Recreate,5
2247,5587,54354,2026-04-26,Remix,10
2248,4945,15953,2026-07-23,Recreate,10
2249,1637,5389,2026-03-18,Remix,10
2250,594,39885,2026-07-05,Recreate,30
2251,5043,28692,2026-02-12,Remix,10
2252,9223,3645,2026-05-04,Remix,5
2253,5041,54103,2026-08-03,Engagement Bonus,10
2254,5505,52269,2026-04-04,Engagement Bonus,10
2255,8980,39213,2026-02-09,Remix,5
2256,1714,58092,2026-08-13,Remix,5
2257,1756,1126,2026-01-01,Remix,10
2258,4501,14599,2026-01-03,Remix,5
2259,3761,50512,2026-04-10,Recreate,50
2260,5845,25473,2026-02-01,Remix,5
2261,5107,58577,2026-03-02,Remix,20
2262,9804,28032,2026-01-13,Remix,30
2263,2949,47191,2026-01-18,Remix,50
2264,6219,14772,2026-03-25,Remix,20
2265,5982,45403,2026-08-29,Recreate,10
2266,9419,39007,2026-05-20,Engagement Bonus,50
2267,6812,36859,2026-07-18,Recreate,5
2268,4297,49339,2026-05-03,Recreate,5
2269,9558,31527,2026-04-30,Remix,20
2270,3930,18703,2026-08-03,Remix,5
2271,4718,54775,2026-01-10,Recreate,10
2272,9412,35037,2026-04-08,Recreate,10
2273,4146,21015,2026-07-28,Recreate,50
2274,7122,15242,2026-06-24,Remix,5
2275,2471,43130,2026-03-25,Recreate,20
2276,8128,40999,2026-08-02,Remix,20
2277,1633,23876,2026-02-11,Recreate,5
2278,5226,1005,2026-01-12,Recreate,5
2279,6080,51122,2026-07-30,Remix,5
2280,1463,30269,2026-05-25,Remix,50
2281,2568,22893,2026-02-13,Recreate,30
2282,3590,16213,2026-06-24,Remix,30
2283,5402,27861,2026-01-09,Recreate,20
2284,4740,2682,2026-02-16,Remix,10
2285,7172,25067,2026-02-27,Recreate,5
2286,9310,30570,2026-06-20,Remix,5
2287,4872,36693,2026-03-20,Remix,5
2288,996,39730,2026-05-13,Remix,20
2289,4381,33089,2026-06-26,Recreate,20
2290,1830,22987,2026-06-18,Remix,10
2291,8056,23513,2026-07-06,Remix,10
2292,2400,47428,2026-07-05,Remix,50
2293,8128,56900,2026-03-26,Recreate,20
2294,5860,46955,2026-06-17,Recreate,5
2295,9012,55974,2026-01-19,Recreate,20
2296,8085,20854,2026-02-22,Recreate,20
2297,5379,12534,2026-01-18,Recreate,10
2298,7045,54247,2026-03-13,Recreate,10
2299,6479,51160,2026-08-08,Recreate,10
2300,5477,20753,2026-07-12,Remix,5
2301,6821,55075,2026-01-29,Recreate,20
2302,1006,17652,2026-07-19,Remix,5
2303,665,32715,2026-08-03,Remix,20
2304,4702,2060,2026-01-07,Recreate,5
2305,2586,38676,2026-02-02,Recreate,5
2306,8535,26722,2026-08-09,Recreate,5
2307,7030,20389,2026-03-04,Recreate,20
2308,2326,20786,2026-01-08,Recreate,10
2309,7570,16524,2026-01-18,Remix,5
2310,3608,40909,2026-06-12,Recreate,10
2311,9741,34630,2026-06-09,Remix,10
2312,6400,22186,2026-03-31,Recreate,100
2313,3673,47057,2026-05-08,Recreate,50
2314,2297,31822,2026-05-08,Recreate,100
2315,7713,59006,2026-07-25,Remix,5
2316,1352,30699,2026-08-08,Remix,50
2317,9379,3812,2026-05-08,Recreate,20
2318,361,52062,2026-01-18,Engagement Bonus,20
2319,5124,40368,2026-06-27,Recreate,100
2320,467,57297,2026-02-19,Remix,100
2321,882,41612,2026-08-22,Remix,20
2322,3118,9385,2026-08-22,Engagement Bonus,5
2323,2891,58766,2026-08-17,Remix,30
2324,9126,42192,2026-08-02,Engagement Bonus,20
2325,7125,6581,2026-03-18,Recreate,5
2326,794,47857,2026-08-04,Remix,5
2327,6151,47810,2026-03-06,Remix,20
2328,4523,30302,2026-08-18,Remix,5
2329,3404,57839,2026-03-12,Engagement Bonus,30
2330,1884,14439,2026-04-26,Remix,5
2331,7501,17531,2026-08-14,Recreate,5
2332,2114,9741,2026-03-05,Recreate,30
2333,2436,1747,2026-06-16,Recreate,20
2334,9933,42395,2026-02-19,Engagement Bonus,5
2335,1401,26845,2026-01-06,Recreate,20
2336,6958,42718,2026-07-20,Remix,10
2337,783,11563,2026-08-05,Recreate,10
2338,1287,47591,2026-06-17,Remix,30
2339,6077,6972,2026-08-16,Recreate,10
2340,1688,18683,2026-08-30,Recreate,20
2341,198,32063,2026-03-11,Recreate,30
2342,1403,17757,2026-04-11,Recreate,5
2343,3186,32102,2026-03-04,Remix,20
2344,6378,33926,2026-04-13,Recreate,5
2345,1692,18168,2026-03-03,Remix,50
2346,6913,38020,2026-08-07,Recreate,10
2347,7074,19672,2026-02-08,Recreate,5
2348,4072,53030,2026-07-18,Remix,5
2349,7998,37611,2026-03-02,Recreate,50
2350,8945,27351,2026-06-06,Recreate,20
2351,4133,46884,2026-08-03,Remix,5
2352,7902,15305,2026-02-19,Recreate,5
2353,3546,56561,2026-03-14,Recreate,30
2354,76,27149,2026-04-02,Remix,30
2355,5873,262,2026-06-08,Remix,50
2356,44,15357,2026-01-24,Recreate,10
2357,5451,47446,2026-02-16,Recreate,5
2358,3529,193,2026-05-08,Recreate,50
2359,1434,48212,2026-02-26,Remix,10
2360,8526,37594,2026-06-26,Recreate,20
2361,7566,2727,2026-05-31,Remix,10
2362,6316,8291,2026-08-13,Remix,50
2363,2336,8496,2026-02-14,Remix,10
2364,3372,30182,2026-07-13,Recreate,10
2365,5017,35398,2026-02-12,Recreate,50
2366,9967,25412,2026-07-25,Remix,10
2367,7474,2811,2026-05-23,Recreate,5
2368,2860,535,2026-03-17,Recreate,5
2369,9886,14971,2026-06-15,Recreate,5
2370,3706,6807,2026-02-09,Remix,30
2371,1704,40151,2026-05-29,Recreate,10
2372,9546,50619,2026-08-04,Recreate,20
2373,6690,36541,2026-01-28,Recreate,30
2374,6859,11061,2026-05-18,Recreate,10
2375,9698,56707,2026-01-06,Recreate,20
2376,8667,25041,2026-04-12,Engagement Bonus,10
2377,4942,21432,2026-05-25,Recreate,20
2378,6558,26088,2026-03-29,Recreate,5
2379,1610,51195,2026-07-27,Engagement Bonus,20
2380,8873,38389,2026-08-27,Engagement Bonus,20
2381,9755,4389,2026-05-31,Remix,5
2382,5788,57217,2026-06-05,Recreate,50
2383,3150,11797,2026-04-10,Remix,50
2384,7510,55265,2026-04-25,Recreate,20
2385,3590,12236,2026-02-12,Recreate,10
2386,6583,52344,2026-06-15,Recreate,10
2387,1128,36369,2026-08-24,Recreate,50
2388,538,22380,2026-07-25,Recreate,20
2389,1713,56362,2026-06-10,Recreate,20
2390,6028,12218,2026-05-21,Recreate,5
2391,1204,21553,2026-05-23,Recreate,50
2392,889,45705,2026-07-29,Recreate,30
2393,1535,32940,2026-06-04,Recreate,50
2394,1090,59226,2026-02-04,Recreate,20
2395,8563,20953,2026-01-06,Remix,50
2396,580,44718,2026-06-01,Engagement Bonus,5
2397,5763,6935,2026-08-07,Recreate,10
2398,9356,5746,2026-07-05,Recreate,10
2399,1509,45668,2026-02-18,Recreate,30
2400,7820,3023,2026-03-28,Recreate,100
2401,8993,53285,2026-05-16,Recreate,50
2402,2611,17692,2026-06-10,Recreate,30
2403,6138,36339,2026-03-25,Recreate,10
2404,6667,13656,2026-04-06,Remix,20
2405,4653,15908,2026-04-16,Recreate,20
2406,2408,3570,2026-05-18,Recreate,50
2407,957,3071,2026-02-01,Recreate,30
2408,2831,11374,2026-05-19,Remix,20
2409,2566,47056,2026-08-29,Recreate,30
2410,5238,20550,2026-07-27,Recreate,10
2411,112,20584,2026-03-07,Recreate,50
2412,9710,58164,2026-01-02,Remix,5
2413,4019,1317,2026-06-11,Remix,20
2414,2787,8532,2026-07-17,Remix,10
2415,7449,16356,2026-05-26,Recreate,10
2416,3874,13477,2026-06-20,Remix,100
2417,3350,2863,2026-06-19,Recreate,5
2418,8749,13866,2026-01-23,Recreate,10
2419,8787,55317,2026-01-13,Engagement Bonus,100
2420,8834,20404,2026-02-16,Remix,5
2421,9463,55173,2026-02-26,Remix,20
2422,5496,31239,2026-03-09,Engagement Bonus,5
2423,9640,26448,2026-01-25,Remix,10
2424,7837,52672,2026-02-01,Remix,5
2425,6375,20759,2026-04-02,Recreate,5
2426,112,58863,2026-06-13,Recreate,5
2427,7277,15515,2026-01-07,Remix,10
2428,7672,21518,2026-01-17,Recreate,50
2429,5378,44922,2026-04-29,Recreate,10
2430,6474,40098,2026-06-16,Recreate,50
2431,8225,16834,2026-05-29,Remix,20
2432,6894,8020,2026-04-23,Engagement Bonus,30
2433,2099,659,2026-06-06,Recreate,100
2434,4892,470,2026-04-15,Recreate,30
2435,7386,22663,2026-02-17,Remix,5
2436,2824,11999,2026-02-15,Engagement Bonus,30
2437,4114,24060,2026-06-17,Remix,30
2438,8162,5179,2026-01-28,Recreate,50
2439,6773,18382,2026-01-08,Recreate,20
2440,3439,32560,2026-07-07,Remix,50
2441,7495,59162,2026-04-21,Recreate,50
2442,7448,17553,2026-04-05,Recreate,30
2443,7545,39167,2026-07-12,Recreate,10
2444,9786,21293,2026-03-17,Remix,5
2445,1000,5030,2026-05-19,Engagement Bonus,50
2446,8416,4510,2026-03-28,Recreate,30
2447,2447,25189,2026-06-08,Recreate,30
2448,6208,52287,2026-03-08,Recreate,5
2449,5841,46510,2026-03-30,Remix,20
2450,5088,21215,2026-02-03,Engagement Bonus,20
2451,3974,54632,2026-07-12,Engagement Bonus,5
2452,6095,27532,2026-02-21,Recreate,5
2453,8639,44346,2026-05-30,Remix,50
2454,2544,6788,2026-07-05,Recreate,20
2455,6853,17349,2026-02-14,Recreate,20
2456,7808,20621,2026-03-02,Remix,100
2457,9527,59135,2026-03-28,Engagement Bonus,30
2458,507,27105,2026-07-27,Recreate,10
2459,9100,44611,2026-08-22,Recreate,5
2460,7822,50176,2026-03-25,Recreate,5
2461,133,10948,2026-02-24,Recreate,10
2462,6083,49908,2026-07-27,Recreate,5
2463,3827,46716,2026-03-23,Remix,5
2464,3327,31568,2026-08-03,Remix,5
2465,3814,32294,2026-02-22,Recreate,5
2466,7576,28238,2026-04-12,Remix,10
2467,2359,33342,2026-06-07,Engagement Bonus,5
2468,6154,1847,2026-08-05,Recreate,5
2469,539,46271,2026-05-23,Recreate,50
2470,4850,48529,2026-06-04,Recreate,10
2471,3550,32995,2026-08-27,Remix,5
2472,8806,46854,2026-07-20,Engagement Bonus,30
2473,3406,9963,2026-03-31,Engagement Bonus,50
2474,9969,16555,2026-04-13,Engagement Bonus,10
2475,8013,19960,2026-07-01,Recreate,5
2476,1967,14428,2026-02-02,Engagement Bonus,10
2477,2336,32093,2026-08-19,Remix,5
2478,2352,56103,2026-08-11,Recreate,100
2479,495,13701,2026-05-27,Recreate,20
2480,7328,442,2026-01-07,Engagement Bonus,50
2481,3109,39576,2026-06-23,Recreate,100
2482,66,28419,2026-02-14,Recreate,50
2483,8658,8013,2026-08-30,Recreate,20
2484,243,22763,2026-04-20,Engagement Bonus,5
2485,8247,54962,2026-06-06,Remix,30
2486,823,35171,2026-06-15,Recreate,5
2487,3549,55701,2026-05-10,Remix,50
2488,9664,51761,2026-03-23,Recreate,20
2489,3776,59258,2026-01-29,Remix,5
2490,5887,54399,2026-08-15,Remix,30
2491,637,39702,2026-04-03,Recreate,10
2492,9890,58008,2026-01-20,Recreate,20
2493,3784,39541,2026-02-21,Recreate,100
2494,6679,54866,2026-08-30,Recreate,10
2495,4264,31663,2026-07-12,Recreate,5
2496,3506,32100,2026-05-09,Recreate,50
2497,5020,34605,2026-04-15,Remix,10
2498,456,43290,2026-04-04,Recreate,5
2499,3707,29735,2026-04-03,Recreate,5
2500,3239,53824,2026-02-25,Recreate,100
2501,2466,19614,2026-01-14,Remix,10
2502,6941,17387,2026-01-13,Engagement Bonus,10
2503,4923,42794,2026-03-21,Recreate,10
2504,2275,10853,2026-04-16,Recreate,5
2505,672,55470,2026-07-21,Remix,10
2506,3038,9607,2026-03-10,Recreate,10
2507,5116,26850,2026-05-03,Recreate,10
2508,5356,59993,2026-05-04,Recreate,10
2509,1421,59650,2026-02-15,Recreate,10
2510,5428,21882,2026-04-12,Remix,10
2511,955,39552,2026-02-15,Recreate,5
2512,3831,24967,2026-01-20,Remix,20
2513,4232,54583,2026-06-25,Recreate,5
2514,9300,51335,2026-04-20,Remix,30
2515,9889,7779,2026-04-16,Remix,20
2516,7032,28988,2026-01-20,Recreate,30
2517,5818,20407,2026-04-06,Recreate,5
2518,5633,50051,2026-07-13,Recreate,10
2519,4863,810,2026-01-17,Remix,10
2520,8877,5993,2026-08-24,Engagement Bonus,5
2521,306,48927,2026-04-24,Engagement Bonus,5
2522,9436,51872,2026-05-26,Recreate,30
2523,2202,5368,2026-08-14,Recreate,20
2524,1200,20707,2026-07-24,Recreate,30
2525,4611,26255,2026-08-01,Engagement Bonus,5
2526,5713,40334,2026-07-03,Recreate,5
2527,308,45796,2026-07-09,Recreate,20
2528,8553,9276,2026-03-20,Recreate,30
2529,8050,49077,2026-07-15,Remix,30
2530,5819,26197,2026-04-03,Recreate,10
2531,3478,2023,2026-05-21,Recreate,5
2532,2634,59160,2026-03-22,Recreate,5
2533,8810,36808,2026-06-13,Remix,50
2534,4252,24434,2026-08-22,Recreate,20
2535,4381,33089,2026-05-17,Recreate,10
2536,9395,50369,2026-01-03,Recreate,10
2537,2651,56200,2026-07-27,Remix,5
2538,2639,5027,2026-06-08,Remix,20
2539,5006,54351,2026-08-04,Recreate,5
2540,9283,2616,2026-07-19,Recreate,20
2541,7850,56379,2026-01-20,Recreate,50
2542,7881,14058,2026-04-12,Remix,30
2543,5513,7713,2026-06-04,Recreate,20
2544,7571,24410,2026-07-26,Recreate,100
2545,9619,48305,2026-06-22,Remix,20
2546,1061,40124,2026-08-16,Recreate,10
2547,7065,17175,2026-05-17,Remix,10
2548,5598,34869,2026-04-03,Recreate,50
2549,2885,46400,2026-01-05,Remix,30
2550,9318,26816,2026-05-25,Engagement Bonus,5
2551,3827,52844,2026-01-14,Remix,30
2552,1865,38886,2026-02-06,Recreate,50
2553,3895,16371,2026-08-23,Engagement Bonus,50
2554,2108,54129,2026-03-12,Recreate,20
2555,2054,51848,2026-03-20,Engagement Bonus,10
2556,2255,17552,2026-08-16,Recreate,30
2557,3271,48971,2026-05-11,Recreate,50
2558,3633,55410,2026-05-15,Recreate,100
2559,8074,9023,2026-01-06,Recreate,10
2560,536,9823,2026-05-16,Recreate,10
2561,1141,20508,2026-06-02,Engagement Bonus,5
2562,3923,28194,2026-05-19,Remix,100
2563,6156,15618,2026-04-16,Engagement Bonus,20
2564,6249,53131,2026-05-10,Remix,50
2565,7856,13488,2026-07-04,Recreate,5
2566,2732,19075,2026-04-23,Remix,5
2567,9404,20413,2026-02-20,Recreate,20
2568,7542,53837,2026-01-23,Recreate,10
2569,9112,49600,2026-01-12,Remix,20
2570,7781,2449,2026-01-14,Recreate,20
2571,8797,10903,2026-01-22,Recreate,5
2572,6077,11203,2026-08-07,Remix,50
2573,4486,44745,2026-03-10,Recreate,20
2574,7415,24158,2026-08-06,Recreate,10
2575,7937,4668,2026-03-27,Recreate,10
2576,6414,56204,2026-03-26,Engagement Bonus,5
2577,8061,50129,2026-05-01,Recreate,50
2578,6360,17551,2026-03-13,Recreate,20
2579,1050,11051,2026-03-08,Recreate,10
2580,6792,2789,2026-07-05,Recreate,5
2581,3307,55038,2026-03-31,Recreate,5
2582,3708,35559,2026-04-19,Engagement Bonus,100
2583,1148,8732,2026-03-09,Engagement Bonus,10
2584,2361,21938,2026-06-28,Remix,10
2585,2517,2129,2026-05-22,Recreate,10
2586,4206,30909,2026-01-12,Remix,30
2587,3215,27317,2026-01-12,Remix,30
2588,4520,38594,2026-07-20,Remix,20
2589,8176,13371,2026-08-10,Remix,10
2590,6180,38377,2026-03-20,Recreate,20
2591,8540,3317,2026-06-07,Recreate,10
2592,6549,28491,2026-04-03,Remix,10
2593,8189,50097,2026-02-06,Recreate,30
2594,3545,20294,2026-03-19,Remix,20
2595,6540,14089,2026-06-29,Remix,10
2596,5861,59866,2026-03-18,Recreate,50
2597,6019,36286,2026-08-27,Remix,5
2598,7552,31654,2026-08-30,Recreate,10
2599,5323,24055,2026-03-13,Recreate,100
2600,3155,46261,2026-02-14,Recreate,5
2601,4403,28647,2026-08-01,Engagement Bonus,30
2602,9412,15985,2026-02-06,Engagement Bonus,30
2603,7788,50710,2026-07-05,Recreate,5
2604,1630,55241,2026-08-02,Recreate,20
2605,279,40644,2026-08-18,Recreate,5
2606,9889,48056,2026-08-14,Remix,20
2607,1378,40029,2026-05-03,Recreate,10
2608,4564,35028,2026-06-21,Remix,30
2609,2995,17092,2026-08-17,Recreate,10
2610,820,24256,2026-01-16,Recreate,50
2611,1878,36903,2026-02-06,Recreate,20
2612,2852,36325,2026-04-14,Recreate,5
2613,2714,25485,2026-04-17,Remix,10
2614,6648,28527,2026-08-09,Recreate,5
2615,6530,44159,2026-08-29,Engagement Bonus,30
2616,6464,7602,2026-05-14,Recreate,30
2617,3321,5211,2026-05-03,Recreate,5
2618,4630,27890,2026-02-02,Engagement Bonus,50
2619,4777,30560,2026-02-06,Remix,50
2620,3948,21608,2026-02-13,Recreate,30
2621,22,51878,2026-04-06,Recreate,10
2622,2583,57118,2026-05-11,Remix,5
2623,9438,50391,2026-07-10,Remix,5
2624,7622,50250,2026-05-24,Remix,30
2625,763,50679,2026-05-27,Recreate,30
2626,3002,22483,2026-06-06,Remix,30
2627,4456,32470,2026-03-27,Recreate,30
2628,687,46889,2026-02-03,Engagement Bonus,10
2629,5,28493,2026-08-12,Recreate,50
2630,2185,59127,2026-04-22,Recreate,5
2631,9162,15480,2026-08-24,Engagement Bonus,50
2632,2956,16393,2026-08-03,Recreate,20
2633,8259,2565,2026-04-09,Remix,100
2634,1738,53156,2026-04-20,Recreate,30
2635,4720,3510,2026-06-22,Recreate,20
2636,2967,465,2026-07-06,Remix,10
2637,2342,45774,2026-04-30,Recreate,5
2638,4319,4324,2026-04-12,Recreate,100
2639,6396,31605,2026-08-31,Recreate,5
2640,108,24557,2026-03-03,Recreate,30
2641,1124,26075,2026-04-21,Recreate,20
2642,3785,40674,2026-06-08,Recreate,5
2643,6946,36664,2026-04-11,Recreate,30
2644,983,54616,2026-04-23,Recreate,30
2645,5882,24804,2026-03-18,Recreate,50
2646,5148,51634,2026-04-23,Remix,5
2647,9785,48655,2026-05-10,Engagement Bonus,30
2648,7932,20760,2026-05-15,Engagement Bonus,20
2649,5832,40968,2026-01-02,Recreate,10
2650,1375,33288,2026-04-10,Recreate,10
2651,9418,48747,2026-02-28,Remix,10
2652,8605,8847,2026-02-26,Recreate,10
2653,1489,5161,2026-04-09,Recreate,30
2654,8688,18019,2026-05-27,Remix,10
2655,5277,22342,2026-07-08,Recreate,5
2656,8443,35925,2026-05-23,Recreate,5
2657,8518,52393,2026-04-25,Remix,100
2658,4685,7891,2026-03-26,Remix,10
2659,8251,42731,2026-06-11,Recreate,10
2660,4449,59163,2026-07-19,Recreate,5
2661,9978,6977,2026-01-08,Recreate,5
2662,8622,27247,2026-06-09,Recreate,5
2663,5161,46997,2026-08-03,Remix,30
2664,6802,32662,2026-05-07,Engagement Bonus,100
2665,9747,52779,2026-07-09,Engagement Bonus,10
2666,4164,5700,2026-02-22,Recreate,20
2667,9280,36450,2026-05-12,Recreate,50
2668,8131,36798,2026-07-14,Remix,10
2669,4174,47983,2026-08-28,Recreate,50
2670,6955,51009,2026-01-18,Remix,5
2671,3811,34766,2026-07-28,Remix,10
2672,8477,50533,2026-06-29,Recreate,100
2673,1135,59150,2026-04-22,Remix,5
2674,886,14597,2026-08-02,Recreate,10
2675,1256,13706,2026-03-30,Recreate,10
2676,4950,21450,2026-06-27,Engagement Bonus,20
2677,4951,28950,2026-08-20,Remix,30
2678,4648,52854,2026-06-09,Recreate,5
2679,3829,5372,2026-07-01,Engagement Bonus,5
2680,3607,4093,2026-08-25,Engagement Bonus,20
2681,4105,44976,2026-08-24,Recreate,20
2682,3549,55701,2026-01-22,Recreate,20
2683,5957,42296,2026-07-03,Engagement Bonus,5
2684,3755,28244,2026-01-19,Recreate,50
2685,8607,9636,2026-01-21,Recreate,10
2686,185,28630,2026-03-17,Recreate,5
2687,1163,54261,2026-05-04,Remix,30
2688,278,27626,2026-03-03,Recreate,10
2689,5942,19096,2026-08-27,Recreate,30
2690,6602,18855,2026-05-17,Recreate,50
2691,5020,16752,2026-05-11,Recreate,20
2692,3985,35802,2026-03-15,Recreate,5
2693,3021,59002,2026-01-09,Recreate,10
2694,2841,28741,2026-07-19,Recreate,5
2695,3737,36917,2026-03-17,Recreate,50
2696,5785,9152,2026-01-07,Recreate,5
2697,5993,58016,2026-01-18,Remix,5
2698,5641,45411,2026-05-11,Recreate,20
2699,9541,50939,2026-01-20,Engagement Bonus,50
2700,9094,5658,2026-01-14,Recreate,50
2701,4402,43922,2026-05-18,Recreate,100
2702,893,48704,2026-08-30,Remix,10
2703,1676,11599,2026-04-10,Engagement Bonus,30
2704,6441,11610,2026-02-11,Recreate,10
2705,8056,1182,2026-04-12,Remix,5
2706,7973,1656,2026-01-09,Recreate,50
2707,5674,56286,2026-02-06,Engagement Bonus,10
2708,3417,22284,2026-04-15,Engagement Bonus,10
2709,1233,42928,2026-04-04,Recreate,5
2710,2700,25614,2026-06-23,Recreate,10
2711,2628,42259,2026-03-24,Recreate,5
2712,4540,39148,2026-01-07,Engagement Bonus,10
2713,7663,11652,2026-06-13,Engagement Bonus,10
2714,6571,20722,2026-01-05,Recreate,5
2715,583,56005,2026-06-10,Remix,5
2716,1139,40532,2026-06-05,Recreate,20
2717,135,39835,2026-06-16,Recreate,10
2718,8645,10994,2026-01-31,Recreate,10
2719,5484,30280,2026-07-22,Recreate,30
2720,1527,15667,2026-06-03,Remix,50
2721,4038,17839,2026-03-27,Recreate,10
2722,5420,32527,2026-08-02,Engagement Bonus,5
2723,1100,16623,2026-03-03,Recreate,5
2724,6381,56971,2026-07-08,Recreate,5
2725,9089,16264,2026-06-09,Engagement Bonus,50
2726,7581,21014,2026-06-30,Remix,5
2727,9213,56297,2026-02-13,Recreate,10
2728,1735,44070,2026-01-14,Recreate,10
2729,703,58966,2026-01-19,Engagement Bonus,5
2730,9039,29049,2026-03-19,Recreate,50
2731,8516,11892,2026-04-21,Recreate,20
2732,8454,14271,2026-07-24,Recreate,10
2733,3076,21469,2026-04-26,Recreate,20
2734,6613,56514,2026-06-26,Remix,50
2735,5775,22924,2026-07-17,Engagement Bonus,100
2736,4302,52825,2026-01-13,Remix,50
2737,1079,32775,2026-01-09,Recreate,10
2738,6866,57302,2026-05-13,Remix,100
2739,9205,51802,2026-01-01,Recreate,10
2740,7193,12869,2026-07-17,Recreate,100
2741,6633,36239,2026-08-24,Recreate,5
2742,6545,59017,2026-07-26,Engagement Bonus,30
2743,96,14573,2026-02-06,Engagement Bonus,10
2744,8795,1130,2026-05-23,Engagement Bonus,5
2745,2672,46879,2026-02-09,Recreate,5
2746,2989,48731,2026-08-02,Engagement Bonus,30
2747,1658,6218,2026-01-29,Recreate,10
2748,2843,51924,2026-08-13,Recreate,5
2749,8301,15657,2026-04-19,Remix,50
2750,5973,45709,2026-03-18,Engagement Bonus,30
2751,1450,33274,2026-02-01,Recreate,20
2752,2168,42436,2026-01-16,Remix,50
2753,2517,2129,2026-04-06,Recreate,5
2754,7567,28768,2026-08-20,Recreate,5
2755,6490,28901,2026-05-18,Remix,10
2756,2306,10425,2026-08-22,Remix,50
2757,3944,19912,2026-04-27,Remix,5
2758,8700,19814,2026-01-30,Engagement Bonus,30
2759,8923,33184,2026-01-01,Recreate,10
2760,8754,36746,2026-08-30,Remix,50
2761,8819,3010,2026-08-22,Recreate,5
2762,7099,38843,2026-07-23,Remix,10
2763,1574,33807,2026-05-05,Remix,50
2764,6857,19427,2026-02-03,Engagement Bonus,20
2765,3809,8722,2026-08-17,Recreate,5
2766,9348,37440,2026-06-15,Recreate,10
2767,6924,3920,2026-07-08,Remix,20
2768,8862,35360,2026-04-26,Remix,50
2769,3866,46017,2026-01-17,Recreate,5
2770,7388,25587,2026-05-27,Engagement Bonus,5
2771,4792,28789,2026-01-22,Recreate,10
2772,5622,37060,2026-06-24,Remix,20
2773,9435,12729,2026-04-28,Recreate,100
2774,5591,20674,2026-04-13,Remix,5
2775,3513,860,2026-05-28,Remix,5
2776,7528,17158,2026-08-21,Recreate,5
2777,8885,42932,2026-06-26,Remix,5
2778,8964,35810,2026-05-19,Remix,10
2779,6930,56328,2026-01-23,Remix,20
2780,9418,32468,2026-03-21,Recreate,5
2781,5978,10645,2026-04-04,Engagement Bonus,10
2782,5051,47308,2026-01-13,Recreate,20
2783,2748,39806,2026-08-07,Remix,5
2784,3921,4227,2026-06-14,Recreate,10
2785,9711,23779,2026-06-01,Recreate,20
2786,2528,8691,2026-04-18,Recreate,20
2787,8716,47111,2026-07-25,Recreate,100
2788,2290,1388,2026-07-13,Engagement Bonus,5
2789,1381,42046,2026-01-27,Remix,20
2790,8297,53392,2026-03-29,Remix,30
2791,1277,52012,2026-01-22,Remix,20
2792,4028,29830,2026-08-29,Recreate,20
2793,1133,25316,2026-03-26,Engagement Bonus,50
2794,2162,17346,2026-06-17,Remix,100
2795,2401,59667,2026-07-29,Remix,5
2796,9911,9116,2026-01-08,Engagement Bonus,20
2797,5596,50511,2026-03-01,Remix,10
2798,5654,41137,2026-08-10,Recreate,50
2799,3862,11204,2026-04-11,Recreate,20
2800,9678,41182,2026-04-05,Recreate,20
2801,4416,37892,2026-01-23,Engagement Bonus,5
2802,9077,17166,2026-05-20,Remix,20
2803,9426,54694,2026-04-15,Recreate,20
2804,7766,41232,2026-08-15,Remix,5
2805,3387,12825,2026-05-30,Remix,100
2806,4149,25568,2026-08-18,Remix,100
2807,8339,3169,2026-02-15,Remix,30
2808,2721,20256,2026-07-14,Remix,10
2809,1350,21520,2026-08-31,Recreate,10
2810,1018,29276,2026-08-20,Recreate,20
2811,5384,38938,2026-02-10,Recreate,5
2812,8293,51434,2026-04-17,Recreate,5
2813,4441,13232,2026-04-28,Recreate,20
2814,6589,56631,2026-04-30,Remix,10
2815,5763,3513,2026-04-13,Remix,5
2816,9859,41134,2026-08-31,Remix,5
2817,1668,22181,2026-07-13,Engagement Bonus,100
2818,2719,41728,2026-01-28,Engagement Bonus,20
2819,8728,15532,2026-01-21,Remix,20
2820,5730,30919,2026-03-26,Recreate,30
2821,4242,33348,2026-07-07,Remix,20
2822,7734,57851,2026-04-18,Recreate,50
2823,1367,29508,2026-02-22,Recreate,10
2824,8979,14940,2026-04-17,Recreate,10
2825,9634,52100,2026-06-02,Remix,5
2826,4918,32670,2026-01-08,Recreate,20
2827,598,1560,2026-06-20,Recreate,5
2828,9504,53739,2026-07-01,Remix,5
2829,295,11819,2026-08-24,Recreate,100
2830,5726,24704,2026-02-23,Recreate,5
2831,2642,38131,2026-02-27,Remix,5
2832,2040,3809,2026-08-25,Recreate,10
2833,3274,57065,2026-02-04,Remix,5
2834,449,34870,2026-01-02,Engagement Bonus,100
2835,3618,43935,2026-02-17,Recreate,20
2836,1088,33106,2026-07-10,Recreate,50
2837,9678,12995,2026-02-01,Remix,10
2838,375,18007,2026-07-02,Recreate,5
2839,5359,22818,2026-05-28,Recreate,10
2840,6835,30172,2026-08-31,Recreate,30
2841,3882,7564,2026-03-31,Recreate,10
2842,4200,5829,2026-02-13,Remix,10
2843,824,43777,2026-05-05,Recreate,5
2844,4342,23087,2026-01-20,Recreate,20
2845,9816,8266,2026-04-19,Recreate,10
2846,5847,25816,2026-01-21,Recreate,100
2847,8279,39726,2026-02-28,Recreate,30
2848,5937,8516,2026-01-22,Engagement Bonus,10
2849,899,4256,2026-03-09,Remix,50
2850,3891,20280,2026-06-30,Recreate,10
2851,6996,2155,2026-03-14,Recreate,10
2852,5168,26565,2026-07-14,Remix,5
2853,8306,1489,2026-01-14,Recreate,5
2854,2586,46926,2026-05-06,Remix,10
2855,6407,11875,2026-02-27,Recreate,20
2856,9880,41493,2026-08-05,Remix,5
2857,3466,40768,2026-08-23,Engagement Bonus,5
2858,2293,49529,2026-05-13,Remix,30
2859,8516,3568,2026-03-03,Recreate,5
2860,1520,47218,2026-02-22,Recreate,10
2861,7720,4437,2026-05-21,Recreate,30
2862,4102,41268,2026-04-22,Recreate,30
2863,8633,44182,2026-05-15,Recreate,20
2864,4163,44052,2026-04-01,Remix,30
2865,3078,44605,2026-01-09,Recreate,30
2866,3620,27340,2026-01-03,Recreate,20
2867,7920,311,2026-01-08,Remix,20
2868,450,14236,2026-04-16,Recreate,50
2869,631,13617,2026-02-08,Recreate,50
2870,4490,56790,2026-05-29,Recreate,5
2871,8197,103,2026-02-17,Remix,10
2872,3534,55505,2026-05-06,Recreate,10
2873,9810,31436,2026-06-24,Recreate,5
2874,3905,31485,2026-03-04,Engagement Bonus,5
2875,6370,59902,2026-07-07,Recreate,20
2876,4838,31885,2026-06-03,Recreate,100
2877,9839,39228,2026-01-07,Recreate,20
2878,5981,9467,2026-02-25,Engagement Bonus,5
2879,2027,11409,2026-06-10,Engagement Bonus,10
2880,170,28263,2026-04-14,Recreate,100
2881,9800,42486,2026-01-09,Recreate,5
2882,1706,25384,2026-03-02,Remix,5
2883,1736,8467,2026-02-18,Recreate,5
2884,1349,44456,2026-01-20,Remix,10
2885,1913,2632,2026-04-20,Recreate,20
2886,3955,7571,2026-03-08,Recreate,100
2887,2338,28210,2026-08-14,Recreate,5
2888,4581,19800,2026-01-28,Recreate,100
2889,6399,11425,2026-05-28,Recreate,30
2890,9515,51025,2026-05-21,Recreate,10
2891,6482,53283,2026-07-29,Remix,20
2892,4285,59646,2026-02-20,Recreate,5
2893,17,45299,2026-04-07,Recreate,5
2894,579,7282,2026-05-09,Remix,5
2895,8260,17785,2026-04-23,Recreate,10
2896,2771,6708,2026-02-26,Recreate,5
2897,4321,42597,2026-05-19,Recreate,10
2898,1024,38687,2026-05-09,Recreate,10
2899,8859,29051,2026-04-18,Recreate,50
2900,973,10058,2026-06-04,Engagement Bonus,20
2901,7642,18056,2026-03-03,Remix,5
2902,4567,7896,2026-07-26,Recreate,5
2903,6859,14378,2026-03-03,Recreate,5
2904,2283,49810,2026-03-12,Engagement Bonus,10
2905,7005,5689,2026-05-25,Remix,20
2906,7114,1843,2026-08-07,Recreate,50
2907,791,46573,2026-08-11,Engagement Bonus,100
2908,3936,57382,2026-03-28,Recreate,10
2909,8454,57637,2026-08-29,Recreate,10
2910,1336,14531,2026-02-27,Remix,20
2911,1654,58174,2026-07-28,Recreate,20
2912,1672,10632,2026-03-20,Remix,10
2913,5991,23646,2026-02-26,Recreate,5
2914,6833,23572,2026-01-05,Engagement Bonus,5
2915,6842,29502,2026-02-17,Remix,10
2916,5579,28623,2026-05-21,Recreate,50
2917,1643,3421,2026-08-31,Recreate,20
2918,4380,45973,2026-02-26,Engagement Bonus,100
2919,2256,26146,2026-04-30,Recreate,100
2920,9596,29230,2026-08-16,Engagement Bonus,5
2921,6584,36219,2026-06-29,Remix,20
2922,3475,30287,2026-05-02,Remix,10
2923,3555,18235,2026-05-18,Recreate,5
2924,7745,419,2026-02-09,Recreate,50
2925,1225,30252,2026-05-20,Recreate,50
2926,5345,56024,2026-04-17,Engagement Bonus,20
2927,5085,7649,2026-07-24,Remix,30
2928,1333,551,2026-05-29,Remix,30
2929,7794,10086,2026-03-03,Recreate,20
2930,5900,21273,2026-05-30,Remix,10
2931,286,39896,2026-02-21,Recreate,5
2932,5674,30928,2026-01-26,Recreate,10
2933,185,58499,2026-07-02,Recreate,10
2934,4682,15025,2026-05-07,Recreate,10
2935,5630,27684,2026-05-17,Remix,20
2936,1912,4486,2026-04-24,Recreate,100
2937,2757,32926,2026-05-20,Remix,20
2938,167,30491,2026-01-11,Recreate,30
2939,6649,6817,2026-04-29,Remix,10
2940,3495,25381,2026-01-02,Recreate,50
2941,1597,36893,2026-06-24,Engagement Bonus,5
2942,9219,6328,2026-01-26,Recreate,20
2943,7052,47740,2026-04-04,Engagement Bonus,30
2944,4260,10292,2026-07-28,Recreate,10
2945,580,6170,2026-01-12,Engagement Bonus,5
2946,4270,25449,2026-07-13,Engagement Bonus,5
2947,3612,50264,2026-02-16,Remix,10
2948,3549,6831,2026-07-27,Recreate,5
2949,2099,10623,2026-08-27,Remix,5
2950,5018,3260,2026-05-27,Remix,30
2951,8566,27729,2026-06-20,Remix,5
2952,5683,57310,2026-06-10,Recreate,10
2953,2254,13047,2026-07-03,Recreate,5
2954,2731,50050,2026-01-29,Recreate,5
2955,3243,55752,2026-01-03,Recreate,50
2956,2114,11587,2026-02-09,Engagement Bonus,20
2957,8167,58568,2026-01-24,Recreate,100
2958,9516,37972,2026-05-27,Recreate,10
2959,9005,41812,2026-07-09,Engagement Bonus,5
2960,2501,18427,2026-01-24,Recreate,5
2961,8999,58982,2026-07-13,Recreate,5
2962,8232,36716,2026-01-29,Recreate,5
2963,6044,44762,2026-01-02,Recreate,30
2964,2219,45060,2026-07-12,Recreate,20
2965,7944,59518,2026-03-15,Recreate,5
2966,8809,28187,2026-02-08,Remix,5
2967,941,53171,2026-04-17,Recreate,10
2968,8808,25176,2026-05-10,Remix,10
2969,2315,49518,2026-07-10,Recreate,5
2970,7107,55758,2026-04-09,Engagement Bonus,10
2971,6314,17302,2026-08-12,Recreate,5
2972,8960,52924,2026-08-08,Recreate,30
2973,8764,55037,2026-02-08,Recreate,5
2974,9673,54730,2026-05-21,Recreate,30
2975,5799,59144,2026-06-03,Remix,5
2976,6937,24770,2026-07-28,Recreate,5
2977,9705,36267,2026-06-14,Remix,20
2978,7928,21876,2026-08-06,Recreate,50
2979,9110,41566,2026-04-01,Engagement Bonus,5
2980,2338,28210,2026-08-03,Recreate,30
2981,1948,26769,2026-02-19,Remix,5
2982,8103,30118,2026-01-20,Recreate,30
2983,2085,9178,2026-06-26,Recreate,50
2984,3030,16309,2026-04-01,Recreate,20
2985,9631,4957,2026-07-04,Remix,5
2986,1930,433,2026-02-03,Recreate,100
2987,4583,6861,2026-05-14,Remix,50
2988,4455,33881,2026-05-13,Recreate,10
2989,8475,8567,2026-08-14,Recreate,20
2990,720,58971,2026-03-07,Recreate,5
2991,3047,55812,2026-02-25,Recreate,30
2992,8201,35943,2026-04-24,Recreate,20
2993,8011,11658,2026-08-24,Engagement Bonus,10
2994,3788,53598,2026-06-11,Recreate,50
2995,3262,4837,2026-04-28,Remix,50
2996,6231,38585,2026-07-17,Engagement Bonus,10
2997,9521,28410,2026-07-09,Remix,10
2998,3524,1133,2026-04-06,Engagement Bonus,10
2999,8739,58439,2026-07-06,Remix,20
3000,3942,37341,2026-06-04,Remix,10
3001,9389,4836,2026-01-08,Recreate,20
3002,728,37626,2026-02-24,Remix,20
3003,4045,43295,2026-01-04,Remix,5
3004,6812,34749,2026-06-05,Recreate,5
3005,3429,57807,2026-02-19,Remix,20
3006,8442,59247,2026-06-17,Recreate,5
3007,1287,47591,2026-01-18,Recreate,10
3008,7098,23350,2026-01-05,Recreate,20
3009,3715,51881,2026-07-28,Recreate,20
3010,4667,43431,2026-05-17,Remix,10
3011,2578,13315,2026-06-08,Recreate,30
3012,5582,46193,2026-06-22,Recreate,10
3013,8101,7289,2026-03-14,Recreate,5
3014,2268,56352,2026-02-18,Recreate,10
3015,8329,24005,2026-08-30,Recreate,100
3016,4621,38031,2026-08-13,Remix,5
3017,9371,49319,2026-05-01,Engagement Bonus,50
3018,1040,25874,2026-05-25,Recreate,5
3019,4628,45762,2026-01-03,Recreate,10
3020,88,45143,2026-03-09,Recreate,20
3021,9259,12213,2026-01-27,Recreate,50
3022,4408,58149,2026-03-29,Recreate,100
3023,2709,22216,2026-02-24,Engagement Bonus,5
3024,1186,30074,2026-01-05,Remix,50
3025,3653,2338,2026-08-22,Recreate,20
3026,9117,10600,2026-01-01,Recreate,10
3027,6688,42467,2026-03-17,Recreate,20
3028,7006,35708,2026-05-03,Recreate,20
3029,5950,21248,2026-06-12,Recreate,20
3030,9951,38304,2026-05-03,Remix,100
3031,447,52831,2026-06-29,Recreate,10
3032,1069,26895,2026-04-06,Recreate,100
3033,2558,49535,2026-03-28,Engagement Bonus,10
3034,8632,43481,2026-01-09,Engagement Bonus,10
3035,5431,52194,2026-08-14,Remix,50
3036,2777,45968,2026-04-16,Recreate,30
3037,559,45565,2026-06-12,Recreate,10
3038,9071,47232,2026-08-13,Recreate,100
3039,2174,12247,2026-07-07,Remix,30
3040,1222,17325,2026-01-09,Recreate,5
3041,7622,32868,2026-05-21,Recreate,10
3042,4752,22285,2026-07-14,Remix,30
3043,8006,4656,2026-08-01,Remix,10
3044,44,15357,2026-02-26,Recreate,5
3045,3000,55762,2026-08-21,Recreate,10
3046,1778,46652,2026-05-08,Recreate,30
3047,3238,35569,2026-08-18,Engagement Bonus,20
3048,4475,26341,2026-02-26,Engagement Bonus,30
3049,9840,19867,2026-01-06,Recreate,20
3050,1408,58220,2026-05-13,Recreate,30
3051,2432,36672,2026-03-21,Recreate,100
3052,6589,13382,2026-01-03,Recreate,10
3053,3588,40050,2026-04-24,Recreate,20
3054,505,35155,2026-07-12,Recreate,20
3055,262,1448,2026-05-01,Recreate,20
3056,7211,48328,2026-07-02,Recreate,10
3057,1401,40938,2026-04-23,Recreate,10
3058,7219,19392,2026-03-30,Recreate,100
3059,8696,35619,2026-03-17,Recreate,10
3060,5516,27510,2026-06-24,Remix,5
3061,4391,50909,2026-08-31,Recreate,10
3062,5277,14296,2026-04-26,Recreate,50
3063,896,10299,2026-07-18,Engagement Bonus,30
3064,4472,49999,2026-06-03,Recreate,10
3065,2192,57961,2026-01-18,Recreate,5
3066,8588,7349,2026-04-30,Recreate,30
3067,6479,51160,2026-06-24,Recreate,5
3068,434,52295,2026-02-16,Recreate,10
3069,1314,21489,2026-05-04,Recreate,10
3070,3385,11538,2026-05-09,Recreate,20
3071,7871,4932,2026-02-12,Recreate,10
3072,5529,27621,2026-08-23,Recreate,5
3073,5643,8148,2026-04-30,Recreate,50
3074,1852,22485,2026-06-05,Remix,100
3075,2900,45224,2026-08-06,Recreate,30
3076,6129,46224,2026-06-21,Remix,5
3077,2214,47482,2026-01-11,Recreate,10
3078,5645,15811,2026-06-30,Recreate,10
3079,8732,8018,2026-07-06,Remix,10
3080,4986,23470,2026-04-13,Remix,5
3081,6835,11277,2026-08-12,Recreate,100
3082,3784,32459,2026-04-06,Recreate,50
3083,2251,28171,2026-05-04,Engagement Bonus,5
3084,2332,47747,2026-01-26,Remix,50
3085,8102,46710,2026-05-13,Recreate,20
3086,3352,30591,2026-03-22,Remix,5
3087,2567,54892,2026-06-24,Recreate,10
3088,2070,2174,2026-04-08,Recreate,5
3089,4749,52083,2026-01-14,Recreate,50
3090,6134,28599,2026-01-12,Remix,20
3091,8412,47509,2026-06-20,Recreate,30
3092,1757,52044,2026-06-29,Recreate,5
3093,7023,555,2026-07-18,Recreate,10
3094,4474,43519,2026-08-06,Recreate,10
3095,9705,20569,2026-08-29,Recreate,100
3096,5191,20658,2026-06-06,Recreate,50
3097,6491,48025,2026-07-30,Recreate,30
3098,1311,10199,2026-05-04,Engagement Bonus,20
3099,6040,509,2026-07-10,Recreate,20
3100,8166,32045,2026-05-12,Recreate,20
3101,7260,50413,2026-03-16,Recreate,5
3102,9225,47675,2026-01-07,Remix,50
3103,1293,24307,2026-05-21,Recreate,5
3104,7464,22762,2026-04-18,Recreate,10
3105,9903,9280,2026-05-28,Recreate,30
3106,7326,10092,2026-03-28,Recreate,100
3107,9582,33702,2026-03-18,Recreate,50
3108,6684,55248,2026-08-04,Remix,50
3109,2020,20419,2026-07-11,Recreate,5
3110,7440,5127,2026-06-28,Recreate,10
3111,9468,40184,2026-07-09,Remix,10
3112,7234,37567,2026-08-30,Remix,5
3113,5160,29891,2026-03-25,Remix,5
3114,5412,19477,2026-07-29,Recreate,50
3115,2133,27930,2026-03-02,Recreate,20
3116,4555,45265,2026-02-05,Remix,5
3117,3293,42689,2026-07-26,Engagement Bonus,5
3118,4824,39424,2026-08-15,Recreate,20
3119,3018,48633,2026-06-24,Remix,20
3120,2450,37717,2026-06-12,Recreate,5
3121,5668,18184,2026-08-13,Recreate,50
3122,3181,18467,2026-06-28,Recreate,20
3123,3541,42864,2026-01-29,Recreate,30
3124,4795,3329,2026-06-19,Engagement Bonus,10
3125,6221,26077,2026-07-24,Recreate,20
3126,3083,27766,2026-01-16,Recreate,20
3127,7186,24276,2026-04-29,Remix,5
3128,1256,13706,2026-02-08,Recreate,50
3129,114,41712,2026-03-12,Remix,5
3130,6406,36596,2026-08-03,Engagement Bonus,5
3131,3918,41838,2026-05-27,Recreate,50
3132,2690,32307,2026-07-04,Engagement Bonus,5
3133,3065,23813,2026-05-04,Engagement Bonus,30
3134,1603,15324,2026-07-13,Remix,10
3135,4851,29462,2026-03-17,Recreate,20
3136,2013,33667,2026-02-17,Engagement Bonus,5
3137,6159,37294,2026-03-03,Remix,30
3138,8575,42008,2026-06-28,Recreate,50
3139,9767,1957,2026-08-02,Recreate,50
3140,1997,52321,2026-05-03,Recreate,5
3141,7100,23265,2026-05-14,Recreate,10
3142,7016,17052,2026-08-20,Remix,20
3143,1667,30142,2026-04-18,Recreate,10
3144,3364,19748,2026-08-10,Engagement Bonus,20
3145,4105,58333,2026-01-25,Remix,20
3146,3918,20701,2026-04-08,Recreate,20
3147,5979,31794,2026-05-20,Remix,5
3148,5250,27164,2026-07-10,Recreate,100
3149,1814,26416,2026-02-01,Recreate,100
3150,7183,45735,2026-07-08,Remix,20
3151,6307,30138,2026-05-26,Remix,50
3152,5758,42851,2026-08-03,Recreate,20
3153,5351,54476,2026-01-01,Remix,5
3154,1597,41235,2026-02-07,Engagement Bonus,50
3155,1290,49735,2026-08-03,Recreate,20
3156,4771,4901,2026-01-21,Remix,100
3157,5729,33459,2026-03-31,Engagement Bonus,5
3158,7838,6653,2026-03-25,Recreate,20
3159,2541,59367,2026-05-23,Recreate,10
3160,2689,31659,2026-04-06,Recreate,5
3161,4959,20681,2026-03-26,Recreate,10
3162,4360,28343,2026-04-15,Recreate,5
3163,136,9430,2026-04-08,Engagement Bonus,5
3164,6170,104,2026-01-26,Recreate,100
3165,7413,13169,2026-01-10,Recreate,5
3166,5187,46248,2026-08-02,Engagement Bonus,20
3167,9387,3630,2026-03-09,Recreate,10
3168,1998,15751,2026-01-17,Remix,5
3169,4449,41896,2026-04-22,Recreate,5
3170,7038,52846,2026-05-14,Recreate,20
3171,861,17310,2026-02-27,Recreate,5
3172,5837,34759,2026-01-29,Recreate,10
3173,4827,59714,2026-05-04,Remix,5
3174,7013,5473,2026-08-28,Remix,30
3175,240,31204,2026-01-30,Remix,50
3176,789,19131,2026-07-11,Recreate,30
3177,4242,7488,2026-05-01,Recreate,100
3178,2352,9663,2026-08-18,Recreate,5
3179,5894,47355,2026-04-06,Recreate,30
3180,4825,49353,2026-04-09,Engagement Bonus,10
3181,9401,17067,2026-07-31,Recreate,10
3182,5424,41247,2026-04-06,Remix,30
3183,7144,18204,2026-05-25,Remix,20
3184,890,38809,2026-08-14,Remix,10
3185,5065,10191,2026-04-01,Recreate,30
3186,8234,52285,2026-08-05,Recreate,50
3187,3855,10009,2026-07-11,Recreate,5
3188,3474,20715,2026-05-13,Recreate,10
3189,613,967,2026-02-14,Recreate,10
3190,8190,45763,2026-03-29,Recreate,100
3191,1112,47842,2026-01-24,Remix,10
3192,4659,13936,2026-03-11,Recreate,5
3193,8281,24364,2026-08-30,Recreate,20
3194,8777,22621,2026-08-04,Remix,30
3195,2104,45507,2026-03-09,Recreate,30
3196,2341,56385,2026-02-20,Engagement Bonus,20
3197,8243,21452,2026-07-10,Engagement Bonus,5
3198,2141,48748,2026-01-11,Recreate,10
3199,9173,52461,2026-03-24,Recreate,30
3200,979,20812,2026-06-22,Engagement Bonus,20
3201,555,55828,2026-01-01,Recreate,100
3202,5513,9432,2026-08-21,Remix,20
3203,7461,21406,2026-01-06,Recreate,30
3204,7763,31398,2026-03-11,Recreate,20
3205,7390,53775,2026-06-27,Recreate,5
3206,7058,36321,2026-07-06,Engagement Bonus,5
3207,4806,53714,2026-05-25,Remix,5
3208,6761,31976,2026-07-26,Remix,5
3209,8453,27044,2026-05-06,Engagement Bonus,20
3210,401,56568,2026-06-20,Recreate,10
3211,2475,33643,2026-06-19,Recreate,20
3212,4521,48641,2026-07-27,Remix,5
3213,7768,40589,2026-03-16,Recreate,20
3214,3334,47250,2026-01-10,Remix,50
3215,1897,40405,2026-02-11,Recreate,50
3216,7697,26906,2026-05-03,Recreate,10
3217,9130,47510,2026-07-25,Remix,5
3218,8620,32595,2026-03-15,Recreate,20
3219,44,57351,2026-03-24,Recreate,100
3220,7328,1999,2026-02-17,Remix,20
3221,1571,19470,2026-06-20,Recreate,30
3222,5381,8861,2026-08-17,Recreate,100
3223,3451,32649,2026-06-08,Recreate,50
3224,851,56520,2026-07-11,Recreate,10
3225,9683,28917,2026-07-08,Engagement Bonus,30
3226,8813,29709,2026-05-26,Recreate,30
3227,152,10204,2026-02-11,Recreate,20
3228,335,18513,2026-01-21,Recreate,5
3229,4444,26724,2026-01-03,Recreate,5
3230,9928,58740,2026-08-02,Remix,5
3231,893,54283,2026-08-14,Engagement Bonus,20
3232,4767,14698,2026-07-08,Recreate,10
3233,3279,46268,2026-06-19,Remix,10
3234,6502,31257,2026-07-08,Engagement Bonus,5
3235,9671,34987,2026-04-11,Recreate,30
3236,2823,55204,2026-05-21,Engagement Bonus,20
3237,524,4821,2026-07-04,Recreate,30
3238,8515,50294,2026-06-19,Engagement Bonus,30
3239,2619,19547,2026-04-30,Recreate,10
3240,558,26325,2026-02-07,Remix,20
3241,959,59561,2026-04-24,Engagement Bonus,5
3242,8596,40091,2026-03-02,Recreate,10
3243,2554,7748,2026-06-21,Recreate,5
3244,2202,4427,2026-05-05,Engagement Bonus,100
3245,6287,21842,2026-03-26,Recreate,50
3246,4781,8207,2026-02-13,Remix,5
3247,8444,5670,2026-07-18,Remix,100
3248,2646,715,2026-01-19,Recreate,10
3249,1065,14207,2026-02-04,Recreate,5
3250,6299,21168,2026-05-12,Recreate,5
3251,6490,34971,2026-06-24,Remix,5
3252,3986,45127,2026-03-27,Engagement Bonus,5
3253,9338,57801,2026-01-06,Recreate,50
3254,2228,705,2026-01-01,Recreate,10
3255,1396,10478,2026-08-13,Remix,20
3256,8511,42623,2026-07-12,Recreate,5
3257,9117,36178,2026-08-03,Recreate,10
3258,2857,46595,2026-01-30,Recreate,100
3259,9956,6094,2026-07-19,Engagement Bonus,10
3260,9090,55569,2026-02-18,Remix,5
3261,286,47641,2026-05-11,Recreate,5
3262,5056,5955,2026-01-07,Recreate,10
3263,1292,6738,2026-04-21,Recreate,20
3264,7868,32224,2026-03-15,Recreate,10
3265,4042,23334,2026-03-04,Recreate,5
3266,8606,41937,2026-02-04,Recreate,10
3267,172,905,2026-03-17,Recreate,20
3268,7247,9466,2026-08-17,Remix,5
3269,5809,40198,2026-06-22,Remix,10
3270,3410,17978,2026-04-26,Recreate,10
3271,4920,13985,2026-07-17,Recreate,30
3272,1119,26297,2026-07-25,Remix,30
3273,5697,3181,2026-06-22,Recreate,50
3274,4052,42053,2026-01-04,Recreate,20
3275,1842,26917,2026-03-04,Remix,30
3276,4542,2024,2026-04-01,Recreate,5
3277,3707,38005,2026-08-22,Remix,5
3278,195,22373,2026-05-09,Engagement Bonus,20
3279,7947,50852,2026-01-05,Recreate,5
3280,1081,3554,2026-06-03,Engagement Bonus,20
3281,2788,15500,2026-06-12,Recreate,50
3282,7413,53394,2026-05-25,Recreate,50
3283,5940,50251,2026-03-16,Engagement Bonus,100
3284,9556,31177,2026-08-22,Remix,30
3285,9472,54889,2026-08-12,Remix,5
3286,7107,55758,2026-01-13,Recreate,20
3287,612,14150,2026-01-15,Engagement Bonus,100
3288,8930,35225,2026-07-02,Remix,20
3289,8649,13409,2026-04-13,Engagement Bonus,20
3290,3873,31993,2026-04-19,Recreate,100
3291,8930,26506,2026-03-03,Recreate,50
3292,8364,20576,2026-06-21,Engagement Bonus,10
3293,2654,35120,2026-02-08,Recreate,20
3294,765,58965,2026-08-13,Engagement Bonus,50
3295,9582,15734,2026-06-05,Recreate,10
3296,6173,9192,2026-07-28,Recreate,5
3297,183,24811,2026-03-24,Remix,10
3298,3051,57542,2026-03-11,Remix,20
3299,7618,51902,2026-08-10,Recreate,20
3300,9652,16929,2026-06-13,Recreate,10
3301,7840,40830,2026-05-01,Recreate,5
3302,2048,11291,2026-05-21,Engagement Bonus,50
3303,8791,44688,2026-02-08,Recreate,20
3304,5475,18232,2026-06-11,Remix,5
3305,7477,6001,2026-07-13,Engagement Bonus,30
3306,3808,59286,2026-04-18,Remix,20
3307,6498,29924,2026-03-11,Recreate,50
3308,3453,31109,2026-08-23,Recreate,30
3309,65,8942,2026-07-15,Recreate,5
3310,5464,51494,2026-05-05,Recreate,20
3311,2281,29819,2026-08-24,Engagement Bonus,50
3312,4285,46116,2026-07-06,Recreate,10
3313,490,56562,2026-03-26,Engagement Bonus,5
3314,7706,33525,2026-05-04,Recreate,5
3315,5463,44363,2026-08-21,Recreate,50
3316,31,37407,2026-06-10,Recreate,30
3317,4862,27492,2026-04-14,Remix,100
3318,1263,35921,2026-02-05,Recreate,20
3319,589,37361,2026-04-09,Remix,30
3320,570,23440,2026-03-03,Recreate,100
3321,4794,33963,2026-06-02,Recreate,5
3322,4113,41157,2026-08-18,Engagement Bonus,20
3323,4581,44083,2026-06-30,Recreate,100
3324,8049,30394,2026-02-18,Remix,10
3325,5530,34597,2026-06-29,Recreate,5
3326,2261,35913,2026-07-11,Remix,10
3327,3018,5909,2026-01-11,Recreate,20
3328,8351,15510,2026-01-04,Recreate,10
3329,3633,44986,2026-01-28,Recreate,100
3330,7700,16817,2026-03-14,Recreate,50
3331,2132,48169,2026-07-21,Recreate,50
3332,8772,58697,2026-05-28,Recreate,5
3333,4507,30943,2026-03-28,Recreate,50
3334,4746,3068,2026-08-26,Remix,30
3335,3593,11569,2026-02-18,Recreate,10
3336,2421,18098,2026-03-19,Engagement Bonus,20
3337,1659,15155,2026-02-19,Remix,10
3338,5944,44475,2026-06-04,Remix,30
3339,3692,42576,2026-06-23,Recreate,10
3340,6718,16026,2026-08-13,Recreate,30
3341,8080,20040,2026-04-22,Recreate,100
3342,6124,59876,2026-05-22,Remix,100
3343,6486,55315,2026-08-09,Engagement Bonus,5
3344,2114,37969,2026-04-05,Recreate,50
3345,7777,33262,2026-04-19,Recreate,10
3346,9825,40171,2026-07-21,Recreate,5
3347,8634,50974,2026-08-17,Recreate,5
3348,8186,19922,2026-08-20,Recreate,50
3349,4795,23435,2026-06-29,Recreate,20
3350,4924,3526,2026-01-12,Remix,100
3351,6682,436,2026-04-14,Remix,10
3352,6836,2864,2026-02-15,Remix,5
3353,7919,55484,2026-03-04,Recreate,50
3354,4439,12494,2026-01-13,Remix,10
3355,1287,37673,2026-07-14,Recreate,50
3356,7733,18706,2026-06-25,Recreate,50
3357,2639,24879,2026-08-17,Recreate,30
3358,1999,14995,2026-03-20,Remix,10
3359,1546,33689,2026-01-20,Recreate,5
3360,7366,39652,2026-03-23,Remix,50
3361,7784,35932,2026-02-05,Engagement Bonus,5
3362,427,23422,2026-02-17,Recreate,50
3363,6586,55023,2026-02-13,Engagement Bonus,5
3364,8045,2900,2026-07-09,Remix,5
3365,1157,43108,2026-03-28,Recreate,10
3366,2288,15186,2026-07-30,Engagement Bonus,20
3367,4621,2014,2026-03-02,Engagement Bonus,5
3368,3431,2650,2026-07-22,Recreate,50
3369,984,14695,2026-06-02,Recreate,20
3370,8961,50791,2026-05-14,Recreate,10
3371,6706,47718,2026-08-02,Remix,5
3372,2238,56649,2026-01-17,Recreate,5
3373,9917,1570,2026-01-08,Recreate,30
3374,5897,36454,2026-06-08,Remix,5
3375,917,49110,2026-07-06,Engagement Bonus,10
3376,2463,1501,2026-05-22,Recreate,20
3377,4477,10709,2026-08-25,Remix,10
3378,344,37430,2026-04-05,Recreate,20
3379,9971,31022,2026-01-12,Recreate,50
3380,1201,57031,2026-05-23,Recreate,5
3381,2277,46823,2026-01-07,Recreate,5
3382,1650,31593,2026-01-26,Remix,30
3383,6917,15843,2026-08-23,Engagement Bonus,30
3384,6317,21338,2026-02-06,Recreate,10
3385,6870,36888,2026-05-17,Recreate,10
3386,6122,10777,2026-01-19,Recreate,5
3387,3351,1876,2026-08-08,Engagement Bonus,30
3388,9525,19970,2026-07-28,Recreate,20
3389,563,55124,2026-05-18,Recreate,30
3390,2822,17520,2026-04-15,Remix,5
3391,8470,16473,2026-06-09,Remix,10
3392,3303,5128,2026-05-10,Recreate,10
3393,3071,21137,2026-07-31,Recreate,20
3394,4803,53972,2026-01-26,Recreate,10
3395,2542,52521,2026-05-05,Recreate,100
3396,5310,37815,2026-05-03,Remix,50
3397,6427,31931,2026-03-28,Engagement Bonus,5
3398,7700,10297,2026-07-20,Recreate,50
3399,4718,26218,2026-05-02,Remix,5
3400,5315,23975,2026-03-06,Engagement Bonus,100
3401,3392,47860,2026-07-25,Remix,30
3402,2248,10863,2026-08-21,Engagement Bonus,10
3403,9058,34131,2026-01-06,Engagement Bonus,50
3404,7512,28379,2026-04-23,Remix,20
3405,209,3151,2026-04-28,Remix,20
3406,4783,25802,2026-07-23,Recreate,20
3407,1716,46538,2026-01-24,Recreate,10
3408,6428,28825,2026-03-18,Recreate,20
3409,4951,28950,2026-05-07,Recreate,10
3410,2424,2070,2026-02-26,Recreate,20
3411,3639,34232,2026-03-04,Remix,100
3412,8689,54890,2026-07-05,Recreate,20
3413,8880,2613,2026-08-07,Remix,5
3414,547,15693,2026-03-26,Recreate,10
3415,9392,25315,2026-04-16,Engagement Bonus,10
3416,9683,12158,2026-06-23,Recreate,50
3417,6497,47204,2026-05-09,Remix,30
3418,921,48262,2026-06-04,Remix,10
3419,5571,44589,2026-01-06,Recreate,20
3420,9627,6348,2026-02-13,Recreate,20
3421,6584,29194,2026-07-06,Remix,20
3422,8659,19015,2026-04-26,Recreate,5
3423,3701,34235,2026-03-09,Recreate,20
3424,8148,5541,2026-05-25,Recreate,5
3425,5455,29009,2026-08-10,Remix,30
3426,807,19754,2026-06-30,Recreate,20
3427,5140,48322,2026-06-22,Engagement Bonus,50
3428,8907,8638,2026-07-15,Remix,30
3429,9251,56564,2026-05-17,Remix,10
3430,6380,24027,2026-03-07,Recreate,20
3431,5514,59248,2026-07-10,Recreate,10
3432,3239,10866,2026-01-24,Remix,50
3433,1657,40648,2026-01-27,Recreate,20
3434,255,41614,2026-05-10,Remix,50
3435,5107,42260,2026-01-22,Remix,20
3436,9888,9318,2026-07-26,Remix,5
3437,3317,7075,2026-05-01,Remix,10
3438,7595,29322,2026-03-20,Recreate,100
3439,9545,27948,2026-03-04,Recreate,50
3440,8546,55376,2026-07-30,Recreate,5
3441,6615,9419,2026-07-10,Remix,5
3442,5607,13407,2026-01-16,Engagement Bonus,50
3443,2003,1318,2026-04-11,Remix,10
3444,9125,35657,2026-02-12,Engagement Bonus,10
3445,671,39330,2026-06-24,Remix,10
3446,1751,16655,2026-05-18,Recreate,5
3447,2606,58423,2026-05-28,Recreate,10
3448,2887,41121,2026-07-15,Engagement Bonus,30
3449,2395,3914,2026-03-07,Remix,10
3450,7446,31718,2026-08-26,Remix,20
3451,5431,57159,2026-06-22,Recreate,20
3452,2477,37909,2026-05-31,Recreate,50
3453,9386,58348,2026-05-06,Remix,5
3454,985,55346,2026-07-11,Remix,5
3455,1675,17925,2026-05-05,Engagement Bonus,20
3456,2031,29374,2026-03-31,Engagement Bonus,10
3457,197,29000,2026-02-20,Remix,10
3458,5027,2214,2026-06-21,Recreate,5
3459,4616,16254,2026-07-04,Recreate,20
3460,3274,5784,2026-06-16,Remix,20
3461,6641,7973,2026-03-13,Engagement Bonus,5
3462,2676,11595,2026-05-25,Recreate,10
3463,5085,21196,2026-02-17,Remix,10
3464,1374,29817,2026-02-11,Engagement Bonus,30
3465,62,38128,2026-05-02,Remix,10
3466,6713,40065,2026-06-04,Recreate,100
3467,6028,34829,2026-03-04,Recreate,30
3468,2263,5763,2026-03-08,Engagement Bonus,10
3469,1939,44894,2026-04-02,Remix,10
3470,4335,40178,2026-05-08,Recreate,20
3471,982,42753,2026-06-12,Engagement Bonus,50
3472,7074,53880,2026-03-22,Recreate,30
3473,7475,49679,2026-08-06,Recreate,10
3474,3834,56394,2026-06-12,Recreate,100
3475,769,28957,2026-02-21,Recreate,100
3476,1426,38597,2026-01-28,Remix,10
3477,1768,2151,2026-05-26,Recreate,100
3478,3622,48023,2026-06-01,Recreate,50
3479,9130,37663,2026-02-26,Recreate,10
3480,4805,29673,2026-05-21,Engagement Bonus,10
3481,1273,13800,2026-08-22,Recreate,30
3482,1865,56089,2026-05-15,Recreate,5
3483,9709,21115,2026-07-23,Remix,20
3484,4875,47605,2026-08-06,Recreate,10
3485,7656,10314,2026-05-31,Remix,30
3486,7939,16431,2026-07-20,Recreate,5
3487,547,57905,2026-03-18,Engagement Bonus,20
3488,5796,7874,2026-03-01,Engagement Bonus,30
3489,2962,5616,2026-06-18,Engagement Bonus,100
3490,3466,32687,2026-02-03,Recreate,5
3491,5509,13585,2026-02-13,Engagement Bonus,100
3492,5198,7657,2026-08-27,Remix,5
3493,575,6450,2026-06-11,Engagement Bonus,5
3494,8339,25488,2026-08-02,Recreate,5
3495,8332,33092,2026-03-14,Recreate,100
3496,8678,41404,2026-08-12,Remix,20
3497,2413,15535,2026-01-23,Recreate,20
3498,1763,59447,2026-06-23,Recreate,5
3499,4760,58007,2026-02-18,Recreate,10
3500,8404,46046,2026-02-11,Recreate,10
3501,4137,55528,2026-01-18,Engagement Bonus,10
3502,570,23440,2026-06-20,Recreate,50
3503,8749,13866,2026-05-14,Engagement Bonus,10
3504,5265,34723,2026-08-25,Remix,100
3505,2209,46424,2026-07-11,Recreate,5
3506,6642,25057,2026-02-14,Remix,50
3507,3623,54562,2026-03-12,Remix,5
3508,8341,15182,2026-05-27,Recreate,100
3509,8715,38572,2026-08-30,Remix,20
3510,6547,13930,2026-05-29,Recreate,20
3511,5029,59780,2026-05-30,Engagement Bonus,5
3512,949,46091,2026-05-29,Remix,30
3513,7693,49650,2026-04-11,Recreate,50
3514,9825,44134,2026-06-12,Recreate,10
3515,1578,22583,2026-05-16,Engagement Bonus,10
3516,4976,59025,2026-08-09,Recreate,5
3517,2031,56723,2026-06-09,Recreate,20
3518,9475,4342,2026-04-01,Recreate,50
3519,5908,16554,2026-07-01,Recreate,30
3520,2450,37717,2026-06-03,Recreate,10
3521,2735,44923,2026-05-17,Engagement Bonus,10
3522,1969,55726,2026-07-15,Recreate,50
3523,9502,34663,2026-01-17,Recreate,10
3524,1092,45437,2026-08-17,Recreate,5
3525,2531,46570,2026-08-17,Recreate,20
3526,1604,8113,2026-04-07,Remix,20
3527,2693,7647,2026-01-16,Recreate,10
3528,8518,33935,2026-08-16,Recreate,10
3529,1225,51773,2026-04-15,Remix,20
3530,8303,28591,2026-05-31,Recreate,10
3531,2121,20944,2026-07-16,Recreate,50
3532,1761,5166,2026-04-16,Remix,10
3533,1551,35459,2026-03-02,Engagement Bonus,10
3534,4048,46777,2026-08-25,Remix,20
3535,1860,4582,2026-06-04,Recreate,20
3536,2334,36123,2026-08-22,Recreate,30
3537,1746,46807,2026-06-18,Recreate,10
3538,2760,37524,2026-06-11,Remix,50
3539,8746,53033,2026-01-07,Remix,30
3540,7988,13731,2026-08-23,Remix,5
3541,3490,55074,2026-03-31,Recreate,5
3542,530,38820,2026-04-15,Recreate,5
3543,9780,54023,2026-05-14,Engagement Bonus,5
3544,5058,16721,2026-06-16,Recreate,5
3545,5061,4552,2026-04-23,Recreate,10
3546,2234,41482,2026-08-04,Recreate,20
3547,7814,45307,2026-08-31,Remix,10
3548,4535,19734,2026-08-25,Recreate,5
3549,8222,26951,2026-01-01,Recreate,5
3550,8527,32780,2026-02-25,Recreate,20
3551,1488,7577,2026-01-03,Recreate,30
3552,1034,1907,2026-02-21,Recreate,5
3553,5298,50696,2026-08-04,Recreate,5
3554,1169,15788,2026-06-18,Recreate,20
3555,8229,9120,2026-07-07,Remix,10
3556,7390,53775,2026-08-13,Engagement Bonus,5
3557,6980,31039,2026-01-16,Recreate,20
3558,4250,42108,2026-01-09,Remix,100
3559,7754,41211,2026-05-13,Remix,20
3560,2603,10876,2026-05-27,Remix,5
3561,9464,25103,2026-01-25,Recreate,20
3562,1275,33718,2026-06-06,Recreate,5
3563,1825,23297,2026-07-18,Remix,5
3564,2627,54538,2026-01-15,Recreate,20
3565,8410,4181,2026-07-15,Recreate,10
3566,4855,52286,2026-06-22,Recreate,100
3567,2585,51578,2026-08-05,Recreate,20
3568,2191,22044,2026-04-29,Remix,30
3569,3815,15265,2026-04-24,Remix,20
3570,1181,59872,2026-07-16,Remix,20
3571,8385,8748,2026-07-09,Recreate,10
3572,7542,53837,2026-07-10,Recreate,50
3573,3371,40727,2026-04-04,Recreate,100
3574,5118,42472,2026-08-24,Recreate,50
3575,4998,54385,2026-01-10,Remix,20
3576,6759,53117,2026-01-03,Remix,5
3577,6223,45236,2026-08-19,Remix,10
3578,7123,56635,2026-07-04,Recreate,20
3579,7664,31981,2026-03-11,Recreate,30
3580,9831,39035,2026-02-08,Recreate,20
3581,6517,55634,2026-01-16,Remix,30
3582,6699,29258,2026-04-03,Remix,30
3583,8779,39026,2026-07-11,Recreate,100
3584,926,6855,2026-01-10,Recreate,100
3585,6964,52399,2026-02-08,Engagement Bonus,30
3586,9927,6052,2026-08-28,Recreate,20
3587,3541,51607,2026-06-20,Remix,20
3588,3393,20275,2026-04-06,Recreate,20
3589,1180,15286,2026-02-15,Recreate,5
3590,4081,42759,2026-02-15,Recreate,20
3591,6117,44055,2026-01-27,Engagement Bonus,30
3592,247,45099,2026-04-10,Recreate,10
3593,5687,31607,2026-05-25,Remix,30
3594,7918,39989,2026-07-06,Recreate,10
3595,7305,1365,2026-05-13,Engagement Bonus,30
3596,3312,3205,2026-02-16,Remix,5
3597,7618,8674,2026-01-31,Recreate,20
3598,8066,26888,2026-02-18,Recreate,50
3599,6851,41889,2026-07-28,Recreate,10
3600,8193,4669,2026-05-11,Recreate,10
3601,7136,28056,2026-02-05,Remix,30
3602,1378,42633,2026-06-29,Engagement Bonus,10
3603,5183,13657,2026-02-03,Recreate,20
3604,8695,35638,2026-03-28,Remix,30
3605,6815,9897,2026-05-17,Recreate,10
3606,2357,7568,2026-05-24,Recreate,5
3607,9809,48812,2026-04-27,Recreate,20
3608,2706,2571,2026-07-10,Engagement Bonus,30
3609,8541,27801,2026-02-20,Recreate,5
3610,2262,29516,2026-06-25,Recreate,5
3611,9058,40930,2026-06-14,Remix,5
3612,3492,44790,2026-08-28,Recreate,50
3613,1308,58694,2026-02-04,Recreate,10
3614,5350,14641,2026-07-14,Remix,50
3615,4644,28447,2026-01-17,Recreate,100
3616,5866,44207,2026-05-11,Remix,100
3617,7120,53694,2026-07-07,Recreate,50
3618,6766,33799,2026-02-15,Engagement Bonus,50
3619,8382,42891,2026-05-31,Recreate,10
3620,3382,41188,2026-05-09,Recreate,100
3621,8990,51889,2026-02-11,Engagement Bonus,50
3622,6479,51160,2026-01-24,Recreate,10
3623,3467,48974,2026-05-16,Recreate,50
3624,9110,22591,2026-03-28,Engagement Bonus,50
3625,814,50435,2026-03-23,Engagement Bonus,5
3626,9137,6098,2026-04-14,Recreate,10
3627,9443,32485,2026-05-06,Engagement Bonus,30
3628,1169,49253,2026-02-03,Recreate,20
3629,2384,5216,2026-01-24,Recreate,100
3630,7128,49787,2026-06-02,Remix,5
3631,6641,22193,2026-05-05,Recreate,5
3632,8702,33907,2026-06-29,Remix,100
3633,7702,42417,2026-05-03,Remix,30
3634,174,10878,2026-07-29,Engagement Bonus,100
3635,8772,51378,2026-08-08,Recreate,50
3636,4236,56826,2026-01-09,Recreate,10
3637,8322,25620,2026-01-25,Recreate,5
3638,399,8642,2026-05-16,Recreate,50
3639,9552,52898,2026-06-19,Engagement Bonus,10
3640,6550,40678,2026-08-22,Recreate,30
3641,665,57482,2026-06-29,Engagement Bonus,5
3642,7671,50557,2026-02-15,Recreate,20
3643,1210,33483,2026-02-04,Recreate,50
3644,6811,43621,2026-01-14,Engagement Bonus,5
3645,5695,44853,2026-07-13,Recreate,50
3646,917,56365,2026-07-16,Recreate,20
3647,6313,21462,2026-01-31,Recreate,30
3648,1916,15330,2026-01-24,Recreate,10
3649,347,25823,2026-08-06,Remix,10
3650,9000,22102,2026-06-12,Recreate,10
3651,8270,14246,2026-01-18,Recreate,100
3652,9749,38343,2026-06-10,Recreate,30
3653,4061,18979,2026-07-26,Remix,5
3654,8621,55774,2026-01-09,Recreate,5
3655,9580,50234,2026-01-20,Remix,10
3656,1809,33990,2026-07-25,Engagement Bonus,5
3657,8214,25158,2026-01-07,Engagement Bonus,5
3658,3368,39075,2026-04-09,Remix,100
3659,5705,44028,2026-01-27,Recreate,20
3660,5266,47626,2026-04-22,Engagement Bonus,5
3661,3823,24018,2026-02-05,Recreate,10
3662,2174,4951,2026-02-26,Remix,30
3663,6128,1176,2026-02-19,Remix,5
3664,4750,21960,2026-05-15,Engagement Bonus,10
3665,4887,46725,2026-06-24,Recreate,20
3666,6539,32818,2026-08-27,Remix,20
3667,799,14653,2026-04-26,Remix,5
3668,1987,44628,2026-08-16,Recreate,10
3669,4023,28852,2026-05-06,Recreate,20
3670,4450,26214,2026-08-17,Recreate,50
3671,789,40455,2026-01-03,Remix,10
3672,4602,26514,2026-06-08,Recreate,5
3673,3293,22100,2026-04-07,Recreate,5
3674,2040,51312,2026-04-30,Remix,30
3675,8413,7624,2026-06-13,Recreate,10
3676,177,1639,2026-01-15,Recreate,5
3677,977,59560,2026-04-27,Recreate,5
3678,6108,19507,2026-07-06,Remix,10
3679,1784,44961,2026-04-28,Engagement Bonus,5
3680,3531,25615,2026-03-15,Recreate,10
3681,2834,18146,2026-01-31,Remix,30
3682,8746,53033,2026-04-11,Recreate,5
3683,1675,17925,2026-04-05,Remix,50
3684,2873,51280,2026-08-19,Recreate,20
3685,6313,906,2026-08-14,Recreate,50
3686,160,3001,2026-03-18,Remix,20
3687,6178,48513,2026-08-06,Recreate,5
3688,8056,34204,2026-06-04,Remix,10
3689,9277,33205,2026-08-12,Recreate,10
3690,7415,27927,2026-03-11,Remix,5
3691,5836,43468,2026-08-29,Remix,5
3692,7453,51546,2026-03-04,Recreate,5
3693,631,39164,2026-02-27,Recreate,5
3694,3720,52819,2026-08-28,Recreate,5
3695,5342,59516,2026-03-18,Recreate,20
3696,5799,77,2026-04-29,Engagement Bonus,10
3697,1884,14109,2026-06-12,Recreate,20
3698,6287,59544,2026-08-03,Recreate,10
3699,8580,24365,2026-01-07,Engagement Bonus,5
3700,4549,43738,2026-06-25,Recreate,5
3701,7693,188,2026-08-18,Recreate,5
3702,9266,13803,2026-02-04,Recreate,10
3703,9813,41994,2026-04-05,Recreate,5
3704,9699,48017,2026-06-17,Recreate,30
3705,9786,21293,2026-08-24,Remix,5
3706,5094,6510,2026-03-14,Recreate,10
3707,5698,13092,2026-04-04,Remix,20
3708,689,27897,2026-01-25,Recreate,50
3709,8056,34204,2026-04-01,Remix,10
3710,7366,25913,2026-08-05,Remix,5
3711,9430,11898,2026-01-09,Remix,20
3712,5248,26964,2026-08-22,Recreate,20
3713,3738,48114,2026-08-18,Recreate,30
3714,8180,14721,2026-02-13,Recreate,50
3715,8210,6438,2026-08-09,Recreate,30
3716,8692,3644,2026-06-24,Remix,100
3717,1615,3708,2026-05-07,Recreate,5
3718,2781,1724,2026-07-13,Remix,30
3719,9421,55650,2026-02-05,Remix,20
3720,5141,49307,2026-02-22,Recreate,5
3721,984,6159,2026-03-29,Remix,5
3722,3357,23791,2026-07-03,Remix,10
3723,4343,55334,2026-06-10,Remix,30
3724,6777,48186,2026-08-31,Recreate,10
3725,2694,28619,2026-07-18,Recreate,5
3726,1350,56408,2026-01-31,Remix,5
3727,5219,55906,2026-07-22,Recreate,5
3728,5117,26980,2026-07-01,Recreate,5
3729,7413,43426,2026-06-15,Remix,10
3730,2131,16251,2026-01-07,Recreate,50
3731,9504,5873,2026-07-30,Recreate,20
3732,8380,7441,2026-06-01,Remix,5
3733,1758,22684,2026-07-16,Recreate,100
3734,491,51689,2026-02-21,Recreate,50
3735,8942,13301,2026-07-01,Recreate,20
3736,5369,12953,2026-02-07,Recreate,5
3737,5520,54068,2026-05-18,Engagement Bonus,10
3738,5536,33018,2026-06-19,Recreate,10
3739,967,1347,2026-07-31,Recreate,20
3740,8588,7340,2026-08-20,Engagement Bonus,10
3741,8054,23770,2026-01-19,Remix,20
3742,7892,31061,2026-02-18,Remix,5
3743,8690,47293,2026-06-16,Remix,10
3744,1890,17316,2026-08-13,Recreate,10
3745,9802,59908,2026-04-19,Remix,5
3746,6560,11777,2026-01-13,Recreate,30
3747,5585,39932,2026-03-24,Remix,50
3748,4561,9753,2026-03-10,Recreate,20
3749,2577,36740,2026-02-19,Recreate,50
3750,323,11951,2026-03-25,Recreate,5
3751,5837,9827,2026-05-27,Recreate,20
3752,4816,56299,2026-02-12,Recreate,20
3753,9047,50984,2026-06-14,Engagement Bonus,5
3754,6470,25561,2026-05-09,Recreate,10
3755,6599,41872,2026-04-08,Recreate,5
3756,9993,3479,2026-08-31,Recreate,10
3757,3461,41782,2026-06-25,Recreate,5
3758,2223,20084,2026-04-23,Remix,5
3759,9861,27974,2026-01-20,Engagement Bonus,50
3760,7576,30288,2026-07-26,Recreate,10
3761,6052,36309,2026-07-10,Recreate,5
3762,8419,34927,2026-03-06,Remix,100
3763,6769,28806,2026-03-14,Recreate,5
3764,477,20129,2026-07-18,Recreate,5
3765,9293,30125,2026-01-27,Engagement Bonus,10
3766,7440,22907,2026-01-02,Recreate,10
3767,3263,21936,2026-05-26,Recreate,20
3768,1147,46900,2026-04-23,Recreate,100
3769,3626,21119,2026-06-22,Recreate,10
3770,7137,50840,2026-01-20,Recreate,5
3771,4199,30246,2026-02-20,Recreate,10
3772,4615,38499,2026-01-24,Recreate,10
3773,9487,57007,2026-06-02,Remix,50
3774,4621,33772,2026-01-20,Recreate,10
3775,3695,17112,2026-06-16,Recreate,20
3776,4897,9980,2026-05-01,Engagement Bonus,20
3777,3873,28170,2026-06-12,Recreate,5
3778,7234,37567,2026-03-13,Recreate,5
3779,8459,12641,2026-05-03,Recreate,30
3780,3553,58191,2026-04-03,Remix,10
3781,3847,9728,2026-02-02,Remix,20
3782,6222,25721,2026-07-31,Recreate,20
3783,7422,42466,2026-02-11,Recreate,20
3784,4770,11715,2026-03-22,Remix,30
3785,1793,55157,2026-08-28,Recreate,50
3786,1627,43226,2026-01-21,Remix,100
3787,959,59985,2026-03-02,Recreate,50
3788,3942,24754,2026-01-03,Recreate,5
3789,551,50530,2026-04-01,Recreate,10
3790,5946,27751,2026-07-07,Recreate,20
3791,7413,50888,2026-04-24,Remix,50
3792,1398,44178,2026-08-18,Recreate,10
3793,5716,41325,2026-04-17,Remix,100
3794,706,26807,2026-08-07,Recreate,20
3795,7957,9796,2026-07-17,Remix,20
3796,1417,16088,2026-08-11,Remix,30
3797,9224,46813,2026-02-22,Recreate,10
3798,2015,48915,2026-02-11,Engagement Bonus,10
3799,6121,13678,2026-04-23,Recreate,20
3800,6833,56676,2026-02-15,Engagement Bonus,100
3801,4349,39067,2026-07-11,Recreate,20
3802,4135,597,2026-05-24,Recreate,10
3803,4537,9819,2026-03-11,Recreate,100
3804,1245,1398,2026-08-01,Remix,50
3805,319,9549,2026-03-06,Remix,20
3806,4012,37605,2026-06-26,Recreate,30
3807,6157,47187,2026-07-22,Recreate,5
3808,4389,17242,2026-01-26,Recreate,5
3809,3062,53672,2026-08-19,Remix,20
3810,6237,26731,2026-06-06,Recreate,50
3811,841,23384,2026-01-22,Engagement Bonus,5
3812,6224,26424,2026-06-01,Recreate,5
3813,8998,38433,2026-02-14,Recreate,5
3814,8666,33892,2026-02-05,Engagement Bonus,20
3815,4855,41069,2026-02-02,Engagement Bonus,5
3816,9105,23273,2026-05-13,Recreate,20
3817,176,18753,2026-07-11,Recreate,20
3818,8770,32622,2026-03-22,Remix,50
3819,9307,58865,2026-03-20,Remix,5
3820,8574,21132,2026-08-25,Engagement Bonus,10
3821,424,41988,2026-05-31,Recreate,50
3822,9039,38445,2026-06-02,Recreate,10
3823,7318,23617,2026-01-10,Recreate,10
3824,7203,39489,2026-02-07,Recreate,20
3825,2883,37765,2026-07-22,Recreate,50
3826,4686,58038,2026-07-03,Recreate,5
3827,9455,48103,2026-03-21,Remix,5
3828,1894,31071,2026-03-11,Recreate,100
3829,3122,49593,2026-06-12,Recreate,10
3830,6891,30080,2026-03-26,Recreate,50
3831,6362,8904,2026-06-30,Remix,10
3832,5629,26757,2026-02-18,Remix,50
3833,8692,6924,2026-03-23,Remix,20
3834,5870,58458,2026-01-15,Remix,30
3835,4317,12120,2026-08-13,Recreate,100
3836,377,51970,2026-07-18,Recreate,20
3837,9813,31503,2026-06-04,Recreate,20
3838,6329,3152,2026-07-20,Remix,20
3839,5546,23635,2026-07-27,Recreate,20
3840,6208,5295,2026-03-29,Recreate,10
3841,4291,20273,2026-06-10,Recreate,10
3842,9294,43315,2026-01-08,Recreate,5
3843,9468,46797,2026-08-24,Recreate,5
3844,3391,5385,2026-02-03,Remix,30
3845,3167,43134,2026-04-27,Engagement Bonus,20
3846,35,767,2026-01-28,Recreate,100
3847,3127,5797,2026-07-02,Recreate,30
3848,8994,34336,2026-04-30,Recreate,50
3849,7018,52110,2026-03-30,Recreate,50
3850,4706,24499,2026-06-07,Remix,20
3851,2844,8463,2026-05-12,Remix,5
3852,7222,36256,2026-08-29,Recreate,50
3853,4395,50091,2026-01-25,Recreate,5
3854,6349,58559,2026-05-18,Remix,20
3855,6945,41520,2026-06-29,Remix,5
3856,2063,41980,2026-01-06,Recreate,20
3857,6286,25399,2026-01-23,Engagement Bonus,50
3858,5603,59677,2026-02-27,Remix,5
3859,29,19714,2026-08-31,Recreate,5
3860,8989,16118,2026-07-28,Recreate,100
3861,4159,9476,2026-05-20,Recreate,10
3862,543,20416,2026-07-18,Remix,20
3863,638,40846,2026-05-03,Engagement Bonus,20
3864,3579,58144,2026-06-09,Recreate,30
3865,7218,6990,2026-01-20,Recreate,20
3866,8382,56924,2026-07-19,Recreate,20
3867,9923,745,2026-05-05,Engagement Bonus,20
3868,1401,40938,2026-07-07,Remix,30
3869,5836,20798,2026-03-14,Recreate,20
3870,7975,15824,2026-03-27,Recreate,30
3871,643,55712,2026-03-27,Remix,20
3872,8634,50974,2026-07-30,Remix,10
3873,5351,42197,2026-08-30,Recreate,50
3874,1871,28043,2026-01-30,Recreate,5
3875,8467,26203,2026-06-05,Remix,5
3876,4643,38878,2026-02-28,Recreate,50
3877,8103,9794,2026-08-29,Recreate,10
3878,3012,19104,2026-05-23,Recreate,50
3879,3950,26978,2026-01-19,Engagement Bonus,20
3880,580,57903,2026-03-16,Recreate,5
3881,4295,26541,2026-07-04,Recreate,30
3882,8859,29051,2026-08-18,Recreate,10
3883,1646,13234,2026-03-18,Recreate,50
3884,7998,12509,2026-01-29,Recreate,20
3885,3534,2959,2026-07-09,Remix,10
3886,337,46062,2026-08-07,Recreate,30
3887,3791,22625,2026-06-09,Recreate,5
3888,9058,53073,2026-02-27,Remix,30
3889,8830,49948,2026-06-02,Remix,50
3890,9911,49541,2026-03-09,Recreate,10
3891,34,22440,2026-03-20,Engagement Bonus,100
3892,9137,3646,2026-03-27,Remix,100
3893,2045,45457,2026-04-17,Recreate,10
3894,4193,11147,2026-03-08,Remix,10
3895,9776,56321,2026-04-29,Recreate,10
3896,3133,50040,2026-05-11,Engagement Bonus,10
3897,6565,20239,2026-08-04,Recreate,5
3898,5416,59687,2026-07-06,Recreate,50
3899,5775,22924,2026-07-01,Engagement Bonus,10
3900,9702,8679,2026-04-10,Engagement Bonus,5
3901,899,44735,2026-04-05,Engagement Bonus,20
3902,1494,11410,2026-04-14,Recreate,30
3903,8925,43574,2026-07-01,Remix,10
3904,3561,1565,2026-01-02,Recreate,50
3905,7156,28221,2026-01-24,Remix,10
3906,6780,56855,2026-04-14,Recreate,5
3907,4183,52302,2026-05-04,Recreate,10
3908,7281,2325,2026-04-15,Recreate,10
3909,1112,28072,2026-03-17,Remix,20
3910,4958,22248,2026-01-01,Recreate,20
3911,2409,10587,2026-08-29,Recreate,5
3912,5514,4276,2026-07-23,Recreate,20
3913,2707,9638,2026-05-06,Remix,50
3914,9229,43025,2026-01-09,Recreate,50
3915,2231,42765,2026-08-21,Recreate,30
3916,1668,15617,2026-06-17,Recreate,20
3917,7405,53974,2026-05-23,Recreate,5
3918,7107,38571,2026-08-09,Recreate,20
3919,6481,36592,2026-02-25,Recreate,10
3920,1883,21569,2026-08-20,Engagement Bonus,30
3921,333,57003,2026-04-29,Recreate,5
3922,7233,25239,2026-05-26,Recreate,10
3923,2654,25968,2026-01-09,Recreate,50
3924,4335,9871,2026-05-05,Engagement Bonus,20
3925,2284,12602,2026-02-09,Recreate,10
3926,6638,51113,2026-02-11,Recreate,5
3927,2368,40521,2026-07-25,Recreate,10
3928,6666,55835,2026-01-25,Recreate,5
3929,6975,44473,2026-03-26,Recreate,10
3930,9444,22504,2026-05-24,Engagement Bonus,30
3931,6163,44097,2026-01-13,Recreate,30
3932,9558,10441,2026-01-19,Recreate,30
3933,4857,32047,2026-01-13,Remix,50
3934,848,16739,2026-07-18,Recreate,20
3935,2174,14932,2026-07-18,Recreate,50
3936,4540,53938,2026-08-23,Engagement Bonus,30
3937,1650,36550,2026-02-01,Remix,20
3938,5795,3765,2026-03-05,Recreate,20
3939,1927,26744,2026-06-14,Remix,5
3940,1914,42313,2026-06-17,Recreate,20
3941,3594,5114,2026-07-18,Recreate,20
3942,4212,38851,2026-05-24,Remix,30
3943,3711,51518,2026-02-17,Engagement Bonus,10
3944,9472,12745,2026-05-01,Recreate,30
3945,3590,16213,2026-07-12,Recreate,50
3946,837,31894,2026-02-23,Recreate,5
3947,6304,55133,2026-07-17,Remix,20
3948,8288,56875,2026-08-28,Recreate,5
3949,3749,29425,2026-04-18,Recreate,100
3950,7546,32771,2026-06-11,Recreate,100
3951,2993,7991,2026-07-22,Recreate,10
3952,6208,21131,2026-03-17,Recreate,10
3953,4201,53914,2026-05-27,Engagement Bonus,5
3954,1702,54584,2026-08-04,Remix,10
3955,2414,12180,2026-08-01,Recreate,10
3956,8887,23548,2026-06-05,Remix,100
3957,1183,12188,2026-03-03,Remix,5
3958,2941,19984,2026-06-22,Recreate,20
3959,7548,59775,2026-01-28,Remix,20
3960,8614,6615,2026-03-19,Engagement Bonus,100
3961,3108,20169,2026-02-11,Remix,50
3962,3042,33674,2026-02-16,Recreate,10
3963,413,4906,2026-02-03,Recreate,5
3964,9852,45450,2026-07-11,Recreate,20
3965,1558,50682,2026-04-14,Engagement Bonus,10
3966,6175,57037,2026-07-21,Recreate,5
3967,5105,52409,2026-07-14,Recreate,10
3968,8127,8468,2026-05-27,Remix,10
3969,4982,31611,2026-07-30,Recreate,20
3970,9082,44726,2026-01-09,Engagement Bonus,5
3971,1680,5674,2026-07-04,Recreate,30
3972,6219,14772,2026-02-03,Engagement Bonus,20
3973,4710,7251,2026-04-20,Recreate,50
3974,1354,51404,2026-05-29,Remix,10
3975,1019,10413,2026-05-11,Recreate,5
3976,5735,3746,2026-05-26,Recreate,10
3977,1876,24190,2026-05-19,Engagement Bonus,100
3978,1727,46882,2026-01-10,Recreate,20
3979,8599,10490,2026-07-30,Engagement Bonus,5
3980,6603,17225,2026-08-03,Recreate,5
3981,1525,25322,2026-02-13,Remix,100
3982,1885,36116,2026-02-12,Remix,50
3983,3341,3965,2026-04-17,Recreate,10
3984,7910,52053,2026-05-20,Engagement Bonus,10
3985,3989,25642,2026-06-10,Recreate,5
3986,9604,34991,2026-08-08,Remix,10
3987,8455,38144,2026-01-12,Engagement Bonus,5
3988,6399,15288,2026-02-08,Recreate,10
3989,2860,24101,2026-05-11,Recreate,10
3990,9268,5303,2026-04-10,Recreate,10
3991,2701,33317,2026-03-25,Recreate,20
3992,5647,43885,2026-07-17,Remix,30
3993,6887,1561,2026-01-01,Remix,100
3994,1350,21520,2026-02-08,Recreate,5
3995,3696,15151,2026-01-29,Remix,10
3996,4351,18484,2026-05-08,Engagement Bonus,10
3997,9791,8602,2026-01-22,Engagement Bonus,5
3998,2408,15527,2026-02-01,Recreate,20
3999,4270,40867,2026-08-23,Recreate,10
4000,143,21042,2026-07-03,Engagement Bonus,20
4001,9705,20569,2026-03-23,Recreate,30
4002,8623,18539,2026-08-08,Recreate,20
4003,1673,426,2026-04-25,Remix,5
4004,5939,3308,2026-03-17,Recreate,5
4005,9234,16216,2026-03-28,Remix,10
4006,443,34935,2026-01-31,Recreate,20
4007,9052,28654,2026-08-04,Remix,20
4008,1755,53767,2026-06-22,Remix,5
4009,2665,15897,2026-07-25,Recreate,5
4010,9116,43981,2026-03-24,Recreate,50
4011,9108,29798,2026-03-08,Recreate,10
4012,6188,20417,2026-02-13,Recreate,5
4013,7134,34693,2026-01-07,Engagement Bonus,10
4014,4391,50909,2026-05-28,Remix,10
4015,9635,17307,2026-03-01,Recreate,50
4016,8086,23763,2026-01-31,Remix,100
4017,7087,16276,2026-01-21,Remix,10
4018,3558,59530,2026-08-24,Recreate,100
4019,7581,53752,2026-05-09,Recreate,10
4020,24,22552,2026-08-08,Remix,30
4021,5403,2976,2026-05-29,Remix,50
4022,3432,33818,2026-03-10,Engagement Bonus,20
4023,2709,14027,2026-02-16,Remix,5
4024,46,10735,2026-02-16,Remix,10
4025,8921,45528,2026-07-10,Recreate,30
4026,1103,10840,2026-08-17,Recreate,5
4027,6540,20423,2026-01-16,Recreate,20
4028,3532,35257,2026-07-29,Engagement Bonus,20
4029,9580,38411,2026-04-16,Recreate,5
4030,6900,34622,2026-06-02,Recreate,5
4031,3210,19255,2026-08-15,Remix,20
4032,5343,40563,2026-08-18,Recreate,50
4033,6648,30443,2026-02-27,Recreate,5
4034,7733,18706,2026-05-18,Engagement Bonus,30
4035,1911,15940,2026-07-05,Remix,5
4036,3936,12686,2026-02-15,Remix,5
4037,9522,57714,2026-04-08,Recreate,20
4038,3326,35366,2026-03-19,Recreate,20
4039,3570,39204,2026-05-23,Recreate,10
4040,2430,28373,2026-03-23,Recreate,10
4041,6978,57811,2026-05-16,Recreate,20
4042,2056,39732,2026-01-11,Engagement Bonus,10
4043,6589,7020,2026-05-03,Recreate,10
4044,8022,19652,2026-02-13,Recreate,10
4045,7374,44996,2026-08-20,Engagement Bonus,10
4046,2268,5222,2026-06-25,Recreate,30
4047,601,56943,2026-08-20,Recreate,50
4048,1598,20842,2026-08-02,Engagement Bonus,20
4049,4596,1537,2026-08-14,Recreate,20
4050,7745,48230,2026-05-27,Recreate,30
4051,7308,58187,2026-02-08,Recreate,50
4052,4133,37715,2026-05-12,Remix,30
4053,8869,57753,2026-08-03,Engagement Bonus,30
4054,4943,38252,2026-08-24,Recreate,30
4055,3513,30449,2026-08-04,Recreate,20
4056,1019,59283,2026-02-18,Recreate,5
4057,6304,55133,2026-01-12,Remix,10
4058,2481,39083,2026-06-27,Engagement Bonus,50
4059,7994,54895,2026-01-08,Recreate,5
4060,6930,56328,2026-02-18,Remix,5
4061,4551,9410,2026-05-11,Recreate,10
4062,4752,6998,2026-08-01,Remix,5
4063,6229,42476,2026-05-31,Recreate,10
4064,3761,24624,2026-04-03,Recreate,20
4065,1367,41643,2026-01-19,Recreate,20
4066,747,1148,2026-02-06,Engagement Bonus,5
4067,627,1476,2026-05-01,Recreate,5
4068,4187,30558,2026-04-09,Recreate,5
4069,631,14117,2026-04-01,Recreate,100
4070,7832,6918,2026-07-17,Recreate,50
4071,8736,15787,2026-04-29,Recreate,50
4072,6490,19143,2026-02-22,Engagement Bonus,50
4073,8848,24983,2026-02-21,Recreate,50
4074,6510,49869,2026-08-21,Remix,10
4075,2835,12798,2026-04-16,Remix,20
4076,9776,56321,2026-04-04,Engagement Bonus,50
4077,8664,2842,2026-02-08,Remix,30
4078,372,43514,2026-03-24,Recreate,20
4079,7733,50977,2026-02-01,Remix,100
4080,7260,110,2026-08-26,Recreate,10
4081,2176,3640,2026-01-11,Recreate,20
4082,1926,15311,2026-08-05,Engagement Bonus,20
4083,5516,27510,2026-04-23,Recreate,50
4084,5279,13361,2026-01-03,Recreate,20
4085,5077,18127,2026-03-16,Recreate,20
4086,9158,9600,2026-06-05,Recreate,20
4087,6198,40387,2026-01-08,Remix,5
4088,6894,45857,2026-07-19,Engagement Bonus,5
4089,2825,39855,2026-08-29,Remix,10
4090,7909,15652,2026-07-11,Recreate,10
4091,2113,19872,2026-08-13,Recreate,10
4092,9029,16485,2026-02-25,Engagement Bonus,10
4093,4551,9675,2026-03-03,Recreate,5
4094,6407,52543,2026-07-29,Remix,5
4095,751,41779,2026-06-13,Engagement Bonus,20
4096,3774,53452,2026-03-09,Recreate,5
4097,7989,49906,2026-04-06,Remix,5
4098,9158,45459,2026-04-12,Recreate,5
4099,505,27971,2026-06-29,Recreate,20
4100,4790,33212,2026-03-23,Recreate,50
4101,8878,51820,2026-04-17,Remix,5
4102,3442,7382,2026-01-11,Recreate,20
4103,800,16401,2026-08-10,Recreate,50
4104,5494,50135,2026-08-24,Remix,5
4105,5244,8733,2026-04-29,Recreate,5
4106,1309,41749,2026-06-05,Recreate,100
4107,9018,42963,2026-04-17,Remix,30
4108,9683,12158,2026-03-29,Remix,20
4109,9898,47579,2026-08-23,Recreate,10
4110,2774,37495,2026-06-17,Recreate,5
4111,5102,32592,2026-07-06,Recreate,10
4112,8475,447,2026-01-29,Recreate,10
4113,510,53866,2026-02-24,Recreate,10
4114,4715,38307,2026-01-18,Remix,100
4115,2273,41014,2026-07-13,Recreate,5
4116,995,49398,2026-04-27,Recreate,100
4117,4392,44538,2026-06-20,Engagement Bonus,50
4118,8064,3164,2026-07-22,Engagement Bonus,10
4119,1370,1007,2026-01-08,Recreate,100
4120,8626,57177,2026-08-08,Recreate,10
4121,4447,48251,2026-04-27,Recreate,10
4122,6110,38977,2026-03-25,Engagement Bonus,20
4123,6502,16482,2026-08-09,Recreate,30
4124,5865,4104,2026-02-28,Recreate,10
4125,9925,5131,2026-02-20,Remix,5
4126,7790,3461,2026-02-02,Recreate,5
4127,1045,16960,2026-07-20,Recreate,30
4128,4906,32101,2026-05-02,Remix,10
4129,5916,28722,2026-08-25,Recreate,20
4130,8285,22096,2026-03-24,Recreate,50
4131,9813,31503,2026-04-27,Recreate,20
4132,4765,51397,2026-08-12,Recreate,20
4133,2220,39886,2026-07-14,Recreate,5
4134,8030,15737,2026-01-09,Recreate,10
4135,8148,34021,2026-03-03,Remix,10
4136,5117,25670,2026-08-29,Recreate,50
4137,1910,40749,2026-01-09,Recreate,10
4138,4695,37800,2026-08-07,Recreate,10
4139,2657,50634,2026-04-28,Engagement Bonus,30
4140,3180,26382,2026-08-15,Recreate,100
4141,1240,14878,2026-01-28,Engagement Bonus,5
4142,8626,38114,2026-02-16,Engagement Bonus,50
4143,7242,54586,2026-04-20,Engagement Bonus,10
4144,1903,31132,2026-08-21,Recreate,5
4145,9494,35555,2026-04-07,Recreate,10
4146,3047,4419,2026-05-15,Remix,20
4147,5960,37379,2026-08-13,Recreate,5
4148,6500,38653,2026-01-28,Recreate,50
4149,7657,47354,2026-03-16,Remix,10
4150,7139,31895,2026-04-14,Recreate,10
4151,9049,18526,2026-07-12,Recreate,5
4152,9589,27425,2026-02-19,Remix,5
4153,445,11308,2026-04-18,Recreate,10
4154,3472,41862,2026-07-25,Remix,5
4155,9141,23618,2026-04-09,Recreate,5
4156,2273,15102,2026-02-28,Recreate,20
4157,4467,16189,2026-02-14,Recreate,20
4158,6404,51867,2026-03-30,Recreate,10
4159,1755,22226,2026-01-06,Recreate,5
4160,4036,11148,2026-06-03,Recreate,20
4161,9485,32412,2026-03-26,Recreate,10
4162,2615,5348,2026-05-30,Engagement Bonus,30
4163,6883,8862,2026-02-02,Recreate,10
4164,8829,32694,2026-08-28,Remix,20
4165,8498,20376,2026-07-13,Recreate,10
4166,7586,5560,2026-08-21,Remix,20
4167,5408,19957,2026-03-22,Remix,10
4168,2691,9336,2026-08-21,Recreate,20
4169,7888,43660,2026-03-05,Remix,30
4170,4432,47433,2026-05-18,Recreate,20
4171,8133,13190,2026-03-23,Recreate,5
4172,6059,10182,2026-06-25,Remix,5
4173,7452,16630,2026-05-21,Remix,50
4174,9764,10814,2026-07-29,Remix,10
4175,3751,52126,2026-05-01,Engagement Bonus,5
4176,1468,4608,2026-01-10,Recreate,30
4177,3024,44951,2026-08-22,Recreate,10
4178,2063,22106,2026-08-13,Remix,30
4179,6458,4893,2026-05-09,Remix,5
4180,9682,58586,2026-07-27,Engagement Bonus,10
4181,5278,18813,2026-06-20,Recreate,100
4182,271,45610,2026-06-15,Recreate,5
4183,8900,36241,2026-03-27,Recreate,5
4184,3542,53555,2026-02-14,Recreate,50
4185,3521,10839,2026-08-30,Remix,5
4186,4619,52040,2026-06-17,Recreate,5
4187,5058,52329,2026-07-16,Recreate,20
4188,7738,43377,2026-06-23,Recreate,100
4189,6895,25534,2026-07-23,Remix,20
4190,4378,7072,2026-04-09,Recreate,5
4191,2622,42545,2026-08-16,Recreate,30
4192,9873,52709,2026-04-23,Remix,20
4193,1857,58545,2026-02-09,Remix,5
4194,6400,22186,2026-07-15,Remix,100
4195,809,8269,2026-07-10,Recreate,5
4196,7563,53296,2026-06-29,Recreate,5
4197,4655,57907,2026-05-13,Recreate,20
4198,747,51275,2026-04-07,Engagement Bonus,10
4199,3730,42974,2026-04-08,Remix,20
4200,5122,49561,2026-06-26,Remix,100
4201,9989,26588,2026-06-18,Engagement Bonus,50
4202,8266,51769,2026-03-18,Recreate,50
4203,4352,818,2026-01-20,Engagement Bonus,20
4204,8634,56420,2026-04-18,Recreate,5
4205,3759,34248,2026-04-17,Recreate,10
4206,5991,29470,2026-08-30,Recreate,50
4207,7162,32967,2026-07-22,Remix,20
4208,8924,36925,2026-01-26,Recreate,10
4209,7973,19947,2026-04-10,Recreate,20
4210,9523,3240,2026-02-26,Recreate,5
4211,5081,56965,2026-02-20,Recreate,10
4212,18,12815,2026-04-08,Recreate,50
4213,190,53354,2026-03-21,Recreate,10
4214,2093,51721,2026-03-03,Recreate,10
4215,8863,53843,2026-05-02,Recreate,20
4216,290,20462,2026-02-20,Recreate,5
4217,5154,15748,2026-05-10,Recreate,30
4218,4492,51559,2026-04-25,Recreate,5
4219,2840,27213,2026-02-16,Recreate,20
4220,2547,41360,2026-06-29,Recreate,20
4221,1759,29632,2026-07-23,Remix,30
4222,8158,48603,2026-05-06,Remix,10
4223,5171,5192,2026-08-15,Remix,5
4224,8015,38622,2026-03-03,Remix,10
4225,5630,36431,2026-08-24,Recreate,10
4226,6833,48622,2026-01-07,Remix,10
4227,557,21166,2026-05-16,Recreate,10
4228,8383,51253,2026-07-08,Recreate,10
4229,8256,34845,2026-01-14,Recreate,10
4230,8512,31704,2026-02-02,Remix,10
4231,5152,52204,2026-07-15,Engagement Bonus,20
4232,3815,57085,2026-03-02,Recreate,20
4233,6555,9442,2026-04-12,Recreate,30
4234,3559,49672,2026-02-25,Remix,10
4235,1337,41743,2026-07-04,Recreate,10
4236,1868,33213,2026-07-03,Recreate,20
4237,1336,51206,2026-02-08,Recreate,20
4238,3923,28194,2026-03-27,Recreate,100
4239,9543,37209,2026-08-03,Engagement Bonus,50
4240,7695,54565,2026-05-21,Recreate,5
4241,8482,38693,2026-08-21,Recreate,10
4242,7693,19,2026-07-27,Recreate,20
4243,6617,44638,2026-05-12,Recreate,20
4244,8305,40646,2026-08-12,Recreate,20
4245,3618,57691,2026-08-24,Recreate,5
4246,1490,24100,2026-07-01,Recreate,5
4247,6932,9552,2026-03-26,Recreate,10
4248,827,40008,2026-06-01,Remix,50
4249,9430,53322,2026-06-15,Recreate,30
4250,9917,15950,2026-03-07,Engagement Bonus,20
4251,7456,46951,2026-01-02,Recreate,20
4252,6410,14875,2026-01-15,Recreate,20
4253,2522,56833,2026-05-20,Recreate,30
4254,1119,7776,2026-01-01,Recreate,30
4255,2217,34300,2026-03-20,Recreate,10
4256,9902,46949,2026-06-21,Recreate,5
4257,1871,9760,2026-02-13,Recreate,10
4258,884,52857,2026-08-01,Recreate,30
4259,2777,45968,2026-04-03,Recreate,5
4260,4224,13451,2026-08-17,Recreate,5
4261,6501,19084,2026-08-24,Remix,20
4262,9259,12213,2026-06-02,Recreate,10
4263,7872,38520,2026-08-18,Engagement Bonus,10
4264,4090,950,2026-07-25,Recreate,10
4265,7942,31595,2026-08-16,Recreate,5
4266,2600,26840,2026-04-10,Recreate,20
4267,8212,8583,2026-08-21,Recreate,30
4268,9011,51613,2026-01-25,Recreate,30
4269,1582,22562,2026-06-26,Engagement Bonus,100
4270,2148,42853,2026-04-02,Remix,100
4271,7323,984,2026-08-26,Engagement Bonus,100
4272,4768,12647,2026-01-07,Remix,30
4273,6791,3327,2026-01-01,Recreate,10
4274,9587,6603,2026-02-26,Recreate,30
4275,7149,50287,2026-08-25,Recreate,5
4276,1209,31199,2026-04-23,Remix,30
4277,8533,30055,2026-07-13,Recreate,50
4278,7026,23179,2026-06-26,Recreate,100
4279,6222,2930,2026-03-14,Recreate,50
4280,2516,11404,2026-08-10,Remix,10
4281,3024,13534,2026-02-22,Remix,5
4282,1100,35198,2026-03-16,Recreate,50
4283,3922,54517,2026-06-30,Engagement Bonus,30
4284,4826,33356,2026-07-26,Recreate,30
4285,4218,13601,2026-04-12,Recreate,100
4286,7334,42717,2026-05-07,Remix,30
4287,2024,27250,2026-03-29,Recreate,50
4288,2212,59237,2026-06-17,Recreate,100
4289,6269,49255,2026-04-26,Remix,30
4290,1684,7639,2026-07-18,Recreate,100
4291,4580,41871,2026-08-18,Remix,5
4292,2045,45457,2026-08-02,Engagement Bonus,10
4293,4358,57440,2026-05-17,Recreate,10
4294,6565,20239,2026-01-31,Remix,50
4295,2916,51917,2026-07-01,Recreate,5
4296,8993,51029,2026-05-02,Recreate,20
4297,1050,8833,2026-05-05,Remix,5
4298,7390,15047,2026-01-27,Recreate,50
4299,8866,42222,2026-07-05,Recreate,20
4300,2749,46676,2026-07-11,Recreate,20
4301,4265,34998,2026-01-22,Recreate,10
4302,559,10774,2026-08-23,Recreate,30
4303,8010,20117,2026-07-03,Recreate,10
4304,3987,37063,2026-01-31,Recreate,20
4305,3062,34629,2026-03-02,Recreate,50
4306,5917,16329,2026-02-19,Remix,10
4307,1848,55722,2026-06-20,Recreate,5
4308,2296,40211,2026-02-17,Recreate,20
4309,4203,16541,2026-08-23,Remix,100
4310,9813,31503,2026-02-05,Recreate,5
4311,380,26741,2026-08-29,Remix,10
4312,4359,19716,2026-02-07,Recreate,10
4313,1494,4981,2026-01-28,Recreate,50
4314,628,9001,2026-04-19,Recreate,20
4315,9568,40068,2026-06-22,Engagement Bonus,50
4316,4443,52183,2026-01-22,Recreate,20
4317,5171,5192,2026-02-24,Recreate,30
4318,6808,28943,2026-01-12,Remix,20
4319,321,54622,2026-04-24,Engagement Bonus,20
4320,8062,59457,2026-04-15,Recreate,5
4321,3389,5073,2026-05-07,Remix,20
4322,8400,55614,2026-04-28,Engagement Bonus,20
4323,8157,2562,2026-03-11,Engagement Bonus,20
4324,9826,34437,2026-05-12,Recreate,100
4325,5048,42414,2026-05-22,Recreate,100
4326,6965,19563,2026-07-11,Remix,10
4327,5972,50094,2026-07-26,Remix,20
4328,430,2053,2026-03-04,Recreate,10
4329,1657,42088,2026-08-12,Recreate,50
4330,4485,15602,2026-06-15,Remix,20
4331,585,54404,2026-05-03,Recreate,5
4332,3552,40936,2026-04-18,Recreate,30
4333,9374,8559,2026-04-29,Recreate,100
4334,631,39164,2026-05-01,Remix,10
4335,5747,55992,2026-06-06,Recreate,100
4336,544,21285,2026-06-08,Remix,50
4337,2526,38258,2026-01-08,Recreate,5
4338,8352,38478,2026-02-05,Engagement Bonus,10
4339,2156,52633,2026-08-31,Remix,10
4340,1469,22005,2026-01-14,Recreate,50
4341,4460,51666,2026-01-26,Engagement Bonus,5
4342,745,10860,2026-08-28,Recreate,10
4343,7487,34528,2026-05-14,Recreate,5
4344,2379,57972,2026-03-25,Recreate,5
4345,9043,46896,2026-08-02,Recreate,5
4346,5584,3972,2026-08-03,Recreate,10
4347,2394,27562,2026-05-30,Recreate,50
4348,1709,17174,2026-01-25,Engagement Bonus,5
4349,9673,37509,2026-01-13,Recreate,100
4350,6970,22999,2026-08-03,Recreate,50
4351,7709,1896,2026-03-28,Engagement Bonus,20
4352,6172,18885,2026-02-27,Recreate,5
4353,5203,28088,2026-06-11,Recreate,5
4354,4730,2508,2026-04-30,Remix,10
4355,17,54298,2026-07-06,Recreate,30
4356,4688,21281,2026-08-21,Remix,10
4357,240,124,2026-05-08,Recreate,5
4358,8858,50299,2026-01-22,Recreate,10
4359,657,57945,2026-02-02,Remix,100
4360,7775,4412,2026-06-13,Remix,5
4361,4259,33461,2026-01-22,Remix,10
4362,297,30441,2026-02-28,Recreate,5
4363,2246,48356,2026-07-15,Engagement Bonus,10
4364,79,41034,2026-01-14,Remix,5
4365,7912,45508,2026-06-13,Remix,20
4366,4365,40499,2026-06-18,Recreate,30
4367,3172,31630,2026-03-30,Recreate,20
4368,3521,16803,2026-06-23,Engagement Bonus,10
4369,2332,52695,2026-03-20,Recreate,5
4370,27,37033,2026-07-03,Recreate,20
4371,4340,21503,2026-01-30,Recreate,30
4372,4272,11021,2026-05-29,Recreate,30
4373,2289,30143,2026-03-18,Recreate,5
4374,2518,20081,2026-07-24,Remix,100
4375,399,11353,2026-05-12,Engagement Bonus,10
4376,4288,4139,2026-01-05,Remix,100
4377,5211,31443,2026-05-14,Recreate,20
4378,3590,12236,2026-01-16,Remix,10
4379,4028,48139,2026-02-05,Remix,10
4380,2300,36471,2026-03-10,Remix,20
4381,6466,14421,2026-01-29,Recreate,5
4382,7008,33221,2026-05-28,Remix,50
4383,9183,52998,2026-07-13,Recreate,20
4384,6650,43675,2026-02-19,Engagement Bonus,5
4385,2291,57343,2026-02-14,Recreate,5
4386,2951,15469,2026-01-06,Recreate,20
4387,2844,26854,2026-02-15,Engagement Bonus,5
4388,4131,7673,2026-04-21,Recreate,50
4389,1659,54478,2026-08-20,Recreate,10
4390,7409,45768,2026-06-11,Recreate,20
4391,7072,57411,2026-01-31,Remix,5
4392,8873,46729,2026-01-18,Recreate,10
4393,2356,12240,2026-02-14,Remix,10
4394,657,16416,2026-08-21,Recreate,10
4395,3325,27427,2026-05-13,Remix,10
4396,3750,31017,2026-05-02,Remix,10
4397,9239,18817,2026-03-14,Recreate,50
4398,7835,55262,2026-05-10,Recreate,5
4399,5005,40193,2026-01-17,Recreate,100
4400,1796,55398,2026-02-11,Recreate,10
4401,4293,3631,2026-08-12,Recreate,20
4402,6676,56110,2026-03-24,Remix,100
4403,8324,48317,2026-06-11,Engagement Bonus,100
4404,3829,5372,2026-05-03,Recreate,5
4405,8197,30982,2026-08-21,Recreate,10
4406,9918,22328,2026-02-01,Recreate,10
4407,8443,785,2026-01-11,Recreate,20
4408,1472,27355,2026-05-08,Recreate,5
4409,6929,29484,2026-05-05,Remix,10
4410,774,25995,2026-05-25,Recreate,100
4411,7472,12349,2026-07-06,Engagement Bonus,100
4412,5246,8606,2026-06-13,Recreate,5
4413,2531,49733,2026-07-31,Recreate,5
4414,8973,6399,2026-07-29,Recreate,20
4415,5676,19744,2026-08-05,Engagement Bonus,5
4416,6063,33512,2026-02-14,Recreate,10
4417,7146,9826,2026-01-19,Recreate,10
4418,7751,30405,2026-01-28,Recreate,5
4419,6732,54809,2026-03-18,Engagement Bonus,10
4420,511,22554,2026-08-28,Recreate,20
4421,6970,33380,2026-01-24,Recreate,10
4422,8143,34462,2026-05-16,Recreate,10
4423,7895,55766,2026-08-03,Remix,20
4424,9933,3907,2026-07-05,Remix,5
4425,8247,30994,2026-02-22,Recreate,30
4426,6690,36541,2026-02-02,Recreate,5
4427,368,7255,2026-03-14,Remix,5
4428,4228,13438,2026-05-31,Remix,5
4429,7820,12824,2026-04-14,Remix,100
4430,3748,47643,2026-02-25,Recreate,10
4431,2405,8413,2026-06-29,Recreate,10
4432,8033,33307,2026-03-28,Recreate,5
4433,411,57125,2026-07-06,Recreate,10
4434,6768,58443,2026-04-06,Engagement Bonus,30
4435,920,34876,2026-05-14,Engagement Bonus,20
4436,8442,4734,2026-03-01,Recreate,5
4437,6709,32177,2026-08-12,Remix,5
4438,2708,36567,2026-05-25,Recreate,5
4439,163,28798,2026-04-13,Recreate,10
4440,4462,23827,2026-04-25,Recreate,20
4441,1292,31960,2026-01-22,Recreate,10
4442,2989,34301,2026-02-04,Engagement Bonus,50
4443,8352,2393,2026-01-16,Remix,30
4444,5240,3321,2026-03-24,Recreate,50
4445,6030,33607,2026-03-30,Engagement Bonus,20
4446,2636,34484,2026-08-12,Recreate,10
4447,2033,6079,2026-03-29,Engagement Bonus,20
4448,8969,20013,2026-05-04,Recreate,10
4449,3120,26775,2026-07-22,Recreate,30
4450,6542,50770,2026-04-14,Engagement Bonus,5
4451,3419,58924,2026-08-08,Engagement Bonus,20
4452,4196,5678,2026-04-14,Engagement Bonus,100
4453,3862,30618,2026-07-06,Remix,20
4454,1161,17509,2026-02-24,Recreate,5
4455,4062,27689,2026-07-26,Remix,5
4456,521,23479,2026-05-29,Recreate,50
4457,8129,31645,2026-08-12,Remix,100
4458,8243,20774,2026-02-23,Recreate,20
4459,8058,10374,2026-04-15,Recreate,5
4460,1236,39343,2026-02-08,Remix,20
4461,2028,6569,2026-06-23,Remix,50
4462,7123,6352,2026-01-20,Recreate,10
4463,4167,13339,2026-01-29,Recreate,10
4464,9982,1313,2026-01-10,Recreate,10
4465,3835,28993,2026-05-25,Recreate,5
4466,8633,46029,2026-05-16,Remix,100
4467,5786,44492,2026-05-27,Recreate,20
4468,9264,52475,2026-07-24,Engagement Bonus,30
4469,8344,38656,2026-05-18,Recreate,30
4470,8606,54534,2026-05-30,Engagement Bonus,10
4471,152,10204,2026-01-29,Recreate,50
4472,5214,55019,2026-06-09,Engagement Bonus,5
4473,2177,4126,2026-07-21,Recreate,5
4474,3151,51962,2026-04-20,Recreate,30
4475,8934,36231,2026-08-17,Remix,5
4476,1932,40522,2026-01-22,Recreate,10
4477,2693,5759,2026-07-12,Remix,10
4478,692,33598,2026-01-27,Recreate,100
4479,3016,20089,2026-01-24,Recreate,5
4480,3884,50421,2026-03-04,Recreate,20
4481,3698,47804,2026-04-26,Recreate,10
4482,8233,38978,2026-03-01,Engagement Bonus,5
4483,4472,28305,2026-01-31,Recreate,100
4484,4803,43812,2026-01-13,Remix,20
4485,5172,40740,2026-04-06,Recreate,10
4486,4349,41423,2026-02-02,Recreate,100
4487,5826,40262,2026-05-10,Recreate,10
4488,1906,50348,2026-06-05,Recreate,10
4489,1118,13046,2026-05-21,Recreate,5
4490,3389,14129,2026-05-13,Recreate,30
4491,7959,49946,2026-02-26,Recreate,30
4492,8671,40816,2026-05-18,Remix,20
4493,5483,58515,2026-02-18,Recreate,5
4494,2122,17389,2026-03-26,Recreate,100
4495,8042,32026,2026-02-15,Engagement Bonus,5
4496,1244,10654,2026-06-05,Recreate,5
4497,5220,27611,2026-05-17,Remix,5
4498,4754,24469,2026-02-01,Engagement Bonus,10
4499,7291,13237,2026-01-30,Recreate,20
4500,2019,50403,2026-05-19,Recreate,5
4501,87,18109,2026-06-03,Recreate,20
4502,6885,3831,2026-08-10,Recreate,20
4503,8912,18216,2026-08-31,Recreate,20
4504,7172,59019,2026-07-18,Remix,10
4505,5566,5498,2026-06-30,Remix,20
4506,7728,35068,2026-02-12,Recreate,20
4507,9937,8435,2026-08-02,Remix,10
4508,717,8735,2026-07-21,Recreate,100
4509,4688,30397,2026-04-09,Recreate,10
4510,8784,26241,2026-02-19,Remix,5
4511,8408,36832,2026-01-01,Recreate,20
4512,4443,52183,2026-06-17,Remix,20
4513,9772,37572,2026-01-14,Recreate,30
4514,163,28798,2026-05-13,Remix,50
4515,6502,57226,2026-01-16,Remix,5
4516,8789,30630,2026-06-24,Recreate,5
4517,6523,39287,2026-02-23,Recreate,10
4518,383,51166,2026-05-01,Engagement Bonus,5
4519,3111,11464,2026-01-14,Recreate,20
4520,5960,11306,2026-07-31,Recreate,10
4521,8556,34511,2026-01-31,Recreate,5
4522,7706,33525,2026-07-02,Recreate,20
4523,9106,27277,2026-01-05,Recreate,5
4524,2214,8154,2026-05-05,Recreate,50
4525,5655,44355,2026-08-02,Remix,30
4526,687,3084,2026-08-07,Recreate,5
4527,415,30680,2026-03-12,Recreate,30
4528,1405,37940,2026-01-16,Recreate,5
4529,651,45084,2026-02-25,Recreate,5
4530,9490,28932,2026-01-10,Remix,30
4531,6742,44840,2026-07-08,Recreate,20
4532,9686,13976,2026-07-19,Recreate,50
4533,7358,42542,2026-07-24,Recreate,10
4534,5107,42260,2026-07-07,Recreate,10
4535,5229,48421,2026-07-09,Recreate,20
4536,5584,11711,2026-05-03,Recreate,100
4537,899,44735,2026-08-04,Recreate,50
4538,9596,44607,2026-06-09,Engagement Bonus,10
4539,8807,25217,2026-06-25,Recreate,5
4540,1001,43283,2026-05-29,Recreate,50
4541,9996,28975,2026-03-27,Remix,50
4542,8313,15250,2026-08-01,Remix,30
4543,3590,45349,2026-08-25,Remix,5
4544,8135,30396,2026-04-19,Engagement Bonus,20
4545,9547,44947,2026-05-06,Remix,5
4546,7922,53715,2026-07-09,Remix,30
4547,3073,6126,2026-06-28,Engagement Bonus,20
4548,9400,32158,2026-05-24,Recreate,10
4549,2214,45832,2026-04-24,Recreate,10
4550,5809,20285,2026-03-10,Recreate,20
4551,8182,23608,2026-03-06,Recreate,30
4552,1513,47476,2026-08-23,Recreate,10
4553,5632,47928,2026-02-20,Recreate,10
4554,860,30565,2026-07-31,Engagement Bonus,10
4555,2005,29604,2026-05-09,Recreate,30
4556,6938,10800,2026-05-13,Engagement Bonus,5
4557,9569,51319,2026-07-19,Recreate,5
4558,6377,59465,2026-01-10,Remix,5
4559,8036,28100,2026-06-30,Recreate,30
4560,3844,8550,2026-01-10,Engagement Bonus,20
4561,368,59806,2026-07-12,Remix,30
4562,5608,10842,2026-03-09,Engagement Bonus,100
4563,7799,56309,2026-01-25,Recreate,20
4564,2972,38435,2026-06-12,Remix,5
4565,3067,12464,2026-05-21,Engagement Bonus,30
4566,6052,57200,2026-08-24,Remix,20
4567,7940,6701,2026-05-03,Recreate,20
4568,4147,22012,2026-02-13,Remix,10
4569,4887,3663,2026-02-06,Remix,20
4570,8824,7497,2026-08-05,Remix,10
4571,2840,48522,2026-04-24,Remix,100
4572,8033,1690,2026-07-17,Remix,5
4573,5955,58665,2026-02-13,Recreate,20
4574,6490,38325,2026-08-30,Engagement Bonus,10
4575,1701,52338,2026-02-04,Recreate,5
4576,3410,10925,2026-07-03,Recreate,10
4577,6410,23786,2026-02-23,Remix,20
4578,1323,59398,2026-05-03,Engagement Bonus,10
4579,8853,38610,2026-05-09,Recreate,10
4580,2269,41943,2026-07-30,Remix,5
4581,8746,51826,2026-05-13,Remix,20
4582,3783,45451,2026-01-27,Engagement Bonus,30
4583,5384,38471,2026-04-25,Remix,100
4584,4984,50555,2026-01-05,Recreate,5
4585,9074,523,2026-01-15,Recreate,10
4586,4164,53463,2026-01-27,Remix,5
4587,9951,14667,2026-07-23,Recreate,20
4588,5830,935,2026-04-29,Recreate,30
4589,9709,15643,2026-02-22,Recreate,10
4590,3186,35319,2026-03-14,Recreate,5
4591,7393,10802,2026-05-28,Recreate,30
4592,6204,37334,2026-04-22,Recreate,5
4593,7855,54527,2026-01-08,Recreate,30
4594,2215,3300,2026-03-26,Recreate,10
4595,9417,27392,2026-06-15,Recreate,20
4596,6529,1932,2026-03-03,Recreate,10
4597,4124,13198,2026-03-21,Remix,20
4598,4083,3816,2026-08-18,Recreate,20
4599,9750,40625,2026-02-15,Recreate,5
4600,6872,33266,2026-08-28,Recreate,5
4601,9497,6147,2026-07-04,Recreate,10
4602,7679,38204,2026-01-03,Recreate,30
4603,4476,45320,2026-07-05,Engagement Bonus,100
4604,4566,19277,2026-05-24,Remix,5
4605,3407,58873,2026-03-13,Remix,20
4606,4995,39194,2026-08-23,Recreate,100
4607,185,51381,2026-07-04,Recreate,50
4608,4603,22479,2026-04-11,Recreate,100
4609,3486,39451,2026-02-06,Recreate,20
4610,701,53379,2026-04-27,Recreate,50
4611,8807,24352,2026-08-13,Engagement Bonus,5
4612,3876,59016,2026-01-29,Recreate,5
4613,6863,33256,2026-05-28,Recreate,100
4614,4918,44123,2026-04-15,Recreate,100
4615,1572,38747,2026-05-20,Recreate,50
4616,6743,49424,2026-07-02,Remix,20
4617,3480,50598,2026-05-12,Recreate,20
4618,195,25887,2026-01-14,Recreate,5
4619,7910,25611,2026-08-24,Remix,20
4620,340,38396,2026-05-10,Recreate,100
4621,4586,21304,2026-04-30,Remix,10
4622,593,6190,2026-04-03,Remix,100
4623,8532,51733,2026-04-10,Recreate,30
4624,3002,15905,2026-02-23,Recreate,10
4625,3626,45017,2026-03-30,Recreate,50
4626,9133,10483,2026-03-23,Recreate,20
4627,8110,20561,2026-07-09,Recreate,5
4628,6444,32650,2026-05-29,Recreate,30
4629,4265,46957,2026-02-25,Recreate,20
4630,6283,33330,2026-07-22,Remix,20
4631,926,41324,2026-08-14,Remix,30
4632,666,48439,2026-08-12,Recreate,10
4633,1193,17752,2026-02-14,Recreate,5
4634,4567,19783,2026-05-04,Recreate,30
4635,152,14136,2026-04-14,Recreate,30
4636,1315,10215,2026-06-16,Engagement Bonus,10
4637,1958,20999,2026-05-28,Recreate,10
4638,3517,44691,2026-01-24,Engagement Bonus,100
4639,4430,20378,2026-03-29,Engagement Bonus,5
4640,1241,6825,2026-03-16,Recreate,20
4641,4653,5767,2026-05-01,Engagement Bonus,5
4642,5489,43236,2026-04-03,Recreate,50
4643,4774,4072,2026-01-01,Recreate,5
4644,6481,45765,2026-04-22,Recreate,20
4645,2258,34988,2026-01-09,Recreate,100
4646,9686,12167,2026-03-07,Recreate,20
4647,4383,49917,2026-04-27,Recreate,30
4648,7644,3167,2026-01-19,Recreate,30
4649,3737,4971,2026-05-15,Recreate,10
4650,1101,750,2026-07-24,Recreate,100
4651,2054,51848,2026-06-28,Recreate,10
4652,6551,45241,2026-02-17,Recreate,10
4653,9315,38800,2026-01-18,Recreate,5
4654,7109,47407,2026-01-19,Recreate,5
4655,687,50025,2026-07-24,Engagement Bonus,30
4656,2817,37826,2026-05-03,Recreate,20
4657,1125,28308,2026-08-13,Remix,20
4658,7080,36419,2026-04-14,Recreate,30
4659,3339,17419,2026-08-04,Engagement Bonus,20
4660,1818,5210,2026-06-10,Engagement Bonus,30
4661,4593,17979,2026-08-06,Recreate,20
4662,961,11236,2026-04-20,Recreate,10
4663,4127,4723,2026-08-04,Engagement Bonus,100
4664,4855,36097,2026-06-21,Remix,10
4665,7464,2921,2026-02-18,Engagement Bonus,10
4666,8110,56945,2026-06-05,Remix,20
4667,5907,45209,2026-01-18,Recreate,10
4668,7695,55993,2026-03-03,Recreate,20
4669,5991,27119,2026-02-25,Recreate,50
4670,4661,43679,2026-03-18,Remix,5
4671,2826,38932,2026-05-13,Recreate,50
4672,9073,14905,2026-01-28,Remix,10
4673,6011,33150,2026-02-03,Recreate,5
4674,5995,42257,2026-04-11,Recreate,20
4675,2437,8015,2026-07-18,Recreate,50
4676,2748,8979,2026-07-14,Recreate,20
4677,1040,45432,2026-02-27,Recreate,5
4678,2029,6274,2026-01-16,Recreate,5
4679,5878,58474,2026-06-08,Recreate,20
4680,1334,33350,2026-05-10,Recreate,5
4681,5878,54137,2026-02-19,Recreate,20
4682,8246,59176,2026-01-19,Recreate,5
4683,6312,10978,2026-04-30,Recreate,20
4684,8725,28150,2026-07-12,Recreate,5
4685,2044,56982,2026-04-18,Recreate,100
4686,5330,28438,2026-08-08,Recreate,5
4687,8013,19960,2026-07-16,Recreate,5
4688,1297,44239,2026-05-04,Recreate,100
4689,2829,28335,2026-05-30,Recreate,5
4690,4763,37708,2026-08-06,Engagement Bonus,20
4691,1081,9148,2026-04-22,Recreate,5
4692,6780,58624,2026-02-13,Remix,10
4693,1557,37630,2026-05-03,Remix,5
4694,4813,27005,2026-06-20,Remix,10
4695,7746,10862,2026-05-24,Recreate,10
4696,8640,12575,2026-04-21,Recreate,30
4697,4776,34896,2026-04-27,Remix,10
4698,3831,17961,2026-06-09,Remix,5
4699,5477,15747,2026-04-17,Recreate,50
4700,1935,10637,2026-06-20,Remix,5
4701,1434,33346,2026-02-14,Recreate,30
4702,8808,48990,2026-04-18,Engagement Bonus,20
4703,8313,52759,2026-08-10,Recreate,10
4704,2476,29767,2026-01-09,Recreate,5
4705,7232,55186,2026-08-01,Remix,5
4706,4999,44085,2026-05-28,Engagement Bonus,30
4707,1333,18429,2026-01-04,Engagement Bonus,30
4708,7540,36877,2026-08-23,Engagement Bonus,5
4709,6751,8870,2026-01-19,Recreate,20
4710,1391,24797,2026-04-09,Recreate,10
4711,8993,31258,2026-04-16,Recreate,50
4712,6420,25803,2026-01-27,Remix,20
4713,6016,22065,2026-08-04,Recreate,100
4714,6499,36803,2026-04-08,Recreate,5
4715,7410,20793,2026-08-31,Remix,5
4716,6689,48206,2026-01-02,Remix,5
4717,5212,35524,2026-07-14,Recreate,30
4718,785,49125,2026-07-08,Recreate,5
4719,1261,8201,2026-01-31,Recreate,20
4720,7567,36422,2026-01-06,Recreate,5
4721,6784,29211,2026-07-24,Recreate,10
4722,990,53128,2026-04-28,Remix,50
4723,4247,44899,2026-07-10,Remix,50
4724,9251,52206,2026-03-11,Recreate,10
4725,8344,46358,2026-04-11,Remix,10
4726,6317,7395,2026-04-16,Remix,30
4727,7023,27396,2026-06-15,Recreate,10
4728,553,49579,2026-01-12,Recreate,5
4729,4679,21730,2026-04-30,Recreate,20
4730,1960,54300,2026-08-14,Recreate,10
4731,348,57528,2026-05-19,Remix,20
4732,2047,4698,2026-04-17,Engagement Bonus,10
4733,5295,2183,2026-07-21,Recreate,5
4734,3236,27624,2026-01-12,Recreate,10
4735,1706,33132,2026-07-08,Recreate,50
4736,1031,39135,2026-04-08,Recreate,10
4737,4126,39225,2026-07-31,Remix,50
4738,4660,30318,2026-08-05,Recreate,50
4739,1929,19910,2026-05-23,Engagement Bonus,5
4740,9610,48667,2026-06-19,Recreate,20
4741,7802,7260,2026-06-28,Recreate,10
4742,1583,54061,2026-04-01,Recreate,5
4743,2332,52695,2026-07-01,Recreate,5
4744,3668,21680,2026-03-02,Remix,5
4745,4543,31197,2026-04-24,Recreate,20
4746,5335,11913,2026-05-10,Recreate,10
4747,2116,18831,2026-04-17,Recreate,100
4748,1510,58590,2026-02-07,Recreate,5
4749,2093,51721,2026-02-23,Remix,100
4750,6939,34967,2026-08-09,Recreate,10
4751,5177,37657,2026-06-25,Remix,10
4752,4165,57758,2026-07-03,Recreate,5
4753,1612,32054,2026-04-23,Recreate,100
4754,2486,4405,2026-03-30,Engagement Bonus,30
4755,115,44157,2026-02-12,Recreate,10
4756,6499,44027,2026-08-01,Remix,20
4757,8119,13032,2026-03-17,Recreate,20
4758,757,45560,2026-05-22,Recreate,50
4759,8008,24613,2026-06-24,Recreate,10
4760,665,55788,2026-02-03,Recreate,5
4761,3073,38833,2026-03-23,Recreate,10
4762,1342,28085,2026-02-23,Recreate,100
4763,6618,34129,2026-06-20,Remix,10
4764,3499,33056,2026-06-22,Recreate,10
4765,2721,17596,2026-05-17,Recreate,20
4766,1458,39378,2026-02-15,Recreate,100
4767,7730,22013,2026-05-04,Recreate,50
4768,7653,31726,2026-02-07,Recreate,50
4769,614,27536,2026-02-16,Recreate,100
4770,2113,50095,2026-05-13,Remix,100
4771,8299,10621,2026-08-12,Recreate,100
4772,2442,50450,2026-08-21,Remix,5
4773,6420,25803,2026-04-22,Recreate,5
4774,6108,914,2026-02-07,Recreate,5
4775,4866,43265,2026-07-22,Engagement Bonus,50
4776,1932,46134,2026-05-11,Remix,20
4777,4464,8651,2026-02-10,Recreate,10
4778,7620,51664,2026-07-18,Recreate,20
4779,1811,52609,2026-04-26,Recreate,5
4780,468,41410,2026-08-29,Recreate,10
4781,8782,19094,2026-07-24,Recreate,50
4782,2884,11924,2026-06-11,Remix,20
4783,5009,24238,2026-06-22,Remix,5
4784,1972,50584,2026-06-08,Remix,10
4785,1025,36264,2026-02-19,Remix,5
4786,2860,11251,2026-02-16,Recreate,10
4787,6534,29702,2026-08-01,Remix,50
4788,5918,38022,2026-04-22,Recreate,10
4789,6413,10133,2026-05-26,Remix,10
4790,7896,59770,2026-07-07,Recreate,100
4791,6779,49158,2026-07-01,Remix,10
4792,9786,29660,2026-07-15,Remix,5
4793,9341,54432,2026-07-14,Recreate,10
4794,9363,7531,2026-06-05,Recreate,10
4795,1294,45938,2026-06-30,Remix,5
4796,8934,47578,2026-06-21,Remix,100
4797,9073,14905,2026-03-02,Remix,50
4798,8986,30810,2026-02-06,Recreate,10
4799,1831,85,2026-03-05,Recreate,10
4800,4739,3953,2026-08-28,Recreate,10
4801,7239,28512,2026-02-05,Recreate,20
4802,2444,3538,2026-04-03,Recreate,100
4803,5609,39537,2026-04-08,Recreate,30
4804,9972,9462,2026-07-24,Remix,5
4805,2018,11329,2026-07-21,Recreate,5
4806,1831,2371,2026-03-10,Remix,100
4807,542,4657,2026-06-10,Recreate,30
4808,9580,50234,2026-06-28,Recreate,20
4809,1607,21977,2026-05-11,Recreate,5
4810,7834,24825,2026-01-27,Recreate,20
4811,7601,29060,2026-04-11,Recreate,5
4812,7984,53910,2026-05-04,Recreate,10
4813,6730,27133,2026-04-18,Engagement Bonus,30
4814,6367,39275,2026-04-30,Recreate,10
4815,2768,16549,2026-08-10,Recreate,50
4816,7410,20793,2026-03-02,Remix,5
4817,9397,44850,2026-08-07,Remix,20
4818,4154,16851,2026-05-21,Remix,20
4819,6904,32010,2026-04-01,Recreate,10
4820,1903,23112,2026-02-26,Recreate,50
4821,8427,17250,2026-06-02,Remix,20
4822,2552,47726,2026-03-02,Remix,20
4823,2346,52165,2026-06-09,Remix,20
4824,4410,36034,2026-07-20,Recreate,10
4825,6700,53375,2026-03-15,Recreate,30
4826,7378,52075,2026-07-07,Recreate,10
4827,1329,14526,2026-08-04,Recreate,20
4828,5541,48118,2026-04-22,Remix,20
4829,221,51220,2026-07-29,Engagement Bonus,5
4830,2677,30156,2026-04-17,Recreate,10
4831,8522,3059,2026-03-24,Remix,30
4832,6728,8243,2026-06-25,Recreate,50
4833,3571,47358,2026-08-23,Remix,20
4834,4739,14285,2026-01-13,Recreate,10
4835,569,8226,2026-03-23,Recreate,20
4836,9873,2291,2026-06-29,Remix,10
4837,2918,35635,2026-07-05,Engagement Bonus,5
4838,4703,23952,2026-07-15,Recreate,50
4839,8456,11054,2026-06-11,Recreate,5
4840,3109,18594,2026-04-03,Remix,10
4841,3523,30723,2026-07-31,Remix,10
4842,9662,25723,2026-07-15,Recreate,20
4843,6412,7813,2026-02-18,Recreate,100
4844,4679,21730,2026-03-23,Remix,5
4845,1268,55438,2026-08-01,Recreate,50
4846,9375,14682,2026-05-24,Engagement Bonus,30
4847,3238,446,2026-05-12,Recreate,5
4848,9756,50827,2026-01-02,Engagement Bonus,5
4849,4348,21928,2026-02-09,Recreate,5
4850,697,10227,2026-05-24,Engagement Bonus,10
4851,5139,40965,2026-05-16,Recreate,100
4852,1816,56348,2026-06-12,Recreate,5
4853,8468,19895,2026-04-29,Recreate,50
4854,5503,46488,2026-04-17,Recreate,30
4855,3288,37099,2026-01-07,Recreate,20
4856,4894,47090,2026-01-17,Engagement Bonus,20
4857,9284,21551,2026-04-28,Remix,5
4858,3451,35869,2026-01-16,Recreate,20
4859,334,29357,2026-04-13,Remix,5
4860,9431,36230,2026-01-23,Recreate,30
4861,3801,45281,2026-05-08,Remix,5
4862,610,12001,2026-06-27,Recreate,20
4863,8813,48449,2026-07-27,Remix,100
4864,6012,25364,2026-03-01,Remix,20
4865,9740,458,2026-01-28,Recreate,20
4866,6645,58908,2026-06-25,Engagement Bonus,10
4867,6246,57254,2026-04-02,Engagement Bonus,10
4868,1524,2192,2026-04-14,Recreate,10
4869,158,54766,2026-07-19,Remix,5
4870,170,24306,2026-01-23,Engagement Bonus,10
4871,8222,40783,2026-07-29,Engagement Bonus,30
4872,4170,10396,2026-03-28,Engagement Bonus,10
4873,9380,51147,2026-06-12,Engagement Bonus,10
4874,5440,34961,2026-07-21,Recreate,5
4875,777,59723,2026-04-16,Remix,5
4876,7371,1909,2026-05-15,Recreate,10
4877,8881,1854,2026-07-18,Engagement Bonus,5
4878,8695,43653,2026-05-12,Recreate,50
4879,6808,28943,2026-06-23,Recreate,20
4880,8196,15680,2026-05-26,Recreate,5
4881,7562,55171,2026-05-14,Remix,20
4882,6735,23156,2026-08-26,Recreate,100
4883,9922,34492,2026-03-23,Recreate,50
4884,8528,37025,2026-05-20,Engagement Bonus,10
4885,1263,1494,2026-04-20,Recreate,5
4886,4958,22248,2026-05-24,Remix,100
4887,2056,13715,2026-08-05,Engagement Bonus,10
4888,9592,16849,2026-04-12,Recreate,10
4889,9369,49638,2026-07-30,Recreate,50
4890,3173,47795,2026-08-08,Recreate,20
4891,5616,16660,2026-07-06,Remix,30
4892,4019,1317,2026-05-31,Recreate,5
4893,5723,30869,2026-07-17,Recreate,5
4894,2264,27428,2026-06-24,Recreate,10
4895,5474,40319,2026-04-13,Recreate,50
4896,9158,9600,2026-04-20,Remix,5
4897,2102,50764,2026-07-29,Remix,20
4898,7707,39196,2026-02-05,Recreate,10
4899,7675,43116,2026-03-14,Remix,10
4900,5774,27880,2026-06-01,Remix,5
4901,5299,37355,2026-07-12,Recreate,30
4902,2887,2745,2026-03-11,Remix,30
4903,8533,55014,2026-02-09,Remix,10
4904,6507,5370,2026-05-28,Recreate,5
4905,8162,16938,2026-03-04,Recreate,20
4906,7573,8584,2026-05-21,Recreate,50
4907,1519,5394,2026-06-20,Remix,10
4908,5183,54,2026-05-04,Engagement Bonus,10
4909,5866,31552,2026-05-24,Recreate,5
4910,7379,1637,2026-01-08,Recreate,5
4911,9703,2464,2026-01-19,Recreate,10
4912,2544,7584,2026-08-24,Recreate,10
4913,3896,36935,2026-03-16,Recreate,5
4914,4438,2719,2026-07-03,Recreate,5
4915,6136,55872,2026-01-23,Remix,30
4916,4409,59395,2026-04-14,Remix,20
4917,9991,54326,2026-06-10,Recreate,5
4918,6503,41734,2026-06-09,Engagement Bonus,100
4919,5028,40072,2026-08-14,Recreate,5
4920,1308,18748,2026-05-07,Engagement Bonus,5
4921,6182,44179,2026-05-20,Engagement Bonus,5
4922,3829,59118,2026-07-08,Recreate,5
4923,6481,30261,2026-06-27,Engagement Bonus,50
4924,6497,49003,2026-05-26,Recreate,10
4925,6616,5012,2026-05-15,Recreate,5
4926,3443,3780,2026-04-23,Recreate,5
4927,6281,166,2026-02-01,Recreate,20
4928,3352,44536,2026-06-23,Recreate,5
4929,2290,51775,2026-04-07,Recreate,30
4930,4180,29831,2026-07-24,Recreate,10
4931,5768,21886,2026-08-16,Engagement Bonus,100
4932,6025,13535,2026-05-07,Engagement Bonus,100
4933,7372,49213,2026-03-10,Engagement Bonus,10
4934,7926,25029,2026-02-04,Remix,30
4935,8441,22936,2026-03-12,Recreate,10
4936,6194,32809,2026-04-16,Recreate,100
4937,2702,3702,2026-03-19,Remix,100
4938,7426,46184,2026-02-19,Remix,10
4939,7333,57584,2026-01-26,Recreate,50
4940,4649,43029,2026-07-02,Remix,20
4941,8402,51370,2026-04-25,Remix,10
4942,4700,52283,2026-05-04,Engagement Bonus,10
4943,2124,51367,2026-08-09,Recreate,20
4944,7513,51246,2026-02-09,Remix,100
4945,4315,4831,2026-08-02,Engagement Bonus,20
4946,606,19530,2026-05-05,Engagement Bonus,10
4947,3535,43051,2026-04-17,Engagement Bonus,20
4948,5539,41460,2026-05-16,Recreate,10
4949,2940,53079,2026-02-27,Engagement Bonus,10
4950,6684,22981,2026-08-21,Remix,10
4951,9881,42884,2026-06-16,Engagement Bonus,20
4952,2228,14411,2026-06-20,Recreate,50
4953,6117,46584,2026-01-09,Remix,10
4954,6420,46337,2026-07-10,Remix,20
4955,3699,30746,2026-02-24,Recreate,100
4956,636,59751,2026-01-23,Recreate,30
4957,7772,49362,2026-06-12,Recreate,5
4958,7854,18618,2026-04-27,Engagement Bonus,20
4959,4649,25023,2026-07-28,Remix,10
4960,5145,8054,2026-03-30,Recreate,20
4961,4278,54542,2026-02-14,Remix,5
4962,3015,32590,2026-03-02,Remix,20
4963,7083,25881,2026-01-26,Recreate,20
4964,1497,9457,2026-04-15,Recreate,10
4965,7312,32799,2026-07-05,Recreate,5
4966,9095,1793,2026-02-01,Engagement Bonus,5
4967,5213,34040,2026-01-02,Engagement Bonus,10
4968,9672,38647,2026-08-13,Recreate,5
4969,7026,13937,2026-04-27,Remix,100
4970,3096,20579,2026-08-06,Recreate,5
4971,5189,28766,2026-07-01,Remix,20
4972,3458,47015,2026-04-21,Engagement Bonus,100
4973,7951,19592,2026-06-30,Recreate,10
4974,6606,55469,2026-07-13,Recreate,10
4975,9523,2581,2026-05-14,Recreate,10
4976,9517,47537,2026-03-22,Recreate,30
4977,485,9976,2026-04-23,Recreate,10
4978,5884,10438,2026-06-17,Remix,50
4979,3107,29923,2026-03-10,Recreate,100
4980,6589,13382,2026-06-08,Recreate,10
4981,2606,34963,2026-08-30,Engagement Bonus,10
4982,5916,13138,2026-06-24,Recreate,5
4983,7028,17353,2026-08-13,Recreate,10
4984,6847,59391,2026-05-10,Recreate,10
4985,5125,44553,2026-02-13,Recreate,20
4986,6286,53566,2026-07-11,Engagement Bonus,20
4987,5176,15977,2026-04-09,Recreate,20
4988,8243,12595,2026-02-02,Recreate,10
4989,9203,44591,2026-06-15,Remix,5
4990,3450,16141,2026-08-28,Recreate,5
4991,4854,12322,2026-03-30,Recreate,20
4992,2316,33509,2026-06-02,Recreate,100
4993,9855,15165,2026-07-10,Engagement Bonus,20
4994,6614,35727,2026-05-27,Recreate,10
4995,2528,2348,2026-06-21,Remix,20
4996,9013,27851,2026-08-09,Recreate,30
4997,7721,58564,2026-04-08,Recreate,10
4998,3417,11428,2026-08-16,Recreate,10
4999,5800,54170,2026-07-25,Engagement Bonus,5
5000,3296,43793,2026-01-22,Recreate,30
5001,3908,43689,2026-05-18,Remix,10
5002,1285,34065,2026-07-20,Engagement Bonus,100
5003,5291,49653,2026-04-01,Remix,10
5004,9337,42840,2026-05-02,Recreate,20
5005,352,51298,2026-07-22,Recreate,10
5006,7022,35094,2026-08-19,Recreate,30
5007,3894,13824,2026-03-14,Remix,5
5008,2752,40141,2026-06-23,Recreate,5
5009,1868,49391,2026-02-18,Engagement Bonus,5
5010,3937,39686,2026-01-17,Engagement Bonus,50
5011,5797,47735,2026-03-26,Recreate,10
5012,689,29989,2026-02-26,Engagement Bonus,5
5013,8110,26026,2026-06-05,Recreate,20
5014,6123,30663,2026-07-05,Engagement Bonus,50
5015,4477,10709,2026-04-18,Recreate,5
5016,4167,28680,2026-02-13,Recreate,10
5017,6292,40952,2026-02-04,Remix,10
5018,7766,3089,2026-05-21,Recreate,5
5019,7710,30716,2026-02-20,Recreate,5
5020,7300,54011,2026-03-29,Engagement Bonus,10
5021,1115,36573,2026-01-19,Remix,50
5022,3380,13644,2026-04-28,Recreate,5
5023,6303,32260,2026-03-13,Remix,30
5024,3258,43763,2026-07-13,Recreate,50
5025,6624,50677,2026-07-14,Recreate,30
5026,5650,20556,2026-01-16,Remix,50
5027,8819,37284,2026-07-19,Engagement Bonus,10
5028,2137,23376,2026-01-18,Recreate,50
5029,3862,34421,2026-03-04,Recreate,100
5030,3944,13010,2026-03-18,Recreate,5
5031,2376,19335,2026-07-18,Engagement Bonus,5
5032,2530,30552,2026-04-25,Recreate,10
5033,8222,18879,2026-05-08,Recreate,5
5034,2106,53808,2026-01-08,Recreate,100
5035,4209,33655,2026-06-18,Remix,20
5036,1452,44250,2026-07-04,Remix,50
5037,195,31155,2026-05-05,Engagement Bonus,10
5038,5718,47988,2026-01-31,Recreate,20
5039,6156,22026,2026-03-14,Recreate,10
5040,5360,10603,2026-03-10,Remix,100
5041,6736,773,2026-06-18,Remix,30
5042,5806,53417,2026-06-21,Remix,10
5043,2884,17608,2026-03-08,Remix,5
5044,772,8690,2026-04-18,Recreate,5
5045,8146,34624,2026-03-22,Remix,100
5046,7089,35266,2026-03-16,Recreate,100
5047,8465,40900,2026-02-20,Recreate,5
5048,683,58702,2026-05-17,Engagement Bonus,5
5049,8462,12583,2026-06-09,Recreate,30
5050,4215,41696,2026-08-24,Recreate,5
5051,9877,3932,2026-05-30,Remix,5
5052,7033,46161,2026-02-19,Remix,5
5053,7272,50766,2026-05-07,Recreate,20
5054,337,28399,2026-04-01,Engagement Bonus,20
5055,7052,29811,2026-02-02,Recreate,5
5056,7509,43718,2026-01-21,Recreate,20
5057,3822,6363,2026-02-20,Recreate,20
5058,1057,4345,2026-04-17,Recreate,10
5059,3974,38531,2026-02-01,Remix,20
5060,7037,46429,2026-03-03,Recreate,10
5061,912,5798,2026-01-18,Engagement Bonus,5
5062,161,53160,2026-07-11,Remix,10
5063,8871,4655,2026-04-20,Recreate,5
5064,1940,42204,2026-05-06,Engagement Bonus,30
5065,5805,21351,2026-08-26,Engagement Bonus,5
5066,4493,19287,2026-01-25,Recreate,10
5067,477,10745,2026-05-06,Recreate,5
5068,1933,21420,2026-03-16,Recreate,5
5069,8015,21602,2026-04-15,Recreate,20
5070,4003,27701,2026-07-26,Engagement Bonus,100
5071,4766,23399,2026-04-29,Recreate,30
5072,7502,3755,2026-08-15,Engagement Bonus,20
5073,6939,15998,2026-01-14,Recreate,100
5074,846,1395,2026-01-27,Recreate,5
5075,8767,37205,2026-06-22,Recreate,20
5076,274,19523,2026-05-12,Recreate,10
5077,3643,17680,2026-07-16,Recreate,20
5078,6136,36511,2026-05-21,Engagement Bonus,10
5079,4580,15923,2026-03-20,Recreate,10
5080,9851,23602,2026-05-19,Recreate,30
5081,4754,4874,2026-05-19,Recreate,20
5082,7533,57982,2026-07-22,Recreate,20
5083,4276,39050,2026-08-16,Remix,50
5084,8272,44333,2026-01-27,Engagement Bonus,20
5085,9535,40370,2026-04-12,Remix,20
5086,6232,33472,2026-04-07,Remix,20
5087,9229,31751,2026-03-27,Engagement Bonus,5
5088,4408,5564,2026-06-26,Remix,100
5089,8337,233,2026-07-25,Engagement Bonus,50
5090,4237,25793,2026-08-01,Engagement Bonus,5
5091,1171,22867,2026-04-10,Recreate,5
5092,6003,49335,2026-05-03,Recreate,100
5093,6567,35653,2026-06-01,Recreate,10
5094,1605,28624,2026-02-22,Engagement Bonus,5
5095,4154,48489,2026-08-18,Recreate,50
5096,2777,25433,2026-03-19,Recreate,10
5097,5871,38606,2026-04-25,Remix,50
5098,5026,7425,2026-07-14,Engagement Bonus,30
5099,9959,3915,2026-03-11,Recreate,10
5100,4803,19544,2026-06-05,Recreate,10
5101,8756,18233,2026-01-01,Recreate,10
5102,8970,10082,2026-08-15,Recreate,50
5103,5294,31786,2026-02-17,Engagement Bonus,20
5104,8645,30502,2026-05-03,Remix,100
5105,646,19932,2026-01-31,Recreate,5
5106,2478,25964,2026-08-31,Recreate,30
5107,3080,50823,2026-04-04,Recreate,50
5108,1112,5727,2026-07-01,Recreate,100
5109,7018,15106,2026-04-07,Engagement Bonus,20
5110,7058,53333,2026-01-08,Remix,5
5111,6516,57431,2026-07-12,Remix,100
5112,6736,2308,2026-06-22,Recreate,10
5113,667,6038,2026-02-01,Recreate,10
5114,9435,34454,2026-04-27,Recreate,20
5115,2240,23335,2026-07-01,Recreate,10
5116,7388,50906,2026-02-26,Engagement Bonus,20
5117,2337,57205,2026-05-27,Remix,30
5118,6825,25533,2026-07-08,Remix,5
5119,8084,25730,2026-06-05,Engagement Bonus,10
5120,1327,32800,2026-06-04,Engagement Bonus,100
5121,8334,12014,2026-05-23,Recreate,50
5122,1043,41291,2026-07-25,Recreate,5
5123,9744,48944,2026-07-20,Recreate,10
5124,8735,52420,2026-08-05,Recreate,30
5125,4016,50920,2026-05-18,Engagement Bonus,10
5126,3122,18016,2026-07-18,Remix,5
5127,6435,59632,2026-04-22,Recreate,10
5128,899,2943,2026-04-16,Engagement Bonus,50
5129,5214,37529,2026-03-11,Recreate,20
5130,3402,38081,2026-03-10,Recreate,5
5131,5002,42408,2026-05-06,Engagement Bonus,30
5132,5135,4273,2026-06-30,Remix,50
5133,3159,9870,2026-05-17,Engagement Bonus,5
5134,9334,50810,2026-01-03,Recreate,100
5135,2244,25335,2026-04-16,Remix,5
5136,7721,58564,2026-06-24,Remix,5
5137,2234,5234,2026-01-29,Remix,50
5138,9918,52734,2026-05-26,Recreate,5
5139,2424,2070,2026-04-14,Remix,50
5140,6082,8193,2026-01-09,Recreate,5
5141,9306,4926,2026-01-18,Engagement Bonus,10
5142,8093,31205,2026-02-13,Engagement Bonus,5
5143,32,57332,2026-04-24,Remix,5
5144,4636,52648,2026-01-24,Recreate,30
5145,3611,42165,2026-01-18,Remix,10
5146,5591,18486,2026-08-04,Remix,20
5147,660,43241,2026-05-22,Recreate,10
5148,91,7788,2026-05-03,Recreate,20
5149,2812,17714,2026-02-18,Recreate,5
5150,2430,3226,2026-07-06,Recreate,100
5151,9215,3247,2026-03-19,Recreate,50
5152,6735,57296,2026-03-24,Recreate,50
5153,7001,57246,2026-07-04,Recreate,30
5154,6404,24172,2026-07-17,Engagement Bonus,5
5155,5993,57744,2026-05-11,Recreate,5
5156,2901,9151,2026-08-16,Recreate,20
5157,6877,12050,2026-05-12,Remix,10
5158,7870,2974,2026-08-04,Recreate,10
5159,7694,40681,2026-05-22,Recreate,30
5160,1830,21201,2026-02-25,Remix,5
5161,1772,48796,2026-02-20,Recreate,20
5162,5200,37869,2026-04-23,Recreate,5
5163,2295,27252,2026-02-24,Recreate,10
5164,9831,39035,2026-07-20,Recreate,5
5165,5677,28555,2026-03-03,Recreate,10
5166,6,15782,2026-01-24,Recreate,10
5167,2129,54666,2026-04-19,Engagement Bonus,20
5168,4226,10000,2026-06-15,Recreate,20
5169,8491,6992,2026-08-11,Remix,10
5170,2388,57263,2026-07-21,Recreate,10
5171,1464,16728,2026-07-29,Recreate,5
5172,2740,3730,2026-08-17,Remix,10
5173,3565,965,2026-03-17,Recreate,5
5174,8462,51441,2026-07-24,Recreate,20
5175,5646,6639,2026-02-04,Recreate,50
5176,9686,12167,2026-01-10,Recreate,20
5177,6741,20834,2026-08-17,Recreate,10
5178,389,41458,2026-02-15,Recreate,50
5179,3997,1119,2026-06-09,Recreate,10
5180,810,33480,2026-01-18,Recreate,10
5181,5912,40413,2026-06-11,Recreate,20
5182,6199,31702,2026-08-24,Recreate,10
5183,6609,29577,2026-06-06,Recreate,20
5184,7498,13709,2026-01-20,Remix,100
5185,6429,4429,2026-04-11,Remix,100
5186,7805,11095,2026-04-21,Remix,20
5187,4352,59463,2026-02-19,Remix,50
5188,4567,10126,2026-03-10,Recreate,5
5189,5819,47078,2026-07-20,Remix,5
5190,5349,12411,2026-06-19,Recreate,5
5191,4212,48257,2026-08-11,Engagement Bonus,10
5192,4220,209,2026-05-18,Remix,5
5193,4537,36774,2026-04-26,Remix,5
5194,6110,4840,2026-07-20,Remix,5
5195,1232,17731,2026-06-24,Remix,30
5196,4623,8342,2026-06-26,Recreate,20
5197,1848,13476,2026-05-19,Recreate,50
5198,7426,37713,2026-07-17,Recreate,5
5199,9759,2131,2026-07-26,Engagement Bonus,30
5200,6053,50778,2026-04-12,Recreate,10
5201,2229,56154,2026-04-26,Recreate,100
5202,1872,43442,2026-05-27,Recreate,10
5203,5036,59717,2026-01-05,Recreate,30
5204,1362,13560,2026-07-19,Recreate,10
5205,6708,53905,2026-04-19,Recreate,30
5206,509,55078,2026-01-24,Recreate,30
5207,8189,35253,2026-05-20,Remix,10
5208,3107,35008,2026-05-01,Remix,100
5209,7646,15244,2026-03-27,Recreate,20
5210,660,55787,2026-03-06,Recreate,20
5211,2069,56682,2026-02-16,Recreate,5
5212,4317,47646,2026-02-19,Recreate,10
5213,4321,42597,2026-06-18,Recreate,10
5214,4218,47672,2026-06-27,Remix,20
5215,3437,41607,2026-03-16,Recreate,20
5216,4818,9020,2026-02-14,Recreate,50
5217,768,56318,2026-01-26,Remix,5
5218,1962,57894,2026-06-06,Recreate,5
5219,4392,35150,2026-03-05,Engagement Bonus,5
5220,9729,9846,2026-06-02,Recreate,100
5221,4238,54010,2026-02-28,Recreate,10
5222,5740,23063,2026-07-07,Remix,5
5223,943,33,2026-03-06,Recreate,5
5224,9653,17483,2026-02-14,Remix,10
5225,8516,27050,2026-07-06,Recreate,5
5226,9284,51647,2026-04-09,Remix,20
5227,6191,49524,2026-04-05,Recreate,30
5228,5039,32957,2026-03-23,Recreate,5
5229,8549,18444,2026-05-09,Remix,5
5230,6435,23098,2026-07-11,Remix,10
5231,4606,48736,2026-07-08,Recreate,5
5232,2032,43310,2026-04-02,Remix,10
5233,4028,10440,2026-01-27,Recreate,5
5234,2744,2669,2026-03-21,Recreate,50
5235,3672,43042,2026-03-15,Engagement Bonus,20
5236,4821,28451,2026-06-20,Engagement Bonus,10
5237,8924,4278,2026-06-07,Recreate,100
5238,9406,38254,2026-03-12,Remix,20
5239,7596,8329,2026-02-13,Remix,20
5240,6991,3823,2026-01-21,Engagement Bonus,10
5241,9425,46179,2026-06-12,Recreate,50
5242,3932,17746,2026-07-22,Remix,20
5243,3620,42858,2026-06-01,Recreate,50
5244,4464,59966,2026-05-07,Recreate,5
5245,5559,15007,2026-02-17,Recreate,10
5246,5235,59533,2026-06-23,Recreate,5
5247,8114,37128,2026-06-30,Remix,30
5248,8133,51309,2026-01-29,Engagement Bonus,100
5249,8616,25789,2026-02-14,Recreate,10
5250,7181,30056,2026-05-20,Recreate,10
5251,6675,55123,2026-01-14,Engagement Bonus,30
5252,5768,28533,2026-02-02,Recreate,5
5253,6117,46584,2026-03-19,Recreate,20
5254,9366,49165,2026-05-27,Recreate,50
5255,3853,10506,2026-08-29,Recreate,5
5256,6374,44554,2026-04-17,Remix,100
5257,6718,45518,2026-01-26,Remix,20
5258,9554,9392,2026-04-11,Recreate,20
5259,5016,42844,2026-08-02,Recreate,50
5260,9988,26071,2026-04-15,Remix,10
5261,3286,58743,2026-08-24,Recreate,100
5262,7208,44465,2026-01-08,Remix,10
5263,3912,10316,2026-01-08,Recreate,50
5264,768,4999,2026-04-08,Recreate,30
5265,4193,47385,2026-02-08,Engagement Bonus,30
5266,1160,20618,2026-08-23,Recreate,20
5267,1000,22710,2026-01-11,Recreate,5
5268,1662,40546,2026-06-29,Remix,10
5269,7754,42403,2026-02-08,Recreate,10
5270,7344,59261,2026-08-04,Recreate,50
5271,8163,9005,2026-03-09,Engagement Bonus,10
5272,2282,27949,2026-01-05,Recreate,5
5273,5518,56629,2026-04-15,Recreate,100
5274,3713,13895,2026-04-15,Recreate,50
5275,9840,47477,2026-03-01,Recreate,30
5276,2448,59042,2026-02-12,Recreate,20
5277,6704,18238,2026-02-13,Recreate,5
5278,2690,37098,2026-02-12,Recreate,10
5279,1135,59150,2026-03-19,Engagement Bonus,20
5280,8217,36932,2026-04-24,Recreate,20
5281,8387,37979,2026-07-16,Recreate,30
5282,8629,6091,2026-07-08,Recreate,30
5283,4802,9125,2026-07-21,Recreate,5
5284,578,29680,2026-03-13,Recreate,30
5285,1011,53671,2026-06-23,Recreate,5
5286,2952,25314,2026-07-09,Recreate,5
5287,8861,43034,2026-05-12,Recreate,30
5288,9388,51082,2026-07-03,Engagement Bonus,20
5289,9180,57364,2026-02-19,Remix,30
5290,8836,45497,2026-06-07,Recreate,5
5291,6287,1825,2026-06-20,Recreate,5
5292,5302,25337,2026-08-25,Remix,100
5293,5783,1668,2026-01-15,Remix,50
5294,9113,18121,2026-08-29,Engagement Bonus,10
5295,3364,26292,2026-06-28,Recreate,20
5296,3624,41314,2026-03-17,Recreate,30
5297,4963,39393,2026-07-16,Recreate,5
5298,9161,34505,2026-04-29,Remix,100
5299,3129,36246,2026-08-10,Recreate,5
5300,9605,4566,2026-06-23,Recreate,20
5301,3502,32849,2026-02-10,Recreate,5
5302,785,20882,2026-04-30,Recreate,10
5303,6441,55160,2026-01-27,Remix,30
5304,7502,3060,2026-01-22,Remix,5
5305,251,12940,2026-08-03,Recreate,20
5306,8109,49112,2026-05-09,Recreate,50
5307,395,42836,2026-05-10,Recreate,5
5308,6303,59829,2026-05-03,Recreate,10
5309,1485,46996,2026-04-06,Recreate,5
5310,6900,11663,2026-08-03,Recreate,30
5311,242,43298,2026-01-13,Recreate,5
5312,783,10714,2026-01-31,Recreate,5
5313,4871,44063,2026-07-30,Engagement Bonus,20
5314,5974,51762,2026-07-07,Remix,5
5315,1448,38369,2026-06-25,Remix,10
5316,7567,13744,2026-01-17,Recreate,30
5317,5844,39838,2026-02-27,Recreate,10
5318,6273,13785,2026-08-06,Recreate,10
5319,2071,52192,2026-07-07,Remix,5
5320,3030,42494,2026-02-26,Recreate,20
5321,212,503,2026-04-20,Remix,50
5322,2465,48885,2026-08-01,Recreate,10
5323,3257,58472,2026-05-13,Recreate,10
5324,7644,11586,2026-06-29,Engagement Bonus,5
5325,2942,46567,2026-05-22,Recreate,10
5326,841,41938,2026-01-24,Recreate,100
5327,4498,12202,2026-05-13,Remix,10
5328,2149,5153,2026-02-19,Recreate,10
5329,3097,44230,2026-06-08,Remix,10
5330,1967,14428,2026-02-20,Recreate,5
5331,571,49444,2026-08-24,Engagement Bonus,20
5332,8971,55312,2026-08-24,Remix,10
5333,9617,29423,2026-01-27,Engagement Bonus,5
5334,8102,368,2026-04-19,Engagement Bonus,30
5335,2931,20973,2026-02-14,Recreate,20
5336,9816,8266,2026-02-20,Recreate,10
5337,2319,45427,2026-08-10,Remix,10
5338,3671,33865,2026-02-16,Recreate,10
5339,9888,52363,2026-05-24,Recreate,100
5340,4448,16375,2026-04-13,Recreate,10
5341,8917,2086,2026-08-10,Engagement Bonus,30
5342,6996,10101,2026-06-29,Recreate,10
5343,7892,34909,2026-06-06,Recreate,10
5344,7366,25913,2026-05-17,Remix,5
5345,2419,37225,2026-04-19,Remix,5
5346,8133,51309,2026-02-26,Remix,30
5347,6001,28926,2026-01-24,Engagement Bonus,20
5348,7260,44400,2026-05-22,Recreate,5
5349,4009,2598,2026-05-12,Recreate,10
5350,730,54738,2026-04-23,Engagement Bonus,30
5351,2164,2275,2026-03-29,Engagement Bonus,5
5352,5411,22529,2026-08-13,Remix,30
5353,7328,9531,2026-01-10,Remix,5
5354,88,22568,2026-08-07,Remix,5
5355,1169,27405,2026-07-31,Recreate,5
5356,2227,58211,2026-06-07,Remix,20
5357,3184,18471,2026-04-15,Recreate,10
5358,6843,12812,2026-04-09,Recreate,20
5359,9725,13135,2026-01-23,Recreate,50
5360,8395,39837,2026-02-19,Recreate,5
5361,4701,40196,2026-08-28,Recreate,20
5362,3201,1703,2026-03-05,Engagement Bonus,100
5363,2921,8891,2026-08-09,Remix,5
5364,2290,26421,2026-08-17,Recreate,30
5365,1419,17730,2026-02-19,Recreate,20
5366,463,26915,2026-04-08,Engagement Bonus,10
5367,3262,59041,2026-05-18,Engagement Bonus,10
5368,4782,39336,2026-04-15,Recreate,10
5369,3592,21630,2026-08-04,Recreate,50
5370,8096,24812,2026-08-31,Remix,20
5371,7099,41635,2026-05-06,Recreate,10
5372,9197,3602,2026-05-22,Recreate,5
5373,3620,39909,2026-03-09,Recreate,10
5374,1307,39901,2026-07-30,Engagement Bonus,5
5375,946,16550,2026-03-25,Recreate,10
5376,2332,15892,2026-07-06,Engagement Bonus,20
5377,4452,8730,2026-04-14,Recreate,30
5378,3292,8973,2026-03-18,Remix,50
5379,9129,21629,2026-06-27,Recreate,10
5380,4675,48348,2026-01-02,Remix,30
5381,8478,55180,2026-06-18,Remix,5
5382,1101,39698,2026-04-23,Recreate,50
5383,3023,52643,2026-01-03,Recreate,50
5384,5565,22736,2026-07-02,Recreate,30
5385,8328,37435,2026-05-14,Engagement Bonus,30
5386,5712,30433,2026-01-13,Remix,100
5387,658,31396,2026-04-26,Recreate,20
5388,5541,52760,2026-04-14,Recreate,20
5389,3192,33107,2026-05-22,Recreate,20
5390,9499,22053,2026-03-19,Remix,5
5391,5710,22734,2026-05-27,Recreate,10
5392,2568,2306,2026-02-10,Recreate,20
5393,9384,21844,2026-04-28,Remix,10
5394,6659,20872,2026-05-06,Recreate,30
5395,1621,14052,2026-04-22,Recreate,5
5396,4700,50395,2026-01-05,Recreate,5
5397,671,54794,2026-04-21,Engagement Bonus,10
5398,4283,39617,2026-02-02,Recreate,10
5399,5829,16584,2026-08-25,Recreate,20
5400,1275,20676,2026-05-25,Engagement Bonus,10
5401,8913,6549,2026-04-11,Engagement Bonus,10
5402,4140,45745,2026-01-07,Remix,10
5403,3011,13041,2026-05-14,Remix,100
5404,9831,32689,2026-05-24,Engagement Bonus,10
5405,2913,47284,2026-07-22,Recreate,30
5406,5806,2991,2026-06-11,Recreate,20
5407,8738,46351,2026-04-25,Recreate,20
5408,5682,54082,2026-08-13,Recreate,20
5409,9513,37299,2026-08-04,Remix,50
5410,1258,23324,2026-02-28,Remix,10
5411,2912,30840,2026-05-05,Recreate,20
5412,3732,43517,2026-04-24,Recreate,20
5413,8102,13164,2026-01-06,Remix,10
5414,4403,28647,2026-07-17,Recreate,10
5415,7840,8100,2026-08-10,Remix,5
5416,2063,41980,2026-03-20,Recreate,100
5417,4567,21237,2026-02-25,Recreate,50
5418,9133,59125,2026-05-15,Recreate,10
5419,2201,52868,2026-03-28,Remix,5
5420,2264,43850,2026-07-26,Recreate,5
5421,7287,18900,2026-03-15,Recreate,10
5422,4294,25780,2026-08-26,Recreate,5
5423,1472,16616,2026-04-21,Recreate,30
5424,6132,46568,2026-01-01,Recreate,20
5425,2626,50702,2026-08-21,Recreate,10
5426,8170,54606,2026-04-30,Remix,20
5427,1438,36759,2026-05-07,Engagement Bonus,20
5428,5150,9326,2026-06-09,Remix,30
5429,1607,5101,2026-02-13,Remix,30
5430,1891,58159,2026-06-21,Recreate,100
5431,8291,42756,2026-03-14,Recreate,20
5432,8129,10701,2026-07-21,Engagement Bonus,50
5433,3895,26979,2026-08-02,Engagement Bonus,50
5434,6527,30222,2026-02-01,Recreate,10
5435,4580,15923,2026-04-15,Remix,50
5436,1463,30269,2026-03-27,Recreate,10
5437,295,11819,2026-06-19,Recreate,20
5438,861,34490,2026-06-03,Recreate,10
5439,9650,32169,2026-04-22,Recreate,20
5440,3716,21370,2026-01-31,Remix,10
5441,5218,48703,2026-04-15,Recreate,5
5442,8015,33403,2026-05-07,Recreate,5
5443,7436,18655,2026-08-31,Recreate,10
5444,878,18228,2026-05-26,Engagement Bonus,20
5445,8073,11482,2026-01-20,Recreate,10
5446,7186,6779,2026-07-02,Recreate,30
5447,3400,45964,2026-07-12,Recreate,100
5448,1189,39678,2026-01-21,Remix,20
5449,3334,33414,2026-02-27,Engagement Bonus,20
5450,2546,4358,2026-02-25,Recreate,10
5451,5119,2572,2026-06-22,Recreate,5
5452,7414,54424,2026-06-19,Recreate,10
5453,653,33327,2026-07-30,Remix,30
5454,286,43708,2026-07-22,Remix,50
5455,8908,11958,2026-03-08,Recreate,20
5456,6747,28330,2026-02-27,Recreate,20
5457,7046,20528,2026-07-27,Recreate,10
5458,4340,10521,2026-07-10,Engagement Bonus,30
5459,7674,48195,2026-04-29,Recreate,5
5460,7222,36256,2026-04-17,Recreate,10
5461,6463,31046,2026-05-14,Recreate,5
5462,9315,39471,2026-04-11,Recreate,20
5463,4378,22906,2026-04-08,Recreate,20
5464,1302,44077,2026-01-28,Engagement Bonus,20
5465,9073,25854,2026-07-09,Recreate,30
5466,2126,11372,2026-03-20,Recreate,20
5467,5087,46266,2026-05-28,Remix,30
5468,9289,1654,2026-06-07,Recreate,5
5469,674,52997,2026-03-21,Recreate,10
5470,7958,42614,2026-01-25,Recreate,50
5471,4707,47463,2026-07-31,Remix,20
5472,1446,22175,2026-04-28,Recreate,5
5473,5463,44363,2026-06-14,Recreate,100
5474,9825,40171,2026-03-02,Remix,5
5475,4459,23103,2026-07-18,Remix,5
5476,294,55785,2026-04-22,Remix,5
5477,6448,52866,2026-03-31,Recreate,5
5478,901,37770,2026-04-13,Remix,10
5479,9014,9207,2026-05-31,Recreate,5
5480,8844,29125,2026-05-30,Remix,30
5481,3658,37148,2026-03-08,Recreate,50
5482,8983,57151,2026-07-13,Recreate,30
5483,4863,56026,2026-05-29,Recreate,5
5484,886,16446,2026-07-23,Remix,20
5485,5691,27876,2026-08-29,Remix,50
5486,1469,20859,2026-05-02,Recreate,50
5487,4968,36527,2026-06-11,Recreate,10
5488,3257,58472,2026-01-16,Remix,20
5489,6414,11718,2026-07-07,Recreate,10
5490,7389,16945,2026-04-09,Engagement Bonus,30
5491,1302,28676,2026-04-02,Recreate,20
5492,1508,11197,2026-01-03,Recreate,20
5493,6075,26583,2026-03-30,Recreate,10
5494,4442,21769,2026-01-18,Recreate,5
5495,6551,20002,2026-04-17,Remix,100
5496,8875,49709,2026-03-13,Recreate,5
5497,6494,35622,2026-07-17,Engagement Bonus,30
5498,523,8459,2026-07-24,Remix,30
5499,8080,51621,2026-01-15,Recreate,20
5500,1897,50711,2026-02-01,Recreate,5
5501,8113,55556,2026-08-23,Recreate,20
5502,1203,41616,2026-01-24,Recreate,30
5503,6999,57336,2026-05-21,Remix,5
5504,1648,57181,2026-02-04,Remix,50
5505,924,59338,2026-03-09,Recreate,10
5506,1409,31032,2026-07-14,Remix,10
5507,1924,34620,2026-06-13,Recreate,10
5508,4311,3819,2026-03-03,Recreate,5
5509,8814,17449,2026-06-18,Recreate,20
5510,3214,6750,2026-05-20,Recreate,100
5511,6565,20239,2026-02-22,Remix,20
5512,4300,39519,2026-07-09,Remix,10
5513,5352,52744,2026-06-19,Recreate,50
5514,3240,17841,2026-05-24,Engagement Bonus,30
5515,8897,37296,2026-01-13,Recreate,100
5516,6694,56632,2026-07-25,Remix,5
5517,2161,8295,2026-07-27,Remix,50
5518,8995,37585,2026-08-18,Remix,10
5519,8834,26648,2026-06-25,Remix,20
5520,6231,38585,2026-03-01,Recreate,5
5521,5460,1185,2026-06-29,Recreate,10
5522,6534,17467,2026-08-07,Recreate,30
5523,5161,4691,2026-08-22,Recreate,5
5524,9353,42286,2026-04-13,Recreate,100
5525,8499,41431,2026-06-17,Recreate,50
5526,3458,47015,2026-06-21,Engagement Bonus,50
5527,6913,58939,2026-01-07,Engagement Bonus,5
5528,6561,47538,2026-08-02,Recreate,30
5529,3900,14192,2026-01-31,Engagement Bonus,20
5530,5048,41278,2026-01-21,Recreate,5
5531,4198,45011,2026-06-12,Recreate,100
5532,9046,52827,2026-08-19,Recreate,30
5533,7711,35157,2026-03-04,Recreate,5
5534,6474,40098,2026-08-17,Remix,5
5535,1673,31681,2026-01-23,Recreate,5
5536,7234,50856,2026-08-29,Recreate,5
5537,3347,30356,2026-05-10,Engagement Bonus,20
5538,1162,45474,2026-05-03,Remix,5
5539,7279,51608,2026-05-27,Recreate,30
5540,1320,8621,2026-01-01,Remix,50
5541,9367,44311,2026-07-28,Recreate,20
5542,2579,6026,2026-02-08,Engagement Bonus,20
5543,1230,51884,2026-07-01,Recreate,20
5544,9341,53268,2026-06-17,Recreate,50
5545,8086,46251,2026-06-02,Recreate,5
5546,9367,53792,2026-03-25,Recreate,50
5547,2128,38235,2026-06-13,Recreate,10
5548,2407,49853,2026-05-20,Engagement Bonus,10
5549,1382,13450,2026-08-14,Remix,20
5550,634,39309,2026-07-14,Remix,10
5551,1531,9215,2026-01-26,Recreate,5
5552,9144,32864,2026-08-01,Recreate,10
5553,3933,4979,2026-07-30,Recreate,30
5554,6901,19268,2026-04-16,Recreate,5
5555,2244,6965,2026-04-26,Recreate,20
5556,6784,29211,2026-06-10,Engagement Bonus,20
5557,2075,18789,2026-05-18,Recreate,10
5558,4397,25659,2026-05-19,Engagement Bonus,10
5559,9860,37313,2026-03-25,Recreate,10
5560,4165,57435,2026-03-27,Engagement Bonus,5
5561,6155,45670,2026-01-06,Recreate,50
5562,5372,8558,2026-03-04,Recreate,5
5563,4663,35696,2026-04-25,Recreate,20
5564,1213,10828,2026-08-13,Recreate,10
5565,684,25515,2026-07-17,Remix,5
5566,4540,6557,2026-04-07,Recreate,20
5567,677,7933,2026-04-09,Remix,5
5568,8337,14301,2026-01-07,Recreate,20
5569,2248,5308,2026-07-16,Recreate,10
5570,8499,24373,2026-08-30,Remix,10
5571,8035,43785,2026-04-07,Remix,20
5572,2084,52631,2026-06-14,Engagement Bonus,10
5573,6154,21880,2026-03-11,Recreate,20
5574,8070,44364,2026-07-07,Remix,10
5575,3969,13161,2026-01-06,Remix,5
5576,4961,24271,2026-01-15,Recreate,5
5577,8804,55372,2026-01-06,Recreate,20
5578,6366,3869,2026-06-10,Recreate,10
5579,1111,13466,2026-06-07,Recreate,5
5580,6493,23553,2026-04-24,Remix,10
5581,8704,17848,2026-08-20,Remix,10
5582,9065,34641,2026-04-10,Recreate,5
5583,4356,9708,2026-02-15,Remix,20
5584,1448,24002,2026-02-05,Engagement Bonus,5
5585,396,58362,2026-08-12,Engagement Bonus,20
5586,3128,16975,2026-04-17,Recreate,10
5587,6088,2891,2026-04-27,Recreate,5
5588,4281,44738,2026-04-08,Recreate,100
5589,3660,6892,2026-05-18,Remix,20
5590,5227,33502,2026-02-24,Remix,100
5591,5824,12649,2026-08-10,Recreate,20
5592,2415,57106,2026-01-04,Remix,5
5593,1884,29491,2026-01-19,Engagement Bonus,5
5594,3478,15724,2026-06-07,Recreate,10
5595,1956,14351,2026-07-14,Remix,5
5596,5424,31069,2026-04-28,Recreate,30
5597,1696,38027,2026-04-01,Recreate,10
5598,9961,30614,2026-08-25,Remix,10
5599,1625,12262,2026-08-06,Recreate,5
5600,1,46898,2026-06-17,Engagement Bonus,30
5601,7349,58927,2026-02-28,Recreate,50
5602,5725,34793,2026-02-12,Recreate,5
5603,8913,14073,2026-07-21,Recreate,20
5604,5249,58367,2026-05-18,Recreate,10
5605,3995,40253,2026-07-19,Recreate,5
5606,4899,37053,2026-07-28,Engagement Bonus,10
5607,9369,1481,2026-02-21,Remix,20
5608,4001,12788,2026-02-26,Remix,100
5609,5222,10791,2026-02-16,Remix,50
5610,4260,53523,2026-05-27,Engagement Bonus,10
5611,2364,44249,2026-06-04,Recreate,5
5612,4378,33053,2026-04-28,Recreate,5
5613,2428,7308,2026-03-02,Recreate,20
5614,7982,17622,2026-04-01,Remix,20
5615,5088,20803,2026-03-31,Recreate,10
5616,9479,3318,2026-06-02,Recreate,10
5617,325,23050,2026-04-04,Engagement Bonus,50
5618,1048,49931,2026-07-24,Remix,20
5619,5121,11971,2026-02-28,Recreate,100
5620,485,45847,2026-04-05,Recreate,5
5621,6659,20872,2026-01-21,Recreate,20
5622,2236,51606,2026-02-12,Recreate,10
5623,4565,17103,2026-05-03,Engagement Bonus,30
5624,7141,7922,2026-06-21,Recreate,20
5625,6516,57431,2026-03-31,Remix,30
5626,5126,54155,2026-03-27,Remix,20
5627,975,18983,2026-02-14,Recreate,20
5628,2070,9217,2026-02-24,Recreate,100
5629,8546,45932,2026-07-17,Recreate,20
5630,8110,28781,2026-05-08,Recreate,20
5631,7686,37050,2026-08-08,Remix,20
5632,1716,40899,2026-05-30,Engagement Bonus,20
5633,8288,18617,2026-06-07,Remix,50
5634,2898,44011,2026-04-05,Recreate,10
5635,1906,44713,2026-04-12,Recreate,100
5636,9564,17598,2026-06-30,Recreate,30
5637,8532,2094,2026-05-14,Recreate,20
5638,4335,37232,2026-01-31,Engagement Bonus,5
5639,1927,34959,2026-07-03,Recreate,10
5640,2202,46867,2026-04-20,Recreate,20
5641,5554,2152,2026-03-16,Recreate,50
5642,6102,39016,2026-05-26,Recreate,20
5643,1757,31342,2026-02-10,Recreate,5
5644,721,20578,2026-05-10,Engagement Bonus,30
5645,3477,46870,2026-03-14,Recreate,5
5646,8595,26337,2026-08-24,Recreate,50
5647,3312,31276,2026-02-25,Recreate,30
5648,7984,32081,2026-07-13,Recreate,5
5649,9352,1790,2026-04-26,Recreate,30
5650,6173,13530,2026-02-19,Recreate,20
5651,9938,13090,2026-05-30,Remix,10
5652,2414,44436,2026-02-19,Engagement Bonus,20
5653,9238,51550,2026-08-20,Remix,10
5654,4119,39954,2026-08-07,Recreate,100
5655,5783,3382,2026-03-06,Remix,20
5656,4293,42578,2026-04-24,Remix,20
5657,9793,35407,2026-03-29,Recreate,100
5658,7850,39500,2026-05-23,Remix,50
5659,2337,29844,2026-02-16,Engagement Bonus,5
5660,4825,19853,2026-04-13,Remix,5
5661,4028,25562,2026-07-15,Engagement Bonus,10
5662,7998,55140,2026-06-25,Engagement Bonus,30
5663,5563,7859,2026-05-08,Recreate,5
5664,7362,8081,2026-03-30,Remix,30
5665,7318,28472,2026-08-28,Recreate,5
5666,8687,59207,2026-05-31,Recreate,5
5667,3921,57672,2026-05-22,Engagement Bonus,20
5668,7935,28033,2026-01-12,Recreate,10
5669,7650,27055,2026-02-27,Recreate,100
5670,875,55642,2026-04-10,Recreate,30
5671,9971,41046,2026-03-13,Engagement Bonus,30
5672,305,17164,2026-01-16,Engagement Bonus,30
5673,7836,54731,2026-08-22,Recreate,20
5674,6951,7346,2026-04-16,Recreate,5
5675,9077,52498,2026-02-09,Recreate,20
5676,9688,3939,2026-04-19,Remix,50
5677,3525,50899,2026-04-23,Remix,10
5678,5207,34335,2026-03-21,Recreate,5
5679,466,51883,2026-02-04,Remix,100
5680,9673,54730,2026-05-15,Remix,10
5681,6957,54361,2026-07-05,Remix,5
5682,5300,22977,2026-08-05,Recreate,20
5683,8602,28517,2026-03-20,Remix,5
5684,7746,29832,2026-01-14,Engagement Bonus,30
5685,5656,58072,2026-07-13,Recreate,10
5686,7317,13798,2026-04-12,Engagement Bonus,20
5687,1140,29666,2026-08-22,Recreate,100
5688,8345,58407,2026-01-15,Recreate,5
5689,4964,10736,2026-04-15,Recreate,10
5690,7132,6551,2026-02-15,Remix,10
5691,3952,9637,2026-05-15,Remix,100
5692,3264,54406,2026-05-02,Recreate,30
5693,5552,41973,2026-01-13,Recreate,20
5694,8117,5591,2026-05-08,Remix,10
5695,1197,56738,2026-05-04,Recreate,5
5696,6444,42138,2026-04-07,Remix,20
5697,9601,51653,2026-06-16,Recreate,10
5698,832,33180,2026-07-27,Recreate,20
5699,4827,28233,2026-07-13,Engagement Bonus,20
5700,195,16344,2026-08-09,Recreate,10
5701,4180,31922,2026-05-27,Remix,5
5702,7355,31805,2026-03-03,Recreate,20
5703,4775,22575,2026-03-16,Recreate,20
5704,2393,51730,2026-02-07,Remix,20
5705,4430,20378,2026-07-16,Recreate,20
5706,1791,26729,2026-08-12,Recreate,50
5707,4449,41896,2026-07-21,Remix,10
5708,8005,14479,2026-08-06,Recreate,50
5709,8738,54839,2026-08-05,Recreate,30
5710,4090,14003,2026-07-30,Recreate,30
5711,3363,44171,2026-07-27,Recreate,20
5712,9096,58397,2026-03-04,Recreate,50
5713,751,59750,2026-05-27,Remix,5
5714,9733,42935,2026-06-27,Recreate,5
5715,6132,46568,2026-07-02,Recreate,100
5716,9985,20311,2026-05-05,Remix,5
5717,2746,2659,2026-06-01,Recreate,100
5718,1777,22038,2026-04-01,Recreate,5
5719,8108,49262,2026-01-21,Remix,100
5720,6567,35653,2026-04-26,Remix,30
5721,8554,11914,2026-04-04,Recreate,5
5722,3707,31576,2026-01-22,Recreate,30
5723,7908,6312,2026-05-17,Engagement Bonus,30
5724,5843,18023,2026-03-04,Recreate,100
5725,5182,22511,2026-06-03,Remix,5
5726,6063,45478,2026-01-07,Recreate,30
5727,1193,33625,2026-04-24,Remix,100
5728,5905,2421,2026-06-04,Engagement Bonus,10
5729,9719,36620,2026-03-24,Remix,5
5730,9618,43664,2026-08-12,Recreate,20
5731,5801,59361,2026-02-10,Remix,5
5732,4215,41696,2026-08-20,Recreate,5
5733,6573,39959,2026-07-29,Recreate,5
5734,4427,34721,2026-03-12,Recreate,10
5735,902,31980,2026-06-05,Recreate,30
5736,1239,51505,2026-03-20,Remix,10
5737,2327,24516,2026-08-24,Recreate,10
5738,4497,1554,2026-04-01,Recreate,20
5739,1020,23740,2026-01-14,Engagement Bonus,30
5740,971,2675,2026-06-05,Remix,30
5741,9776,37606,2026-05-21,Recreate,10
5742,9389,51260,2026-06-14,Recreate,50
5743,2830,27873,2026-08-08,Recreate,20
5744,2530,16055,2026-02-16,Recreate,100
5745,8730,6693,2026-06-21,Recreate,5
5746,5175,44202,2026-08-25,Remix,10
5747,4268,3674,2026-04-13,Recreate,50
5748,6936,40693,2026-02-18,Recreate,30
5749,6918,39224,2026-06-18,Recreate,5
5750,9200,32779,2026-08-29,Recreate,10
5751,1132,25938,2026-02-21,Remix,20
5752,4053,29661,2026-01-19,Recreate,30
5753,2992,57599,2026-02-12,Recreate,30
5754,9850,45378,2026-08-11,Recreate,10
5755,1805,13044,2026-01-23,Recreate,100
5756,5934,48015,2026-04-08,Engagement Bonus,100
5757,9395,50369,2026-02-11,Engagement Bonus,5
5758,8275,35546,2026-07-13,Remix,20
5759,469,46597,2026-07-10,Recreate,30
5760,5746,30573,2026-07-04,Recreate,5
5761,401,56568,2026-08-02,Engagement Bonus,30
5762,9874,57539,2026-01-14,Recreate,5
5763,1850,55341,2026-04-19,Remix,20
5764,2378,50249,2026-07-26,Recreate,50
5765,9266,13803,2026-08-03,Recreate,30
5766,9084,1177,2026-01-31,Remix,20
5767,3609,6726,2026-03-03,Recreate,5
5768,5490,21050,2026-07-03,Engagement Bonus,5
5769,629,19854,2026-02-22,Recreate,10
5770,9625,4514,2026-01-05,Recreate,20
5771,3678,9498,2026-04-18,Engagement Bonus,5
5772,435,19763,2026-06-15,Recreate,5
5773,6124,25220,2026-01-29,Remix,20
5774,3707,38005,2026-04-28,Remix,20
5775,8282,19849,2026-01-24,Recreate,20
5776,5706,44418,2026-04-18,Remix,30
5777,5633,31202,2026-05-03,Recreate,30
5778,6242,4964,2026-08-29,Remix,5
5779,3988,19991,2026-03-08,Remix,50
5780,1148,7706,2026-07-09,Engagement Bonus,5
5781,9938,42770,2026-05-17,Remix,50
5782,115,56508,2026-06-23,Recreate,50
5783,6967,33692,2026-06-12,Engagement Bonus,20
5784,60,16979,2026-05-24,Recreate,10
5785,7781,53408,2026-08-25,Engagement Bonus,50
5786,8985,54684,2026-06-10,Recreate,10
5787,5325,30606,2026-02-07,Recreate,50
5788,7467,11199,2026-02-24,Recreate,5
5789,1330,10211,2026-06-19,Recreate,5
5790,8504,9777,2026-01-11,Recreate,5
5791,6646,47580,2026-01-06,Recreate,50
5792,3691,8685,2026-01-29,Recreate,5
5793,6543,31852,2026-02-18,Recreate,20
5794,6539,42452,2026-01-09,Remix,30
5795,9924,23414,2026-01-19,Engagement Bonus,30
5796,6124,5107,2026-02-12,Remix,10
5797,3178,49540,2026-08-12,Engagement Bonus,100
5798,1466,51414,2026-01-01,Recreate,5
5799,6353,59087,2026-06-13,Recreate,5
5800,2733,1363,2026-06-20,Remix,10
5801,9474,17769,2026-06-16,Remix,50
5802,3041,23194,2026-04-02,Engagement Bonus,10
5803,2960,40027,2026-08-13,Remix,50
5804,8840,35746,2026-04-11,Engagement Bonus,30
5805,2793,48986,2026-08-26,Remix,50
5806,955,24977,2026-04-07,Engagement Bonus,10
5807,6529,32273,2026-02-02,Recreate,10
5808,9507,37201,2026-08-31,Recreate,50
5809,3650,12099,2026-01-14,Remix,10
5810,6398,36376,2026-04-21,Engagement Bonus,100
5811,7778,49973,2026-07-15,Remix,100
5812,908,8106,2026-01-29,Recreate,10
5813,5649,3957,2026-05-15,Recreate,5
5814,2575,6469,2026-04-22,Engagement Bonus,30
5815,5913,47235,2026-02-08,Remix,10
5816,1448,38369,2026-07-26,Remix,20
5817,2015,8813,2026-02-23,Recreate,30
5818,7257,10833,2026-04-15,Recreate,10
5819,9119,4128,2026-07-30,Recreate,50
5820,4547,53801,2026-03-02,Remix,10
5821,9668,5393,2026-07-14,Remix,30
5822,8684,40991,2026-03-02,Recreate,10
5823,6312,56416,2026-08-11,Recreate,100
5824,669,18710,2026-01-30,Recreate,5
5825,8857,3191,2026-02-03,Recreate,10
5826,6129,46224,2026-01-26,Recreate,50
5827,5892,30584,2026-06-08,Recreate,5
5828,4842,6801,2026-06-28,Remix,10
5829,4793,54590,2026-02-21,Engagement Bonus,10
5830,7223,9339,2026-02-20,Remix,30
5831,443,4207,2026-08-13,Remix,10
5832,3849,11808,2026-05-12,Recreate,10
5833,2597,11269,2026-03-26,Engagement Bonus,10
5834,3168,22179,2026-03-07,Recreate,30
5835,5328,17527,2026-07-08,Recreate,5
5836,6548,59996,2026-05-25,Recreate,20
5837,9157,2883,2026-03-05,Remix,10
5838,230,54647,2026-06-26,Recreate,5
5839,8090,55043,2026-01-18,Recreate,10
5840,4501,14599,2026-02-21,Recreate,10
5841,5448,29277,2026-02-27,Recreate,5
5842,1512,14657,2026-08-25,Recreate,20
5843,715,57371,2026-02-25,Recreate,5
5844,8714,29718,2026-01-14,Remix,50
5845,4863,45659,2026-02-11,Recreate,20
5846,7287,40593,2026-08-02,Remix,10
5847,9310,46976,2026-01-26,Remix,100
5848,4498,12202,2026-04-15,Remix,10
5849,6926,46938,2026-05-21,Recreate,30
5850,8939,23534,2026-05-05,Remix,50
5851,203,15495,2026-06-24,Recreate,10
5852,3219,21159,2026-03-26,Remix,10
5853,1217,11467,2026-08-28,Recreate,10
5854,6864,52960,2026-07-15,Recreate,5
5855,5209,14887,2026-02-03,Engagement Bonus,30
5856,9967,55577,2026-06-12,Engagement Bonus,50
5857,1984,20734,2026-06-20,Recreate,30
5858,3782,16013,2026-07-24,Recreate,20
5859,2026,18414,2026-06-05,Recreate,10
5860,6310,45540,2026-08-19,Recreate,5
5861,6592,26695,2026-05-20,Remix,20
5862,3990,16179,2026-06-29,Recreate,20
5863,2345,31087,2026-07-17,Recreate,20
5864,8148,31128,2026-02-10,Recreate,5
5865,1435,57320,2026-08-27,Engagement Bonus,10
5866,9235,26060,2026-03-15,Recreate,10
5867,7277,467,2026-07-06,Recreate,50
5868,7907,27522,2026-01-01,Recreate,50
5869,8936,3722,2026-05-17,Engagement Bonus,50
5870,2827,32028,2026-03-09,Recreate,50
5871,1982,36206,2026-05-19,Recreate,10
5872,1767,2467,2026-03-24,Recreate,50
5873,7550,58042,2026-03-31,Recreate,20
5874,7577,15903,2026-03-13,Recreate,30
5875,814,56693,2026-04-15,Remix,20
5876,852,57715,2026-06-03,Recreate,30
5877,472,8159,2026-06-18,Remix,10
5878,7075,58889,2026-01-23,Recreate,5
5879,4323,28126,2026-05-24,Recreate,10
5880,8719,44290,2026-04-29,Recreate,5
5881,4765,34215,2026-06-03,Recreate,30
5882,7305,1365,2026-04-27,Engagement Bonus,5
5883,2534,9812,2026-01-24,Remix,5
5884,6502,2850,2026-07-12,Remix,20
5885,1990,36270,2026-08-02,Recreate,10
5886,7101,10033,2026-03-10,Engagement Bonus,5
5887,7759,42842,2026-01-11,Recreate,10
5888,2085,49606,2026-07-22,Recreate,10
5889,4982,34259,2026-02-18,Remix,5
5890,8950,19314,2026-08-03,Recreate,20
5891,8422,21778,2026-05-05,Recreate,10
5892,6868,6813,2026-06-09,Recreate,50
5893,2369,11645,2026-08-01,Remix,5
5894,8256,12874,2026-01-16,Recreate,5
5895,5745,34728,2026-06-17,Recreate,30
5896,2620,13960,2026-01-01,Recreate,100
5897,9190,18757,2026-08-09,Recreate,20
5898,6107,59666,2026-04-26,Recreate,20
5899,5951,20546,2026-07-19,Remix,10
5900,4042,21428,2026-08-31,Recreate,10
5901,2538,21898,2026-08-15,Engagement Bonus,10
5902,1770,2487,2026-03-17,Recreate,10
5903,2797,49504,2026-03-18,Engagement Bonus,20
5904,4652,30971,2026-07-16,Remix,5
5905,2615,5348,2026-06-07,Recreate,100
5906,5328,32956,2026-01-08,Recreate,10
5907,7253,1137,2026-05-08,Remix,20
5908,2444,58253,2026-04-21,Recreate,20
5909,69,32469,2026-02-28,Recreate,20
5910,4392,22925,2026-04-05,Recreate,30
5911,3396,59074,2026-05-29,Engagement Bonus,100
5912,3874,18633,2026-05-10,Engagement Bonus,10
5913,3829,5372,2026-06-08,Remix,5
5914,9226,10427,2026-01-05,Recreate,100
5915,2775,47618,2026-03-11,Remix,10
5916,287,48407,2026-05-07,Remix,10
5917,167,50884,2026-01-20,Remix,5
5918,936,15817,2026-04-21,Recreate,30
5919,9360,54674,2026-04-20,Recreate,5
5920,4233,46700,2026-02-18,Recreate,10
5921,6431,15262,2026-02-06,Engagement Bonus,100
5922,7186,6779,2026-03-28,Recreate,100
5923,3665,17412,2026-06-28,Recreate,5
5924,7088,35539,2026-04-18,Recreate,5
5925,737,18479,2026-04-08,Recreate,20
5926,5879,15543,2026-03-31,Remix,20
5927,9176,18713,2026-03-05,Recreate,20
5928,9776,37606,2026-07-25,Remix,20
5929,6775,8351,2026-01-12,Remix,5
5930,4471,6146,2026-01-07,Recreate,10
5931,185,57120,2026-02-13,Recreate,50
5932,131,15858,2026-08-25,Recreate,5
5933,5370,23512,2026-07-05,Recreate,20
5934,2748,22349,2026-05-08,Remix,10
5935,2104,40235,2026-03-06,Recreate,5
5936,8875,37264,2026-06-24,Recreate,20
5937,3815,28778,2026-04-09,Recreate,100
5938,5323,56687,2026-07-23,Recreate,5
5939,6723,15140,2026-07-17,Recreate,5
5940,5060,34570,2026-02-05,Recreate,20
5941,5853,1229,2026-01-23,Recreate,10
5942,5736,45971,2026-01-23,Remix,5
5943,1669,50597,2026-03-21,Remix,10
5944,5948,9347,2026-08-27,Recreate,100
5945,154,9091,2026-01-26,Remix,30
5946,5357,48919,2026-07-23,Engagement Bonus,50
5947,8345,856,2026-08-22,Recreate,5
5948,7734,57851,2026-04-27,Remix,5
5949,4162,9824,2026-02-23,Recreate,20
5950,656,11086,2026-07-24,Remix,5
5951,7455,12835,2026-07-24,Recreate,10
5952,2769,45723,2026-06-27,Recreate,20
5953,4666,49562,2026-01-25,Remix,100
5954,1911,45962,2026-07-01,Recreate,5
5955,1746,39555,2026-03-01,Recreate,20
5956,1039,56369,2026-06-07,Recreate,5
5957,9336,59421,2026-01-21,Recreate,30
5958,127,59914,2026-03-24,Remix,30
5959,1915,50535,2026-06-26,Recreate,100
5960,6339,58594,2026-05-19,Remix,20
5961,7562,56426,2026-01-28,Recreate,10
5962,203,22111,2026-07-28,Remix,30
5963,8143,53644,2026-07-01,Recreate,20
5964,4434,2854,2026-06-30,Remix,10
5965,2690,16095,2026-07-22,Recreate,10
5966,2829,28658,2026-05-05,Engagement Bonus,50
5967,8272,39533,2026-04-20,Recreate,5
5968,4381,33089,2026-02-10,Remix,50
5969,5774,38846,2026-03-27,Recreate,5
5970,2729,58192,2026-06-27,Recreate,5
5971,4398,51528,2026-07-18,Recreate,10
5972,7221,13953,2026-08-15,Recreate,5
5973,8034,31725,2026-06-01,Recreate,100
5974,8261,52107,2026-06-05,Recreate,100
5975,1379,25079,2026-08-04,Recreate,10
5976,1052,22064,2026-01-05,Recreate,100
5977,1660,10976,2026-07-12,Recreate,5
5978,4408,38269,2026-05-13,Recreate,5
5979,3255,56324,2026-03-23,Recreate,30
5980,1675,17925,2026-06-24,Engagement Bonus,20
5981,8915,27488,2026-07-24,Recreate,10
5982,775,41462,2026-08-03,Remix,5
5983,3746,52583,2026-02-08,Remix,100
5984,3339,7132,2026-01-16,Remix,10
5985,5572,31309,2026-02-03,Remix,5
5986,9705,20602,2026-08-17,Recreate,5
5987,9996,54657,2026-01-07,Recreate,5
5988,8741,15943,2026-01-25,Engagement Bonus,10
5989,1697,54911,2026-03-14,Recreate,50
5990,3227,1817,2026-04-19,Recreate,20
5991,8364,15644,2026-01-14,Recreate,50
5992,5487,35108,2026-04-13,Recreate,100
5993,8520,30743,2026-07-03,Recreate,30
5994,5854,36825,2026-02-17,Remix,20
5995,2658,27468,2026-06-20,Recreate,5
5996,7761,14982,2026-03-19,Recreate,20
5997,2280,47406,2026-01-31,Recreate,5
5998,4295,5618,2026-05-29,Engagement Bonus,50
5999,4999,53723,2026-04-25,Remix,10
6000,984,6159,2026-01-16,Recreate,10
6001,9631,4957,2026-08-20,Recreate,30
6002,6354,29288,2026-05-21,Remix,10
6003,5443,25750,2026-05-18,Recreate,10
6004,5176,45829,2026-03-15,Remix,20
6005,7335,31940,2026-01-19,Recreate,50
6006,3337,284,2026-07-23,Recreate,30
6007,9502,57940,2026-04-06,Recreate,50
6008,8039,46075,2026-03-06,Recreate,5
6009,7201,9850,2026-03-17,Remix,20
6010,456,32741,2026-02-17,Recreate,5
6011,7891,36536,2026-03-18,Engagement Bonus,20
6012,5510,25975,2026-05-07,Recreate,20
6013,8033,51594,2026-03-11,Recreate,10
6014,329,44366,2026-08-20,Recreate,10
6015,3321,43843,2026-03-10,Remix,30
6016,185,59803,2026-06-11,Recreate,10
6017,5125,6419,2026-04-09,Recreate,20
6018,4858,4252,2026-07-12,Recreate,10
6019,2493,17616,2026-03-13,Recreate,100
6020,4258,45990,2026-03-24,Recreate,5
6021,5763,18565,2026-03-29,Engagement Bonus,10
6022,6308,42254,2026-03-15,Recreate,100
6023,7028,57342,2026-06-18,Recreate,10
6024,1413,43229,2026-08-20,Engagement Bonus,5
6025,1166,26410,2026-05-20,Recreate,5
6026,1037,37586,2026-08-27,Recreate,20
6027,5473,42132,2026-04-21,Recreate,30
6028,1122,1618,2026-01-09,Engagement Bonus,20
6029,8688,8437,2026-01-10,Recreate,50
6030,5861,24461,2026-01-10,Remix,50
6031,4340,10521,2026-03-18,Recreate,100
6032,549,21891,2026-04-30,Remix,30
6033,6175,50509,2026-06-09,Recreate,100
6034,1330,29776,2026-05-21,Remix,5
6035,9152,38883,2026-07-23,Engagement Bonus,30
6036,2957,31247,2026-07-06,Remix,30
6037,3028,43270,2026-04-02,Remix,100
6038,45,48287,2026-07-21,Remix,50
6039,2468,9039,2026-05-30,Recreate,20
6040,4842,26653,2026-07-04,Remix,20
6041,4784,52754,2026-08-21,Remix,5
6042,747,45290,2026-08-12,Recreate,100
6043,9363,30208,2026-03-30,Recreate,5
6044,9115,48460,2026-08-12,Remix,5
6045,3366,40181,2026-02-13,Recreate,100
6046,7837,25164,2026-06-21,Remix,50
6047,6535,10593,2026-02-08,Engagement Bonus,5
6048,5061,8708,2026-08-07,Recreate,30
6049,9038,39369,2026-08-02,Recreate,20
6050,5251,57543,2026-05-10,Recreate,10
6051,8078,38404,2026-07-01,Recreate,30
6052,2413,9830,2026-07-23,Recreate,30
6053,4249,34640,2026-06-21,Remix,5
6054,982,19498,2026-05-23,Recreate,20
6055,9775,6731,2026-08-24,Engagement Bonus,50
6056,9428,30859,2026-02-21,Remix,5
6057,8210,3462,2026-02-03,Recreate,10
6058,6030,594,2026-05-15,Recreate,20
6059,965,50153,2026-04-03,Recreate,10
6060,8041,50934,2026-03-21,Engagement Bonus,20
6061,333,2186,2026-03-09,Recreate,50
6062,4260,52572,2026-08-07,Recreate,10
6063,7193,34406,2026-05-23,Remix,5
6064,9324,35485,2026-06-17,Remix,100
6065,824,15770,2026-07-01,Recreate,10
6066,5471,29405,2026-05-03,Recreate,20
6067,1335,46751,2026-04-06,Remix,10
6068,9924,4573,2026-03-06,Recreate,20
6069,6070,37346,2026-03-02,Recreate,20
6070,4878,5326,2026-06-04,Recreate,30
6071,6776,28421,2026-06-13,Recreate,5
6072,8260,17785,2026-06-27,Engagement Bonus,10
6073,6892,11175,2026-04-06,Engagement Bonus,5
6074,9596,41429,2026-05-12,Remix,100
6075,6126,5556,2026-01-17,Recreate,100
6076,2975,42702,2026-01-27,Remix,20
6077,1295,29062,2026-07-02,Recreate,5
6078,7760,24990,2026-08-07,Recreate,10
6079,282,6964,2026-03-06,Recreate,10
6080,5681,29876,2026-03-14,Engagement Bonus,10
6081,4737,12065,2026-03-03,Remix,30
6082,7566,23339,2026-01-02,Recreate,30
6083,6672,52025,2026-03-22,Recreate,5
6084,8851,21654,2026-06-04,Remix,5
6085,2923,44200,2026-05-17,Recreate,50
6086,6076,56490,2026-05-25,Remix,10
6087,3869,16527,2026-06-14,Engagement Bonus,10
6088,8571,9247,2026-08-10,Remix,5
6089,3396,4816,2026-07-20,Remix,5
6090,7430,46959,2026-06-09,Recreate,5
6091,7199,59230,2026-04-15,Recreate,10
6092,6809,53747,2026-06-23,Remix,10
6093,3842,19206,2026-07-17,Recreate,30
6094,7364,25755,2026-02-16,Engagement Bonus,30
6095,7342,11224,2026-04-04,Engagement Bonus,20
6096,8309,51685,2026-05-23,Recreate,20
6097,4566,40313,2026-08-22,Remix,10
6098,3071,2064,2026-05-12,Recreate,5
6099,4555,1643,2026-03-11,Remix,10
6100,9516,39802,2026-05-29,Recreate,10
6101,6156,13793,2026-01-20,Recreate,10
6102,1230,7736,2026-02-12,Engagement Bonus,100
6103,7258,46138,2026-01-14,Remix,5
6104,2035,46386,2026-07-18,Remix,30
6105,7436,21619,2026-04-12,Engagement Bonus,20
6106,894,43757,2026-03-15,Recreate,50
6107,8034,31725,2026-06-29,Recreate,5
6108,6834,47282,2026-04-27,Recreate,20
6109,2097,42321,2026-01-09,Recreate,5
6110,3735,49242,2026-05-12,Recreate,30
6111,6811,37961,2026-03-06,Recreate,20
6112,3758,22816,2026-06-05,Recreate,5
6113,4154,5353,2026-05-09,Recreate,20
6114,4458,20521,2026-03-28,Recreate,10
6115,9957,35206,2026-03-23,Recreate,50
6116,5392,2505,2026-02-01,Remix,10
6117,5669,21810,2026-01-17,Remix,20
6118,8486,27821,2026-06-15,Recreate,50
6119,38,25408,2026-08-20,Remix,20
6120,8554,18987,2026-05-14,Remix,30
6121,3402,34209,2026-04-19,Recreate,5
6122,9964,53559,2026-01-27,Engagement Bonus,100
6123,2428,5420,2026-07-01,Engagement Bonus,20
6124,524,13290,2026-05-04,Remix,100
6125,5040,30076,2026-05-07,Engagement Bonus,5
6126,8799,7800,2026-07-02,Recreate,10
6127,5448,981,2026-07-05,Recreate,50
6128,7016,3761,2026-02-07,Recreate,30
6129,7955,57649,2026-08-19,Recreate,10
6130,6489,34516,2026-06-06,Engagement Bonus,10
6131,46,14689,2026-05-30,Recreate,30
6132,3074,32483,2026-05-05,Remix,5
6133,7567,36422,2026-03-18,Engagement Bonus,30
6134,8745,26615,2026-06-04,Remix,20
6135,9355,12118,2026-07-03,Recreate,30
6136,3363,52244,2026-08-10,Recreate,5
6137,8856,49275,2026-01-06,Recreate,5
6138,9980,43548,2026-05-03,Recreate,20
6139,2865,56173,2026-01-01,Recreate,30
6140,5778,19417,2026-05-28,Recreate,10
6141,6363,8777,2026-04-26,Engagement Bonus,5
6142,4669,1272,2026-02-19,Recreate,5
6143,7344,48825,2026-01-23,Engagement Bonus,5
6144,4909,5262,2026-08-21,Recreate,5
6145,662,16682,2026-06-07,Recreate,50
6146,5275,47588,2026-04-29,Recreate,10
6147,7808,20621,2026-06-03,Remix,5
6148,3923,15353,2026-06-08,Remix,10
6149,3300,8286,2026-08-01,Recreate,30
6150,5683,17862,2026-05-07,Recreate,30
6151,6121,50132,2026-08-30,Remix,20
6152,3091,18006,2026-01-07,Recreate,20
6153,3710,41921,2026-06-13,Recreate,100
6154,2465,58003,2026-07-07,Recreate,5
6155,4171,37791,2026-04-23,Engagement Bonus,5
6156,7514,9577,2026-07-05,Recreate,5
6157,3792,10280,2026-02-28,Recreate,50
6158,4850,27257,2026-06-06,Engagement Bonus,20
6159,5775,29130,2026-08-21,Remix,10
6160,2708,16492,2026-03-19,Engagement Bonus,20
6161,922,53337,2026-07-03,Recreate,5
6162,899,2943,2026-06-01,Engagement Bonus,100
6163,4610,30166,2026-05-17,Recreate,5
6164,3505,4182,2026-02-19,Recreate,20
6165,5397,4858,2026-02-02,Recreate,20
6166,6620,14830,2026-04-13,Recreate,10
6167,1141,20508,2026-08-22,Recreate,5
6168,6288,6189,2026-04-21,Recreate,10
6169,7392,45235,2026-03-18,Recreate,100
6170,832,18431,2026-05-18,Remix,10
6171,2495,25748,2026-02-14,Recreate,20
6172,2466,20558,2026-05-14,Engagement Bonus,20
6173,3585,21095,2026-08-29,Recreate,5
6174,3210,24903,2026-06-30,Remix,10
6175,4425,51201,2026-02-11,Recreate,10
6176,4170,46608,2026-03-07,Recreate,30
6177,5431,52194,2026-05-24,Recreate,10
6178,4645,15139,2026-04-09,Recreate,20
6179,2702,27327,2026-08-17,Recreate,100
6180,2864,59906,2026-05-14,Recreate,10
6181,7329,16612,2026-03-23,Remix,10
6182,1137,3225,2026-07-09,Recreate,100
6183,6143,25860,2026-04-07,Remix,10
6184,2518,57008,2026-04-02,Remix,30
6185,202,59877,2026-06-23,Recreate,20
6186,3156,39830,2026-02-21,Recreate,30
6187,3484,41279,2026-05-20,Recreate,50
6188,9543,5933,2026-04-12,Recreate,10
6189,2532,54594,2026-07-06,Recreate,5
6190,7744,19307,2026-05-17,Remix,10
6191,5098,30993,2026-02-21,Recreate,20
6192,5790,12426,2026-04-14,Recreate,5
6193,3481,20534,2026-07-02,Recreate,30
6194,3003,45000,2026-07-20,Remix,10
6195,3975,2896,2026-07-06,Recreate,30
6196,1112,5727,2026-04-13,Recreate,50
6197,6786,19149,2026-04-30,Recreate,50
6198,109,10895,2026-05-07,Remix,10
6199,6885,9441,2026-03-11,Remix,5
6200,3276,8762,2026-06-03,Recreate,10
6201,9388,11019,2026-01-02,Recreate,30
6202,1656,35014,2026-04-17,Recreate,30
6203,713,30401,2026-08-03,Recreate,10
6204,7317,45848,2026-01-05,Recreate,10
6205,468,45790,2026-07-10,Remix,30
6206,7540,36597,2026-03-25,Engagement Bonus,50
6207,1839,20686,2026-07-03,Remix,20
6208,9909,45696,2026-02-23,Recreate,30
6209,3065,49114,2026-08-07,Remix,10
6210,5776,8115,2026-02-23,Recreate,50
6211,7201,26362,2026-01-10,Remix,10
6212,5448,16412,2026-04-01,Recreate,5
6213,7997,31949,2026-01-06,Recreate,20
6214,949,28040,2026-02-18,Remix,20
6215,8592,32350,2026-07-07,Recreate,50
6216,8822,14943,2026-02-07,Recreate,20
6217,5497,45399,2026-08-28,Engagement Bonus,10
6218,3934,36503,2026-05-15,Engagement Bonus,20
6219,8726,12704,2026-05-09,Recreate,5
6220,8307,10775,2026-05-27,Remix,20
6221,5809,40198,2026-02-25,Recreate,5
6222,7199,7608,2026-01-20,Recreate,20
6223,4420,16982,2026-03-09,Engagement Bonus,10
6224,9857,43569,2026-03-02,Recreate,10
6225,7239,14598,2026-08-30,Engagement Bonus,30
6226,5825,39676,2026-02-09,Recreate,50
6227,6358,24525,2026-07-18,Recreate,20
6228,7835,24962,2026-04-19,Engagement Bonus,10
6229,4098,7876,2026-06-17,Engagement Bonus,20
6230,143,3974,2026-08-22,Recreate,50
6231,3472,59310,2026-02-15,Remix,20
6232,936,46810,2026-05-16,Recreate,100
6233,9034,22004,2026-08-07,Recreate,10
6234,1614,23397,2026-01-07,Engagement Bonus,5
6235,7681,13292,2026-01-09,Recreate,10
6236,8438,32547,2026-01-24,Remix,5
6237,2798,27667,2026-02-13,Engagement Bonus,5
6238,8517,39197,2026-06-14,Recreate,20
6239,4830,45619,2026-08-19,Remix,5
6240,3412,697,2026-07-13,Recreate,20
6241,6761,59986,2026-05-25,Engagement Bonus,5
6242,1947,1571,2026-07-31,Recreate,20
6243,1042,26272,2026-06-09,Recreate,30
6244,2802,45030,2026-01-16,Engagement Bonus,10
6245,4963,6734,2026-07-14,Remix,20
6246,1182,17582,2026-07-17,Recreate,50
6247,5420,8472,2026-02-28,Engagement Bonus,10
6248,6195,23555,2026-08-20,Recreate,100
6249,9001,53098,2026-04-23,Recreate,5
6250,1508,56691,2026-01-20,Recreate,5
6251,454,48739,2026-08-30,Engagement Bonus,20
6252,936,1097,2026-03-02,Remix,30
6253,6113,1894,2026-07-29,Remix,5
6254,9220,4149,2026-03-06,Recreate,100
6255,9420,59252,2026-07-08,Recreate,30
6256,6434,37083,2026-04-13,Recreate,100
6257,187,38951,2026-04-27,Recreate,5
6258,8612,17763,2026-07-11,Recreate,5
6259,1589,20425,2026-02-24,Recreate,20
6260,9027,10717,2026-01-06,Recreate,20
6261,1561,10961,2026-01-05,Remix,30
6262,1336,30407,2026-08-24,Remix,100
6263,2606,30335,2026-07-21,Recreate,100
6264,623,38167,2026-04-19,Remix,20
6265,7647,55520,2026-02-22,Recreate,10
6266,5397,59157,2026-06-05,Recreate,5
6267,2450,37717,2026-01-01,Recreate,20
6268,1556,14760,2026-07-20,Remix,50
6269,2014,37846,2026-01-29,Remix,20
6270,6581,424,2026-06-23,Remix,20
6271,8680,59280,2026-03-16,Recreate,20
6272,1648,36852,2026-07-24,Recreate,100
6273,3406,38139,2026-03-21,Recreate,50
6274,253,53412,2026-05-24,Remix,30
6275,7502,42685,2026-07-16,Recreate,50
6276,1545,35417,2026-07-09,Recreate,100
6277,6634,54365,2026-05-23,Recreate,10
6278,3606,45355,2026-02-19,Recreate,10
6279,1740,17359,2026-03-13,Remix,30
6280,9028,21757,2026-01-25,Recreate,20
6281,7068,16457,2026-08-23,Recreate,100
6282,8152,20213,2026-07-01,Recreate,20
6283,3987,8934,2026-04-18,Recreate,5
6284,378,45654,2026-04-15,Remix,20
6285,8603,26455,2026-07-23,Recreate,30
6286,8092,12157,2026-02-11,Remix,5
6287,6399,11425,2026-07-27,Remix,10
6288,9443,24900,2026-08-25,Recreate,5
6289,3488,14637,2026-03-15,Engagement Bonus,10
6290,9518,12951,2026-05-01,Recreate,10
6291,9945,42306,2026-02-16,Remix,5
6292,246,40492,2026-03-29,Recreate,20
6293,6345,59414,2026-08-22,Remix,5
6294,1868,33213,2026-01-02,Recreate,50
6295,642,30805,2026-05-06,Recreate,5
6296,5739,42209,2026-03-25,Remix,10
6297,7502,38772,2026-02-27,Engagement Bonus,20
6298,2989,19047,2026-05-15,Recreate,20
6299,3422,7431,2026-01-14,Recreate,10
6300,7179,10628,2026-07-04,Engagement Bonus,30
6301,584,58596,2026-06-22,Remix,5
6302,3828,41146,2026-03-01,Remix,20
6303,6963,3238,2026-08-27,Recreate,10
6304,8404,48360,2026-04-09,Recreate,10
6305,5960,37379,2026-04-08,Recreate,50
6306,2358,7928,2026-08-13,Recreate,10
6307,8745,26615,2026-02-05,Remix,10
6308,5110,1667,2026-06-22,Recreate,100
6309,3721,15786,2026-02-16,Recreate,20
6310,5931,17330,2026-05-14,Recreate,10
6311,4179,42745,2026-08-29,Recreate,10
6312,5271,21468,2026-01-18,Recreate,50
6313,9634,36745,2026-05-11,Recreate,50
6314,1917,25776,2026-01-23,Engagement Bonus,10
6315,8685,33638,2026-06-07,Recreate,5
6316,2364,8275,2026-05-24,Recreate,30
6317,123,48241,2026-06-29,Engagement Bonus,20
6318,3839,41600,2026-03-31,Recreate,10
6319,2381,11339,2026-04-25,Remix,20
6320,7343,44946,2026-01-25,Recreate,20
6321,4934,47775,2026-05-02,Engagement Bonus,10
6322,5679,52348,2026-01-26,Recreate,50
6323,361,28440,2026-07-03,Recreate,30
6324,2080,19811,2026-05-07,Recreate,10
6325,1097,12047,2026-02-14,Remix,5
6326,6603,35355,2026-04-29,Recreate,10
6327,9014,25811,2026-06-13,Recreate,50
6328,7725,34924,2026-04-07,Remix,10
6329,2749,46028,2026-08-02,Recreate,5
6330,5933,50529,2026-04-21,Recreate,20
6331,6738,52439,2026-02-05,Recreate,5
6332,7453,45205,2026-04-30,Recreate,10
6333,55,38117,2026-06-24,Recreate,5
6334,6539,32818,2026-05-28,Recreate,5
6335,3482,53615,2026-03-29,Recreate,5
6336,1688,18683,2026-03-16,Recreate,30
6337,2169,38150,2026-03-31,Recreate,30
6338,9977,24553,2026-05-13,Recreate,20
6339,4941,29164,2026-08-24,Recreate,100
6340,62,31118,2026-08-14,Recreate,5
6341,4631,23280,2026-02-06,Recreate,10
6342,9708,33565,2026-04-15,Recreate,30
6343,4176,18352,2026-06-23,Recreate,50
6344,1494,29223,2026-02-03,Recreate,50
6345,6367,26298,2026-03-20,Recreate,30
6346,1350,34212,2026-04-14,Recreate,10
6347,7774,11417,2026-02-20,Recreate,10
6348,9888,15407,2026-01-02,Recreate,20
6349,3243,55752,2026-05-08,Recreate,5
6350,203,15495,2026-03-24,Recreate,100
6351,9726,29931,2026-08-27,Recreate,10
6352,2366,57697,2026-08-21,Recreate,5
6353,1961,14989,2026-07-31,Remix,30
6354,2941,48709,2026-04-22,Recreate,5
6355,1676,32669,2026-05-09,Recreate,20
6356,6431,51966,2026-01-27,Recreate,5
6357,7878,20254,2026-01-28,Recreate,10
6358,9180,33142,2026-04-21,Engagement Bonus,5
6359,6558,37703,2026-03-01,Recreate,10
6360,6621,28256,2026-02-20,Recreate,30
6361,8726,41451,2026-01-26,Remix,30
6362,5474,283,2026-03-21,Recreate,5
6363,7770,49683,2026-05-04,Remix,50
6364,8319,15141,2026-04-04,Recreate,50
6365,8504,39005,2026-08-02,Engagement Bonus,10
6366,9125,28427,2026-01-16,Remix,5
6367,285,19460,2026-01-19,Remix,50
6368,8538,9610,2026-08-30,Remix,100
6369,7637,54302,2026-04-13,Engagement Bonus,5
6370,4434,45792,2026-03-07,Recreate,10
6371,9766,16701,2026-06-12,Engagement Bonus,50
6372,7084,52803,2026-07-13,Remix,30
6373,4349,21913,2026-08-25,Remix,20
6374,2468,56230,2026-03-25,Recreate,5
6375,5280,40667,2026-05-04,Remix,10
6376,7435,58511,2026-07-17,Recreate,30
6377,9756,59541,2026-07-25,Remix,5
6378,9352,1790,2026-05-24,Recreate,30
6379,9825,40463,2026-07-20,Recreate,30
6380,3799,48785,2026-05-09,Recreate,5
6381,1229,7625,2026-04-14,Recreate,30
6382,2639,32781,2026-07-10,Remix,20
6383,8011,3543,2026-06-10,Recreate,30
6384,8959,36015,2026-02-11,Recreate,10
6385,8823,57959,2026-02-13,Remix,30
6386,5424,46016,2026-06-09,Recreate,5
6387,3784,3535,2026-07-24,Recreate,20
6388,7462,38243,2026-06-13,Engagement Bonus,5
6389,8830,49948,2026-08-07,Engagement Bonus,5
6390,7040,48931,2026-01-11,Recreate,10
6391,7849,43729,2026-03-20,Recreate,5
6392,9378,1302,2026-05-30,Engagement Bonus,100
6393,3778,18953,2026-04-25,Remix,10
6394,648,43454,2026-07-06,Recreate,5
6395,3651,33973,2026-07-21,Remix,20
6396,2771,55445,2026-03-14,Recreate,5
6397,1870,12630,2026-07-28,Recreate,50
6398,4923,43824,2026-07-18,Recreate,5
6399,6037,57194,2026-02-12,Recreate,20
6400,5775,22924,2026-05-01,Engagement Bonus,5
6401,1048,16791,2026-01-27,Recreate,50
6402,5573,28552,2026-07-10,Recreate,5
6403,4669,18866,2026-03-09,Recreate,50
6404,4005,53640,2026-05-08,Recreate,5
6405,480,46307,2026-04-08,Recreate,10
6406,9625,4514,2026-06-22,Recreate,5
6407,2455,37818,2026-07-14,Remix,20
6408,9203,13268,2026-02-01,Recreate,30
6409,1895,34588,2026-06-18,Recreate,30
6410,6287,50170,2026-01-07,Recreate,50
6411,4145,16872,2026-06-04,Recreate,20
6412,5651,12516,2026-03-31,Remix,20
6413,378,1741,2026-06-27,Recreate,20
6414,4083,3816,2026-04-28,Recreate,10
6415,8504,46090,2026-05-11,Remix,50
6416,8138,28319,2026-03-27,Remix,10
6417,4989,36331,2026-08-10,Remix,10
6418,7811,27001,2026-05-10,Engagement Bonus,5
6419,6078,33339,2026-03-25,Remix,50
6420,3230,14412,2026-07-28,Engagement Bonus,50
6421,4277,3892,2026-03-22,Engagement Bonus,5
6422,5701,23192,2026-01-27,Remix,5
6423,8759,42876,2026-07-27,Engagement Bonus,20
6424,5605,50301,2026-02-19,Remix,30
6425,5297,48208,2026-07-12,Recreate,5
6426,748,58033,2026-05-07,Remix,100
6427,2678,42483,2026-07-03,Recreate,20
6428,3617,21916,2026-08-09,Remix,20
6429,873,52382,2026-08-11,Recreate,10
6430,3461,13359,2026-01-31,Engagement Bonus,10
6431,6080,3024,2026-06-21,Recreate,5
6432,1876,49318,2026-07-01,Remix,10
6433,540,6505,2026-04-28,Engagement Bonus,30
6434,8260,17785,2026-01-23,Remix,20
6435,4747,21007,2026-08-05,Recreate,100
6436,7247,201,2026-04-20,Recreate,50
6437,2351,58481,2026-05-08,Engagement Bonus,20
6438,985,44288,2026-04-20,Engagement Bonus,20
6439,9969,36652,2026-06-26,Recreate,10
6440,1289,28430,2026-07-09,Engagement Bonus,30
6441,7291,13237,2026-03-19,Recreate,10
6442,6022,33744,2026-01-20,Recreate,5
6443,7077,21942,2026-07-06,Recreate,50
6444,7159,26168,2026-05-06,Engagement Bonus,10
6445,8266,38561,2026-05-15,Recreate,20
6446,6362,42773,2026-05-24,Recreate,5
6447,9131,47209,2026-03-27,Recreate,10
6448,5127,2964,2026-02-01,Recreate,10
6449,2570,6177,2026-07-30,Remix,20
6450,1521,40289,2026-04-24,Recreate,50
6451,8328,4143,2026-07-12,Engagement Bonus,50
6452,28,52923,2026-05-05,Recreate,10
6453,5530,14996,2026-02-04,Recreate,5
6454,732,12908,2026-08-27,Recreate,30
6455,720,20441,2026-07-21,Remix,20
6456,6491,34168,2026-05-19,Recreate,20
6457,6167,19556,2026-06-23,Recreate,10
6458,6548,30037,2026-02-15,Remix,100
6459,3281,59335,2026-02-18,Recreate,5
6460,2232,24320,2026-04-16,Recreate,50
6461,2044,40028,2026-08-07,Recreate,20
6462,476,17512,2026-05-09,Remix,5
6463,3515,4078,2026-04-16,Recreate,20
6464,5040,4430,2026-06-22,Remix,10
6465,2975,55682,2026-06-23,Remix,100
6466,3895,16371,2026-08-16,Recreate,20
6467,4186,59363,2026-08-20,Recreate,20
6468,6312,10978,2026-03-16,Recreate,5
6469,6277,3604,2026-03-10,Recreate,100
6470,8648,12012,2026-01-01,Recreate,10
6471,6649,6817,2026-04-16,Remix,5
6472,7181,55923,2026-01-09,Recreate,20
6473,9179,21617,2026-01-26,Recreate,10
6474,9054,45771,2026-03-21,Remix,30
6475,1530,35222,2026-07-05,Remix,5
6476,5969,20925,2026-06-29,Recreate,5
6477,8019,3355,2026-01-21,Recreate,10
6478,5148,6605,2026-07-03,Remix,30
6479,204,48486,2026-07-07,Recreate,5
6480,8926,23533,2026-06-12,Remix,5
6481,3908,34064,2026-06-12,Recreate,50
6482,4242,33348,2026-03-16,Recreate,10
6483,3803,18794,2026-03-01,Recreate,20
6484,7247,46929,2026-08-10,Recreate,30
6485,608,16736,2026-06-26,Recreate,10
6486,1874,21809,2026-07-16,Recreate,10
6487,6125,34557,2026-05-29,Recreate,30
6488,1426,14832,2026-06-12,Remix,5
6489,8220,4741,2026-01-27,Engagement Bonus,30
6490,312,41041,2026-08-22,Recreate,30
6491,3860,39515,2026-03-06,Recreate,5
6492,8797,53238,2026-07-25,Engagement Bonus,5
6493,5920,47333,2026-07-08,Remix,100
6494,682,22210,2026-03-05,Recreate,5
6495,5435,58605,2026-01-21,Remix,10
6496,4578,19608,2026-08-02,Engagement Bonus,10
6497,7313,19757,2026-07-10,Recreate,10
6498,3593,26480,2026-05-02,Recreate,20
6499,1300,36080,2026-08-18,Recreate,10
6500,8182,33544,2026-01-31,Remix,10
6501,9360,42246,2026-08-20,Recreate,20
6502,594,40069,2026-02-23,Recreate,10
6503,5118,47364,2026-03-21,Recreate,5
6504,8500,58085,2026-03-24,Recreate,10
6505,9997,7453,2026-06-27,Engagement Bonus,5
6506,447,30514,2026-02-02,Recreate,5
6507,7080,39843,2026-08-17,Recreate,5
6508,5276,53086,2026-02-10,Engagement Bonus,5
6509,1509,45668,2026-08-29,Engagement Bonus,5
6510,3396,26601,2026-04-30,Recreate,20
6511,3078,49495,2026-05-07,Recreate,20
6512,8983,57151,2026-07-05,Remix,20
6513,3544,52847,2026-06-17,Remix,10
6514,823,13675,2026-01-27,Recreate,100
6515,2350,16924,2026-02-23,Remix,30
6516,7610,30450,2026-03-30,Remix,10
6517,5220,27611,2026-03-07,Engagement Bonus,30
6518,9671,16902,2026-02-17,Remix,30
6519,3959,24886,2026-03-04,Recreate,50
6520,8837,39014,2026-07-03,Recreate,30
6521,7155,31010,2026-07-26,Remix,10
6522,1863,41836,2026-05-19,Engagement Bonus,100
6523,753,57524,2026-04-29,Remix,10
6524,4679,28648,2026-03-24,Recreate,10
6525,9533,52750,2026-01-28,Remix,100
6526,3140,56284,2026-03-10,Remix,10
6527,2104,40235,2026-06-27,Recreate,100
6528,4319,34397,2026-06-21,Remix,50
6529,1753,57655,2026-03-08,Remix,20
6530,9412,25427,2026-08-16,Remix,5
6531,2650,44532,2026-04-28,Recreate,10
6532,6033,56115,2026-03-24,Recreate,5
6533,913,13773,2026-04-04,Recreate,20
6534,9922,10818,2026-08-09,Engagement Bonus,5
6535,6669,1607,2026-06-22,Engagement Bonus,30
6536,3090,16293,2026-02-09,Recreate,30
6537,3766,57383,2026-01-17,Recreate,5
6538,1769,47321,2026-04-15,Engagement Bonus,30
6539,9951,49545,2026-05-30,Remix,5
6540,8513,993,2026-08-01,Recreate,30
6541,7926,1059,2026-03-07,Recreate,10
6542,2483,14846,2026-06-03,Recreate,100
6543,6530,44159,2026-03-24,Recreate,100
6544,6987,58242,2026-02-24,Engagement Bonus,10
6545,500,39674,2026-08-14,Engagement Bonus,10
6546,6836,18320,2026-01-15,Recreate,5
6547,4943,29995,2026-08-05,Recreate,20
6548,706,36754,2026-03-01,Recreate,50
6549,7981,13796,2026-06-04,Recreate,20
6550,5543,15826,2026-04-30,Recreate,10
6551,1179,4814,2026-04-16,Engagement Bonus,10
6552,9624,6983,2026-03-26,Recreate,5
6553,1579,2185,2026-02-07,Remix,100
6554,2536,45861,2026-07-13,Recreate,20
6555,335,40671,2026-01-31,Recreate,30
6556,844,34760,2026-03-27,Remix,10
6557,8001,47704,2026-02-10,Recreate,5
6558,8351,24508,2026-08-27,Recreate,20
6559,1390,36849,2026-05-30,Recreate,10
6560,7814,12388,2026-01-11,Remix,10
6561,2076,27778,2026-07-11,Recreate,50
6562,4568,43835,2026-08-10,Remix,10
6563,83,19451,2026-03-12,Recreate,50
6564,6662,44108,2026-07-26,Recreate,5
6565,2384,22014,2026-05-08,Recreate,30
6566,8996,52967,2026-07-25,Remix,30
6567,3151,6952,2026-08-18,Engagement Bonus,50
6568,9700,52454,2026-04-10,Recreate,5
6569,2049,7867,2026-01-24,Recreate,5
6570,4576,15022,2026-02-16,Recreate,100
6571,7351,43870,2026-08-07,Remix,20
6572,9018,1006,2026-04-11,Remix,100
6573,1941,32691,2026-04-17,Remix,50
6574,7063,16098,2026-02-09,Recreate,5
6575,6056,38312,2026-08-16,Remix,10
6576,2477,9930,2026-02-01,Remix,5
6577,1127,21660,2026-01-28,Recreate,100
6578,5130,20426,2026-04-23,Remix,30
6579,3039,54115,2026-04-18,Recreate,20
6580,6733,41378,2026-05-23,Remix,5
6581,827,47169,2026-02-12,Recreate,10
6582,9500,6795,2026-03-07,Recreate,5
6583,3065,49114,2026-03-18,Recreate,30
6584,1916,4524,2026-03-30,Recreate,5
6585,4453,48276,2026-01-09,Remix,5
6586,5713,40334,2026-04-29,Remix,30
6587,958,4400,2026-06-28,Recreate,20
6588,5189,28766,2026-01-28,Engagement Bonus,5
6589,463,40468,2026-05-03,Engagement Bonus,10
6590,4220,209,2026-02-08,Remix,10
6591,360,14645,2026-04-10,Engagement Bonus,20
6592,7152,56525,2026-06-21,Remix,5
6593,2869,49580,2026-08-02,Remix,20
6594,3737,13074,2026-08-16,Recreate,5
6595,7885,24654,2026-01-03,Remix,100
6596,5140,11805,2026-03-08,Recreate,5
6597,4428,3496,2026-03-29,Remix,10
6598,4414,6874,2026-07-19,Recreate,5
6599,774,25995,2026-02-12,Remix,5
6600,1628,35310,2026-04-11,Recreate,5
6601,9654,3252,2026-06-24,Remix,30
6602,6276,30455,2026-08-20,Remix,100
6603,8092,11694,2026-04-13,Engagement Bonus,10
6604,9767,9425,2026-01-13,Engagement Bonus,5
6605,1572,34867,2026-07-06,Remix,10
6606,7296,23795,2026-08-13,Recreate,5
6607,1327,59949,2026-01-07,Remix,100
6608,8914,5271,2026-03-08,Remix,10
6609,5517,13739,2026-05-08,Recreate,5
6610,3615,9590,2026-05-14,Recreate,10
6611,9438,2349,2026-08-03,Engagement Bonus,30
6612,1467,12628,2026-07-02,Recreate,10
6613,8580,24365,2026-01-16,Recreate,30
6614,1185,51427,2026-07-13,Engagement Bonus,20
6615,1671,47546,2026-02-06,Remix,20
6616,2033,6079,2026-05-04,Recreate,100
6617,515,50262,2026-02-11,Recreate,5
6618,8914,44498,2026-08-31,Engagement Bonus,10
6619,3851,4883,2026-01-23,Remix,10
6620,8056,59593,2026-03-29,Remix,10
6621,9840,27672,2026-05-05,Recreate,100
6622,7997,17081,2026-03-17,Recreate,5
6623,4786,19579,2026-03-11,Recreate,10
6624,717,24554,2026-03-07,Recreate,5
6625,7573,39554,2026-06-09,Recreate,50
6626,290,42705,2026-08-27,Engagement Bonus,50
6627,1177,1479,2026-08-07,Remix,100
6628,8818,18608,2026-08-01,Recreate,10
6629,1240,43846,2026-04-15,Recreate,5
6630,8073,22286,2026-01-09,Recreate,30
6631,8153,15805,2026-01-29,Recreate,20
6632,6714,28162,2026-07-20,Recreate,10
6633,2826,24760,2026-02-03,Recreate,20
6634,5797,47735,2026-03-07,Recreate,20
6635,9692,52460,2026-05-26,Remix,20
6636,3881,777,2026-08-27,Recreate,10
6637,1402,54785,2026-05-04,Engagement Bonus,30
6638,3652,19201,2026-01-03,Recreate,30
6639,5548,18714,2026-07-16,Recreate,10
6640,1161,11336,2026-06-20,Remix,20
6641,5169,18180,2026-08-25,Remix,50
6642,1887,377,2026-05-22,Recreate,20
6643,738,58301,2026-04-14,Engagement Bonus,5
6644,605,13975,2026-06-11,Remix,5
6645,7512,22965,2026-01-05,Engagement Bonus,20
6646,4193,40053,2026-06-05,Engagement Bonus,20
6647,6808,8746,2026-06-21,Engagement Bonus,10
6648,3137,12870,2026-05-06,Remix,5
6649,7775,4412,2026-05-30,Recreate,30
6650,3131,50813,2026-05-04,Recreate,10
6651,8016,6940,2026-03-03,Recreate,100
6652,6162,58369,2026-01-25,Recreate,5
6653,3194,19525,2026-03-31,Engagement Bonus,20
6654,8667,11961,2026-06-24,Recreate,100
6655,3288,46427,2026-04-04,Recreate,10
6656,6108,9249,2026-04-30,Recreate,5
6657,7818,10347,2026-08-07,Recreate,10
6658,2095,23434,2026-06-18,Recreate,20
6659,2369,57600,2026-03-27,Engagement Bonus,30
6660,1075,13084,2026-05-11,Recreate,10
6661,1294,31766,2026-01-25,Remix,20
6662,8929,51208,2026-01-24,Remix,30
6663,5103,36461,2026-01-09,Recreate,30
6664,1508,42511,2026-05-02,Recreate,10
6665,5287,34145,2026-05-22,Recreate,10
6666,7810,24981,2026-04-30,Recreate,100
6667,5370,30088,2026-01-04,Remix,50
6668,3834,40077,2026-03-04,Recreate,10
6669,8247,17539,2026-08-23,Recreate,20
6670,2443,39858,2026-08-29,Recreate,10
6671,1940,980,2026-06-28,Remix,5
6672,5878,6901,2026-06-09,Recreate,20
6673,4864,23518,2026-01-15,Remix,10
6674,7133,43192,2026-01-30,Recreate,30
6675,7733,259,2026-04-03,Recreate,5
6676,7062,56315,2026-01-31,Remix,50
6677,4996,26261,2026-06-23,Recreate,30
6678,5205,11962,2026-05-02,Remix,30
6679,5530,28428,2026-02-10,Engagement Bonus,50
6680,5312,23240,2026-06-06,Recreate,5
6681,2313,46349,2026-07-04,Engagement Bonus,20
6682,6283,33330,2026-02-26,Remix,10
6683,5548,26009,2026-01-12,Remix,10
6684,6021,18562,2026-03-07,Remix,100
6685,3817,34337,2026-05-07,Remix,10
6686,6170,20112,2026-07-07,Recreate,20
6687,838,42487,2026-08-27,Recreate,20
6688,5782,32145,2026-02-03,Remix,20
6689,5569,40704,2026-07-12,Remix,20
6690,2039,31864,2026-05-04,Recreate,30
6691,6893,49265,2026-05-02,Remix,10
6692,2824,14552,2026-03-01,Engagement Bonus,50
6693,3324,36428,2026-03-09,Engagement Bonus,100
6694,5885,17688,2026-01-21,Engagement Bonus,10
6695,283,41736,2026-08-23,Recreate,5
6696,447,19005,2026-07-13,Recreate,30
6697,3429,35087,2026-03-09,Remix,5
6698,7964,51990,2026-08-24,Remix,10
6699,2422,26384,2026-03-03,Engagement Bonus,10
6700,1467,12628,2026-06-25,Recreate,5
6701,8989,586,2026-03-16,Recreate,30
6702,4776,34896,2026-02-20,Recreate,10
6703,2177,10076,2026-06-02,Recreate,5
6704,2524,59114,2026-01-10,Recreate,10
6705,6543,47768,2026-06-09,Recreate,5
6706,6776,46245,2026-06-25,Recreate,20
6707,9909,8698,2026-04-28,Recreate,30
6708,1407,55831,2026-01-28,Engagement Bonus,30
6709,751,55196,2026-06-21,Recreate,100
6710,2379,48369,2026-03-20,Engagement Bonus,50
6711,4719,46503,2026-04-18,Recreate,20
6712,6012,11609,2026-08-08,Recreate,20
6713,9168,12612,2026-04-01,Recreate,20
6714,8302,45732,2026-08-11,Recreate,20
6715,3051,13369,2026-05-06,Recreate,10
6716,5843,18023,2026-01-26,Recreate,50
6717,365,47628,2026-03-17,Recreate,20
6718,480,30828,2026-01-28,Engagement Bonus,10
6719,888,28954,2026-04-24,Recreate,20
6720,3284,7735,2026-05-19,Engagement Bonus,50
6721,6100,33367,2026-05-02,Remix,5
6722,6757,54668,2026-08-30,Engagement Bonus,20
6723,4139,3227,2026-04-02,Remix,10
6724,6554,45952,2026-08-08,Remix,20
6725,2127,12267,2026-03-20,Recreate,5
6726,491,58034,2026-04-13,Recreate,10
6727,4909,5262,2026-02-23,Remix,100
6728,6812,33780,2026-02-20,Remix,30
6729,204,11315,2026-08-16,Recreate,20
6730,4259,38362,2026-07-12,Remix,5
6731,8859,34586,2026-06-25,Recreate,5
6732,9200,37298,2026-05-01,Engagement Bonus,100
6733,5726,24704,2026-01-30,Engagement Bonus,20
6734,1542,32536,2026-07-22,Recreate,5
6735,8708,19024,2026-01-01,Remix,10
6736,2554,8509,2026-04-09,Recreate,5
6737,867,34541,2026-08-16,Recreate,10
6738,1490,24100,2026-05-19,Recreate,50
6739,3582,18255,2026-04-21,Remix,100
6740,32,24743,2026-02-02,Recreate,30
6741,7157,20943,2026-03-22,Remix,5
6742,7323,984,2026-03-23,Recreate,10
6743,5972,20554,2026-02-07,Engagement Bonus,50
6744,9456,21529,2026-06-02,Engagement Bonus,20
6745,5140,24847,2026-03-30,Remix,100
6746,686,48708,2026-01-22,Engagement Bonus,30
6747,8858,370,2026-02-25,Recreate,5
6748,5564,34915,2026-07-19,Remix,30
6749,223,14201,2026-01-15,Remix,5
6750,683,20836,2026-04-13,Recreate,5
6751,4680,55609,2026-05-04,Recreate,30
6752,7233,2687,2026-06-14,Engagement Bonus,30
6753,331,7055,2026-05-25,Recreate,10
6754,2668,15352,2026-03-23,Engagement Bonus,50
6755,7734,43077,2026-03-13,Engagement Bonus,20
6756,971,45775,2026-07-17,Remix,20
6757,1520,25689,2026-04-21,Recreate,30
6758,1537,19502,2026-03-11,Remix,5
6759,1928,42288,2026-07-17,Engagement Bonus,5
6760,1825,58040,2026-01-23,Recreate,10
6761,6449,32156,2026-01-26,Recreate,10
6762,2660,45806,2026-05-26,Recreate,30
6763,8089,39874,2026-08-20,Engagement Bonus,20
6764,8838,46661,2026-03-18,Recreate,50
6765,97,47020,2026-01-04,Recreate,10
6766,1736,8467,2026-03-05,Remix,10
6767,6101,3323,2026-03-05,Recreate,50
6768,9111,8377,2026-08-25,Recreate,50
6769,8695,43653,2026-08-17,Remix,10
6770,7387,45181,2026-08-15,Recreate,10
6771,6076,43588,2026-05-20,Recreate,100
6772,9867,56373,2026-06-18,Recreate,50
6773,6961,26321,2026-05-05,Recreate,20
6774,3653,18306,2026-04-09,Remix,20
6775,2272,48606,2026-04-09,Engagement Bonus,30
6776,2859,3347,2026-04-20,Recreate,10
6777,8753,12996,2026-04-10,Remix,5
6778,5938,24258,2026-07-09,Remix,50
6779,5707,4636,2026-01-12,Recreate,5
6780,2457,3294,2026-01-14,Recreate,5
6781,4412,58322,2026-03-18,Remix,5
6782,6576,41052,2026-02-01,Engagement Bonus,30
6783,7995,53087,2026-05-10,Recreate,5
6784,7648,10520,2026-04-23,Engagement Bonus,30
6785,3685,35927,2026-06-03,Recreate,20
6786,4430,16218,2026-01-05,Engagement Bonus,30
6787,6950,36304,2026-07-11,Recreate,20
6788,8395,39837,2026-04-17,Recreate,30
6789,6000,17930,2026-07-13,Remix,100
6790,1559,13259,2026-03-16,Recreate,100
6791,5721,48615,2026-01-21,Recreate,5
6792,5051,58567,2026-08-02,Recreate,10
6793,9730,43984,2026-03-20,Recreate,30
6794,1139,27237,2026-08-19,Recreate,5
6795,6884,18780,2026-02-27,Remix,20
6796,1401,37654,2026-04-30,Recreate,5
6797,6276,17266,2026-02-17,Recreate,20
6798,6613,10160,2026-01-22,Remix,5
6799,9901,22068,2026-07-11,Recreate,5
6800,108,24557,2026-01-11,Engagement Bonus,30
6801,4481,46043,2026-02-10,Recreate,30
6802,6287,53484,2026-05-16,Recreate,10
6803,8161,7737,2026-08-21,Engagement Bonus,10
6804,6363,53186,2026-05-09,Remix,10
6805,168,23877,2026-06-27,Recreate,20
6806,470,41407,2026-06-15,Remix,50
6807,3976,46298,2026-08-31,Recreate,10
6808,611,15069,2026-05-29,Recreate,10
6809,3466,12445,2026-06-20,Recreate,20
6810,9959,3915,2026-08-09,Recreate,10
6811,1443,6071,2026-02-04,Recreate,5
6812,2559,2427,2026-01-12,Recreate,50
6813,4965,49364,2026-01-14,Recreate,100
6814,6934,58182,2026-01-03,Remix,30
6815,7613,4575,2026-05-10,Engagement Bonus,100
6816,4654,15997,2026-03-06,Engagement Bonus,20
6817,8392,29168,2026-08-07,Remix,20
6818,6255,23623,2026-02-01,Recreate,5
6819,9929,52481,2026-06-23,Recreate,10
6820,2829,57347,2026-03-13,Remix,10
6821,7524,44774,2026-07-29,Recreate,10
6822,3689,54585,2026-02-05,Engagement Bonus,10
6823,5436,12905,2026-08-12,Remix,50
6824,3917,31340,2026-03-23,Recreate,50
6825,9530,23934,2026-04-10,Recreate,30
6826,7971,31179,2026-02-15,Recreate,100
6827,8577,23209,2026-04-23,Recreate,30
6828,3326,19088,2026-07-04,Remix,20
6829,4558,29922,2026-03-15,Recreate,100
6830,2946,35677,2026-02-20,Engagement Bonus,50
6831,5102,57558,2026-07-11,Remix,30
6832,358,23140,2026-06-25,Recreate,10
6833,524,58870,2026-03-21,Engagement Bonus,50
6834,3188,4298,2026-04-24,Recreate,5
6835,7538,32993,2026-02-16,Recreate,5
6836,6644,37687,2026-03-11,Remix,20
6837,6,21560,2026-05-17,Recreate,100
6838,5433,45160,2026-04-26,Remix,100
6839,409,7093,2026-06-18,Engagement Bonus,5
6840,3814,55530,2026-02-09,Recreate,20
6841,6348,53728,2026-06-30,Remix,30
6842,9771,54104,2026-05-06,Recreate,50
6843,9862,18653,2026-02-17,Remix,30
6844,3076,50731,2026-01-26,Recreate,100
6845,8561,56117,2026-02-26,Recreate,20
6846,9117,10600,2026-07-01,Recreate,5
6847,7519,12926,2026-07-10,Recreate,5
6848,9103,42548,2026-03-13,Remix,50
6849,5107,58577,2026-05-29,Remix,20
6850,6645,51565,2026-01-02,Engagement Bonus,10
6851,7515,13493,2026-01-24,Engagement Bonus,20
6852,6020,26291,2026-06-25,Recreate,20
6853,9898,15922,2026-08-01,Recreate,10
6854,9786,55320,2026-04-18,Engagement Bonus,20
6855,7805,8592,2026-01-06,Remix,10
6856,2794,52497,2026-04-21,Recreate,10
6857,6280,23012,2026-06-10,Recreate,20
6858,4449,23800,2026-02-05,Engagement Bonus,30
6859,4632,56477,2026-06-14,Recreate,20
6860,6221,15530,2026-02-15,Recreate,5
6861,2902,17489,2026-01-02,Remix,20
6862,6748,38593,2026-05-19,Remix,10
6863,303,8500,2026-06-29,Engagement Bonus,5
6864,1518,15228,2026-03-13,Engagement Bonus,100
6865,2195,48781,2026-03-12,Recreate,20
6866,2276,56349,2026-03-29,Remix,10
6867,4725,47567,2026-07-26,Engagement Bonus,5
6868,7484,36165,2026-05-25,Engagement Bonus,30
6869,7395,11437,2026-07-22,Engagement Bonus,10
6870,9779,25509,2026-02-03,Remix,20
6871,7127,45436,2026-04-28,Recreate,30
6872,3412,32206,2026-08-09,Remix,100
6873,6878,8624,2026-05-01,Recreate,5
6874,7910,47326,2026-05-18,Recreate,5
6875,5494,57786,2026-08-15,Recreate,50
6876,195,22373,2026-03-05,Remix,10
6877,5453,19963,2026-03-12,Recreate,20
6878,347,53194,2026-02-24,Recreate,10
6879,1560,56059,2026-03-06,Engagement Bonus,100
6880,8616,38528,2026-01-20,Engagement Bonus,5
6881,9642,1194,2026-08-05,Recreate,30
6882,3751,6320,2026-06-12,Recreate,10
6883,8630,34387,2026-02-26,Recreate,100
6884,8427,34032,2026-04-04,Recreate,5
6885,2935,45243,2026-04-16,Remix,10
6886,8717,21836,2026-08-28,Remix,30
6887,695,31344,2026-01-28,Remix,20
6888,7272,19586,2026-01-06,Recreate,5
6889,4687,11274,2026-08-28,Engagement Bonus,30
6890,5325,13346,2026-07-12,Engagement Bonus,10
6891,1810,36775,2026-04-06,Remix,10
6892,1149,31373,2026-05-19,Recreate,5
6893,4265,26531,2026-02-08,Remix,10
6894,4693,19892,2026-08-06,Engagement Bonus,20
6895,6673,34925,2026-02-20,Recreate,30
6896,5519,25188,2026-07-13,Engagement Bonus,5
6897,1796,3102,2026-08-28,Engagement Bonus,10
6898,613,967,2026-05-28,Recreate,10
6899,363,24264,2026-06-07,Remix,50
6900,3772,26237,2026-05-23,Recreate,30
6901,5709,53585,2026-05-12,Remix,50
6902,2608,37433,2026-08-05,Recreate,10
6903,1444,6585,2026-02-26,Recreate,30
6904,8628,53323,2026-06-15,Recreate,20
6905,5239,17283,2026-02-15,Recreate,10
6906,334,10874,2026-06-01,Remix,10
6907,6732,12211,2026-01-24,Remix,10
6908,6946,16367,2026-06-08,Recreate,50
6909,1701,11955,2026-03-09,Engagement Bonus,10
6910,3466,40882,2026-08-22,Recreate,20
6911,6964,52399,2026-03-25,Engagement Bonus,5
6912,4871,44063,2026-04-03,Recreate,30
6913,1181,52990,2026-08-26,Recreate,100
6914,5010,24459,2026-01-23,Recreate,100
6915,4990,54187,2026-07-23,Recreate,20
6916,3955,36047,2026-07-12,Recreate,10
6917,7745,45139,2026-06-27,Recreate,5
6918,1177,1479,2026-05-13,Recreate,5
6919,3812,8613,2026-03-25,Recreate,10
6920,7601,34715,2026-08-28,Recreate,5
6921,4148,22915,2026-01-27,Remix,20
6922,3593,26480,2026-01-29,Recreate,100
6923,7002,8067,2026-08-18,Remix,100
6924,1528,51700,2026-02-22,Recreate,10
6925,5379,26331,2026-01-28,Recreate,50
6926,2553,9477,2026-04-12,Recreate,50
6927,7117,57453,2026-03-22,Recreate,5
6928,4510,12405,2026-04-09,Recreate,10
6929,7946,48675,2026-04-30,Recreate,5
6930,3924,27774,2026-05-20,Recreate,5
6931,2284,27220,2026-02-22,Recreate,20
6932,4342,9275,2026-05-08,Recreate,5
6933,9156,37600,2026-06-27,Recreate,5
6934,9792,46836,2026-03-20,Remix,30
6935,8483,14395,2026-01-02,Recreate,10
6936,6001,1846,2026-03-05,Engagement Bonus,20
6937,9927,56617,2026-05-18,Remix,50
6938,1221,32053,2026-05-21,Recreate,20
6939,4192,5845,2026-01-25,Engagement Bonus,10
6940,9057,50952,2026-03-24,Recreate,5
6941,3749,55821,2026-04-12,Recreate,50
6942,3624,24120,2026-01-20,Remix,20
6943,1900,24280,2026-06-14,Recreate,5
6944,5259,1198,2026-08-06,Recreate,5
6945,4680,42415,2026-03-24,Recreate,10
6946,3040,8950,2026-06-20,Engagement Bonus,10
6947,4378,33053,2026-08-24,Recreate,10
6948,3727,40767,2026-01-07,Recreate,50
6949,2755,34440,2026-08-01,Remix,5
6950,3828,41146,2026-08-07,Remix,30
6951,2195,32708,2026-01-16,Recreate,20
6952,7679,57097,2026-01-29,Recreate,20
6953,4699,29671,2026-07-06,Remix,10
6954,4401,45338,2026-04-29,Recreate,100
6955,2912,10028,2026-07-08,Recreate,10
6956,5456,51321,2026-08-27,Remix,10
6957,4530,7520,2026-03-21,Remix,20
6958,3214,16677,2026-07-12,Recreate,10
6959,2626,34375,2026-05-15,Recreate,5
6960,3094,43806,2026-04-02,Recreate,20
6961,7800,22170,2026-03-17,Recreate,20
6962,81,42719,2026-02-14,Engagement Bonus,10
6963,6757,1366,2026-04-30,Engagement Bonus,20
6964,580,560,2026-07-07,Recreate,20
6965,609,59654,2026-07-19,Remix,30
6966,9793,31926,2026-01-28,Remix,30
6967,1353,13579,2026-06-25,Remix,20
6968,1643,18124,2026-05-28,Recreate,20
6969,2125,11580,2026-03-02,Engagement Bonus,5
6970,8147,37712,2026-04-21,Recreate,5
6971,2573,33885,2026-08-03,Remix,30
6972,5871,38606,2026-06-03,Recreate,5
6973,9765,23937,2026-05-19,Recreate,100
6974,8013,33070,2026-02-24,Recreate,50
6975,1748,29274,2026-04-26,Recreate,30
6976,1549,13020,2026-03-04,Remix,20
6977,5944,51451,2026-01-07,Recreate,50
6978,3441,36216,2026-03-23,Recreate,10
6979,2301,20642,2026-01-12,Recreate,10
6980,5994,19770,2026-01-19,Remix,10
6981,4166,23379,2026-04-20,Remix,50
6982,5931,54296,2026-03-02,Recreate,20
6983,708,57402,2026-06-25,Recreate,30
6984,3979,493,2026-07-25,Engagement Bonus,30
6985,9527,41979,2026-02-17,Recreate,10
6986,4429,17071,2026-05-28,Remix,20
6987,6907,14762,2026-01-22,Engagement Bonus,5
6988,3795,1122,2026-03-26,Engagement Bonus,20
6989,6699,50612,2026-07-13,Engagement Bonus,10
6990,3599,7301,2026-04-16,Recreate,10
6991,6752,40153,2026-02-10,Remix,30
6992,9391,20723,2026-01-07,Recreate,5
6993,496,14545,2026-01-05,Recreate,5
6994,9603,26604,2026-02-27,Remix,10
6995,1674,5119,2026-04-30,Recreate,10
6996,1389,31633,2026-04-26,Engagement Bonus,5
6997,8194,9049,2026-03-05,Remix,10
6998,5460,18811,2026-01-23,Engagement Bonus,20
6999,3262,59041,2026-01-25,Recreate,5
7000,7131,11479,2026-06-05,Remix,5
7001,5911,26282,2026-05-10,Remix,100
7002,3398,29278,2026-05-25,Remix,10
7003,2049,14168,2026-07-12,Recreate,5
7004,4794,30452,2026-04-29,Recreate,30
7005,8408,23270,2026-05-27,Recreate,10
7006,7511,53026,2026-08-25,Recreate,20
7007,6295,20295,2026-07-28,Remix,50
7008,7292,7782,2026-02-07,Recreate,100
7009,4883,13680,2026-05-27,Remix,50
7010,1801,3753,2026-08-21,Recreate,20
7011,3167,43146,2026-04-29,Engagement Bonus,20
7012,3936,38952,2026-05-26,Recreate,20
7013,3836,53356,2026-07-27,Remix,5
7014,6164,21224,2026-04-01,Recreate,10
7015,9614,17796,2026-07-18,Remix,10
7016,9548,18654,2026-08-09,Recreate,20
7017,4647,47695,2026-03-26,Recreate,50
7018,8208,33476,2026-01-29,Recreate,5
7019,365,35075,2026-05-01,Recreate,10
7020,7400,26304,2026-06-28,Engagement Bonus,20
7021,4743,25640,2026-05-23,Engagement Bonus,20
7022,2649,49039,2026-02-16,Recreate,50
7023,8787,19146,2026-01-01,Recreate,10
7024,3184,38186,2026-02-11,Engagement Bonus,30
7025,8586,17476,2026-04-05,Remix,30
7026,2567,33642,2026-03-22,Recreate,5
7027,3017,13977,2026-04-03,Recreate,30
7028,1059,31767,2026-04-22,Recreate,20
7029,496,7171,2026-08-02,Recreate,10
7030,5722,53777,2026-04-11,Engagement Bonus,10
7031,2073,9461,2026-04-27,Remix,10
7032,3463,13766,2026-03-16,Recreate,20
7033,5465,46439,2026-08-28,Engagement Bonus,10
7034,6247,34501,2026-07-16,Recreate,10
7035,5144,6945,2026-01-16,Recreate,5
7036,6968,12650,2026-06-16,Engagement Bonus,5
7037,5295,4523,2026-07-24,Recreate,100
7038,3253,24417,2026-08-22,Remix,5
7039,2174,21092,2026-03-19,Remix,100
7040,5471,19722,2026-01-26,Recreate,10
7041,510,53866,2026-05-14,Remix,50
7042,9624,31846,2026-01-04,Recreate,50
7043,8855,32540,2026-04-09,Recreate,10
7044,3457,28108,2026-07-06,Recreate,20
7045,1973,38705,2026-03-20,Remix,20
7046,398,46372,2026-07-25,Engagement Bonus,20
7047,8572,43216,2026-07-02,Recreate,50
7048,3161,52503,2026-08-03,Engagement Bonus,10
7049,6004,2752,2026-03-14,Recreate,10
7050,5163,10481,2026-08-17,Recreate,30
7051,1001,55640,2026-04-21,Recreate,10
7052,2227,58211,2026-07-16,Recreate,10
7053,5569,56331,2026-06-23,Recreate,10
7054,8054,31216,2026-06-30,Remix,50
7055,3367,1828,2026-05-25,Remix,5
7056,7293,1435,2026-04-06,Engagement Bonus,30
7057,1381,52130,2026-02-06,Remix,50
7058,5551,15185,2026-04-27,Recreate,20
7059,9318,56516,2026-08-14,Recreate,5
7060,6872,41487,2026-05-14,Remix,20
7061,7414,54424,2026-03-04,Recreate,5
7062,4751,6497,2026-06-16,Engagement Bonus,20
7063,3267,1135,2026-07-07,Remix,10
7064,3272,6361,2026-06-24,Recreate,100
7065,3553,25042,2026-06-13,Recreate,5
7066,9487,57007,2026-02-21,Recreate,30
7067,6856,18009,2026-04-15,Engagement Bonus,10
7068,4074,19167,2026-04-11,Recreate,5
7069,912,20524,2026-04-18,Recreate,50
7070,3913,51159,2026-06-17,Remix,100
7071,9493,14818,2026-06-27,Engagement Bonus,10
7072,4529,254,2026-06-07,Recreate,10
7073,153,41355,2026-02-27,Remix,30
7074,5961,18394,2026-04-22,Recreate,30
7075,6091,8433,2026-08-26,Recreate,5
7076,8939,45794,2026-04-15,Recreate,5
7077,2003,41986,2026-03-07,Recreate,100
7078,2862,8492,2026-04-16,Recreate,50
7079,9468,4467,2026-02-11,Remix,5
7080,8542,3285,2026-02-27,Recreate,20
7081,1726,9109,2026-04-16,Remix,10
7082,3827,32714,2026-01-25,Engagement Bonus,5
7083,2270,40878,2026-01-20,Recreate,30
7084,1135,843,2026-05-06,Recreate,5
7085,8527,54898,2026-02-12,Recreate,30
7086,4542,4920,2026-01-15,Engagement Bonus,20
7087,1830,34396,2026-04-30,Recreate,50
7088,9915,49472,2026-03-24,Recreate,30
7089,7279,20343,2026-04-26,Recreate,5
7090,1658,24268,2026-08-03,Recreate,10
7091,1757,4813,2026-07-19,Remix,30
7092,5928,18819,2026-02-24,Recreate,20
7093,4110,26991,2026-03-01,Recreate,100
7094,3828,28753,2026-05-28,Recreate,50
7095,6322,28071,2026-02-22,Recreate,5
7096,9494,7879,2026-06-17,Recreate,5
7097,4565,29932,2026-03-10,Recreate,5
7098,4297,39480,2026-05-13,Recreate,5
7099,211,3658,2026-03-25,Recreate,20
7100,501,59782,2026-06-26,Recreate,100
7101,4752,19535,2026-08-27,Recreate,10
7102,4955,49594,2026-01-14,Remix,20
7103,6022,22115,2026-06-01,Recreate,20
7104,7220,7386,2026-01-12,Engagement Bonus,10
7105,8418,36490,2026-07-29,Recreate,10
7106,6584,31063,2026-05-11,Recreate,20
7107,7646,20866,2026-07-07,Engagement Bonus,5
7108,9337,13224,2026-08-07,Remix,5
7109,2000,21383,2026-01-24,Recreate,10
7110,4016,50920,2026-01-27,Remix,100
7111,3233,7550,2026-03-15,Engagement Bonus,5
7112,5327,53817,2026-05-11,Recreate,30
7113,6760,56037,2026-05-08,Recreate,5
7114,3103,11767,2026-07-30,Remix,30
7115,5138,22619,2026-03-17,Recreate,5
7116,9068,20086,2026-05-17,Remix,10
7117,7598,22565,2026-07-09,Engagement Bonus,5
7118,6142,49477,2026-06-26,Remix,10
7119,9006,56519,2026-05-27,Recreate,5
7120,4857,32047,2026-06-24,Recreate,30
7121,6928,33798,2026-02-05,Engagement Bonus,100
7122,3852,41708,2026-04-15,Recreate,30
7123,1271,55673,2026-03-25,Recreate,50
7124,6296,23634,2026-06-19,Recreate,5
7125,9184,17554,2026-05-04,Remix,5
7126,8701,42521,2026-04-19,Engagement Bonus,100
7127,1127,1057,2026-08-08,Recreate,100
7128,4017,37821,2026-07-15,Remix,20
7129,7424,10610,2026-06-13,Recreate,10
7130,6542,52992,2026-08-21,Recreate,10
7131,9450,58288,2026-02-05,Recreate,20
7132,8223,12910,2026-06-26,Engagement Bonus,10
7133,8439,39395,2026-03-24,Remix,20
7134,3259,27951,2026-07-04,Remix,5
7135,3612,36974,2026-06-19,Remix,5
7136,9609,1905,2026-05-27,Recreate,5
7137,8584,53946,2026-01-23,Remix,30
7138,7752,13018,2026-07-16,Remix,10
7139,7191,27169,2026-02-26,Recreate,20
7140,8375,36510,2026-01-29,Recreate,50
7141,461,38456,2026-01-03,Recreate,100
7142,8580,58922,2026-06-30,Remix,5
7143,9234,25771,2026-05-23,Recreate,100
7144,7967,20068,2026-02-15,Recreate,10
7145,2076,27778,2026-07-07,Remix,30
7146,6698,46403,2026-01-05,Remix,20
7147,8568,54868,2026-08-12,Recreate,5
7148,3801,3441,2026-02-24,Remix,20
7149,7524,41049,2026-04-20,Recreate,20
7150,3579,39579,2026-05-09,Recreate,50
7151,6491,5344,2026-08-16,Remix,20
7152,3973,55824,2026-06-13,Recreate,100
7153,8911,16262,2026-02-05,Recreate,5
7154,2017,26257,2026-06-17,Remix,100
7155,1867,4884,2026-08-30,Recreate,20
7156,4578,30903,2026-04-29,Recreate,30
7157,4938,52479,2026-01-09,Recreate,30
7158,3262,13880,2026-05-01,Recreate,50
7159,5167,24611,2026-08-27,Remix,30
7160,1137,33273,2026-05-27,Remix,20
7161,5910,2804,2026-05-16,Remix,50
7162,213,37246,2026-01-04,Recreate,10
7163,5689,49094,2026-03-12,Remix,10
7164,2528,3281,2026-02-16,Recreate,100
7165,7237,14357,2026-06-11,Remix,100
7166,8148,12150,2026-02-25,Recreate,20
7167,1141,20508,2026-03-07,Recreate,20
7168,4593,40621,2026-02-20,Engagement Bonus,10
7169,9273,43302,2026-02-25,Recreate,30
7170,7638,29519,2026-03-11,Engagement Bonus,20
7171,6830,41780,2026-03-24,Recreate,20
7172,3537,53860,2026-07-12,Engagement Bonus,10
7173,7610,32027,2026-02-25,Engagement Bonus,100
7174,5317,3725,2026-05-01,Recreate,20
7175,5342,30753,2026-08-10,Recreate,30
7176,8156,18237,2026-03-31,Recreate,50
7177,5607,31412,2026-04-15,Recreate,10
7178,7237,16973,2026-03-20,Remix,20
7179,8639,44797,2026-05-13,Remix,10
7180,3112,12979,2026-07-17,Recreate,20
7181,986,2817,2026-03-03,Remix,5
7182,7457,35888,2026-04-25,Remix,30
7183,5504,38426,2026-06-26,Recreate,50
7184,787,30858,2026-05-09,Remix,20
7185,6877,28771,2026-08-22,Engagement Bonus,50
7186,1434,37652,2026-02-15,Recreate,50
7187,3035,16801,2026-02-12,Recreate,20
7188,4040,30825,2026-07-02,Recreate,5
7189,2429,46616,2026-01-14,Remix,5
7190,3708,56550,2026-01-27,Recreate,10
7191,269,5177,2026-03-12,Recreate,30
7192,2894,15712,2026-01-15,Remix,100
7193,2414,20025,2026-08-07,Remix,30
7194,3031,35091,2026-04-04,Remix,10
7195,2184,7895,2026-03-07,Recreate,100
7196,1748,29274,2026-06-26,Recreate,50
7197,9715,15277,2026-07-25,Recreate,10
7198,9343,32399,2026-01-22,Remix,10
7199,1754,57148,2026-04-08,Recreate,5
7200,2802,28295,2026-01-26,Engagement Bonus,20
7201,9245,21458,2026-08-16,Recreate,30
7202,1477,47970,2026-04-13,Engagement Bonus,10
7203,8146,36883,2026-07-10,Engagement Bonus,5
7204,9914,28794,2026-06-15,Recreate,5
7205,247,43012,2026-08-24,Recreate,20
7206,6050,34835,2026-06-16,Recreate,5
7207,8885,27790,2026-01-26,Engagement Bonus,20
7208,642,30805,2026-08-09,Recreate,100
7209,657,57945,2026-03-02,Remix,10
7210,7586,26315,2026-08-13,Remix,100
7211,3187,45662,2026-04-04,Recreate,10
7212,8478,7025,2026-07-07,Recreate,5
7213,7424,31145,2026-08-26,Recreate,5
7214,8860,16968,2026-06-09,Recreate,30
7215,452,52351,2026-07-12,Recreate,50
7216,7569,34752,2026-04-03,Engagement Bonus,5
7217,6572,15533,2026-08-31,Recreate,30
7218,1872,38710,2026-05-19,Remix,100
7219,6364,49727,2026-08-11,Engagement Bonus,30
7220,477,20129,2026-08-23,Remix,100
7221,123,23558,2026-04-28,Remix,20
7222,6653,13298,2026-04-04,Recreate,50
7223,1,46898,2026-06-16,Recreate,10
7224,9306,19341,2026-01-09,Recreate,5
7225,3287,29704,2026-03-23,Recreate,50
7226,2721,50916,2026-06-15,Recreate,10
7227,3350,15772,2026-01-25,Recreate,20
7228,4736,37912,2026-08-31,Engagement Bonus,30
7229,7193,32981,2026-04-25,Recreate,5
7230,3001,11840,2026-01-02,Recreate,30
7231,7775,15399,2026-01-30,Recreate,10
7232,7160,32137,2026-08-12,Recreate,20
7233,6768,44299,2026-06-01,Recreate,20
7234,8163,56763,2026-06-23,Recreate,10
7235,1778,47826,2026-04-20,Engagement Bonus,5
7236,9864,1931,2026-06-11,Engagement Bonus,20
7237,6963,50614,2026-07-19,Engagement Bonus,5
7238,1307,27109,2026-08-24,Recreate,50
7239,3164,47922,2026-05-25,Recreate,10
7240,2881,23774,2026-01-02,Recreate,5
7241,4828,30602,2026-04-21,Recreate,50
7242,9875,45979,2026-01-07,Recreate,50
7243,8106,16636,2026-01-18,Recreate,20
7244,9690,29218,2026-05-25,Remix,10
7245,2331,6337,2026-05-01,Recreate,100
7246,166,7478,2026-01-25,Recreate,5
7247,2639,29228,2026-08-22,Recreate,10
7248,8699,7992,2026-08-03,Remix,5
7249,276,27278,2026-08-10,Remix,10
7250,3202,20044,2026-07-21,Remix,20
7251,8948,46740,2026-07-18,Engagement Bonus,10
7252,7319,47876,2026-01-28,Engagement Bonus,20
7253,493,43473,2026-01-09,Engagement Bonus,5
7254,1941,21732,2026-06-21,Engagement Bonus,10
7255,5208,16604,2026-03-21,Recreate,30
7256,9003,57416,2026-01-03,Recreate,10
7257,6520,59122,2026-05-11,Recreate,5
7258,2419,5150,2026-02-17,Remix,10
7259,1129,35332,2026-06-04,Recreate,5
7260,3181,18467,2026-01-07,Recreate,10
7261,7338,98,2026-06-17,Recreate,10
7262,2518,20081,2026-01-11,Recreate,10
7263,8253,41955,2026-04-28,Recreate,20
7264,7247,57186,2026-01-20,Engagement Bonus,20
7265,2225,2486,2026-02-26,Remix,20
7266,850,20904,2026-04-07,Engagement Bonus,30
7267,9482,13948,2026-07-05,Recreate,20
7268,2962,5616,2026-05-22,Remix,5
7269,8519,59819,2026-08-17,Recreate,5
7270,6793,8383,2026-04-30,Recreate,30
7271,646,15821,2026-05-30,Engagement Bonus,20
7272,3576,58950,2026-02-07,Remix,5
7273,4946,51745,2026-06-18,Recreate,100
7274,7195,19306,2026-04-20,Recreate,10
7275,6385,26847,2026-01-07,Recreate,30
7276,3517,7621,2026-06-10,Recreate,5
7277,6002,7505,2026-07-14,Recreate,50
7278,2340,17597,2026-05-22,Recreate,100
7279,233,25339,2026-03-17,Recreate,30
7280,8433,34297,2026-03-24,Remix,30
7281,5834,10206,2026-08-31,Remix,10
7282,5341,15267,2026-02-04,Recreate,10
7283,8397,26743,2026-01-31,Remix,50
7284,4632,25423,2026-08-15,Engagement Bonus,50
7285,1235,38242,2026-08-24,Recreate,5
7286,252,32452,2026-03-30,Recreate,5
7287,5356,36926,2026-04-17,Remix,5
7288,1932,40522,2026-05-19,Engagement Bonus,10
7289,2014,22406,2026-02-04,Remix,30
7290,9253,58653,2026-02-28,Recreate,10
7291,1691,4347,2026-05-04,Remix,5
7292,7972,36433,2026-04-28,Remix,5
7293,9708,21781,2026-03-27,Remix,5
7294,3339,17419,2026-04-30,Recreate,5
7295,514,40467,2026-03-26,Remix,30
7296,8639,44797,2026-03-21,Engagement Bonus,5
7297,1897,22308,2026-03-14,Recreate,20
7298,3925,36468,2026-08-28,Recreate,5
7299,7340,15711,2026-05-17,Engagement Bonus,5
7300,4820,32587,2026-07-27,Recreate,20
7301,8770,18735,2026-04-10,Recreate,10
7302,60,9750,2026-01-20,Recreate,10
7303,6376,20660,2026-02-01,Remix,5
7304,1441,38711,2026-01-21,Remix,100
7305,9301,4488,2026-04-23,Recreate,20
7306,62,40837,2026-04-13,Recreate,5
7307,2819,28356,2026-01-17,Recreate,30
7308,5447,10953,2026-02-11,Recreate,100
7309,650,40967,2026-01-17,Remix,5
7310,3394,16428,2026-05-28,Recreate,10
7311,7682,5931,2026-08-08,Engagement Bonus,20
7312,7148,40599,2026-04-07,Remix,5
7313,2404,35628,2026-07-19,Remix,5
7314,5896,29826,2026-08-20,Remix,20
7315,6242,18457,2026-06-09,Recreate,5
7316,5793,20698,2026-01-03,Recreate,5
7317,3195,46845,2026-02-17,Recreate,20
7318,251,30754,2026-07-10,Recreate,20
7319,4685,47503,2026-06-16,Recreate,10
7320,1481,59844,2026-02-27,Recreate,10
7321,4146,21015,2026-06-08,Recreate,50
7322,3877,42962,2026-01-02,Recreate,100
7323,4708,2033,2026-02-15,Remix,50
7324,1681,42143,2026-08-17,Recreate,20
7325,6353,45231,2026-08-27,Recreate,5
7326,1242,35749,2026-07-26,Remix,5
7327,2171,57325,2026-07-01,Recreate,20
7328,6431,51966,2026-07-09,Recreate,30
7329,1338,22790,2026-03-25,Remix,5
7330,3760,4016,2026-03-11,Recreate,20
7331,811,58692,2026-07-04,Recreate,5
7332,9476,13679,2026-02-23,Recreate,20
7333,8362,14450,2026-08-06,Recreate,10
7334,6163,5519,2026-05-01,Recreate,5
7335,6651,52301,2026-01-16,Engagement Bonus,100
7336,1999,48697,2026-03-11,Engagement Bonus,5
7337,3410,10925,2026-06-06,Engagement Bonus,20
7338,6525,45400,2026-03-21,Recreate,50
7339,5426,52552,2026-02-16,Remix,10
7340,6812,36859,2026-07-23,Recreate,20
7341,7306,7281,2026-07-01,Recreate,20
7342,3569,19136,2026-02-22,Recreate,30
7343,515,31768,2026-03-20,Remix,10
7344,1240,31824,2026-08-08,Remix,10
7345,7244,50951,2026-04-04,Engagement Bonus,20
7346,8809,49229,2026-07-04,Recreate,20
7347,396,5612,2026-02-04,Recreate,10
7348,8914,44498,2026-05-27,Recreate,5
7349,9442,58251,2026-08-14,Remix,30
7350,2150,27857,2026-03-08,Remix,10
7351,3410,10925,2026-07-06,Remix,100
7352,6541,18313,2026-01-26,Recreate,10
7353,2483,10928,2026-03-22,Recreate,10
7354,7517,49732,2026-01-01,Remix,100
7355,8051,28600,2026-07-07,Recreate,10
7356,541,52372,2026-05-27,Remix,5
7357,9549,21483,2026-06-20,Engagement Bonus,100
7358,9810,18640,2026-04-23,Recreate,20
7359,3968,48170,2026-02-19,Engagement Bonus,20
7360,616,54833,2026-07-04,Recreate,20
7361,658,31396,2026-08-02,Remix,10
7362,2293,50599,2026-08-22,Engagement Bonus,20
7363,745,10860,2026-06-24,Recreate,5
7364,2095,3339,2026-01-15,Engagement Bonus,10
7365,1452,29232,2026-05-10,Recreate,100
7366,7372,13309,2026-05-31,Recreate,5
7367,7815,16361,2026-02-05,Remix,5
7368,9987,49470,2026-06-08,Recreate,50
7369,8832,26843,2026-01-03,Recreate,10
7370,6609,29577,2026-07-20,Recreate,100
7371,8912,26677,2026-07-01,Recreate,20
7372,7091,10644,2026-05-25,Recreate,30
7373,7138,28094,2026-06-09,Remix,10
7374,7537,32647,2026-07-08,Remix,10
7375,4996,27390,2026-07-22,Recreate,30
7376,1117,34910,2026-03-24,Recreate,10
7377,1529,34228,2026-05-15,Recreate,20
7378,312,31591,2026-08-10,Recreate,30
7379,7153,31811,2026-01-14,Recreate,50
7380,6072,26745,2026-01-03,Remix,30
7381,9414,43707,2026-04-15,Recreate,20
7382,4976,15524,2026-04-23,Recreate,20
7383,5693,4211,2026-06-02,Recreate,10
7384,5404,50635,2026-08-01,Recreate,5
7385,8295,29245,2026-08-05,Remix,30
7386,1642,12347,2026-04-07,Recreate,5
7387,4709,5228,2026-02-06,Recreate,5
7388,3261,17360,2026-05-22,Recreate,50
7389,217,33704,2026-02-23,Remix,5
7390,4348,9527,2026-08-31,Recreate,10
7391,5162,7581,2026-05-22,Recreate,5
7392,3003,35260,2026-08-06,Remix,30
7393,1319,52916,2026-04-07,Recreate,30
7394,6658,9706,2026-02-18,Remix,5
7395,436,2391,2026-06-16,Engagement Bonus,10
7396,7003,53575,2026-01-22,Recreate,10
7397,1080,33440,2026-03-20,Remix,5
7398,8597,5777,2026-03-17,Remix,10
7399,4236,41299,2026-07-13,Engagement Bonus,5
7400,3232,49054,2026-06-21,Recreate,5
7401,5860,15009,2026-05-28,Remix,5
7402,6608,57586,2026-04-27,Remix,10
7403,3141,40458,2026-02-17,Engagement Bonus,20
7404,3940,38506,2026-08-02,Recreate,50
7405,2170,13611,2026-08-04,Engagement Bonus,10
7406,8584,26343,2026-02-25,Engagement Bonus,5
7407,3854,55907,2026-07-13,Recreate,20
7408,3994,48051,2026-02-11,Recreate,20
7409,2846,28849,2026-07-15,Recreate,20
7410,9730,54917,2026-03-20,Engagement Bonus,10
7411,4166,27655,2026-07-21,Remix,5
7412,640,27642,2026-06-29,Recreate,10
7413,173,51561,2026-01-03,Recreate,10
7414,3120,26775,2026-01-14,Recreate,30
7415,4279,47624,2026-08-04,Engagement Bonus,100
7416,2099,6571,2026-04-26,Recreate,10
7417,8390,5860,2026-04-06,Recreate,100
7418,1171,55596,2026-07-07,Recreate,20
7419,2682,59429,2026-03-08,Recreate,5
7420,5646,3100,2026-01-01,Recreate,20
7421,1926,33688,2026-08-19,Engagement Bonus,20
7422,4075,7196,2026-04-28,Recreate,10
7423,1433,45544,2026-04-28,Recreate,50
7424,8044,40976,2026-03-15,Recreate,5
7425,5562,15808,2026-07-13,Engagement Bonus,30
7426,806,21692,2026-01-28,Recreate,10
7427,4692,50768,2026-08-15,Engagement Bonus,100
7428,5486,38779,2026-02-20,Recreate,5
7429,163,57214,2026-07-21,Recreate,10
7430,8361,18485,2026-02-01,Remix,30
7431,3418,45541,2026-01-05,Engagement Bonus,100
7432,5360,48297,2026-01-02,Recreate,5
7433,4719,30155,2026-08-15,Engagement Bonus,20
7434,7344,56060,2026-04-30,Recreate,10
7435,4507,20911,2026-03-11,Recreate,20
7436,12,52385,2026-04-19,Recreate,10
7437,6842,34342,2026-06-17,Recreate,20
7438,8087,8796,2026-07-19,Remix,100
7439,7106,42989,2026-02-27,Recreate,10
7440,3697,50829,2026-06-08,Recreate,5
7441,6943,18033,2026-01-13,Remix,10
7442,8895,15850,2026-02-12,Recreate,5
7443,2134,39265,2026-08-20,Remix,5
7444,5012,22340,2026-08-09,Recreate,5
7445,9205,51802,2026-08-31,Recreate,10
7446,4506,3217,2026-07-29,Recreate,10
7447,2831,14972,2026-07-20,Recreate,5
7448,3699,19893,2026-01-18,Remix,30
7449,7947,18510,2026-01-02,Remix,5
7450,1333,551,2026-03-23,Engagement Bonus,100
7451,8125,59543,2026-03-02,Remix,20
7452,8167,38824,2026-07-05,Remix,20
7453,4956,16296,2026-08-25,Recreate,10
7454,6537,45533,2026-03-02,Recreate,5
7455,7489,26485,2026-08-28,Recreate,5
7456,9394,58359,2026-07-03,Recreate,10
7457,1716,8408,2026-04-17,Recreate,10
7458,1463,30269,2026-07-22,Recreate,30
7459,4194,43638,2026-01-24,Engagement Bonus,10
7460,1273,53544,2026-01-08,Remix,30
7461,4100,14741,2026-08-13,Remix,10
7462,2121,33567,2026-01-22,Remix,10
7463,8541,25173,2026-03-14,Recreate,100
7464,5797,10043,2026-02-10,Recreate,20
7465,492,6767,2026-02-11,Recreate,20
7466,7520,29950,2026-08-09,Recreate,50
7467,4637,29429,2026-07-15,Recreate,5
7468,4252,796,2026-05-15,Remix,5
7469,8641,50790,2026-04-11,Recreate,50
7470,8980,34389,2026-07-31,Recreate,30
7471,8034,50239,2026-04-05,Engagement Bonus,100
7472,4338,18148,2026-07-06,Engagement Bonus,20
7473,7407,57777,2026-05-14,Remix,5
7474,451,51315,2026-08-19,Remix,10
7475,1199,31431,2026-01-27,Remix,10
7476,9678,43289,2026-05-27,Recreate,10
7477,30,17301,2026-04-28,Engagement Bonus,50
7478,5689,4213,2026-02-16,Remix,20
7479,536,6050,2026-04-19,Recreate,100
7480,9540,21748,2026-01-24,Recreate,20
7481,6505,21975,2026-07-02,Remix,30
7482,7262,45491,2026-03-20,Recreate,100
7483,3527,44511,2026-05-11,Remix,10
7484,8741,53205,2026-01-09,Recreate,10
7485,2173,36520,2026-05-30,Recreate,5
7486,220,40875,2026-07-15,Remix,5
7487,4680,42415,2026-01-24,Recreate,20
7488,4295,21593,2026-07-16,Remix,5
7489,491,51689,2026-01-05,Remix,50
7490,1269,52724,2026-04-15,Recreate,30
7491,6795,40469,2026-01-18,Recreate,5
7492,2564,48029,2026-07-27,Remix,20
7493,7479,43771,2026-08-14,Recreate,50
7494,9728,36618,2026-08-05,Engagement Bonus,20
7495,8221,5076,2026-01-28,Remix,10
7496,4378,57203,2026-04-07,Recreate,5
7497,1604,34684,2026-03-01,Recreate,5
7498,83,41654,2026-02-28,Recreate,5
7499,6791,56560,2026-05-04,Recreate,5
7500,3155,32105,2026-05-13,Remix,20
7501,2134,39265,2026-07-24,Recreate,100
7502,120,37661,2026-02-10,Engagement Bonus,5
7503,5900,12316,2026-07-19,Remix,100
7504,6281,59213,2026-08-08,Remix,5
7505,9402,17963,2026-02-05,Recreate,20
7506,8781,58825,2026-03-17,Engagement Bonus,30
7507,6111,38205,2026-06-03,Recreate,100
7508,7348,49536,2026-05-02,Recreate,10
7509,1368,9316,2026-07-12,Engagement Bonus,10
7510,7016,2423,2026-06-30,Recreate,20
7511,988,1658,2026-06-30,Recreate,20
7512,8530,22451,2026-06-14,Recreate,5
7513,823,35978,2026-06-11,Remix,5
7514,9272,48760,2026-02-14,Recreate,30
7515,2883,39663,2026-03-08,Recreate,30
7516,3485,14924,2026-03-14,Remix,10
7517,5315,13805,2026-03-30,Engagement Bonus,20
7518,9694,46698,2026-06-11,Remix,10
7519,559,4050,2026-06-21,Remix,5
7520,1977,3958,2026-01-18,Recreate,5
7521,9636,38214,2026-05-22,Engagement Bonus,30
7522,4208,214,2026-08-28,Recreate,10
7523,1363,42726,2026-05-03,Recreate,20
7524,77,6999,2026-08-01,Remix,10
7525,8896,21369,2026-01-23,Recreate,5
7526,1269,12469,2026-03-05,Engagement Bonus,30
7527,9452,39134,2026-08-29,Recreate,5
7528,5408,42670,2026-06-24,Recreate,100
7529,497,26963,2026-04-19,Recreate,10
7530,401,5500,2026-05-31,Recreate,20
7531,7872,38127,2026-08-26,Recreate,5
7532,2613,18403,2026-05-14,Recreate,50
7533,2642,38131,2026-02-10,Remix,10
7534,7383,44397,2026-04-24,Remix,10
7535,9950,40287,2026-08-01,Remix,5
7536,7577,55652,2026-06-29,Remix,5
7537,6304,43818,2026-07-09,Recreate,20
7538,3360,11355,2026-02-26,Engagement Bonus,20
7539,6844,47822,2026-07-01,Engagement Bonus,30
7540,2044,4635,2026-05-09,Remix,10
7541,9651,13616,2026-02-13,Recreate,50
7542,5995,25211,2026-08-22,Recreate,20
7543,5189,31220,2026-06-26,Recreate,5
7544,7566,23339,2026-04-02,Remix,20
7545,687,46889,2026-06-22,Recreate,50
7546,7498,18910,2026-05-15,Recreate,30
7547,3506,57339,2026-04-23,Remix,20
7548,5272,12679,2026-02-28,Remix,10
7549,2279,17442,2026-03-01,Remix,5
7550,2040,3809,2026-06-02,Remix,20
7551,1488,3157,2026-07-26,Recreate,20
7552,744,14393,2026-04-18,Recreate,50
7553,1522,55573,2026-01-06,Recreate,5
7554,2345,37902,2026-01-08,Engagement Bonus,50
7555,3241,18463,2026-04-05,Recreate,10
7556,3946,22209,2026-07-30,Recreate,5
7557,9996,48215,2026-01-17,Remix,100
7558,1503,324,2026-03-27,Remix,5
7559,9471,1460,2026-01-15,Recreate,30
7560,8522,49808,2026-06-16,Recreate,100
7561,5189,55258,2026-08-07,Remix,10
7562,1626,46428,2026-01-01,Recreate,20
7563,3936,47664,2026-01-13,Remix,20
7564,5723,12763,2026-03-29,Remix,5
7565,3225,18437,2026-01-13,Engagement Bonus,5
7566,3720,8586,2026-03-18,Engagement Bonus,5
7567,9374,26585,2026-02-18,Recreate,20
7568,5526,52150,2026-07-01,Remix,5
7569,6064,49720,2026-01-12,Remix,10
7570,1467,4281,2026-05-27,Recreate,10
7571,8993,53285,2026-03-03,Recreate,10
7572,9960,28064,2026-01-28,Engagement Bonus,10
7573,7605,32831,2026-03-03,Recreate,10
7574,2766,11938,2026-04-01,Recreate,5
7575,6969,34969,2026-06-11,Remix,10
7576,3308,44544,2026-06-02,Recreate,20
7577,6347,26126,2026-02-12,Recreate,5
7578,5870,28462,2026-06-12,Recreate,10
7579,3915,17082,2026-08-16,Engagement Bonus,20
7580,9692,6621,2026-02-08,Engagement Bonus,5
7581,6628,35358,2026-04-26,Remix,5
7582,254,15708,2026-08-02,Remix,5
7583,8036,18381,2026-06-12,Recreate,30
7584,7980,34479,2026-05-19,Recreate,10
7585,5022,17947,2026-02-03,Engagement Bonus,30
7586,7415,53673,2026-06-17,Remix,30
7587,6268,21902,2026-07-27,Remix,100
7588,2999,31308,2026-08-21,Recreate,30
7589,8119,13032,2026-01-12,Recreate,5
7590,6833,2760,2026-01-20,Recreate,5
7591,3410,17736,2026-02-10,Recreate,100
7592,2536,9167,2026-03-06,Remix,10
7593,6052,47776,2026-02-08,Remix,5
7594,1218,39655,2026-02-25,Remix,50
7595,5723,8546,2026-08-08,Recreate,20
7596,6665,20457,2026-01-23,Recreate,50
7597,2425,20645,2026-05-04,Recreate,5
7598,3602,11519,2026-04-18,Remix,20
7599,6568,39469,2026-05-03,Remix,5
7600,461,38456,2026-05-15,Recreate,5
7601,3243,55298,2026-01-13,Recreate,5
7602,1388,25055,2026-03-18,Recreate,30
7603,3851,20102,2026-02-01,Recreate,10
7604,8369,20924,2026-04-20,Remix,10
7605,3320,43205,2026-07-02,Recreate,30
7606,9061,51892,2026-07-23,Recreate,5
7607,5437,17217,2026-02-28,Recreate,10
7608,1762,47283,2026-01-19,Recreate,5
7609,8611,12477,2026-07-04,Remix,30
7610,6018,1953,2026-04-02,Remix,10
7611,5607,13407,2026-07-02,Remix,20
7612,1476,55355,2026-01-11,Remix,30
7613,3695,20124,2026-04-28,Recreate,50
7614,5326,28329,2026-03-04,Recreate,10
7615,5713,33537,2026-04-27,Recreate,20
7616,3767,59636,2026-01-24,Recreate,100
7617,8561,4073,2026-01-30,Recreate,10
7618,6504,22578,2026-06-24,Recreate,5
7619,6145,32817,2026-04-26,Recreate,5
7620,2612,14631,2026-03-30,Recreate,50
7621,9210,32519,2026-08-17,Recreate,10
7622,409,42699,2026-06-06,Remix,100
7623,2893,32583,2026-03-21,Engagement Bonus,5
7624,9949,50419,2026-08-02,Engagement Bonus,20
7625,6224,10293,2026-05-12,Engagement Bonus,100
7626,8056,1182,2026-05-30,Recreate,10
7627,606,4867,2026-01-24,Engagement Bonus,10
7628,3747,24496,2026-03-29,Remix,10
7629,7718,30506,2026-03-18,Recreate,20
7630,2671,21034,2026-04-05,Remix,30
7631,5212,32140,2026-03-06,Recreate,20
7632,3873,56672,2026-01-20,Remix,10
7633,3371,56690,2026-08-11,Recreate,10
7634,6566,2388,2026-07-15,Recreate,30
7635,4322,17847,2026-01-12,Recreate,20
7636,9609,1905,2026-05-24,Recreate,20
7637,3590,16213,2026-04-02,Recreate,5
7638,6242,4964,2026-01-11,Remix,10
7639,1287,47591,2026-07-23,Remix,5
7640,8389,4864,2026-06-04,Recreate,5
7641,6391,45356,2026-04-27,Recreate,10
7642,3866,23375,2026-06-01,Recreate,5
7643,8593,53007,2026-04-02,Engagement Bonus,20
7644,496,31506,2026-02-27,Recreate,10
7645,3082,5562,2026-08-29,Recreate,50
7646,3437,52668,2026-04-16,Remix,20
7647,6450,9952,2026-03-29,Remix,20
7648,2041,24853,2026-01-06,Recreate,20
7649,3406,53002,2026-04-08,Recreate,30
7650,580,52907,2026-08-21,Recreate,30
7651,8814,57809,2026-03-30,Recreate,100
7652,3581,54453,2026-07-15,Recreate,30
7653,9357,19190,2026-05-08,Recreate,20
7654,2690,29523,2026-01-27,Recreate,10
7655,7637,54302,2026-08-04,Recreate,5
7656,5045,38373,2026-07-22,Remix,5
7657,5465,33397,2026-08-15,Recreate,10
7658,9927,1345,2026-08-21,Recreate,5
7659,438,29497,2026-03-15,Recreate,5
7660,7577,42007,2026-06-15,Recreate,20
7661,1998,14585,2026-08-06,Recreate,30
7662,6142,17595,2026-02-01,Remix,5
7663,6358,24525,2026-05-23,Remix,5
7664,49,39744,2026-03-02,Recreate,5
7665,2531,29335,2026-05-23,Recreate,30
7666,5492,9500,2026-03-09,Recreate,20
7667,9471,1460,2026-02-04,Recreate,20
7668,9936,41831,2026-03-08,Remix,100
7669,3988,13213,2026-04-20,Recreate,10
7670,4203,39342,2026-06-23,Recreate,20
7671,5771,50167,2026-06-18,Remix,20
7672,7995,53087,2026-05-18,Recreate,20
7673,6144,21959,2026-02-16,Remix,30
7674,616,54833,2026-04-05,Recreate,10
7675,6570,27796,2026-06-15,Recreate,5
7676,4814,53227,2026-05-05,Recreate,5
7677,7846,18211,2026-02-18,Remix,50
7678,2336,7314,2026-07-04,Remix,100
7679,662,37002,2026-07-14,Recreate,30
7680,1136,1147,2026-06-19,Remix,10
7681,5410,12376,2026-03-12,Engagement Bonus,5
7682,1357,52169,2026-05-16,Recreate,50
7683,5208,16604,2026-06-06,Remix,30
7684,8152,28275,2026-03-13,Engagement Bonus,30
7685,1321,50955,2026-03-23,Recreate,10
7686,1122,1618,2026-07-28,Recreate,20
7687,1857,36082,2026-07-09,Recreate,30
7688,940,52836,2026-08-03,Recreate,20
7689,5554,25008,2026-08-05,Remix,50
7690,7397,19266,2026-01-17,Remix,10
7691,1940,980,2026-04-20,Remix,10
7692,1493,32531,2026-01-04,Engagement Bonus,30
7693,4312,39717,2026-01-08,Recreate,100
7694,3737,4971,2026-07-11,Recreate,5
7695,3633,48343,2026-08-10,Remix,20
7696,3694,18628,2026-07-21,Recreate,5
7697,4523,6668,2026-02-05,Recreate,30
7698,6771,22456,2026-07-06,Recreate,5
7699,7217,41101,2026-01-22,Recreate,100
7700,2740,3730,2026-02-09,Recreate,10
7701,7362,8081,2026-01-30,Recreate,20
7702,7552,38962,2026-07-07,Remix,30
7703,3259,27951,2026-02-08,Remix,10
7704,2743,4838,2026-01-10,Recreate,20
7705,8363,56437,2026-07-03,Recreate,20
7706,5007,49316,2026-06-03,Recreate,100
7707,4947,48027,2026-07-09,Remix,20
7708,8050,54371,2026-02-10,Recreate,20
7709,6185,52482,2026-02-28,Engagement Bonus,5
7710,6013,23793,2026-08-14,Recreate,10
7711,3928,51908,2026-04-27,Remix,10
7712,8273,32948,2026-04-29,Engagement Bonus,50
7713,5205,3949,2026-01-24,Remix,10
7714,6517,56102,2026-04-23,Engagement Bonus,10
7715,6816,55843,2026-01-16,Recreate,5
7716,6305,3956,2026-05-12,Remix,5
7717,2184,50954,2026-07-09,Recreate,30
7718,477,4065,2026-01-15,Remix,5
7719,2947,48339,2026-08-21,Remix,5
7720,1459,11527,2026-05-31,Recreate,5
7721,8411,19638,2026-06-11,Recreate,5
7722,3358,20887,2026-08-11,Recreate,10
7723,9553,49105,2026-06-07,Remix,10
7724,7013,31685,2026-03-19,Recreate,5
7725,739,39675,2026-01-02,Recreate,5
7726,291,26971,2026-07-11,Recreate,100
7727,7371,44263,2026-03-25,Remix,5
7728,7813,4028,2026-03-30,Recreate,10
7729,8998,48398,2026-07-02,Recreate,10
7730,8011,3543,2026-05-11,Remix,20
7731,5266,51499,2026-06-09,Recreate,5
7732,8258,15563,2026-03-16,Engagement Bonus,30
7733,1137,4035,2026-08-27,Engagement Bonus,30
7734,2757,32926,2026-01-17,Recreate,10
7735,3891,17479,2026-01-03,Remix,10
7736,374,20349,2026-03-25,Remix,30
7737,1858,48260,2026-04-06,Recreate,30
7738,1175,43374,2026-04-02,Remix,30
7739,4294,25780,2026-07-26,Recreate,20
7740,4663,40840,2026-07-12,Recreate,10
7741,9654,25890,2026-05-20,Remix,5
7742,8909,34711,2026-08-19,Recreate,10
7743,9302,21211,2026-07-26,Recreate,100
7744,6050,56034,2026-03-16,Recreate,50
7745,4883,36045,2026-01-08,Remix,30
7746,9956,37175,2026-04-13,Engagement Bonus,30
7747,1289,28430,2026-07-17,Remix,30
7748,1832,17392,2026-05-21,Recreate,30
7749,4581,19800,2026-07-11,Remix,100
7750,2848,54529,2026-01-22,Recreate,10
7751,5402,51431,2026-08-25,Recreate,20
7752,9913,317,2026-05-20,Recreate,50
7753,9866,48476,2026-08-09,Recreate,5
7754,2987,16615,2026-05-05,Engagement Bonus,10
7755,1186,47088,2026-03-25,Recreate,20
7756,4279,56022,2026-04-22,Engagement Bonus,10
7757,7775,1852,2026-02-25,Remix,20
7758,284,20071,2026-08-28,Recreate,30
7759,5642,3620,2026-05-13,Remix,10
7760,7257,38463,2026-06-12,Recreate,50
7761,2588,19063,2026-02-26,Remix,5
7762,4147,46705,2026-03-07,Remix,10
7763,5908,40581,2026-08-11,Recreate,10
7764,6818,19794,2026-06-21,Recreate,5
7765,7902,26578,2026-08-11,Recreate,30
7766,4923,43824,2026-04-23,Engagement Bonus,5
7767,9871,1368,2026-04-01,Remix,100
7768,5977,55572,2026-02-04,Recreate,100
7769,4096,28672,2026-07-14,Engagement Bonus,5
7770,5991,29470,2026-06-22,Recreate,5
7771,7956,25799,2026-01-25,Recreate,10
7772,6871,21952,2026-03-02,Recreate,5
7773,7523,24590,2026-03-18,Remix,10
7774,6324,6342,2026-05-23,Remix,20
7775,6108,5852,2026-02-14,Remix,20
7776,1000,16250,2026-02-18,Engagement Bonus,50
7777,587,56439,2026-08-01,Remix,5
7778,9713,7778,2026-04-26,Remix,10
7779,9967,363,2026-01-30,Recreate,100
7780,8776,21542,2026-04-09,Recreate,10
7781,6940,16708,2026-01-28,Recreate,10
7782,1339,45846,2026-06-07,Engagement Bonus,10
7783,9264,26502,2026-06-28,Recreate,5
7784,5415,30763,2026-01-02,Recreate,20
7785,4861,8760,2026-02-28,Recreate,10
7786,8959,36015,2026-07-24,Recreate,5
7787,5200,40084,2026-03-31,Engagement Bonus,20
7788,6916,44241,2026-06-12,Recreate,10
7789,2813,24227,2026-02-01,Recreate,5
7790,1149,47596,2026-04-09,Remix,30
7791,7291,18696,2026-05-10,Recreate,5
7792,6653,5265,2026-03-26,Recreate,10
7793,4565,74,2026-05-08,Engagement Bonus,5
7794,7945,2176,2026-08-12,Recreate,100
7795,6223,41147,2026-07-24,Remix,20
7796,375,56729,2026-04-16,Engagement Bonus,100
7797,2838,1218,2026-06-16,Remix,5
7798,5166,8371,2026-05-15,Engagement Bonus,50
7799,1163,29157,2026-07-13,Recreate,20
7800,9428,24580,2026-08-13,Recreate,10
7801,9653,17483,2026-02-12,Recreate,100
7802,1849,12560,2026-01-06,Engagement Bonus,50
7803,6430,36762,2026-03-07,Recreate,30
7804,9103,2327,2026-05-20,Engagement Bonus,20
7805,959,13117,2026-05-20,Recreate,10
7806,3031,31263,2026-08-26,Remix,10
7807,5563,7859,2026-04-03,Recreate,5
7808,7236,9662,2026-05-13,Remix,10
7809,5470,8072,2026-06-28,Recreate,10
7810,8880,21040,2026-05-02,Recreate,5
7811,891,49871,2026-03-23,Recreate,10
7812,6139,26893,2026-05-07,Recreate,10
7813,2199,15862,2026-08-18,Recreate,5
7814,5134,30946,2026-03-01,Recreate,50
7815,5264,36965,2026-07-15,Recreate,20
7816,1279,13883,2026-04-02,Recreate,20
7817,7814,16558,2026-03-29,Remix,30
7818,452,18138,2026-07-04,Recreate,10
7819,6859,37993,2026-06-27,Engagement Bonus,30
7820,646,9700,2026-05-13,Engagement Bonus,50
7821,8239,20785,2026-03-08,Remix,5
7822,1193,28644,2026-07-21,Remix,5
7823,7418,48413,2026-03-05,Recreate,10
7824,5379,9478,2026-03-17,Remix,5
7825,7565,51425,2026-07-09,Remix,30
7826,1239,23076,2026-04-23,Engagement Bonus,5
7827,7876,18629,2026-05-16,Recreate,50
7828,535,29580,2026-03-27,Recreate,30
7829,7112,36599,2026-02-13,Recreate,10
7830,8862,35360,2026-04-23,Remix,10
7831,7015,43980,2026-04-15,Remix,5
7832,8362,25177,2026-07-21,Recreate,10
7833,7863,29253,2026-03-14,Recreate,30
7834,7172,29778,2026-01-20,Recreate,30
7835,9730,23540,2026-04-08,Recreate,50
7836,7319,6295,2026-03-12,Remix,20
7837,9265,41760,2026-06-12,Remix,10
7838,8331,12833,2026-04-27,Recreate,30
7839,5218,8049,2026-06-18,Recreate,50
7840,8407,31234,2026-02-09,Remix,10
7841,4702,29757,2026-08-22,Recreate,5
7842,62,1986,2026-07-22,Recreate,100
7843,3395,31123,2026-03-19,Recreate,10
7844,8387,36458,2026-01-27,Recreate,5
7845,2646,41803,2026-06-17,Recreate,30
7846,8761,23841,2026-07-19,Remix,5
7847,4829,9654,2026-02-25,Recreate,10
7848,3069,35348,2026-01-02,Remix,5
7849,871,51785,2026-07-22,Recreate,30
7850,8142,16792,2026-03-29,Recreate,20
7851,6354,55769,2026-08-16,Engagement Bonus,50
7852,6310,45540,2026-03-09,Recreate,30
7853,2117,27426,2026-07-22,Recreate,10
7854,8372,26002,2026-03-12,Recreate,30
7855,5897,23467,2026-05-26,Remix,5
7856,3524,47348,2026-02-11,Recreate,5
7857,3804,24617,2026-01-23,Remix,50
7858,2027,11409,2026-02-18,Recreate,100
7859,9732,9581,2026-08-13,Recreate,10
7860,3133,50040,2026-03-16,Engagement Bonus,5
7861,9971,58962,2026-02-27,Recreate,10
7862,6246,25397,2026-04-14,Recreate,10
7863,7104,32802,2026-06-03,Remix,5
7864,4632,30248,2026-02-21,Recreate,5
7865,4449,59163,2026-06-22,Recreate,50
7866,5974,44764,2026-01-06,Remix,10
7867,1191,11354,2026-07-03,Remix,50
7868,4908,52093,2026-02-05,Recreate,5
7869,1022,22772,2026-08-06,Remix,5
7870,1571,7651,2026-06-12,Remix,10
7871,7909,1168,2026-04-06,Recreate,100
7872,5584,12782,2026-05-27,Recreate,10
7873,2819,39029,2026-08-16,Recreate,5
7874,9692,47246,2026-06-24,Recreate,5
7875,9973,14795,2026-05-02,Remix,5
7876,181,42994,2026-03-24,Remix,20
7877,3039,48124,2026-08-13,Remix,5
7878,2350,15405,2026-08-01,Recreate,5
7879,852,37843,2026-02-05,Engagement Bonus,10
7880,2415,28628,2026-04-20,Engagement Bonus,5
7881,3130,47140,2026-01-23,Recreate,30
7882,9536,225,2026-02-14,Remix,5
7883,1804,30603,2026-08-22,Engagement Bonus,30
7884,881,16249,2026-03-17,Recreate,10
7885,6537,45533,2026-03-08,Recreate,5
7886,6650,37968,2026-07-20,Engagement Bonus,5
7887,1635,29307,2026-05-11,Recreate,20
7888,9972,29954,2026-03-01,Recreate,20
7889,2865,21472,2026-08-22,Remix,5
7890,25,22500,2026-03-01,Recreate,5
7891,6046,20475,2026-01-07,Remix,10
7892,4328,20113,2026-03-24,Engagement Bonus,20
7893,890,44717,2026-02-15,Recreate,20
7894,5104,47690,2026-04-10,Recreate,100
7895,6436,57580,2026-01-12,Recreate,10
7896,6229,37502,2026-05-28,Remix,10
7897,421,52794,2026-08-28,Engagement Bonus,20
7898,7488,55997,2026-03-16,Recreate,5
7899,8227,18278,2026-03-24,Recreate,10
7900,3230,54295,2026-02-22,Remix,100
7901,6895,26006,2026-08-19,Engagement Bonus,100
7902,5728,20726,2026-07-10,Recreate,5
7903,5222,29153,2026-03-10,Recreate,10
7904,8527,41190,2026-06-12,Recreate,30
7905,1025,5787,2026-02-28,Recreate,10
7906,1663,50641,2026-02-22,Recreate,20
7907,8477,28388,2026-08-19,Recreate,30
7908,6093,31920,2026-05-04,Remix,5
7909,8562,56737,2026-03-03,Recreate,20
7910,2258,35621,2026-04-12,Remix,10
7911,8375,19355,2026-01-27,Engagement Bonus,5
7912,8758,41890,2026-04-23,Engagement Bonus,10
7913,8036,44390,2026-02-01,Engagement Bonus,10
7914,6388,32986,2026-07-12,Recreate,5
7915,5608,2927,2026-08-18,Recreate,10
7916,7834,37959,2026-08-05,Engagement Bonus,10
7917,8040,59489,2026-07-25,Recreate,50
7918,7287,41939,2026-06-11,Remix,30
7919,8424,23096,2026-02-09,Remix,20
7920,9133,23228,2026-05-05,Recreate,50
7921,4385,46772,2026-07-01,Recreate,5
7922,9565,51416,2026-01-08,Recreate,5
7923,6415,32328,2026-03-16,Remix,30
7924,383,59532,2026-05-11,Remix,5
7925,7453,45205,2026-07-14,Remix,10
7926,8717,56872,2026-04-14,Recreate,50
7927,4892,59265,2026-07-10,Engagement Bonus,5
7928,3899,51457,2026-02-05,Remix,50
7929,477,56963,2026-03-05,Remix,10
7930,6563,25512,2026-08-13,Recreate,10
7931,4606,59095,2026-08-29,Recreate,100
7932,796,8171,2026-06-09,Remix,50
7933,2924,48999,2026-06-07,Recreate,5
7934,5705,44028,2026-02-28,Recreate,100
7935,6472,53488,2026-01-07,Recreate,30
7936,2728,52628,2026-01-28,Recreate,5
7937,4659,48389,2026-06-27,Recreate,10
7938,5688,10944,2026-06-27,Remix,5
7939,4371,47444,2026-02-03,Recreate,20
7940,1814,37820,2026-03-11,Recreate,10
7941,1220,56523,2026-05-09,Engagement Bonus,20
7942,9475,9724,2026-08-21,Recreate,100
7943,7750,46712,2026-05-03,Recreate,5
7944,3272,17215,2026-08-08,Recreate,10
7945,860,56998,2026-08-17,Remix,20
7946,9927,2154,2026-08-05,Remix,20
7947,7966,12432,2026-06-13,Recreate,5
7948,7568,59800,2026-03-08,Recreate,50
7949,4647,41214,2026-05-21,Recreate,10
7950,2491,38405,2026-08-24,Recreate,50
7951,8228,32582,2026-04-24,Recreate,30
7952,6873,59841,2026-05-11,Remix,10
7953,3709,28983,2026-01-13,Remix,10
7954,7725,34924,2026-03-12,Engagement Bonus,20
7955,5421,7237,2026-02-11,Recreate,5
7956,7957,52629,2026-01-08,Recreate,10
7957,7098,23350,2026-05-10,Remix,30
7958,1330,10211,2026-05-31,Recreate,10
7959,3444,33482,2026-08-12,Remix,10
7960,448,24375,2026-04-29,Recreate,30
7961,1956,14351,2026-03-11,Recreate,10
7962,6062,21633,2026-07-14,Engagement Bonus,5
7963,1917,19184,2026-07-21,Engagement Bonus,5
7964,1144,21076,2026-01-19,Recreate,10
7965,7209,15583,2026-02-03,Recreate,10
7966,1060,59738,2026-08-03,Engagement Bonus,20
7967,7165,19719,2026-05-17,Recreate,20
7968,1139,5912,2026-04-13,Recreate,20
7969,1546,51352,2026-02-15,Recreate,5
7970,5197,37660,2026-05-27,Remix,10
7971,2229,39606,2026-07-09,Remix,5
7972,9715,55195,2026-06-12,Remix,10
7973,7191,1596,2026-06-30,Remix,20
7974,2503,52173,2026-06-13,Recreate,20
7975,6874,2510,2026-04-12,Recreate,50
7976,8313,52759,2026-06-17,Remix,20
7977,6067,11238,2026-06-26,Remix,30
7978,4360,11385,2026-07-04,Recreate,100
7979,8535,11554,2026-05-26,Engagement Bonus,10
7980,6851,41889,2026-07-22,Recreate,5
7981,6329,23609,2026-01-19,Remix,20
7982,2419,6299,2026-05-30,Recreate,10
7983,122,32461,2026-08-15,Recreate,10
7984,5114,13336,2026-06-16,Remix,30
7985,8460,7695,2026-05-17,Recreate,10
7986,7288,26087,2026-02-06,Recreate,30
7987,7282,43104,2026-07-23,Engagement Bonus,30
7988,8645,15291,2026-06-18,Recreate,20
7989,1382,13450,2026-07-09,Remix,10
7990,7176,15010,2026-07-21,Engagement Bonus,5
7991,6301,30725,2026-01-15,Recreate,10
7992,3839,7502,2026-06-10,Remix,5
7993,8721,12382,2026-06-19,Remix,10
7994,5827,24159,2026-06-30,Recreate,50
7995,8743,5738,2026-04-24,Recreate,10
7996,5221,58947,2026-01-15,Engagement Bonus,10
7997,1771,23595,2026-07-11,Recreate,30
7998,9649,55585,2026-02-28,Recreate,5
7999,7139,42202,2026-03-18,Remix,30
8000,2230,29320,2026-01-26,Remix,10
8001,6999,57336,2026-03-24,Recreate,30
8002,4829,21066,2026-05-10,Recreate,20
8003,4410,45415,2026-06-05,Remix,20
8004,8679,32692,2026-06-15,Engagement Bonus,30
8005,7465,35817,2026-03-01,Recreate,10
8006,3611,43677,2026-06-24,Remix,50
8007,823,19111,2026-04-05,Engagement Bonus,10
8008,3485,35351,2026-08-23,Remix,5
8009,3686,57638,2026-03-10,Remix,10
8010,8264,25560,2026-07-28,Remix,5
8011,1543,43680,2026-07-05,Recreate,20
8012,5073,25714,2026-02-15,Recreate,5
8013,2749,46676,2026-06-29,Recreate,20
8014,3630,9195,2026-07-19,Recreate,5
8015,5930,4732,2026-08-08,Remix,5
8016,4762,29131,2026-08-28,Recreate,5
8017,9767,42899,2026-01-20,Engagement Bonus,100
8018,7621,44516,2026-03-18,Recreate,50
8019,8226,9226,2026-05-03,Recreate,30
8020,4466,53909,2026-07-17,Engagement Bonus,5
8021,8874,13025,2026-07-14,Recreate,30
8022,2752,46735,2026-05-23,Recreate,10
8023,783,11563,2026-01-18,Remix,10
8024,9426,54694,2026-02-12,Remix,100
8025,7117,57453,2026-01-19,Remix,30
8026,9571,7675,2026-04-09,Recreate,20
8027,5586,53664,2026-02-03,Recreate,30
8028,1603,48507,2026-08-02,Recreate,10
8029,6324,55022,2026-04-22,Recreate,5
8030,6084,33029,2026-01-07,Engagement Bonus,10
8031,6813,54336,2026-02-28,Remix,10
8032,1689,47368,2026-06-23,Remix,5
8033,8755,35975,2026-05-07,Remix,20
8034,3927,18504,2026-08-28,Recreate,30
8035,1025,5787,2026-05-08,Engagement Bonus,30
8036,6858,21461,2026-08-18,Engagement Bonus,10
8037,9498,43877,2026-01-08,Recreate,5
8038,3780,650,2026-07-31,Remix,5
8039,9741,34630,2026-03-12,Recreate,20
8040,3335,22713,2026-02-18,Engagement Bonus,10
8041,5140,45725,2026-05-05,Recreate,5
8042,2847,26499,2026-06-03,Remix,30
8043,5137,41931,2026-07-31,Recreate,20
8044,8588,34280,2026-07-06,Recreate,100
8045,4818,6238,2026-06-22,Recreate,10
8046,1653,38273,2026-02-03,Engagement Bonus,10
8047,131,15858,2026-05-23,Remix,20
8048,7662,39632,2026-05-13,Recreate,5
8049,4299,10724,2026-05-29,Engagement Bonus,5
8050,2927,5241,2026-02-10,Engagement Bonus,20
8051,1501,12227,2026-03-19,Engagement Bonus,100
8052,8223,12910,2026-08-06,Recreate,20
8053,445,57604,2026-02-23,Recreate,20
8054,8149,55667,2026-03-12,Remix,20
8055,8164,34978,2026-07-03,Recreate,30
8056,6164,34955,2026-05-04,Remix,50
8057,5756,58012,2026-01-22,Recreate,5
8058,7757,10699,2026-06-16,Engagement Bonus,5
8059,6760,43271,2026-08-19,Engagement Bonus,10
8060,9040,53862,2026-03-21,Recreate,10
8061,140,41892,2026-08-09,Recreate,30
8062,2552,16284,2026-06-01,Recreate,20
8063,7355,18571,2026-01-25,Recreate,20
8064,9120,7194,2026-02-03,Recreate,10
8065,2114,37969,2026-06-23,Engagement Bonus,50
8066,4179,42745,2026-08-29,Recreate,10
8067,6412,19365,2026-03-28,Engagement Bonus,100
8068,9530,53892,2026-08-20,Recreate,20
8069,247,15910,2026-01-04,Remix,5
8070,7581,49273,2026-08-16,Remix,10
8071,283,30863,2026-01-12,Remix,100
8072,7994,58616,2026-04-22,Recreate,5
8073,7969,16999,2026-05-06,Engagement Bonus,30
8074,327,52612,2026-04-09,Remix,50
8075,5554,8334,2026-02-05,Remix,10
8076,3591,56727,2026-01-29,Engagement Bonus,30
8077,9747,4952,2026-05-07,Remix,20
8078,5277,14296,2026-02-02,Recreate,20
8079,7812,12448,2026-06-13,Recreate,5
8080,959,34502,2026-05-07,Recreate,100
8081,9097,45412,2026-04-14,Recreate,5
8082,6305,3600,2026-05-18,Remix,5
8083,8978,24911,2026-04-27,Recreate,100
8084,3498,54479,2026-04-28,Engagement Bonus,20
8085,1744,22007,2026-01-15,Recreate,30
8086,4056,47011,2026-01-04,Remix,20
8087,9991,56865,2026-02-02,Engagement Bonus,50
8088,1610,19433,2026-08-08,Recreate,20
8089,901,4846,2026-08-30,Recreate,5
8090,192,18321,2026-05-09,Recreate,100
8091,2958,13515,2026-08-10,Recreate,10
8092,5448,16412,2026-07-15,Recreate,20
8093,2977,51138,2026-01-20,Remix,30
8094,9787,4961,2026-08-29,Recreate,10
8095,8938,7998,2026-02-02,Recreate,10
8096,7185,7310,2026-07-03,Recreate,20
8097,8319,59971,2026-03-24,Remix,20
8098,3814,54544,2026-03-14,Recreate,30
8099,5438,41933,2026-05-17,Recreate,20
8100,6251,39364,2026-08-23,Recreate,30
8101,1131,40613,2026-01-08,Recreate,20
8102,4212,38851,2026-03-10,Remix,20
8103,3858,28182,2026-04-21,Remix,5
8104,1831,10535,2026-05-27,Remix,5
8105,4397,46781,2026-03-08,Remix,20
8106,5640,30275,2026-01-30,Remix,5
8107,2220,55366,2026-06-09,Recreate,5
8108,9179,21617,2026-07-25,Recreate,50
8109,2130,30299,2026-02-26,Recreate,100
8110,2769,15317,2026-06-01,Engagement Bonus,10
8111,7443,49568,2026-08-21,Engagement Bonus,10
8112,5025,46811,2026-06-26,Recreate,30
8113,2353,22487,2026-05-16,Recreate,5
8114,5260,54263,2026-03-08,Recreate,10
8115,6704,2437,2026-08-31,Recreate,50
8116,2033,48134,2026-03-05,Remix,5
8117,7236,50119,2026-08-16,Engagement Bonus,10
8118,1402,43248,2026-07-24,Remix,20
8119,7355,18571,2026-03-23,Recreate,20
8120,5239,19174,2026-02-09,Remix,5
8121,672,17017,2026-05-14,Recreate,50
8122,4344,50809,2026-04-24,Recreate,5
8123,5976,42465,2026-08-20,Remix,30
8124,5217,16127,2026-06-07,Recreate,5
8125,8452,24050,2026-06-13,Recreate,10
8126,3827,10547,2026-08-03,Engagement Bonus,100
8127,6849,15576,2026-07-08,Recreate,30
8128,2828,718,2026-04-15,Recreate,10
8129,7041,9067,2026-02-19,Engagement Bonus,100
8130,8290,24336,2026-01-10,Recreate,20
8131,9904,51863,2026-07-08,Recreate,100
8132,5410,34725,2026-04-19,Recreate,10
8133,7253,31641,2026-06-05,Recreate,30
8134,387,1228,2026-05-22,Recreate,50
8135,1509,54915,2026-08-08,Remix,30
8136,1918,17890,2026-05-15,Engagement Bonus,20
8137,4001,12788,2026-07-09,Recreate,10
8138,9083,29358,2026-03-20,Recreate,30
8139,1878,58723,2026-03-11,Remix,10
8140,700,40484,2026-07-15,Recreate,5
8141,7155,42056,2026-07-06,Recreate,20
8142,5009,2895,2026-03-07,Recreate,20
8143,1609,19986,2026-03-14,Remix,20
8144,7622,32868,2026-06-04,Engagement Bonus,10
8145,3151,51962,2026-07-12,Recreate,50
8146,8908,7149,2026-03-28,Recreate,50
8147,6568,5005,2026-07-06,Recreate,10
8148,1013,1359,2026-02-21,Engagement Bonus,5
8149,7676,51376,2026-07-18,Remix,100
8150,1440,38651,2026-01-15,Recreate,30
8151,7098,36390,2026-02-09,Recreate,10
8152,458,49117,2026-03-24,Engagement Bonus,20
8153,4329,46473,2026-08-08,Recreate,20
8154,5546,1036,2026-06-20,Recreate,10
8155,5469,46158,2026-08-18,Recreate,5
8156,3906,18458,2026-06-11,Engagement Bonus,20
8157,1329,14526,2026-06-18,Recreate,10
8158,4018,20357,2026-02-22,Recreate,20
8159,5878,54137,2026-03-15,Recreate,20
8160,4210,4711,2026-07-21,Remix,10
8161,1596,31784,2026-07-01,Recreate,10
8162,7156,1773,2026-05-09,Remix,10
8163,9160,33897,2026-03-02,Engagement Bonus,10
8164,6223,55939,2026-02-26,Recreate,10
8165,3694,5762,2026-02-23,Engagement Bonus,5
8166,4093,48930,2026-06-30,Recreate,100
8167,7540,36597,2026-07-05,Recreate,5
8168,8249,31535,2026-06-17,Engagement Bonus,20
8169,9831,23970,2026-05-02,Recreate,50
8170,8747,8051,2026-01-05,Remix,10
8171,2042,38987,2026-06-09,Remix,5
8172,4338,24155,2026-07-28,Remix,10
8173,9762,50322,2026-01-14,Recreate,20
8174,5142,28118,2026-01-19,Remix,50
8175,6232,56206,2026-01-13,Recreate,5
8176,8472,23856,2026-03-05,Recreate,10
8177,6382,40408,2026-04-16,Engagement Bonus,5
8178,295,12122,2026-03-02,Remix,30
8179,529,6993,2026-05-20,Recreate,20
8180,2574,47269,2026-01-23,Recreate,20
8181,6308,42254,2026-08-09,Recreate,5
8182,624,19052,2026-07-07,Recreate,5
8183,555,26930,2026-08-08,Remix,5
8184,1954,31748,2026-02-17,Recreate,100
8185,8041,3705,2026-03-17,Recreate,10
8186,4122,37244,2026-06-10,Recreate,50
8187,3389,14129,2026-03-20,Engagement Bonus,5
8188,1307,39901,2026-05-19,Recreate,10
8189,124,1750,2026-06-09,Recreate,10
8190,8233,38978,2026-06-05,Recreate,20
8191,229,14837,2026-03-03,Recreate,20
8192,4026,10205,2026-01-01,Recreate,20
8193,8633,39391,2026-04-20,Recreate,50
8194,2614,13685,2026-05-08,Recreate,10
8195,7164,27570,2026-04-19,Recreate,100
8196,6689,29328,2026-05-22,Remix,5
8197,9038,354,2026-08-06,Remix,20
8198,1916,34180,2026-03-25,Remix,100
8199,7351,29686,2026-05-08,Engagement Bonus,30
8200,7405,15825,2026-05-06,Recreate,20
8201,5418,47555,2026-01-05,Recreate,5
8202,727,22320,2026-07-27,Recreate,30
8203,6987,24286,2026-04-11,Remix,10
8204,5118,47364,2026-07-28,Recreate,100
8205,5932,30424,2026-05-07,Recreate,20
8206,8560,541,2026-03-15,Recreate,20
8207,1916,34180,2026-04-15,Engagement Bonus,5
8208,9428,24580,2026-01-29,Engagement Bonus,50
8209,5023,59630,2026-06-28,Recreate,30
8210,128,54872,2026-03-15,Engagement Bonus,5
8211,1549,14593,2026-07-09,Engagement Bonus,20
8212,4340,54193,2026-01-05,Remix,5
8213,25,34279,2026-06-10,Engagement Bonus,100
8214,4458,39925,2026-02-09,Recreate,5
8215,9544,18175,2026-01-11,Recreate,5
8216,6796,42206,2026-01-10,Recreate,20
8217,5073,21199,2026-05-11,Remix,100
8218,8176,25428,2026-07-13,Recreate,5
8219,2807,52202,2026-05-11,Remix,10
8220,2056,38543,2026-06-21,Recreate,20
8221,5682,1183,2026-01-06,Engagement Bonus,30
8222,3548,45986,2026-07-22,Recreate,20
8223,8567,16379,2026-06-14,Engagement Bonus,20
8224,7198,53750,2026-03-24,Remix,20
8225,3112,18329,2026-01-10,Recreate,5
8226,2757,40504,2026-05-28,Recreate,100
8227,2016,39168,2026-04-27,Recreate,20
8228,4820,22797,2026-05-03,Remix,5
8229,4815,24944,2026-03-02,Recreate,50
8230,8797,23005,2026-04-28,Remix,100
8231,3451,32649,2026-06-20,Recreate,10
8232,8227,2305,2026-02-09,Recreate,5
8233,9597,52160,2026-05-19,Recreate,10
8234,3672,43042,2026-07-17,Recreate,5
8235,4908,22054,2026-01-29,Recreate,30
8236,1232,22389,2026-01-06,Recreate,10
8237,7848,39920,2026-04-26,Engagement Bonus,10
8238,5232,3095,2026-02-17,Recreate,20
8239,9216,24512,2026-03-24,Recreate,100
8240,7216,35189,2026-06-01,Remix,5
8241,4617,6109,2026-01-02,Engagement Bonus,10
8242,9535,1748,2026-05-26,Engagement Bonus,5
8243,9651,59054,2026-04-10,Engagement Bonus,100
8244,5932,27957,2026-01-30,Recreate,100
8245,9702,4257,2026-02-06,Recreate,5
8246,9116,2003,2026-02-27,Engagement Bonus,10
8247,1132,38997,2026-08-05,Remix,10
8248,9907,49744,2026-06-27,Remix,30
8249,2165,4293,2026-01-08,Recreate,5
8250,3874,18633,2026-01-07,Recreate,20
8251,2025,27321,2026-03-03,Recreate,50
8252,4344,8236,2026-08-21,Recreate,20
8253,8307,48337,2026-08-21,Recreate,5
8254,959,50126,2026-02-26,Engagement Bonus,5
8255,4470,45357,2026-08-22,Recreate,10
8256,4952,18182,2026-08-26,Recreate,5
8257,7680,22629,2026-05-25,Remix,5
8258,798,17630,2026-02-23,Remix,10
8259,1336,30407,2026-04-12,Recreate,20
8260,6980,21082,2026-02-02,Remix,10
8261,1651,42724,2026-05-20,Recreate,20
8262,600,53587,2026-03-18,Recreate,50
8263,468,9914,2026-08-01,Recreate,30
8264,3718,41765,2026-06-19,Remix,100
8265,959,50126,2026-05-11,Engagement Bonus,5
8266,8081,23951,2026-08-23,Recreate,5
8267,2869,49580,2026-07-08,Recreate,50
8268,5028,3437,2026-08-31,Recreate,10
8269,8419,34927,2026-07-22,Engagement Bonus,100
8270,6952,24142,2026-05-06,Recreate,100
8271,1998,38909,2026-07-02,Recreate,5
8272,8358,22168,2026-03-10,Recreate,5
8273,2274,4428,2026-06-28,Remix,20
8274,7771,40886,2026-03-11,Recreate,30
8275,5018,54386,2026-05-08,Recreate,100
8276,9072,4726,2026-03-19,Remix,50
8277,7431,57323,2026-04-04,Recreate,30
8278,1734,31303,2026-02-26,Recreate,5
8279,4863,810,2026-02-09,Remix,5
8280,236,49119,2026-06-07,Recreate,10
8281,2070,7688,2026-03-23,Recreate,10
8282,9764,27441,2026-02-15,Recreate,30
8283,8948,46740,2026-02-18,Recreate,10
8284,8250,25728,2026-08-14,Remix,50
8285,147,8421,2026-06-30,Remix,20
8286,3429,58395,2026-01-10,Recreate,50
8287,3766,54701,2026-08-26,Remix,20
8288,646,9700,2026-05-07,Remix,5
8289,3658,30600,2026-02-05,Recreate,20
8290,7572,37647,2026-01-22,Recreate,20
8291,7631,34734,2026-08-09,Recreate,20
8292,1205,24075,2026-07-25,Remix,100
8293,5820,18089,2026-05-23,Engagement Bonus,5
8294,4248,5748,2026-06-16,Remix,5
8295,8397,40793,2026-03-11,Engagement Bonus,5
8296,9159,56505,2026-05-24,Recreate,50
8297,4400,27122,2026-03-01,Remix,30
8298,1799,28974,2026-03-28,Remix,10
8299,7523,11156,2026-06-09,Engagement Bonus,5
8300,2010,15570,2026-08-05,Recreate,50
8301,4689,33516,2026-05-31,Remix,5
8302,6345,21110,2026-04-24,Recreate,5
8303,5859,2042,2026-01-22,Recreate,5
8304,5545,42161,2026-07-20,Recreate,10
8305,3417,55882,2026-05-09,Recreate,100
8306,7279,17698,2026-04-26,Remix,20
8307,4961,42727,2026-08-30,Recreate,10
8308,4987,53656,2026-05-23,Recreate,5
8309,6334,6155,2026-04-12,Recreate,100
8310,7948,42538,2026-08-14,Remix,10
8311,7256,3987,2026-08-17,Engagement Bonus,30
8312,8740,19875,2026-08-22,Engagement Bonus,20
8313,7193,57609,2026-05-09,Recreate,30
8314,6811,27295,2026-03-14,Engagement Bonus,20
8315,7708,27402,2026-02-13,Engagement Bonus,20
8316,2302,48652,2026-05-30,Engagement Bonus,50
8317,5107,27042,2026-05-03,Remix,50
8318,3766,54701,2026-05-17,Recreate,10
8319,8994,45926,2026-01-02,Recreate,30
8320,7996,17451,2026-01-05,Remix,20
8321,9415,56128,2026-04-05,Recreate,20
8322,8659,45193,2026-08-13,Remix,5
8323,6314,4604,2026-01-28,Recreate,10
8324,7395,34638,2026-06-30,Recreate,50
8325,4258,46165,2026-07-13,Recreate,50
8326,8258,21825,2026-06-15,Recreate,50
8327,4503,3736,2026-08-06,Recreate,5
8328,1537,13222,2026-03-14,Recreate,10
8329,9586,44708,2026-05-26,Recreate,20
8330,427,36571,2026-02-05,Remix,5
8331,3457,43873,2026-03-29,Engagement Bonus,5
8332,9748,44581,2026-02-08,Recreate,5
8333,7567,43591,2026-04-12,Engagement Bonus,10
8334,5764,42001,2026-08-04,Recreate,5
8335,2850,33324,2026-01-24,Recreate,5
8336,1266,75,2026-03-29,Recreate,10
8337,1466,52332,2026-04-05,Remix,10
8338,3582,34080,2026-01-26,Recreate,5
8339,6926,26911,2026-04-19,Engagement Bonus,10
8340,3506,51583,2026-01-17,Engagement Bonus,100
8341,3065,31389,2026-06-08,Recreate,5
8342,1123,11787,2026-08-03,Recreate,100
8343,3627,5731,2026-08-24,Engagement Bonus,30
8344,5388,37967,2026-06-21,Remix,5
8345,4145,46413,2026-08-02,Recreate,10
8346,3882,43359,2026-01-12,Recreate,5
8347,4040,49657,2026-08-20,Remix,50
8348,9383,37441,2026-02-21,Recreate,5
8349,8116,35936,2026-02-06,Remix,20
8350,9506,39738,2026-07-29,Recreate,5
8351,2116,43544,2026-04-30,Recreate,100
8352,1900,35208,2026-05-29,Recreate,5
8353,4909,5262,2026-04-17,Remix,5
8354,3734,19020,2026-05-20,Remix,10
8355,7098,10057,2026-07-19,Remix,20
8356,8526,59495,2026-08-07,Recreate,5
8357,9464,19836,2026-06-29,Recreate,20
8358,3106,18355,2026-06-14,Recreate,5
8359,7017,26153,2026-06-28,Recreate,10
8360,8857,32110,2026-08-16,Recreate,10
8361,1991,52128,2026-07-11,Recreate,50
8362,5823,43434,2026-04-06,Engagement Bonus,30
8363,9124,21186,2026-03-22,Recreate,10
8364,2779,34038,2026-04-13,Recreate,10
8365,4317,12120,2026-05-10,Recreate,20
8366,4173,48566,2026-04-05,Remix,50
8367,3819,9617,2026-02-21,Recreate,50
8368,4085,52155,2026-07-28,Remix,10
8369,6521,42429,2026-08-03,Remix,20
8370,6892,11175,2026-04-05,Recreate,100
8371,7094,14781,2026-04-11,Recreate,20
8372,5734,56398,2026-02-11,Recreate,20
8373,3319,1791,2026-05-05,Recreate,5
8374,9731,23730,2026-06-15,Recreate,50
8375,9372,48681,2026-01-10,Recreate,5
8376,7329,16612,2026-01-12,Recreate,10
8377,7880,48037,2026-06-18,Recreate,30
8378,7254,55598,2026-03-30,Remix,50
8379,7952,57397,2026-08-02,Recreate,50
8380,4512,22959,2026-04-24,Remix,30
8381,6570,27796,2026-03-18,Recreate,5
8382,6672,56969,2026-01-05,Recreate,30
8383,6213,10951,2026-02-27,Remix,5
8384,2021,3980,2026-07-24,Recreate,100
8385,8750,47530,2026-04-22,Recreate,100
8386,9208,16698,2026-06-28,Engagement Bonus,5
8387,1631,16522,2026-03-08,Recreate,10
8388,9888,2810,2026-01-07,Recreate,10
8389,7139,31895,2026-01-03,Recreate,50
8390,4591,26303,2026-02-04,Recreate,50
8391,4645,44216,2026-08-11,Engagement Bonus,5
8392,8523,27639,2026-05-17,Recreate,5
8393,6633,27741,2026-02-24,Remix,10
8394,9116,35455,2026-04-10,Recreate,10
8395,9026,52081,2026-05-07,Remix,10
8396,8516,46126,2026-04-03,Recreate,100
8397,6235,26118,2026-01-27,Remix,20
8398,9090,5781,2026-02-19,Remix,20
8399,6068,24511,2026-01-28,Recreate,10
8400,4463,49897,2026-06-01,Engagement Bonus,50
8401,29,26546,2026-01-09,Recreate,100
8402,1373,34667,2026-01-14,Recreate,10
8403,2343,39902,2026-05-09,Recreate,10
8404,1108,41660,2026-07-18,Engagement Bonus,10
8405,2004,6310,2026-01-02,Remix,10
8406,3203,2989,2026-08-12,Remix,10
8407,5264,37452,2026-03-30,Recreate,10
8408,1823,58131,2026-08-27,Recreate,30
8409,8232,10269,2026-03-22,Remix,100
8410,6706,3734,2026-04-03,Recreate,5
8411,4067,45331,2026-04-03,Recreate,5
8412,6114,54950,2026-06-13,Recreate,10
8413,7843,3375,2026-01-30,Recreate,10
8414,5110,1667,2026-04-25,Remix,30
8415,5530,14996,2026-07-12,Recreate,10
8416,4276,47253,2026-02-21,Recreate,5
8417,8392,41508,2026-08-02,Remix,10
8418,5551,38530,2026-06-27,Recreate,20
8419,7091,48044,2026-07-30,Recreate,10
8420,9652,28127,2026-07-05,Recreate,30
8421,8210,56970,2026-07-13,Recreate,10
8422,611,44732,2026-08-06,Engagement Bonus,50
8423,3636,21877,2026-06-19,Recreate,5
8424,5716,4082,2026-05-13,Recreate,20
8425,1912,4933,2026-07-09,Remix,5
8426,4923,43824,2026-01-22,Engagement Bonus,30
8427,4762,33669,2026-05-04,Remix,5
8428,248,42934,2026-02-07,Recreate,30
8429,5158,19678,2026-02-17,Recreate,30
8430,627,42155,2026-07-13,Remix,10
8431,8281,10979,2026-04-08,Recreate,10
8432,8623,56366,2026-02-06,Recreate,50
8433,1707,30148,2026-04-20,Remix,20
8434,5831,20450,2026-03-23,Recreate,20
8435,2112,32933,2026-04-06,Recreate,20
8436,7180,46904,2026-03-31,Recreate,20
8437,355,59501,2026-03-03,Remix,10
8438,3485,31184,2026-08-02,Remix,50
8439,8173,25199,2026-01-10,Recreate,10
8440,3138,20509,2026-08-24,Recreate,10
8441,4283,51644,2026-02-09,Recreate,5
8442,2803,52094,2026-04-03,Recreate,5
8443,6234,3942,2026-08-13,Recreate,20
8444,4682,20170,2026-04-23,Recreate,20
8445,2705,33841,2026-04-18,Recreate,5
8446,4818,53595,2026-03-09,Recreate,5
8447,586,33857,2026-08-17,Recreate,20
8448,7215,44117,2026-03-09,Remix,100
8449,2336,32093,2026-06-17,Recreate,30
8450,6088,1693,2026-08-13,Recreate,20
8451,2647,32179,2026-04-18,Recreate,30
8452,881,45686,2026-05-08,Recreate,10
8453,3586,16086,2026-04-14,Recreate,10
8454,8552,8927,2026-01-16,Recreate,30
8455,5319,33024,2026-06-05,Recreate,10
8456,3651,38233,2026-03-08,Remix,10
8457,1870,23286,2026-03-01,Remix,50
8458,9826,56541,2026-05-24,Remix,50
8459,8321,50866,2026-08-05,Recreate,5
8460,424,10183,2026-02-22,Recreate,10
8461,7227,33233,2026-06-12,Remix,10
8462,1955,14822,2026-08-28,Engagement Bonus,10
8463,6335,35105,2026-08-28,Engagement Bonus,5
8464,4247,39937,2026-06-05,Engagement Bonus,20
8465,4580,55690,2026-07-24,Recreate,5
8466,4493,23374,2026-03-31,Recreate,5
8467,8065,31138,2026-06-18,Engagement Bonus,20
8468,1553,51643,2026-07-13,Recreate,5
8469,6672,19009,2026-08-29,Recreate,50
8470,7274,39078,2026-03-02,Recreate,5
8471,1548,58719,2026-01-16,Recreate,30
8472,8033,33307,2026-02-26,Remix,30
8473,8662,1621,2026-01-01,Recreate,20
8474,7635,648,2026-06-07,Remix,5
8475,6511,42153,2026-04-03,Recreate,10
8476,3346,44217,2026-04-05,Recreate,20
8477,1646,13234,2026-08-21,Recreate,100
8478,8852,58506,2026-05-07,Recreate,10
8479,3425,3328,2026-06-24,Recreate,20
8480,5517,20864,2026-08-28,Recreate,20
8481,2807,963,2026-08-21,Recreate,20
8482,5253,31363,2026-02-22,Recreate,5
8483,5440,34961,2026-06-08,Remix,10
8484,8215,50589,2026-06-23,Remix,30
8485,7287,830,2026-08-12,Engagement Bonus,50
8486,139,12846,2026-05-29,Remix,50
8487,8454,15266,2026-01-23,Recreate,5
8488,7005,55892,2026-02-11,Recreate,30
8489,4397,25659,2026-07-10,Recreate,30
8490,477,54442,2026-04-21,Recreate,50
8491,7697,36765,2026-06-08,Remix,50
8492,5397,20632,2026-05-19,Engagement Bonus,20
8493,9318,56516,2026-02-08,Engagement Bonus,5
8494,9908,43505,2026-06-08,Recreate,5
8495,7869,2512,2026-02-11,Recreate,10
8496,3713,17990,2026-08-16,Engagement Bonus,20
8497,4621,2014,2026-04-08,Remix,10
8498,5724,49384,2026-02-28,Engagement Bonus,30
8499,5625,26988,2026-03-18,Recreate,20
8500,809,59478,2026-08-12,Recreate,50
8501,7748,30706,2026-03-13,Engagement Bonus,5
8502,6723,21791,2026-06-04,Remix,20
8503,8058,6564,2026-05-25,Recreate,5
8504,9184,36743,2026-06-04,Recreate,10
8505,543,43957,2026-01-21,Engagement Bonus,50
8506,4682,18372,2026-02-08,Recreate,20
8507,7757,33096,2026-01-21,Recreate,30
8508,5466,10666,2026-06-19,Remix,50
8509,7440,22907,2026-02-07,Recreate,50
8510,1524,9259,2026-08-13,Recreate,5
8511,6443,16304,2026-05-01,Recreate,50
8512,2938,58828,2026-03-16,Remix,20
8513,4931,30430,2026-04-06,Recreate,20
8514,6615,59554,2026-01-11,Recreate,10
8515,9315,38800,2026-07-27,Recreate,50
8516,9344,27201,2026-02-08,Remix,10
8517,3920,30477,2026-01-15,Recreate,10
8518,6631,16139,2026-07-17,Recreate,20
8519,4977,6410,2026-03-01,Engagement Bonus,5
8520,4087,24092,2026-02-22,Remix,20
8521,133,52124,2026-07-23,Recreate,5
8522,7987,39176,2026-05-05,Recreate,5
8523,2227,37604,2026-03-08,Recreate,50
8524,8729,59401,2026-08-31,Remix,50
8525,1069,5185,2026-01-05,Recreate,5
8526,7725,5600,2026-03-24,Engagement Bonus,10
8527,8803,5529,2026-02-14,Recreate,10
8528,2417,18105,2026-03-19,Recreate,10
8529,1322,16987,2026-02-12,Recreate,5
8530,8873,4077,2026-04-01,Recreate,50
8531,8469,9270,2026-05-12,Recreate,30
8532,7976,34388,2026-05-23,Recreate,5
8533,438,32808,2026-04-01,Remix,100
8534,2178,29424,2026-07-15,Recreate,50
8535,2302,13122,2026-05-30,Recreate,100
8536,6329,35490,2026-08-10,Remix,10
8537,3502,13383,2026-02-18,Recreate,10
8538,2653,55120,2026-05-15,Engagement Bonus,10
8539,8332,16488,2026-01-29,Recreate,5
8540,4518,7315,2026-07-03,Recreate,10
8541,846,1395,2026-03-02,Recreate,20
8542,1393,27359,2026-07-18,Recreate,100
8543,8476,33532,2026-04-02,Remix,10
8544,6385,23229,2026-04-20,Remix,50
8545,8061,59502,2026-02-23,Recreate,20
8546,3130,40112,2026-06-20,Engagement Bonus,10
8547,7751,38305,2026-02-02,Remix,10
8548,88,37085,2026-08-24,Recreate,10
8549,5162,24287,2026-04-05,Recreate,50
8550,2161,41657,2026-07-26,Engagement Bonus,100
8551,9484,19324,2026-04-16,Recreate,50
8552,2733,56670,2026-07-20,Recreate,100
8553,4086,58269,2026-02-02,Engagement Bonus,50
8554,9954,36854,2026-01-08,Remix,50
8555,9267,48568,2026-01-18,Recreate,100
8556,6592,26695,2026-03-30,Remix,5
8557,9838,12962,2026-01-25,Recreate,50
8558,8158,12221,2026-08-29,Recreate,20
8559,6379,51207,2026-02-12,Recreate,10
8560,1946,37080,2026-06-12,Recreate,5
8561,7938,15609,2026-08-05,Remix,10
8562,3018,56161,2026-07-05,Recreate,10
8563,215,22824,2026-04-22,Recreate,10
8564,4387,28166,2026-03-23,Recreate,5
8565,81,25100,2026-08-26,Recreate,10
8566,9343,20392,2026-07-20,Remix,20
8567,2543,34303,2026-06-01,Remix,10
8568,6210,31946,2026-06-17,Recreate,10
8569,7176,20767,2026-01-14,Recreate,10
8570,6136,5088,2026-03-28,Remix,50
8571,1392,507,2026-02-16,Recreate,10
8572,110,39102,2026-07-18,Remix,20
8573,9423,29754,2026-07-09,Recreate,20
8574,5207,1829,2026-02-06,Recreate,30
8575,9130,9691,2026-08-18,Recreate,10
8576,7888,53966,2026-01-24,Remix,10
8577,3421,15803,2026-02-05,Recreate,100
8578,3621,55321,2026-07-23,Remix,20
8579,7064,17492,2026-01-13,Remix,20
8580,2405,20144,2026-06-08,Recreate,100
8581,5494,21203,2026-03-29,Recreate,10
8582,7092,13717,2026-06-16,Recreate,20
8583,3777,28253,2026-03-15,Remix,5
8584,5942,44838,2026-08-09,Recreate,100
8585,8523,20164,2026-03-04,Engagement Bonus,20
8586,9908,1577,2026-05-15,Remix,5
8587,9671,8568,2026-04-21,Recreate,5
8588,9466,12899,2026-05-20,Recreate,10
8589,1745,16489,2026-08-05,Recreate,10
8590,9402,46414,2026-02-09,Recreate,5
8591,7414,11690,2026-03-13,Recreate,5
8592,2360,46340,2026-04-08,Remix,5
8593,7504,12286,2026-02-17,Recreate,5
8594,6959,30612,2026-02-20,Recreate,50
8595,4947,52190,2026-02-15,Engagement Bonus,100
8596,7750,40223,2026-03-29,Remix,20
8597,4194,13210,2026-04-12,Remix,30
8598,6815,16533,2026-05-03,Recreate,100
8599,7453,45205,2026-08-06,Recreate,5
8600,4742,49493,2026-07-25,Recreate,10
8601,1732,31683,2026-01-08,Recreate,20
8602,4409,2157,2026-07-16,Recreate,5
8603,259,147,2026-04-22,Recreate,5
8604,8632,50616,2026-08-17,Remix,20
8605,2190,36042,2026-08-28,Recreate,50
8606,9001,56054,2026-01-31,Recreate,10
8607,7164,1350,2026-06-24,Recreate,30
8608,4050,53855,2026-02-07,Remix,5
8609,5851,38684,2026-04-25,Recreate,30
8610,2952,14372,2026-05-18,Recreate,5
8611,5291,13413,2026-05-14,Recreate,30
8612,7864,39266,2026-02-26,Remix,20
8613,6685,29890,2026-07-24,Engagement Bonus,50
8614,2255,17552,2026-04-15,Recreate,30
8615,804,10940,2026-02-24,Recreate,10
8616,5988,11390,2026-05-11,Recreate,50
8617,4340,10521,2026-08-15,Recreate,10
8618,8232,39540,2026-01-25,Recreate,10
8619,7221,42723,2026-03-16,Recreate,5
8620,6501,19084,2026-01-13,Remix,20
8621,4995,30204,2026-03-21,Engagement Bonus,5
8622,875,52901,2026-05-12,Engagement Bonus,30
8623,6393,57354,2026-08-04,Remix,30
8624,9378,7610,2026-07-13,Recreate,10
8625,1051,46863,2026-06-11,Recreate,30
8626,5512,57685,2026-02-10,Recreate,50
8627,9278,4382,2026-05-30,Remix,10
8628,9081,47389,2026-08-12,Recreate,5
8629,2247,27644,2026-03-11,Engagement Bonus,10
8630,5461,59776,2026-08-18,Recreate,20
8631,3565,6588,2026-07-12,Recreate,10
8632,3302,6921,2026-08-20,Recreate,10
8633,1144,46476,2026-05-22,Recreate,20
8634,8634,12858,2026-06-24,Remix,10
8635,6463,14375,2026-05-09,Recreate,10
8636,7203,24153,2026-03-25,Recreate,100
8637,5200,2993,2026-08-13,Recreate,5
8638,4067,12126,2026-02-24,Recreate,5
8639,2588,19063,2026-08-16,Remix,30
8640,6201,34920,2026-05-03,Recreate,5
8641,9828,48242,2026-05-01,Recreate,20
8642,4658,25278,2026-04-06,Engagement Bonus,30
8643,6988,31164,2026-08-30,Recreate,5
8644,508,53059,2026-03-23,Recreate,10
8645,2191,43952,2026-05-21,Recreate,10
8646,5220,32929,2026-04-03,Remix,5
8647,7564,25298,2026-03-02,Recreate,20
8648,6424,399,2026-05-12,Remix,5
8649,3299,26169,2026-08-13,Recreate,5
8650,9889,45424,2026-02-09,Recreate,5
8651,3927,44508,2026-04-05,Recreate,100
8652,1698,49620,2026-03-28,Remix,5
8653,9346,13112,2026-06-16,Recreate,5
8654,1091,48651,2026-08-10,Recreate,5
8655,5162,49632,2026-07-13,Recreate,5
8656,2982,23250,2026-08-23,Recreate,10
8657,6928,34658,2026-07-06,Recreate,5
8658,2782,40653,2026-02-22,Recreate,5
8659,2895,3053,2026-05-22,Recreate,10
8660,2302,32265,2026-03-22,Recreate,30
8661,2200,35756,2026-06-17,Remix,5
8662,997,13910,2026-03-14,Recreate,10
8663,5574,6907,2026-06-09,Recreate,10
8664,8673,56384,2026-08-14,Recreate,10
8665,1316,7908,2026-03-09,Recreate,20
8666,9566,58711,2026-01-26,Recreate,5
8667,2619,884,2026-05-28,Recreate,10
8668,4003,35378,2026-04-26,Recreate,10
8669,1676,16362,2026-04-04,Recreate,5
8670,7605,51141,2026-05-19,Engagement Bonus,30
8671,3048,58048,2026-07-02,Recreate,5
8672,3679,21429,2026-04-01,Recreate,5
8673,9384,36153,2026-04-06,Recreate,5
8674,5993,57744,2026-08-25,Engagement Bonus,5
8675,3423,43508,2026-04-01,Remix,10
8676,392,43065,2026-05-19,Remix,50
8677,3534,54528,2026-06-08,Remix,50
8678,6803,57737,2026-06-27,Engagement Bonus,100
8679,2464,57462,2026-07-05,Remix,30
8680,3012,19280,2026-01-30,Engagement Bonus,5
8681,4051,30505,2026-07-10,Remix,5
8682,707,55883,2026-06-14,Remix,20
8683,8590,37811,2026-07-19,Recreate,20
8684,3930,6407,2026-05-29,Recreate,50
8685,6479,1336,2026-05-07,Recreate,5
8686,6277,47849,2026-02-10,Remix,5
8687,5851,54286,2026-04-06,Recreate,5
8688,9736,12947,2026-06-27,Remix,100
8689,7260,44400,2026-06-03,Engagement Bonus,5
8690,3579,30845,2026-04-10,Engagement Bonus,50
8691,4530,2987,2026-05-11,Recreate,20
8692,866,28592,2026-06-23,Recreate,50
8693,7069,25604,2026-08-16,Recreate,20
8694,2690,8233,2026-07-03,Remix,50
8695,9717,18781,2026-08-24,Remix,10
8696,5471,17299,2026-01-03,Remix,5
8697,9531,16109,2026-01-10,Recreate,30
8698,4329,6550,2026-08-25,Remix,100
8699,4267,17143,2026-02-28,Remix,10
8700,8671,40816,2026-01-30,Recreate,30
8701,6234,40914,2026-05-28,Remix,20
8702,807,24882,2026-06-09,Recreate,10
8703,5746,1883,2026-08-15,Engagement Bonus,20
8704,5227,5640,2026-04-14,Recreate,10
8705,2255,54871,2026-01-23,Recreate,50
8706,6846,26205,2026-08-03,Engagement Bonus,10
8707,3357,26431,2026-07-04,Remix,30
8708,5609,57345,2026-08-18,Remix,20
8709,6338,10762,2026-07-25,Recreate,5
8710,7840,57042,2026-07-27,Recreate,20
8711,5845,43704,2026-08-05,Recreate,30
8712,2604,5085,2026-03-10,Remix,5
8713,2618,55412,2026-06-07,Recreate,10
8714,3773,30750,2026-08-05,Remix,5
8715,4671,44348,2026-03-04,Recreate,20
8716,1989,42893,2026-02-27,Recreate,20
8717,3258,43763,2026-08-23,Recreate,50
8718,3691,50375,2026-08-11,Recreate,5
8719,8401,54183,2026-02-16,Remix,20
8720,6851,28355,2026-03-10,Recreate,50
8721,3129,18449,2026-01-01,Recreate,10
8722,9056,58874,2026-06-03,Recreate,20
8723,9579,4929,2026-05-02,Remix,20
8724,199,4023,2026-07-09,Recreate,5
8725,8814,23647,2026-03-16,Recreate,10
8726,2169,42978,2026-04-19,Recreate,30
8727,2062,20848,2026-06-06,Engagement Bonus,10
8728,2315,37670,2026-07-11,Remix,10
8729,5069,22384,2026-02-02,Remix,30
8730,2392,55579,2026-05-31,Recreate,20
8731,483,7627,2026-03-15,Recreate,10
8732,6838,26091,2026-03-16,Recreate,30
8733,3321,2363,2026-06-10,Remix,20
8734,4762,33669,2026-03-14,Remix,100
8735,8025,39409,2026-08-07,Recreate,5
8736,7739,36110,2026-02-20,Recreate,10
8737,1717,33934,2026-03-12,Engagement Bonus,30
8738,5442,8381,2026-05-06,Recreate,30
8739,7263,10242,2026-01-06,Engagement Bonus,10
8740,8619,7107,2026-02-25,Recreate,5
8741,9934,14838,2026-08-14,Recreate,30
8742,5743,32987,2026-05-19,Engagement Bonus,10
8743,3301,6986,2026-03-31,Recreate,10
8744,1070,7593,2026-03-02,Recreate,10
8745,9604,41901,2026-08-30,Remix,5
8746,7967,58500,2026-07-17,Engagement Bonus,100
8747,7176,19860,2026-03-10,Recreate,10
8748,2069,44926,2026-02-07,Remix,5
8749,1232,46998,2026-05-01,Recreate,5
8750,7057,35258,2026-02-24,Recreate,20
8751,1010,13932,2026-04-24,Recreate,5
8752,9079,36776,2026-07-20,Remix,50
8753,9790,9761,2026-08-13,Remix,10
8754,3543,54489,2026-06-08,Recreate,10
8755,845,40354,2026-06-22,Recreate,10
8756,6971,17611,2026-01-01,Recreate,30
8757,2122,35897,2026-05-17,Recreate,5
8758,3433,32486,2026-02-14,Remix,5
8759,5907,21865,2026-05-24,Recreate,5
8760,9227,4833,2026-08-16,Engagement Bonus,20
8761,5286,7500,2026-01-13,Recreate,30
8762,6564,3594,2026-05-24,Recreate,10
8763,9217,31282,2026-01-15,Engagement Bonus,5
8764,6326,2914,2026-06-08,Recreate,100
8765,6107,14260,2026-07-10,Remix,50
8766,3453,58609,2026-08-19,Recreate,20
8767,7909,22803,2026-05-24,Recreate,20
8768,4808,59083,2026-08-02,Recreate,20
8769,3255,23804,2026-08-17,Remix,5
8770,323,16974,2026-03-18,Remix,50
8771,3097,21102,2026-04-19,Recreate,50
8772,2180,58936,2026-01-21,Recreate,5
8773,5838,1471,2026-06-18,Remix,5
8774,7972,28632,2026-08-16,Engagement Bonus,5
8775,816,21436,2026-06-26,Remix,5
8776,570,22849,2026-03-06,Recreate,20
8777,918,22782,2026-06-03,Remix,20
8778,2971,13761,2026-04-28,Remix,20
8779,1096,42612,2026-06-10,Engagement Bonus,100
8780,6567,30124,2026-03-07,Engagement Bonus,100
8781,491,15880,2026-08-09,Recreate,10
8782,8917,53414,2026-05-24,Recreate,20
8783,467,31655,2026-05-04,Remix,20
8784,5790,46793,2026-07-18,Recreate,10
8785,7484,19543,2026-07-29,Remix,20
8786,843,15582,2026-01-17,Remix,10
8787,4710,38006,2026-08-02,Recreate,50
8788,3817,25085,2026-01-23,Engagement Bonus,10
8789,7446,31444,2026-05-28,Remix,100
8790,2637,537,2026-05-10,Recreate,10
8791,634,45860,2026-03-13,Remix,20
8792,4720,48855,2026-06-04,Remix,20
8793,482,22927,2026-03-22,Recreate,20
8794,1870,10675,2026-01-29,Engagement Bonus,20
8795,1780,45246,2026-06-04,Recreate,50
8796,4548,6536,2026-08-26,Remix,20
8797,8493,41579,2026-02-25,Recreate,20
8798,3499,58168,2026-02-03,Recreate,30
8799,6371,28289,2026-03-21,Recreate,10
8800,6190,33122,2026-08-30,Recreate,30
8801,3979,18215,2026-07-01,Remix,5
8802,3590,17779,2026-08-30,Engagement Bonus,30
8803,1860,45198,2026-04-23,Remix,5
8804,5082,34609,2026-07-09,Recreate,20
8805,524,13290,2026-03-18,Recreate,50
8806,5500,28823,2026-05-11,Recreate,30
8807,5939,26977,2026-03-30,Recreate,50
8808,2690,32307,2026-03-19,Recreate,10
8809,7620,46829,2026-07-01,Recreate,30
8810,2926,43648,2026-01-17,Remix,30
8811,8666,20691,2026-01-30,Recreate,20
8812,7223,25429,2026-08-15,Engagement Bonus,10
8813,350,33880,2026-03-14,Remix,20
8814,3272,21543,2026-04-07,Engagement Bonus,20
8815,7928,45125,2026-05-22,Recreate,20
8816,1678,48695,2026-04-10,Remix,20
8817,8917,5323,2026-05-14,Recreate,20
8818,3860,39515,2026-04-04,Engagement Bonus,30
8819,9985,20781,2026-03-13,Recreate,5
8820,8755,35975,2026-04-03,Engagement Bonus,100
8821,1272,42413,2026-03-14,Recreate,20
8822,2127,31604,2026-01-28,Engagement Bonus,10
8823,589,37361,2026-02-21,Recreate,100
8824,9902,46949,2026-04-10,Recreate,20
8825,6041,12430,2026-05-24,Recreate,20
8826,1541,23268,2026-02-15,Recreate,20
8827,837,44478,2026-03-29,Remix,10
8828,8680,12204,2026-07-11,Recreate,20
8829,1490,43478,2026-04-09,Engagement Bonus,30
8830,4216,37267,2026-01-27,Remix,30
8831,5036,19315,2026-04-23,Recreate,10
8832,1302,53246,2026-04-10,Engagement Bonus,100
8833,3326,55288,2026-05-09,Recreate,30
8834,6633,55472,2026-08-01,Recreate,50
8835,15,38811,2026-04-02,Remix,5
8836,2631,3354,2026-05-11,Recreate,10
8837,2219,35868,2026-05-27,Remix,5
8838,9236,4377,2026-07-08,Recreate,30
8839,5965,38771,2026-03-01,Recreate,30
8840,3906,31259,2026-01-10,Remix,10
8841,8957,9496,2026-07-09,Recreate,5
8842,5109,12964,2026-03-31,Remix,10
8843,6642,50303,2026-04-08,Remix,10
8844,2313,23031,2026-08-01,Engagement Bonus,50
8845,3160,10405,2026-06-03,Recreate,30
8846,5481,57694,2026-07-02,Remix,20
8847,1838,38413,2026-01-12,Recreate,10
8848,6244,26000,2026-04-01,Engagement Bonus,10
8849,4823,13886,2026-08-20,Recreate,20
8850,7031,13799,2026-03-22,Recreate,50
8851,674,40549,2026-02-27,Recreate,5
8852,8961,50791,2026-02-17,Recreate,20
8853,3178,28257,2026-01-06,Recreate,5
8854,8434,52704,2026-01-23,Recreate,20
8855,7089,11193,2026-05-23,Recreate,20
8856,6984,37071,2026-08-02,Recreate,5
8857,803,15838,2026-06-22,Recreate,5
8858,7480,20261,2026-02-14,Recreate,5
8859,8712,53218,2026-06-18,Engagement Bonus,5
8860,1111,3141,2026-08-19,Recreate,100
8861,4983,58328,2026-02-24,Recreate,20
8862,6252,38512,2026-01-04,Recreate,10
8863,857,27223,2026-05-30,Remix,5
8864,9030,14299,2026-01-02,Recreate,20
8865,9930,40080,2026-05-27,Recreate,10
8866,2045,1102,2026-05-24,Recreate,20
8867,3950,5422,2026-08-14,Recreate,5
8868,5077,48804,2026-06-06,Remix,10
8869,7032,53040,2026-06-06,Recreate,10
8870,4837,1431,2026-08-02,Recreate,5
8871,7094,1157,2026-08-02,Remix,10
8872,770,12241,2026-04-29,Recreate,5
8873,4389,48636,2026-05-22,Recreate,5
8874,6610,44998,2026-08-26,Recreate,5
8875,836,19945,2026-02-21,Recreate,20
8876,3568,51362,2026-02-09,Recreate,5
8877,4407,1582,2026-02-20,Recreate,10
8878,6613,56514,2026-03-11,Recreate,10
8879,7449,44747,2026-06-03,Engagement Bonus,5
8880,9717,20354,2026-04-02,Recreate,10
8881,4441,21425,2026-08-07,Remix,10
8882,6322,27116,2026-02-08,Remix,5
8883,3224,15746,2026-05-28,Recreate,10
8884,9097,45665,2026-06-07,Remix,100
8885,2760,37814,2026-08-20,Recreate,20
8886,4413,11649,2026-03-31,Recreate,50
8887,6463,11656,2026-07-25,Recreate,5
8888,8498,50315,2026-08-26,Recreate,10
8889,7697,36765,2026-07-07,Recreate,5
8890,1366,39181,2026-08-10,Recreate,10
8891,9972,13853,2026-06-20,Recreate,50
8892,918,13384,2026-07-30,Recreate,20
8893,4953,29290,2026-07-19,Remix,50
8894,3804,13746,2026-08-22,Remix,50
8895,8240,22712,2026-04-03,Engagement Bonus,5
8896,8887,430,2026-01-15,Remix,5
8897,6162,40649,2026-01-26,Engagement Bonus,10
8898,1154,31115,2026-04-18,Remix,30
8899,3291,33468,2026-08-27,Recreate,5
8900,8305,14672,2026-01-11,Recreate,5
8901,4920,57312,2026-02-10,Engagement Bonus,5
8902,6758,14288,2026-05-11,Remix,20
8903,1634,55922,2026-03-11,Recreate,5
8904,5300,52996,2026-01-11,Recreate,50
8905,6817,9713,2026-01-21,Recreate,5
8906,9294,56575,2026-01-03,Recreate,5
8907,5144,22588,2026-02-07,Recreate,50
8908,2015,29602,2026-04-23,Recreate,50
8909,1830,21201,2026-01-28,Remix,5
8910,6421,54598,2026-01-29,Recreate,20
8911,2781,54172,2026-02-18,Recreate,20
8912,9521,36493,2026-02-11,Recreate,5
8913,3871,32955,2026-04-28,Recreate,50
8914,6102,3775,2026-01-10,Recreate,20
8915,478,50037,2026-06-30,Recreate,5
8916,8050,49077,2026-03-04,Remix,20
8917,6170,13583,2026-01-11,Recreate,20
8918,246,1705,2026-04-04,Remix,5
8919,2517,21808,2026-08-18,Recreate,100
8920,5609,40652,2026-01-09,Recreate,10
8921,8910,58789,2026-08-23,Recreate,5
8922,2340,35617,2026-01-07,Recreate,10
8923,1753,5577,2026-03-07,Remix,5
8924,1407,8726,2026-04-17,Remix,50
8925,6373,19509,2026-05-14,Recreate,30
8926,2805,29626,2026-01-14,Remix,10
8927,1973,20970,2026-01-16,Recreate,5
8928,510,20562,2026-07-26,Recreate,5
8929,4371,22122,2026-06-10,Recreate,30
8930,8885,19273,2026-04-10,Remix,10
8931,5175,30358,2026-08-21,Remix,20
8932,1124,34253,2026-02-11,Remix,100
8933,8264,56308,2026-07-11,Recreate,10
8934,1239,51505,2026-07-24,Engagement Bonus,5
8935,8181,29389,2026-01-03,Recreate,10
8936,2634,13921,2026-01-31,Engagement Bonus,20
8937,1532,45925,2026-08-14,Recreate,50
8938,6229,21765,2026-08-29,Recreate,30
8939,8221,5076,2026-04-25,Recreate,50
8940,7020,41485,2026-04-13,Engagement Bonus,5
8941,790,10458,2026-07-23,Remix,30
8942,5260,5191,2026-05-31,Remix,20
8943,6033,32751,2026-04-06,Remix,10
8944,1484,3298,2026-07-20,Recreate,50
8945,3753,23511,2026-04-21,Recreate,100
8946,4340,44990,2026-08-06,Recreate,50
8947,8234,56580,2026-07-30,Recreate,10
8948,4037,56165,2026-08-20,Recreate,10
8949,4187,48763,2026-08-12,Engagement Bonus,10
8950,4358,32980,2026-03-15,Remix,5
8951,3859,36439,2026-02-10,Remix,100
8952,3981,13146,2026-08-25,Remix,20
8953,1312,14405,2026-05-22,Remix,5
8954,5816,8914,2026-07-24,Recreate,5
8955,7649,11046,2026-03-23,Recreate,20
8956,6242,26438,2026-08-13,Recreate,20
8957,2915,50491,2026-07-25,Remix,10
8958,6458,15213,2026-06-07,Recreate,10
8959,5096,5223,2026-03-20,Engagement Bonus,10
8960,6090,14910,2026-02-20,Engagement Bonus,100
8961,8912,10488,2026-04-06,Engagement Bonus,10
8962,3568,17278,2026-04-30,Remix,20
8963,6938,33021,2026-05-28,Recreate,30
8964,2709,24504,2026-03-22,Engagement Bonus,5
8965,8729,55817,2026-05-03,Engagement Bonus,20
8966,1128,14868,2026-05-06,Recreate,5
8967,5230,56090,2026-03-03,Recreate,10
8968,2632,13459,2026-04-06,Recreate,50
8969,1567,35750,2026-08-09,Remix,30
8970,3053,16607,2026-05-29,Recreate,10
8971,5730,43429,2026-04-30,Recreate,50
8972,5402,43620,2026-07-29,Remix,30
8973,8677,38783,2026-08-24,Recreate,20
8974,2374,34530,2026-02-24,Recreate,5
8975,3247,32875,2026-04-19,Recreate,5
8976,5183,54,2026-06-13,Recreate,50
8977,2563,20539,2026-01-04,Remix,20
8978,3359,57823,2026-08-01,Recreate,10
8979,8504,54618,2026-04-29,Engagement Bonus,20
8980,7801,7723,2026-07-02,Recreate,5
8981,5245,48059,2026-05-29,Recreate,10
8982,4675,5318,2026-08-13,Recreate,10
8983,524,4821,2026-04-05,Recreate,30
8984,2928,25521,2026-08-30,Remix,20
8985,7282,43104,2026-08-22,Engagement Bonus,10
8986,5007,38677,2026-06-05,Remix,5
8987,3849,11808,2026-05-17,Engagement Bonus,10
8988,5014,33553,2026-08-23,Remix,20
8989,2764,15753,2026-07-20,Recreate,10
8990,7887,36316,2026-06-13,Engagement Bonus,10
8991,5371,15470,2026-05-25,Recreate,30
8992,4773,20051,2026-07-03,Engagement Bonus,30
8993,3272,50851,2026-07-10,Recreate,5
8994,2744,25216,2026-01-28,Recreate,20
8995,2530,10074,2026-08-10,Engagement Bonus,5
8996,7707,23897,2026-05-27,Recreate,10
8997,9406,38254,2026-07-04,Recreate,10
8998,2361,21938,2026-01-09,Recreate,20
8999,9168,7456,2026-06-14,Remix,50
9000,7786,19964,2026-03-31,Remix,100
9001,226,51223,2026-03-05,Recreate,5
9002,2079,9179,2026-02-23,Engagement Bonus,20
9003,1551,19479,2026-04-17,Recreate,10
9004,1762,43089,2026-02-15,Remix,5
9005,8087,5253,2026-06-10,Recreate,20
9006,9877,34238,2026-04-29,Recreate,5
9007,7761,14493,2026-01-29,Recreate,20
9008,370,3711,2026-06-18,Recreate,30
9009,1693,37950,2026-02-04,Remix,20
9010,195,31155,2026-06-02,Recreate,10
9011,1623,40039,2026-04-11,Remix,10
9012,2441,7099,2026-06-21,Remix,5
9013,2557,54533,2026-01-30,Engagement Bonus,50
9014,2838,12353,2026-08-16,Recreate,100
9015,535,26814,2026-04-01,Recreate,30
9016,5582,33355,2026-03-21,Recreate,5
9017,9943,11397,2026-03-15,Recreate,20
9018,4722,52805,2026-01-07,Recreate,5
9019,7514,9577,2026-08-23,Remix,30
9020,1125,41511,2026-07-11,Remix,30
9021,5510,55339,2026-04-15,Remix,10
9022,3345,49613,2026-08-31,Remix,20
9023,7999,44119,2026-05-30,Remix,100
9024,8120,35422,2026-04-16,Remix,20
9025,7267,35050,2026-01-19,Engagement Bonus,20
9026,4055,4683,2026-04-16,Engagement Bonus,10
9027,9141,23618,2026-01-11,Recreate,20
9028,9905,42771,2026-08-06,Recreate,10
9029,112,20584,2026-06-03,Remix,50
9030,4258,1014,2026-01-05,Engagement Bonus,20
9031,9522,17381,2026-01-07,Remix,10
9032,1576,47934,2026-05-11,Engagement Bonus,10
9033,429,32770,2026-05-26,Recreate,20
9034,1679,3811,2026-02-19,Remix,100
9035,1098,50237,2026-04-02,Recreate,20
9036,3095,30551,2026-02-04,Engagement Bonus,10
9037,9619,48714,2026-06-30,Remix,20
9038,8093,50283,2026-04-26,Remix,100
9039,6650,11265,2026-05-05,Recreate,30
9040,5220,32929,2026-03-22,Recreate,20
9041,2155,38762,2026-08-29,Recreate,30
9042,6411,3618,2026-03-22,Recreate,5
9043,1214,34027,2026-05-23,Recreate,10
9044,6306,5861,2026-05-05,Remix,10
9045,5270,20201,2026-05-30,Recreate,20
9046,8928,27305,2026-02-06,Engagement Bonus,20
9047,5169,18180,2026-06-30,Remix,100
9048,9989,26588,2026-04-20,Recreate,5
9049,836,9626,2026-06-21,Recreate,5
9050,962,25742,2026-08-01,Recreate,100
9051,1891,58159,2026-01-27,Recreate,10
9052,2196,5532,2026-06-02,Remix,5
9053,1909,12725,2026-01-04,Recreate,10
9054,1843,51547,2026-01-29,Engagement Bonus,10
9055,4243,9975,2026-05-25,Recreate,20
9056,2832,34783,2026-06-12,Recreate,20
9057,1499,54733,2026-01-01,Recreate,10
9058,2708,24651,2026-06-13,Remix,50
9059,4552,46950,2026-01-20,Remix,5
9060,2855,56593,2026-04-18,Recreate,5
9061,7196,18624,2026-06-16,Remix,30
9062,367,59294,2026-08-16,Recreate,5
9063,417,23222,2026-01-16,Engagement Bonus,20
9064,9153,50273,2026-03-12,Recreate,5
9065,6028,34829,2026-01-23,Engagement Bonus,10
9066,4270,11014,2026-07-16,Engagement Bonus,5
9067,1479,35093,2026-06-25,Recreate,30
9068,2168,40719,2026-04-17,Recreate,10
9069,5601,46324,2026-03-22,Recreate,20
9070,9038,39369,2026-08-10,Remix,10
9071,599,45043,2026-05-20,Recreate,20
9072,1559,22422,2026-07-19,Recreate,5
9073,4916,47323,2026-07-12,Recreate,30
9074,3430,56745,2026-01-13,Remix,30
9075,2869,49580,2026-05-28,Recreate,5
9076,143,3974,2026-04-25,Engagement Bonus,5
9077,196,52655,2026-08-22,Recreate,5
9078,4454,58525,2026-08-05,Recreate,5
9079,131,43399,2026-04-10,Recreate,20
9080,5992,30339,2026-04-09,Remix,5
9081,8754,52530,2026-01-30,Remix,50
9082,2410,19632,2026-05-23,Remix,30
9083,906,37973,2026-06-25,Remix,20
9084,2517,7654,2026-06-14,Remix,20
9085,3678,45678,2026-07-16,Remix,5
9086,3483,55345,2026-07-13,Recreate,10
9087,3301,44098,2026-03-29,Recreate,5
9088,6594,6587,2026-08-28,Remix,100
9089,6373,7423,2026-03-20,Remix,10
9090,3577,51283,2026-02-17,Recreate,5
9091,1319,52916,2026-02-07,Recreate,5
9092,2437,8015,2026-07-26,Recreate,5
9093,9160,57379,2026-03-06,Remix,5
9094,5824,11164,2026-04-20,Remix,30
9095,7369,13822,2026-04-17,Recreate,20
9096,4111,21656,2026-01-17,Recreate,10
9097,1643,3421,2026-08-26,Remix,30
9098,6870,3179,2026-04-14,Remix,20
9099,3457,19712,2026-01-16,Engagement Bonus,100
9100,762,6740,2026-02-04,Engagement Bonus,10
9101,4404,10048,2026-07-27,Recreate,50
9102,4882,31694,2026-06-26,Remix,10
9103,4801,44629,2026-04-18,Engagement Bonus,5
9104,5139,55548,2026-01-31,Remix,10
9105,5976,24208,2026-01-17,Remix,100
9106,3639,14304,2026-08-01,Recreate,10
9107,5520,54068,2026-02-28,Recreate,10
9108,5607,3114,2026-04-03,Engagement Bonus,5
9109,753,57524,2026-03-15,Remix,10
9110,9777,5483,2026-08-29,Recreate,100
9111,6936,40693,2026-06-23,Remix,10
9112,7071,3454,2026-03-21,Recreate,5
9113,2891,10120,2026-06-12,Recreate,30
9114,5206,49722,2026-05-14,Recreate,50
9115,4737,12065,2026-03-24,Recreate,30
9116,5856,9206,2026-08-28,Remix,20
9117,305,19940,2026-07-08,Remix,10
9118,4402,12655,2026-05-19,Recreate,20
9119,8879,48495,2026-07-18,Recreate,20
9120,3004,27699,2026-01-13,Recreate,5
9121,4432,26177,2026-07-02,Recreate,20
9122,9630,58083,2026-01-24,Recreate,10
9123,2228,57896,2026-06-23,Engagement Bonus,100
9124,6239,34769,2026-03-29,Recreate,10
9125,4298,47783,2026-02-08,Remix,20
9126,5236,43948,2026-04-06,Recreate,30
9127,7141,28565,2026-02-13,Remix,20
9128,9342,49623,2026-03-27,Recreate,30
9129,8180,49052,2026-05-04,Engagement Bonus,10
9130,2992,57599,2026-08-12,Remix,30
9131,9412,25427,2026-06-23,Remix,100
9132,1979,54932,2026-04-11,Recreate,20
9133,5109,27284,2026-05-02,Remix,5
9134,3215,30655,2026-08-21,Engagement Bonus,20
9135,8194,43699,2026-07-08,Remix,10
9136,4897,39066,2026-03-20,Engagement Bonus,50
9137,8259,58184,2026-07-28,Recreate,20
9138,8742,21409,2026-08-27,Remix,10
9139,8315,15865,2026-07-21,Engagement Bonus,10
9140,5802,20255,2026-07-06,Engagement Bonus,30
9141,8245,6360,2026-04-08,Remix,10
9142,3256,14329,2026-05-25,Engagement Bonus,20
9143,128,53849,2026-06-06,Remix,5
9144,9155,49008,2026-06-08,Remix,30
9145,3501,2979,2026-05-13,Remix,5
9146,4798,13283,2026-01-02,Engagement Bonus,20
9147,4263,50889,2026-01-30,Remix,30
9148,6448,51173,2026-01-02,Engagement Bonus,5
9149,7893,55558,2026-08-17,Recreate,10
9150,6319,4606,2026-04-08,Engagement Bonus,5
9151,3601,30451,2026-06-12,Remix,5
9152,8913,34574,2026-01-25,Recreate,20
9153,8722,4250,2026-04-28,Recreate,10
9154,3894,13824,2026-02-09,Recreate,10
9155,7925,17566,2026-03-01,Recreate,50
9156,6291,20606,2026-02-15,Recreate,5
9157,3833,9293,2026-06-02,Engagement Bonus,5
9158,6094,4487,2026-08-16,Engagement Bonus,10
9159,8519,10386,2026-07-07,Recreate,10
9160,7385,32394,2026-05-05,Engagement Bonus,20
9161,7829,34142,2026-05-15,Recreate,30
9162,3678,9498,2026-01-16,Recreate,30
9163,4939,10302,2026-04-21,Recreate,20
9164,5268,39183,2026-08-05,Recreate,30
9165,1179,23406,2026-03-12,Engagement Bonus,100
9166,7428,32018,2026-08-10,Recreate,5
9167,5416,59687,2026-06-23,Recreate,10
9168,682,390,2026-08-01,Remix,5
9169,6796,25643,2026-03-24,Recreate,5
9170,7682,8411,2026-01-26,Remix,100
9171,4498,32252,2026-01-13,Recreate,30
9172,3663,23288,2026-06-04,Recreate,50
9173,3738,8804,2026-05-14,Engagement Bonus,10
9174,784,44043,2026-04-20,Remix,50
9175,5773,45584,2026-02-25,Recreate,5
9176,155,24714,2026-07-12,Recreate,20
9177,7321,42002,2026-02-03,Recreate,10
9178,8732,27262,2026-04-30,Recreate,30
9179,2208,46006,2026-01-06,Remix,5
9180,7909,20772,2026-08-25,Remix,20
9181,4306,24460,2026-07-21,Recreate,5
9182,6045,57868,2026-07-02,Recreate,5
9183,3577,31174,2026-01-28,Recreate,10
9184,247,15910,2026-07-05,Remix,5
9185,6920,58980,2026-02-11,Remix,10
9186,2210,49004,2026-04-09,Recreate,10
9187,6768,15913,2026-01-02,Remix,20
9188,785,275,2026-04-05,Recreate,50
9189,3147,48510,2026-04-03,Recreate,50
9190,5787,3904,2026-02-17,Recreate,10
9191,8834,54643,2026-07-13,Recreate,5
9192,8339,18495,2026-02-25,Recreate,30
9193,154,51862,2026-05-17,Recreate,10
9194,5276,42406,2026-05-18,Engagement Bonus,5
9195,3402,34209,2026-06-07,Recreate,20
9196,147,1673,2026-05-14,Remix,5
9197,9378,55060,2026-07-12,Remix,20
9198,1469,7516,2026-08-22,Recreate,30
9199,101,51838,2026-03-07,Recreate,10
9200,5405,30873,2026-06-27,Recreate,5
9201,5485,6210,2026-08-06,Recreate,5
9202,2064,4651,2026-01-02,Engagement Bonus,100
9203,8686,3770,2026-06-03,Recreate,5
9204,4865,40796,2026-03-22,Recreate,20
9205,5277,5425,2026-05-02,Remix,5
9206,4459,530,2026-06-18,Recreate,20
9207,7748,4542,2026-08-15,Recreate,50
9208,4832,40377,2026-05-22,Recreate,20
9209,779,34487,2026-06-04,Recreate,100
9210,6740,44096,2026-08-24,Recreate,30
9211,8444,7081,2026-05-21,Recreate,10
9212,6192,58989,2026-05-09,Recreate,5
9213,9844,16342,2026-01-10,Remix,10
9214,981,48345,2026-01-17,Recreate,10
9215,152,55720,2026-06-13,Recreate,10
9216,9825,40171,2026-07-12,Recreate,5
9217,4109,36470,2026-02-19,Recreate,20
9218,2232,24320,2026-05-20,Recreate,20
9219,2663,28826,2026-03-07,Recreate,10
9220,2636,34313,2026-08-08,Remix,10
9221,6882,47203,2026-05-19,Recreate,10
9222,2607,40270,2026-02-24,Recreate,30
9223,1616,22211,2026-07-10,Recreate,20
9224,2202,36866,2026-01-15,Engagement Bonus,10
9225,1758,55310,2026-02-19,Recreate,5
9226,9609,22948,2026-04-21,Recreate,30
9227,5228,54856,2026-04-30,Recreate,100
9228,5184,48903,2026-01-14,Recreate,100
9229,9985,38229,2026-04-11,Recreate,5
9230,7286,47621,2026-04-29,Remix,5
9231,9944,3713,2026-03-30,Recreate,5
9232,5452,46530,2026-06-14,Recreate,5
9233,6084,23142,2026-06-06,Recreate,10
9234,8721,33488,2026-05-02,Recreate,10
9235,3590,45349,2026-03-23,Recreate,30
9236,2795,1971,2026-04-26,Recreate,20
9237,8249,12768,2026-01-27,Recreate,30
9238,6539,33762,2026-02-15,Recreate,10
9239,5141,13694,2026-05-07,Engagement Bonus,5
9240,9345,56899,2026-05-10,Remix,30
9241,3157,23247,2026-01-12,Remix,50
9242,490,9672,2026-03-02,Remix,5
9243,7421,4643,2026-05-06,Recreate,20
9244,6961,25949,2026-07-29,Remix,20
9245,5613,35400,2026-05-28,Remix,100
9246,1935,40388,2026-02-10,Recreate,10
9247,9100,47054,2026-03-27,Recreate,20
9248,4568,43835,2026-02-23,Remix,20
9249,3367,58029,2026-07-15,Recreate,10
9250,5259,5661,2026-07-19,Engagement Bonus,10
9251,7725,34924,2026-05-18,Remix,50
9252,5861,15349,2026-08-30,Recreate,10
9253,1756,55397,2026-08-20,Recreate,5
9254,4288,57190,2026-08-13,Recreate,5
9255,9933,42395,2026-03-06,Recreate,20
9256,3875,46843,2026-08-12,Recreate,20
9257,7413,48643,2026-03-19,Recreate,5
9258,5767,6166,2026-04-08,Recreate,5
9259,3096,27681,2026-06-01,Recreate,30
9260,8100,39873,2026-05-12,Remix,50
9261,2015,56142,2026-07-03,Recreate,20
9262,8158,12221,2026-07-01,Recreate,5
9263,9874,43810,2026-03-02,Remix,10
9264,4799,5575,2026-05-14,Engagement Bonus,5
9265,4991,1239,2026-05-20,Engagement Bonus,100
9266,3001,37423,2026-02-28,Recreate,10
9267,7891,50137,2026-01-14,Recreate,20
9268,8921,23863,2026-05-01,Recreate,30
9269,7350,32894,2026-02-26,Recreate,10
9270,7003,30569,2026-03-19,Recreate,20
9271,8807,26198,2026-03-05,Recreate,5
9272,5188,36051,2026-01-06,Remix,20
9273,1298,44944,2026-07-13,Recreate,20
9274,7262,10955,2026-06-11,Recreate,20
9275,5614,3619,2026-08-02,Remix,5
9276,6556,36767,2026-07-23,Recreate,10
9277,1387,6784,2026-02-20,Remix,5
9278,3678,9498,2026-06-14,Recreate,5
9279,7234,22344,2026-04-27,Engagement Bonus,20
9280,6566,7046,2026-06-12,Engagement Bonus,5
9281,3715,39812,2026-06-03,Recreate,5
9282,3881,53490,2026-08-22,Engagement Bonus,5
9283,9180,14361,2026-04-09,Remix,20
9284,809,64,2026-07-13,Remix,30
9285,454,25749,2026-05-09,Recreate,10
9286,7611,44608,2026-04-27,Remix,30
9287,4219,29052,2026-06-28,Recreate,10
9288,5946,44120,2026-08-12,Remix,50
9289,4044,17894,2026-02-24,Recreate,10
9290,388,22457,2026-04-16,Recreate,5
9291,1405,16930,2026-06-09,Engagement Bonus,5
9292,4464,378,2026-06-01,Recreate,5
9293,3902,52538,2026-03-29,Recreate,30
9294,6787,6604,2026-02-10,Recreate,50
9295,6604,40258,2026-06-07,Recreate,5
9296,205,27038,2026-01-28,Engagement Bonus,50
9297,2918,35635,2026-07-05,Recreate,100
9298,8500,52118,2026-07-07,Remix,5
9299,52,44269,2026-03-23,Recreate,5
9300,9292,9580,2026-06-25,Recreate,5
9301,4766,23399,2026-02-17,Recreate,10
9302,8892,59808,2026-08-23,Engagement Bonus,20
9303,4080,45351,2026-08-21,Recreate,20
9304,1702,54548,2026-08-20,Recreate,20
9305,5357,25984,2026-04-11,Remix,10
9306,4002,33816,2026-06-17,Recreate,50
9307,4735,21471,2026-08-15,Recreate,10
9308,9103,17457,2026-02-23,Remix,5
9309,6444,11307,2026-04-15,Recreate,100
9310,2408,51343,2026-06-17,Remix,5
9311,9202,23950,2026-04-24,Recreate,5
9312,7647,26673,2026-07-24,Remix,50
9313,6007,35651,2026-04-12,Remix,10
9314,2960,27989,2026-02-09,Recreate,10
9315,4990,40600,2026-03-29,Engagement Bonus,5
9316,2803,34137,2026-03-21,Recreate,5
9317,5900,1406,2026-03-05,Remix,20
9318,5886,31376,2026-08-11,Remix,10
9319,2405,20144,2026-08-23,Recreate,20
9320,4209,43035,2026-01-24,Remix,30
9321,1492,27019,2026-05-21,Remix,20
9322,5908,16554,2026-01-21,Recreate,50
9323,8061,59502,2026-02-06,Recreate,20
9324,3788,56803,2026-07-15,Recreate,20
9325,2208,46006,2026-02-12,Recreate,20
9326,8118,31884,2026-07-15,Remix,10
9327,7855,35149,2026-05-13,Remix,10
9328,4872,56992,2026-08-30,Recreate,100
9329,8996,29539,2026-06-29,Recreate,20
9330,5530,32065,2026-07-20,Recreate,5
9331,1495,57449,2026-04-04,Engagement Bonus,5
9332,6605,9037,2026-03-12,Remix,5
9333,9723,34887,2026-03-12,Remix,30
9334,1111,15335,2026-01-08,Remix,20
9335,2583,55626,2026-08-30,Recreate,30
9336,5905,2421,2026-06-13,Recreate,10
9337,6843,1730,2026-07-12,Remix,10
9338,5332,7494,2026-08-18,Recreate,5
9339,3111,14936,2026-07-28,Recreate,5
9340,8754,17685,2026-05-01,Recreate,50
9341,5921,48777,2026-03-16,Remix,10
9342,6298,54587,2026-06-19,Remix,10
9343,5144,6945,2026-03-16,Recreate,30
9344,8253,30785,2026-02-23,Engagement Bonus,50
9345,8010,20117,2026-08-09,Recreate,5
9346,264,42075,2026-03-02,Recreate,5
9347,7809,9342,2026-03-27,Recreate,20
9348,384,2593,2026-01-18,Engagement Bonus,10
9349,783,1338,2026-03-16,Recreate,50
9350,1685,58508,2026-01-09,Recreate,10
9351,1796,49382,2026-07-03,Remix,20
9352,3668,38736,2026-04-30,Remix,20
9353,6969,5354,2026-04-16,Remix,100
9354,3262,59041,2026-04-07,Recreate,5
9355,3870,24338,2026-05-01,Recreate,100
9356,9770,48323,2026-08-10,Recreate,20
9357,9717,52415,2026-01-13,Remix,30
9358,4671,19336,2026-05-31,Recreate,100
9359,2606,50017,2026-01-14,Recreate,10
9360,8401,54742,2026-08-24,Engagement Bonus,10
9361,123,23274,2026-01-21,Recreate,5
9362,1854,6753,2026-01-10,Recreate,10
9363,1756,1126,2026-05-12,Remix,20
9364,3233,7550,2026-04-04,Recreate,10
9365,105,27128,2026-02-03,Recreate,10
9366,7544,28971,2026-01-06,Recreate,10
9367,3842,12231,2026-01-03,Remix,30
9368,5361,11189,2026-04-22,Remix,20
9369,6304,13892,2026-03-23,Recreate,5
9370,7964,31836,2026-04-03,Recreate,50
9371,7893,55636,2026-03-19,Remix,10
9372,4393,25617,2026-07-10,Recreate,20
9373,2037,2633,2026-05-03,Remix,20
9374,7284,57719,2026-02-09,Recreate,50
9375,5701,48039,2026-05-29,Recreate,20
9376,6624,50677,2026-03-08,Engagement Bonus,100
9377,3383,12717,2026-07-05,Recreate,30
9378,7989,1928,2026-04-16,Engagement Bonus,20
9379,5789,54062,2026-06-08,Remix,5
9380,4218,13601,2026-08-23,Remix,20
9381,31,9518,2026-07-22,Recreate,20
9382,9772,43826,2026-07-06,Recreate,5
9383,4829,6441,2026-05-21,Recreate,10
9384,7693,38275,2026-01-01,Remix,5
9385,2176,24684,2026-01-19,Recreate,30
9386,2443,31850,2026-01-11,Recreate,10
9387,5991,12958,2026-06-27,Recreate,5
9388,3560,21495,2026-02-12,Engagement Bonus,20
9389,4317,47646,2026-04-22,Remix,10
9390,6429,51586,2026-05-29,Remix,20
9391,83,41654,2026-03-24,Recreate,5
9392,2823,47227,2026-02-11,Recreate,20
9393,3005,39647,2026-05-11,Recreate,50
9394,6082,43683,2026-07-22,Recreate,10
9395,4526,53410,2026-01-09,Engagement Bonus,20
9396,7676,2200,2026-08-17,Recreate,100
9397,5042,24084,2026-04-02,Engagement Bonus,20
9398,3122,1380,2026-03-29,Engagement Bonus,10
9399,5066,17927,2026-08-20,Engagement Bonus,50
9400,7959,39069,2026-04-27,Engagement Bonus,10
9401,4828,55833,2026-01-18,Remix,100
9402,9875,18,2026-04-24,Remix,50
9403,7126,54454,2026-03-19,Recreate,5
9404,8913,51003,2026-07-13,Recreate,30
9405,9872,18771,2026-03-31,Recreate,30
9406,6767,57197,2026-05-31,Remix,30
9407,1480,24689,2026-05-10,Remix,5
9408,1425,34134,2026-06-14,Engagement Bonus,5
9409,8073,4583,2026-08-11,Recreate,50
9410,7791,24835,2026-02-25,Remix,30
9411,3328,37093,2026-07-01,Recreate,10
9412,9641,59946,2026-08-21,Recreate,5
9413,3416,52137,2026-01-31,Remix,5
9414,4805,299,2026-02-01,Recreate,5
9415,8303,46293,2026-07-23,Recreate,20
9416,3419,6717,2026-03-19,Engagement Bonus,30
9417,5199,13648,2026-01-22,Recreate,10
9418,621,27771,2026-03-02,Remix,20
9419,8483,14395,2026-07-16,Recreate,30
9420,799,29208,2026-05-07,Recreate,10
9421,7756,22043,2026-02-19,Remix,10
9422,7497,52257,2026-02-14,Remix,20
9423,8120,19261,2026-04-15,Engagement Bonus,20
9424,7796,47658,2026-03-02,Engagement Bonus,10
9425,6686,52984,2026-05-18,Recreate,5
9426,4204,18700,2026-02-25,Recreate,20
9427,1754,3806,2026-07-09,Recreate,30
9428,5607,23508,2026-04-05,Remix,10
9429,2898,55878,2026-05-27,Recreate,5
9430,9472,888,2026-06-21,Recreate,10
9431,285,42833,2026-04-29,Remix,20
9432,778,34965,2026-01-14,Recreate,5
9433,5648,33494,2026-07-08,Recreate,10
9434,8014,21725,2026-07-26,Remix,100
9435,1873,9558,2026-06-30,Engagement Bonus,20
9436,7381,2061,2026-02-04,Recreate,10
9437,8011,3834,2026-07-21,Remix,30
9438,4952,57850,2026-03-13,Recreate,20
9439,2733,33985,2026-07-09,Recreate,10
9440,9436,20000,2026-07-14,Engagement Bonus,5
9441,7248,57454,2026-01-22,Recreate,100
9442,9261,47811,2026-01-09,Recreate,20
9443,9351,38630,2026-03-13,Remix,20
9444,2860,31158,2026-06-03,Recreate,20
9445,8229,32369,2026-05-15,Recreate,10
9446,432,39947,2026-04-03,Remix,30
9447,3788,49143,2026-02-02,Recreate,20
9448,6776,28421,2026-06-19,Recreate,10
9449,1493,15316,2026-04-12,Recreate,50
9450,1600,49383,2026-03-22,Remix,10
9451,7457,35067,2026-08-03,Remix,5
9452,8337,12568,2026-04-24,Recreate,100
9453,6793,8383,2026-07-22,Recreate,10
9454,5443,31210,2026-01-17,Recreate,5
9455,4606,59095,2026-04-25,Remix,5
9456,6038,3236,2026-04-08,Recreate,5
9457,2468,15707,2026-04-11,Remix,20
9458,9674,12094,2026-08-07,Engagement Bonus,5
9459,8575,26909,2026-05-05,Remix,10
9460,3432,51447,2026-06-12,Engagement Bonus,5
9461,4924,20302,2026-04-19,Recreate,50
9462,4011,52359,2026-08-29,Remix,20
9463,3902,52538,2026-03-13,Recreate,5
9464,8977,59255,2026-02-18,Recreate,5
9465,3276,1575,2026-06-09,Recreate,20
9466,3232,3054,2026-05-28,Remix,100
9467,5554,10309,2026-04-08,Remix,5
9468,9901,4058,2026-07-31,Remix,5
9469,1710,12335,2026-02-03,Recreate,50
9470,4758,30942,2026-03-21,Recreate,100
9471,2523,21568,2026-07-02,Recreate,5
9472,6507,5370,2026-06-19,Recreate,10
9473,1226,1687,2026-06-26,Recreate,5
9474,339,49188,2026-05-21,Remix,20
9475,6944,35343,2026-03-20,Engagement Bonus,5
9476,7836,12184,2026-02-06,Recreate,5
9477,8486,22490,2026-04-03,Engagement Bonus,5
9478,5787,7451,2026-06-10,Remix,10
9479,4840,44863,2026-08-02,Recreate,10
9480,167,30491,2026-07-31,Recreate,10
9481,2699,28048,2026-06-14,Engagement Bonus,50
9482,824,54239,2026-05-16,Recreate,5
9483,3131,9542,2026-06-01,Recreate,5
9484,6669,2907,2026-02-15,Recreate,20
9485,713,388,2026-01-30,Engagement Bonus,20
9486,4071,25281,2026-08-07,Recreate,10
9487,7642,26278,2026-05-24,Recreate,100
9488,5494,57786,2026-04-16,Recreate,30
9489,2470,16686,2026-06-25,Recreate,10
9490,5550,20549,2026-07-05,Remix,30
9491,3396,43299,2026-02-22,Recreate,5
9492,1059,39511,2026-01-21,Remix,30
9493,9683,39322,2026-03-30,Recreate,100
9494,6568,56794,2026-01-07,Recreate,20
9495,9037,28540,2026-02-06,Engagement Bonus,30
9496,2151,45337,2026-01-21,Recreate,10
9497,9762,28266,2026-01-01,Recreate,10
9498,9754,37831,2026-06-24,Recreate,20
9499,2372,37116,2026-03-15,Remix,50
9500,491,47576,2026-01-30,Remix,100
9501,3764,15482,2026-05-17,Recreate,5
9502,837,25353,2026-05-20,Recreate,5
9503,309,7448,2026-05-08,Engagement Bonus,100
9504,7254,4739,2026-06-22,Remix,5
9505,8180,49052,2026-08-18,Remix,100
9506,7360,50417,2026-02-28,Engagement Bonus,50
9507,6959,17447,2026-05-15,Recreate,20
9508,1095,23613,2026-04-14,Recreate,10
9509,3319,1791,2026-03-06,Engagement Bonus,5
9510,9305,57130,2026-04-12,Recreate,30
9511,670,30392,2026-01-30,Recreate,30
9512,3123,38700,2026-03-15,Engagement Bonus,10
9513,7761,40632,2026-01-31,Recreate,50
9514,5642,3436,2026-03-29,Recreate,10
9515,8645,35293,2026-05-17,Recreate,20
9516,5862,21885,2026-01-09,Remix,10
9517,3407,11644,2026-08-17,Recreate,10
9518,3272,12789,2026-07-20,Engagement Bonus,20
9519,4717,33451,2026-05-09,Engagement Bonus,50
9520,861,34490,2026-04-07,Recreate,50
9521,6784,36957,2026-03-07,Recreate,20
9522,7061,34074,2026-07-24,Remix,20
9523,5266,7772,2026-04-16,Remix,5
9524,9352,39761,2026-03-02,Recreate,30
9525,984,14695,2026-07-10,Recreate,20
9526,3432,33818,2026-05-11,Recreate,10
9527,5352,16306,2026-05-12,Recreate,5
9528,7092,55985,2026-05-28,Recreate,10
9529,398,35856,2026-02-16,Recreate,30
9530,4385,46772,2026-06-03,Recreate,20
9531,4653,58167,2026-03-15,Recreate,50
9532,6353,31845,2026-05-17,Remix,50
9533,7044,48201,2026-02-14,Remix,30
9534,4049,45821,2026-07-15,Recreate,20
9535,6786,18978,2026-06-28,Engagement Bonus,20
9536,3373,32710,2026-05-22,Recreate,10
9537,9274,47526,2026-08-05,Recreate,5
9538,6285,39823,2026-01-06,Recreate,10
9539,5617,26681,2026-01-05,Recreate,100
9540,4258,1014,2026-04-28,Remix,5
9541,8130,5292,2026-03-30,Remix,20
9542,7363,13967,2026-06-12,Remix,10
9543,5427,52219,2026-01-04,Remix,20
9544,1725,29180,2026-05-25,Engagement Bonus,10
9545,3207,35643,2026-04-03,Remix,10
9546,2352,59953,2026-03-31,Recreate,20
9547,2143,21260,2026-08-07,Recreate,10
9548,5317,2536,2026-08-17,Engagement Bonus,50
9549,2372,46004,2026-04-30,Recreate,20
9550,3729,38266,2026-01-06,Recreate,30
9551,3302,12242,2026-01-26,Recreate,5
9552,5189,5836,2026-02-10,Engagement Bonus,5
9553,8288,5206,2026-07-24,Remix,50
9554,7850,56379,2026-08-28,Recreate,30
9555,9738,26510,2026-02-02,Recreate,30
9556,6338,17892,2026-06-24,Engagement Bonus,30
9557,1399,35420,2026-04-04,Recreate,5
9558,2444,25462,2026-08-28,Recreate,30
9559,8665,21230,2026-08-27,Recreate,5
9560,8354,40297,2026-07-10,Remix,30
9561,3799,58546,2026-02-20,Recreate,50
9562,6840,47388,2026-05-14,Engagement Bonus,100
9563,3541,51607,2026-06-02,Remix,20
9564,8333,17192,2026-06-29,Recreate,10
9565,8266,43973,2026-05-15,Recreate,20
9566,8118,49043,2026-01-20,Recreate,20
9567,9645,32464,2026-02-25,Engagement Bonus,10
9568,6747,37133,2026-08-17,Remix,10
9569,7838,22791,2026-05-01,Recreate,10
9570,545,33215,2026-04-14,Recreate,10
9571,7056,32542,2026-01-24,Engagement Bonus,5
9572,134,34267,2026-07-19,Engagement Bonus,20
9573,8401,54183,2026-06-24,Engagement Bonus,30
9574,470,8965,2026-04-22,Recreate,20
9575,6342,14750,2026-07-26,Recreate,30
9576,1346,9538,2026-04-06,Recreate,5
9577,4937,4873,2026-07-09,Recreate,30
9578,480,36731,2026-01-07,Recreate,5
9579,8585,47424,2026-02-07,Remix,20
9580,7537,17019,2026-03-27,Recreate,30
9581,2451,25302,2026-03-31,Engagement Bonus,10
9582,1222,23620,2026-01-19,Remix,5
9583,3498,54901,2026-07-06,Recreate,5
9584,9781,33914,2026-07-28,Remix,10
9585,6718,52778,2026-05-05,Engagement Bonus,10
9586,9920,6932,2026-01-04,Engagement Bonus,50
9587,8081,9180,2026-05-17,Recreate,10
9588,655,36377,2026-01-06,Engagement Bonus,20
9589,7358,22666,2026-03-18,Recreate,10
9590,2428,37187,2026-04-18,Recreate,30
9591,5801,31908,2026-07-18,Remix,20
9592,5324,30184,2026-04-23,Recreate,50
9593,4786,42360,2026-08-09,Engagement Bonus,100
9594,5639,55033,2026-06-27,Remix,30
9595,5318,42428,2026-02-25,Recreate,5
9596,9973,14795,2026-02-20,Recreate,30
9597,7023,12385,2026-08-20,Recreate,10
9598,550,46408,2026-06-10,Recreate,50
9599,7877,55496,2026-01-09,Engagement Bonus,20
9600,1467,25204,2026-02-01,Remix,20
9601,4389,28882,2026-05-06,Recreate,100
9602,4809,30814,2026-01-04,Recreate,10
9603,520,58675,2026-02-14,Recreate,5
9604,2980,17428,2026-01-27,Engagement Bonus,20
9605,3422,10186,2026-08-07,Recreate,5
9606,4346,36804,2026-01-14,Recreate,5
9607,5152,58053,2026-03-02,Engagement Bonus,30
9608,2531,46570,2026-04-13,Engagement Bonus,30
9609,5402,43620,2026-03-06,Recreate,5
9610,9138,43916,2026-05-05,Recreate,30
9611,8466,8406,2026-01-21,Remix,20
9612,5781,24934,2026-02-08,Remix,20
9613,465,57087,2026-07-15,Remix,5
9614,3217,28960,2026-02-03,Recreate,5
9615,1581,53233,2026-03-05,Remix,5
9616,3483,55345,2026-08-09,Remix,50
9617,9390,7692,2026-01-06,Recreate,10
9618,4830,6494,2026-07-01,Remix,5
9619,8059,15884,2026-03-31,Remix,100
9620,2555,16138,2026-04-13,Recreate,10
9621,9840,31551,2026-01-01,Remix,10
9622,911,52186,2026-02-16,Recreate,20
9623,2337,22314,2026-04-09,Remix,20
9624,7100,15752,2026-08-02,Remix,20
9625,2676,59990,2026-06-15,Remix,10
9626,8122,25250,2026-03-24,Engagement Bonus,20
9627,532,54081,2026-04-17,Recreate,100
9628,6675,9440,2026-05-26,Recreate,5
9629,3080,54885,2026-07-28,Recreate,10
9630,6796,42206,2026-06-20,Remix,10
9631,8344,21606,2026-05-15,Recreate,5
9632,5777,2559,2026-04-26,Engagement Bonus,10
9633,8602,38124,2026-03-09,Recreate,10
9634,433,42944,2026-04-04,Recreate,5
9635,7,26889,2026-04-18,Engagement Bonus,5
9636,5145,17865,2026-06-07,Recreate,10
9637,3667,3007,2026-01-31,Recreate,10
9638,3788,39371,2026-07-11,Recreate,30
9639,7887,11419,2026-04-11,Engagement Bonus,5
9640,3353,24631,2026-08-19,Recreate,5
9641,9320,9076,2026-07-14,Recreate,20
9642,514,40467,2026-01-20,Recreate,10
9643,1027,39700,2026-06-09,Engagement Bonus,10
9644,1348,7446,2026-03-15,Recreate,10
9645,2410,25139,2026-06-04,Recreate,50
9646,9479,7470,2026-08-22,Recreate,10
9647,1687,712,2026-02-23,Recreate,5
9648,608,27553,2026-02-26,Recreate,5
9649,4340,10521,2026-02-19,Recreate,5
9650,6003,48007,2026-04-06,Remix,20
9651,5973,30520,2026-07-01,Engagement Bonus,10
9652,4465,38798,2026-04-13,Recreate,50
9653,7763,19429,2026-06-27,Recreate,30
9654,2941,48709,2026-04-18,Remix,20
9655,5660,15934,2026-01-23,Recreate,5
9656,3334,1835,2026-06-18,Recreate,50
9657,2984,46060,2026-07-16,Recreate,10
9658,6717,27638,2026-02-26,Engagement Bonus,50
9659,4272,11021,2026-02-17,Engagement Bonus,20
9660,4132,49282,2026-07-28,Remix,5
9661,9333,45093,2026-04-08,Recreate,20
9662,2607,18167,2026-08-29,Remix,5
9663,3240,7404,2026-07-28,Recreate,50
9664,9275,29827,2026-05-04,Remix,10
9665,4011,46219,2026-08-27,Recreate,50
9666,1538,52442,2026-04-10,Recreate,30
9667,5473,6969,2026-05-31,Remix,10
9668,7991,53201,2026-03-21,Recreate,20
9669,7873,29311,2026-06-12,Recreate,50
9670,4023,11948,2026-07-15,Recreate,100
9671,1313,3913,2026-01-04,Remix,20
9672,71,45581,2026-07-14,Recreate,20
9673,1525,20388,2026-06-13,Remix,20
9674,2627,19663,2026-03-28,Recreate,100
9675,4067,5414,2026-01-11,Recreate,50
9676,9661,29612,2026-07-13,Recreate,50
9677,8105,54362,2026-07-02,Remix,30
9678,5424,41274,2026-05-05,Remix,10
9679,2826,42312,2026-07-27,Remix,20
9680,4848,39760,2026-03-12,Recreate,10
9681,7361,57304,2026-05-21,Recreate,50
9682,4551,14800,2026-06-03,Remix,100
9683,3364,31939,2026-06-04,Recreate,20
9684,4239,38336,2026-04-18,Recreate,10
9685,9396,30237,2026-07-05,Recreate,5
9686,2945,27823,2026-08-07,Recreate,10
9687,2855,37747,2026-04-23,Recreate,5
9688,7482,18788,2026-08-09,Recreate,5
9689,814,54394,2026-04-13,Recreate,5
9690,6840,51345,2026-06-10,Recreate,50
9691,6354,16452,2026-04-20,Engagement Bonus,10
9692,4097,45813,2026-03-30,Recreate,10
9693,3475,36649,2026-07-12,Recreate,10
9694,1373,43093,2026-06-08,Recreate,50
9695,9623,17607,2026-08-20,Recreate,20
9696,101,45915,2026-02-20,Recreate,30
9697,437,37279,2026-08-03,Remix,30
9698,3180,4861,2026-07-28,Recreate,30
9699,3966,17043,2026-03-28,Recreate,5
9700,5300,52414,2026-05-26,Engagement Bonus,30
9701,3966,19217,2026-06-24,Remix,5
9702,6665,2161,2026-07-11,Remix,100
9703,9019,38356,2026-05-29,Remix,10
9704,4743,32211,2026-05-27,Recreate,100
9705,1856,25817,2026-07-02,Remix,100
9706,8587,21788,2026-06-29,Remix,20
9707,9942,28568,2026-02-07,Remix,20
9708,7557,50891,2026-02-17,Recreate,20
9709,3477,46870,2026-01-12,Recreate,30
9710,6765,29250,2026-04-09,Remix,10
9711,3329,9611,2026-03-09,Recreate,10
9712,7871,4528,2026-03-29,Recreate,20
9713,7839,16204,2026-05-14,Remix,10
9714,1729,51952,2026-02-23,Remix,10
9715,9573,58339,2026-07-15,Recreate,50
9716,9411,38766,2026-02-06,Recreate,30
9717,4434,45792,2026-02-25,Remix,30
9718,4960,1777,2026-02-05,Recreate,5
9719,2982,3542,2026-05-11,Recreate,10
9720,2409,5666,2026-02-04,Recreate,50
9721,1227,30327,2026-03-11,Recreate,30
9722,2473,2272,2026-03-05,Recreate,20
9723,5210,17434,2026-06-07,Remix,10
9724,3239,10866,2026-08-24,Recreate,20
9725,6817,45388,2026-03-12,Recreate,50
9726,6825,20688,2026-01-05,Recreate,10
9727,3619,54316,2026-03-02,Recreate,20
9728,6323,49685,2026-04-30,Recreate,20
9729,1916,15330,2026-06-17,Recreate,10
9730,3169,39212,2026-07-01,Remix,5
9731,9055,3135,2026-01-06,Engagement Bonus,20
9732,5499,43446,2026-03-22,Recreate,10
9733,220,40875,2026-07-09,Recreate,30
9734,861,3142,2026-02-02,Recreate,10
9735,8919,37863,2026-06-17,Recreate,20
9736,228,43408,2026-01-23,Recreate,30
9737,3241,18463,2026-01-18,Recreate,20
9738,398,46372,2026-01-03,Recreate,20
9739,1802,25486,2026-01-04,Engagement Bonus,20
9740,3407,29341,2026-08-02,Recreate,50
9741,6151,22029,2026-07-09,Recreate,30
9742,5796,6384,2026-04-14,Recreate,10
9743,5668,21176,2026-08-06,Recreate,30
9744,7350,49478,2026-07-25,Recreate,20
9745,4506,33749,2026-07-03,Recreate,50
9746,2069,56569,2026-07-28,Recreate,10
9747,5658,36427,2026-08-13,Engagement Bonus,10
9748,7268,5756,2026-07-10,Recreate,100
9749,31,9518,2026-08-25,Recreate,10
9750,2526,34913,2026-01-01,Recreate,10
9751,6353,31845,2026-06-07,Recreate,10
9752,3989,45322,2026-04-02,Remix,50
9753,572,30147,2026-08-09,Recreate,50
9754,9259,20592,2026-08-16,Recreate,100
9755,3353,34569,2026-02-23,Remix,10
9756,1181,50350,2026-02-02,Engagement Bonus,20
9757,3607,35254,2026-03-08,Engagement Bonus,5
9758,7643,6602,2026-01-10,Remix,10
9759,3262,59041,2026-05-10,Recreate,20
9760,4262,19745,2026-04-24,Remix,50
9761,4041,26428,2026-05-29,Recreate,20
9762,8301,14954,2026-06-12,Recreate,10
9763,8358,54330,2026-06-22,Recreate,5
9764,3434,52727,2026-01-14,Engagement Bonus,30
9765,839,3881,2026-01-12,Recreate,100
9766,3034,21920,2026-06-19,Recreate,10
9767,1272,23015,2026-03-01,Recreate,100
9768,7532,21994,2026-05-18,Engagement Bonus,30
9769,7661,34668,2026-08-11,Recreate,10
9770,6670,4985,2026-03-26,Recreate,100
9771,6460,13453,2026-06-16,Remix,5
9772,5380,39584,2026-07-30,Engagement Bonus,30
9773,425,13621,2026-01-04,Remix,50
9774,4017,14250,2026-07-03,Recreate,20
9775,6287,21842,2026-06-07,Remix,50
9776,6938,33021,2026-04-12,Recreate,5
9777,482,22927,2026-03-16,Remix,30
9778,6889,34852,2026-03-14,Recreate,30
9779,1997,58498,2026-01-27,Engagement Bonus,5
9780,3847,10168,2026-06-22,Recreate,5
9781,5576,32983,2026-07-18,Recreate,20
9782,3544,31798,2026-01-15,Engagement Bonus,10
9783,6281,7412,2026-06-28,Remix,10
9784,9767,24047,2026-06-16,Remix,50
9785,2960,49256,2026-06-30,Remix,100
9786,9616,59741,2026-01-14,Remix,20
9787,5323,39359,2026-02-13,Remix,10
9788,9657,36083,2026-06-27,Recreate,20
9789,7594,30202,2026-02-11,Recreate,5
9790,39,42528,2026-08-12,Remix,5
9791,1648,49038,2026-06-16,Recreate,100
9792,9436,39939,2026-03-29,Remix,20
9793,3923,15353,2026-08-06,Recreate,5
9794,1467,45287,2026-01-30,Recreate,5
9795,4944,59253,2026-03-29,Remix,10
9796,320,32633,2026-05-01,Recreate,5
9797,2743,59608,2026-04-26,Remix,10
9798,3803,14488,2026-02-26,Engagement Bonus,5
9799,7689,44936,2026-04-22,Recreate,10
9800,3082,10936,2026-04-03,Recreate,30
9801,8780,32378,2026-08-09,Recreate,30
9802,8716,46792,2026-06-25,Recreate,5
9803,3685,40316,2026-01-21,Remix,5
9804,9415,2337,2026-01-10,Recreate,5
9805,5756,23138,2026-01-15,Recreate,10
9806,7647,7014,2026-08-06,Engagement Bonus,20
9807,7967,58500,2026-06-06,Remix,5
9808,5106,38778,2026-04-15,Recreate,10
9809,8395,39837,2026-06-01,Recreate,5
9810,1450,36347,2026-08-06,Remix,20
9811,1231,54838,2026-03-20,Recreate,10
9812,2370,16066,2026-06-03,Recreate,5
9813,4335,36756,2026-07-19,Remix,5
9814,5455,29009,2026-03-24,Engagement Bonus,20
9815,5103,51519,2026-04-07,Remix,30
9816,4411,607,2026-06-01,Remix,5
9817,2907,58218,2026-02-27,Remix,100
9818,3121,3360,2026-03-29,Recreate,10
9819,9698,7546,2026-08-02,Recreate,50
9820,1954,51140,2026-04-20,Engagement Bonus,50
9821,1509,10015,2026-08-19,Engagement Bonus,10
9822,7781,43710,2026-02-23,Remix,20
9823,2169,54233,2026-05-22,Recreate,50
9824,8905,56155,2026-06-12,Recreate,5
9825,3367,5547,2026-08-10,Recreate,20
9826,5663,52688,2026-01-21,Engagement Bonus,20
9827,1380,238,2026-06-20,Recreate,20
9828,1979,12275,2026-03-26,Recreate,10
9829,5707,34761,2026-05-14,Engagement Bonus,5
9830,7422,21685,2026-04-19,Recreate,100
9831,8813,57859,2026-06-04,Remix,100
9832,3622,15791,2026-02-12,Recreate,10
9833,5203,28088,2026-05-12,Recreate,100
9834,8326,38744,2026-04-27,Recreate,10
9835,7321,34268,2026-08-31,Recreate,5
9836,8110,26026,2026-07-14,Engagement Bonus,10
9837,37,30042,2026-04-10,Remix,20
9838,5933,7846,2026-02-12,Recreate,30
9839,995,45342,2026-07-08,Recreate,10
9840,9292,9580,2026-05-24,Recreate,5
9841,4763,29332,2026-08-02,Recreate,20
9842,7213,1504,2026-02-13,Recreate,10
9843,5766,7115,2026-08-11,Remix,20
9844,7065,17175,2026-05-14,Engagement Bonus,5
9845,3713,56457,2026-07-05,Recreate,20
9846,116,15059,2026-08-13,Recreate,30
9847,4262,59513,2026-07-01,Recreate,20
9848,2441,26495,2026-02-01,Remix,5
9849,2743,42715,2026-01-27,Remix,10
9850,9721,30462,2026-05-16,Recreate,30
9851,3447,43083,2026-04-15,Engagement Bonus,5
9852,5782,6411,2026-05-21,Remix,5
9853,9192,51228,2026-07-25,Recreate,5
9854,9867,54493,2026-05-06,Engagement Bonus,5
9855,37,20327,2026-07-15,Recreate,20
9856,8790,17713,2026-03-30,Remix,20
9857,2365,33675,2026-08-17,Engagement Bonus,10
9858,778,18647,2026-08-22,Recreate,5
9859,6127,4629,2026-04-18,Recreate,5
9860,1529,48334,2026-06-25,Recreate,100
9861,6589,9200,2026-07-02,Recreate,30
9862,9785,48655,2026-04-04,Recreate,10
9863,1716,15307,2026-03-06,Remix,20
9864,6033,53465,2026-02-10,Remix,5
9865,6374,29033,2026-07-23,Recreate,100
9866,1025,18875,2026-07-10,Recreate,20
9867,3344,48394,2026-01-05,Recreate,5
9868,9811,41709,2026-06-02,Recreate,100
9869,2683,4272,2026-02-23,Recreate,100
9870,2047,4698,2026-02-27,Recreate,5
9871,3646,47413,2026-07-13,Engagement Bonus,5
9872,9709,14557,2026-01-16,Recreate,10
9873,5971,18402,2026-05-05,Engagement Bonus,20
9874,3873,22119,2026-05-25,Recreate,20
9875,8148,10050,2026-06-06,Recreate,30
9876,9045,45336,2026-08-15,Remix,20
9877,523,41445,2026-08-31,Engagement Bonus,20
9878,1846,58746,2026-04-19,Recreate,5
9879,2651,21441,2026-05-12,Recreate,10
9880,4362,5974,2026-08-06,Remix,10
9881,7661,23847,2026-07-17,Remix,10
9882,4421,2458,2026-05-14,Recreate,50
9883,3797,43706,2026-01-31,Engagement Bonus,30
9884,602,25928,2026-08-24,Remix,30
9885,7487,6923,2026-08-18,Recreate,20
9886,6287,59544,2026-05-17,Recreate,100
9887,8896,21369,2026-04-13,Recreate,30
9888,9131,47209,2026-03-30,Engagement Bonus,20
9889,3782,16013,2026-08-17,Engagement Bonus,30
9890,9721,5989,2026-03-24,Recreate,50
9891,922,59583,2026-04-27,Recreate,5
9892,3138,54578,2026-02-04,Recreate,50
9893,1298,57185,2026-08-10,Recreate,10
9894,2055,57876,2026-03-05,Remix,10
9895,4506,44409,2026-03-30,Recreate,20
9896,9128,36436,2026-06-28,Recreate,5
9897,1189,28711,2026-03-28,Engagement Bonus,5
9898,3858,28182,2026-07-04,Engagement Bonus,5
9899,6264,9751,2026-02-12,Recreate,5
9900,9580,29590,2026-07-19,Recreate,20
9901,2706,19738,2026-05-13,Recreate,10
9902,7286,19010,2026-08-12,Recreate,20
9903,264,33006,2026-02-14,Remix,30
9904,7886,26697,2026-08-16,Remix,30
9905,1530,33206,2026-03-04,Remix,10
9906,6591,59208,2026-06-10,Remix,100
9907,9813,52500,2026-01-29,Recreate,10
9908,499,43746,2026-08-30,Recreate,100
9909,2244,386,2026-04-18,Recreate,10
9910,4809,14187,2026-05-15,Recreate,10
9911,8313,52759,2026-07-21,Recreate,20
9912,5538,28114,2026-04-14,Remix,10
9913,4995,43176,2026-03-05,Remix,50
9914,3301,44098,2026-02-28,Remix,5
9915,9588,23715,2026-03-02,Remix,5
9916,3760,36198,2026-07-22,Recreate,5
9917,9122,802,2026-01-22,Recreate,5
9918,3606,17717,2026-03-09,Remix,50
9919,9707,25700,2026-04-07,Engagement Bonus,100
9920,4683,14612,2026-01-11,Recreate,10
9921,8618,49436,2026-05-17,Recreate,5
9922,8040,50721,2026-05-08,Remix,20
9923,1323,59398,2026-01-20,Recreate,10
9924,6536,10352,2026-01-25,Engagement Bonus,30
9925,9208,37414,2026-05-05,Remix,10
9926,542,4657,2026-05-04,Engagement Bonus,50
9927,5474,28502,2026-07-03,Engagement Bonus,10
9928,3848,39558,2026-04-10,Remix,5
9929,9438,52699,2026-08-23,Remix,10
9930,7692,17118,2026-08-21,Remix,5
9931,8311,59789,2026-08-16,Engagement Bonus,30
9932,7201,13219,2026-08-14,Remix,100
9933,2158,27776,2026-04-18,Engagement Bonus,50
9934,5193,6311,2026-07-07,Recreate,5
9935,3654,59961,2026-04-07,Engagement Bonus,20
9936,9200,37298,2026-03-02,Recreate,50
9937,3594,1386,2026-04-23,Recreate,5
9938,3482,22975,2026-04-25,Recreate,20
9939,5598,26240,2026-07-05,Recreate,20
9940,6614,33732,2026-03-20,Recreate,5
9941,2095,32043,2026-05-19,Remix,10
9942,8065,54200,2026-07-23,Recreate,50
9943,5167,24611,2026-05-30,Remix,5
9944,3526,27836,2026-07-15,Remix,10
9945,4925,26228,2026-05-31,Recreate,30
9946,1072,47452,2026-07-13,Recreate,30
9947,1010,13932,2026-01-09,Remix,5
9948,4039,51744,2026-08-04,Engagement Bonus,5
9949,3840,29770,2026-08-21,Recreate,100
9950,5942,15863,2026-03-01,Remix,5
9951,8285,24775,2026-07-26,Remix,20
9952,9911,56093,2026-06-23,Recreate,5
9953,8687,57206,2026-01-13,Engagement Bonus,10
9954,1156,41035,2026-05-11,Recreate,5
9955,9090,16972,2026-08-16,Recreate,30
9956,3046,26371,2026-02-01,Recreate,5
9957,7369,4186,2026-06-02,Recreate,10
9958,4993,3464,2026-06-15,Recreate,10
9959,8804,58124,2026-08-19,Recreate,5
9960,873,52382,2026-08-16,Remix,10
9961,5111,42290,2026-06-06,Recreate,10
9962,5406,53929,2026-04-13,Recreate,5
9963,9492,34838,2026-06-12,Recreate,20
9964,3468,56143,2026-01-17,Recreate,10
9965,7444,3634,2026-01-07,Remix,20
9966,8278,45676,2026-07-22,Remix,20
9967,6145,13804,2026-03-21,Recreate,20
9968,5287,17933,2026-08-31,Remix,50
9969,2597,47720,2026-05-17,Recreate,20
9970,4563,18749,2026-03-21,Recreate,30
9971,8624,35665,2026-07-14,Recreate,5
9972,8332,34483,2026-04-18,Recreate,20
9973,4952,28727,2026-03-30,Remix,10
9974,2964,4804,2026-07-09,Recreate,10
9975,4334,22410,2026-01-25,Recreate,5
9976,2720,29015,2026-03-06,Recreate,5
9977,2343,39902,2026-02-13,Remix,50
9978,6424,9344,2026-06-12,Recreate,10
9979,5589,23309,2026-06-05,Recreate,20
9980,8420,43990,2026-06-21,Engagement Bonus,20
9981,2430,3226,2026-01-01,Engagement Bonus,10
9982,5902,17719,2026-05-01,Remix,10
9983,9163,45688,2026-05-26,Recreate,5
9984,2351,23068,2026-06-17,Remix,10
9985,6912,44660,2026-08-07,Engagement Bonus,20
9986,9086,31419,2026-07-15,Engagement Bonus,10
9987,3087,43787,2026-07-22,Recreate,30
9988,1147,46900,2026-06-10,Recreate,20
9989,6300,29605,2026-06-07,Recreate,10
9990,8109,58767,2026-05-08,Recreate,5
9991,9778,45701,2026-01-05,Engagement Bonus,5
9992,3590,17779,2026-03-18,Remix,30
9993,5545,34606,2026-08-14,Recreate,50
9994,1829,41387,2026-01-21,Engagement Bonus,20
9995,4537,23816,2026-02-14,Remix,20
9996,8272,48579,2026-08-03,Engagement Bonus,30
9997,4012,58204,2026-07-03,Recreate,20
9998,7939,8311,2026-04-15,Remix,30
9999,8149,819,2026-03-24,Remix,5
10000,2547,41360,2026-04-03,Recreate,10
10001,5838,42977,2026-08-18,Recreate,30
10002,9901,38629,2026-04-03,Engagement Bonus,5
10003,5103,33156,2026-04-24,Recreate,10
10004,3318,6542,2026-03-20,Recreate,30
10005,1522,17526,2026-08-07,Recreate,5
10006,1396,37069,2026-05-10,Remix,5
10007,6844,24196,2026-07-19,Engagement Bonus,50
10008,6295,20295,2026-08-22,Remix,20
10009,5011,52014,2026-02-16,Recreate,10
10010,3655,5163,2026-07-22,Recreate,10
10011,5043,3147,2026-06-23,Remix,50
10012,9712,52555,2026-05-24,Recreate,5
10013,9922,21706,2026-08-23,Recreate,20
10014,8227,57240,2026-05-04,Recreate,5
10015,3214,31058,2026-03-06,Recreate,30
10016,8976,35421,2026-06-29,Recreate,100
10017,6855,26883,2026-07-05,Remix,20
10018,1226,66,2026-04-06,Recreate,30
10019,3375,2283,2026-06-12,Recreate,50
10020,2770,19503,2026-07-14,Recreate,10
10021,4857,31776,2026-04-16,Recreate,20
10022,7631,475,2026-02-05,Engagement Bonus,5
10023,8167,35625,2026-05-29,Recreate,5
10024,5062,37212,2026-08-08,Remix,30
10025,1979,47956,2026-07-08,Remix,50
10026,1197,56397,2026-06-10,Recreate,5
10027,1913,30139,2026-01-25,Recreate,30
10028,8573,58967,2026-01-06,Recreate,30
10029,2484,10350,2026-05-12,Recreate,100
10030,6766,10652,2026-07-26,Engagement Bonus,5
10031,3656,22540,2026-01-14,Engagement Bonus,10
10032,9065,53468,2026-05-05,Recreate,30
10033,4728,47414,2026-07-19,Recreate,30
10034,3168,22179,2026-03-07,Recreate,10
10035,4275,55563,2026-05-16,Recreate,5
10036,1148,59798,2026-01-21,Recreate,30
10037,6912,37426,2026-06-01,Remix,50
10038,9791,29349,2026-07-02,Recreate,100
10039,9930,40080,2026-04-29,Recreate,10
10040,9766,36260,2026-08-27,Recreate,100
10041,5517,38399,2026-07-12,Recreate,50
10042,7404,19193,2026-04-30,Engagement Bonus,5
10043,6207,34504,2026-08-28,Remix,20
10044,7567,2055,2026-05-05,Remix,30
10045,9266,49186,2026-03-26,Recreate,30
10046,6534,36627,2026-03-06,Recreate,10
10047,2293,3867,2026-02-13,Recreate,20
10048,8964,35810,2026-08-17,Engagement Bonus,5
10049,2484,56296,2026-01-07,Engagement Bonus,30
10050,5993,58016,2026-03-09,Remix,20
10051,4570,13819,2026-04-05,Recreate,100
10052,8057,32642,2026-08-18,Recreate,5
10053,6446,41264,2026-08-16,Remix,5
10054,3812,8613,2026-07-21,Recreate,100
10055,68,43572,2026-01-21,Recreate,50
10056,2813,36356,2026-03-05,Recreate,5
10057,123,23274,2026-01-29,Recreate,10
10058,6807,684,2026-06-17,Recreate,50
10059,1689,38153,2026-03-30,Recreate,5
10060,9077,52498,2026-02-26,Recreate,10
10061,7568,48372,2026-07-07,Remix,30
10062,8928,57285,2026-03-11,Recreate,20
10063,6015,50337,2026-06-11,Recreate,20
10064,974,39017,2026-06-09,Remix,20
10065,9912,35127,2026-04-15,Recreate,10
10066,7388,25587,2026-07-17,Remix,30
10067,8644,43443,2026-02-13,Recreate,5
10068,9784,5856,2026-04-30,Remix,5
10069,1386,8402,2026-07-07,Engagement Bonus,20
10070,6808,28943,2026-04-01,Recreate,5
10071,4348,9565,2026-01-19,Engagement Bonus,5
10072,8128,217,2026-03-02,Remix,20
10073,4570,33044,2026-05-07,Remix,5
10074,8897,37296,2026-04-13,Recreate,5
10075,3165,37442,2026-03-09,Recreate,10
10076,835,12814,2026-01-13,Recreate,10
10077,9609,22948,2026-05-29,Recreate,10
10078,3605,26798,2026-05-17,Recreate,20
10079,448,36107,2026-07-24,Recreate,20
10080,3506,32100,2026-05-21,Remix,10
10081,138,10619,2026-06-26,Recreate,5
10082,9028,39773,2026-02-07,Recreate,5
10083,6723,48972,2026-06-09,Recreate,50
10084,5656,29651,2026-02-15,Recreate,5
10085,9702,45303,2026-06-30,Recreate,10
10086,340,17477,2026-08-04,Recreate,50
10087,4349,21913,2026-01-26,Engagement Bonus,100
10088,7362,18918,2026-04-30,Engagement Bonus,5
10089,4334,22410,2026-05-03,Remix,10
10090,9613,36795,2026-05-11,Remix,5
10091,3151,39121,2026-07-07,Recreate,5
10092,1338,22790,2026-01-28,Recreate,10
10093,3331,3864,2026-04-13,Remix,5
10094,5013,48278,2026-06-18,Remix,30
10095,2690,37098,2026-06-07,Remix,100
10096,9177,18993,2026-04-01,Recreate,30
10097,3817,27173,2026-06-26,Engagement Bonus,100
10098,4799,10150,2026-08-11,Remix,50
10099,697,49819,2026-05-18,Recreate,30
10100,6035,35439,2026-02-28,Remix,10
10101,7261,31221,2026-01-03,Recreate,30
10102,3448,57420,2026-03-04,Recreate,50
10103,5120,36665,2026-06-18,Engagement Bonus,30
10104,1692,5765,2026-07-04,Recreate,5
10105,5946,27751,2026-03-16,Recreate,50
10106,657,34535,2026-02-23,Remix,10
10107,665,24217,2026-04-01,Engagement Bonus,50
10108,2640,13914,2026-03-25,Recreate,10
10109,4637,15397,2026-06-22,Engagement Bonus,10
10110,9026,52081,2026-01-03,Recreate,5
10111,5398,12000,2026-06-19,Engagement Bonus,50
10112,8654,20876,2026-02-20,Recreate,5
10113,7978,25048,2026-04-23,Recreate,50
10114,321,25475,2026-02-01,Recreate,30
10115,8657,56652,2026-01-03,Recreate,20
10116,8220,43523,2026-02-16,Recreate,20
10117,4668,56238,2026-08-03,Engagement Bonus,100
10118,4312,55977,2026-02-24,Recreate,10
10119,2006,10989,2026-06-18,Remix,10
10120,9676,20619,2026-07-04,Recreate,5
10121,8349,2380,2026-04-13,Recreate,50
10122,2912,10755,2026-07-22,Recreate,5
10123,3655,28627,2026-05-19,Recreate,10
10124,6992,12443,2026-05-02,Remix,10
10125,2300,43951,2026-04-17,Recreate,10
10126,5490,28677,2026-01-01,Recreate,100
10127,4776,34896,2026-04-21,Recreate,5
10128,7655,37240,2026-03-28,Recreate,50
10129,5425,59051,2026-03-03,Recreate,50
10130,4744,56456,2026-01-31,Recreate,20
10131,7623,49358,2026-03-16,Recreate,30
10132,4995,39194,2026-05-09,Recreate,20
10133,4517,16689,2026-03-16,Remix,20
10134,1227,44489,2026-08-01,Recreate,10
10135,7913,15294,2026-08-06,Recreate,10
10136,6159,23941,2026-04-28,Recreate,30
10137,7642,48628,2026-06-15,Recreate,5
10138,8552,54709,2026-01-26,Engagement Bonus,10
10139,8215,32089,2026-02-28,Recreate,5
10140,7150,34331,2026-06-23,Recreate,5
10141,7301,24226,2026-08-20,Recreate,100
10142,7539,27353,2026-08-25,Recreate,10
10143,1111,13466,2026-05-28,Engagement Bonus,20
10144,5479,55826,2026-06-24,Recreate,30
10145,295,13441,2026-04-28,Remix,30
10146,8499,13558,2026-07-28,Recreate,5
10147,7291,36066,2026-01-01,Recreate,30
10148,7169,48261,2026-08-29,Remix,10
10149,2882,2395,2026-01-26,Recreate,50
10150,9793,56578,2026-03-28,Remix,10
10151,8082,51212,2026-03-04,Engagement Bonus,10
10152,1734,54058,2026-05-14,Recreate,5
10153,6270,13377,2026-02-19,Recreate,10
10154,7839,16204,2026-05-15,Recreate,10
10155,2806,53753,2026-07-30,Recreate,10
10156,4944,3386,2026-04-13,Remix,100
10157,8296,4915,2026-05-31,Recreate,30
10158,2884,37926,2026-03-10,Recreate,10
10159,3795,48755,2026-02-18,Recreate,10
10160,1818,17337,2026-04-16,Recreate,5
10161,8570,54356,2026-03-24,Engagement Bonus,20
10162,8425,41747,2026-02-17,Recreate,100
10163,5311,53573,2026-02-02,Recreate,20
10164,8514,55308,2026-02-19,Recreate,50
10165,1212,34390,2026-02-09,Recreate,10
10166,5771,2655,2026-02-19,Recreate,100
10167,4865,15441,2026-02-08,Remix,10
10168,4493,33670,2026-02-10,Remix,50
10169,3963,56809,2026-07-31,Remix,50
10170,1644,40605,2026-03-26,Remix,5
10171,8761,23841,2026-02-01,Recreate,10
10172,1989,10046,2026-04-04,Remix,20
10173,6318,33536,2026-08-03,Recreate,10
10174,8940,31651,2026-02-16,Recreate,5
10175,610,12001,2026-05-12,Recreate,50
10176,1538,52442,2026-03-20,Remix,10
10177,4482,51767,2026-06-12,Recreate,5
10178,4983,59913,2026-05-06,Recreate,10
10179,6271,47305,2026-08-31,Remix,30
10180,3772,21790,2026-08-16,Recreate,100
10181,4203,16541,2026-02-04,Recreate,5
10182,3015,56290,2026-05-22,Remix,20
10183,1675,24781,2026-01-27,Engagement Bonus,100
10184,242,23610,2026-08-16,Recreate,5
10185,5907,45209,2026-02-18,Remix,50
10186,5787,141,2026-02-08,Recreate,20
10187,7387,45181,2026-05-08,Engagement Bonus,100
10188,2231,43897,2026-06-29,Remix,5
10189,4993,39030,2026-05-28,Remix,5
10190,5581,54660,2026-04-02,Remix,30
10191,8345,22493,2026-01-02,Recreate,10
10192,2737,12644,2026-05-19,Recreate,5
10193,1111,42226,2026-06-09,Recreate,50
10194,9663,34791,2026-05-06,Engagement Bonus,5
10195,7892,10383,2026-06-26,Recreate,50
10196,7965,23861,2026-03-23,Remix,30
10197,5450,40269,2026-01-14,Recreate,100
10198,2447,29105,2026-03-25,Recreate,10
10199,4148,28341,2026-01-29,Remix,5
10200,139,41481,2026-08-09,Recreate,20
10201,9736,22618,2026-02-23,Engagement Bonus,10
10202,9416,48985,2026-01-31,Recreate,20
10203,9914,23755,2026-05-23,Recreate,20
10204,4082,34210,2026-03-20,Remix,5
10205,2960,18295,2026-01-14,Recreate,5
10206,3906,27372,2026-05-28,Recreate,5
10207,5135,4273,2026-08-06,Recreate,5
10208,8614,51851,2026-02-09,Remix,10
10209,1559,2012,2026-06-10,Recreate,30
10210,6505,21975,2026-03-28,Remix,30
10211,9819,34921,2026-01-03,Recreate,20
10212,6542,52387,2026-06-05,Remix,10
10213,901,33849,2026-01-04,Recreate,30
10214,9994,20595,2026-08-25,Recreate,20
10215,2444,58253,2026-01-15,Recreate,10
10216,5,28493,2026-01-18,Remix,50
10217,2254,55502,2026-07-15,Engagement Bonus,50
10218,7361,16330,2026-06-02,Remix,5
10219,6135,49963,2026-04-01,Recreate,50
10220,2429,26851,2026-07-08,Engagement Bonus,10
10221,2551,43118,2026-07-22,Engagement Bonus,10
10222,378,5687,2026-02-26,Recreate,5
10223,1427,5816,2026-01-31,Remix,5
10224,7454,58075,2026-07-14,Remix,10
10225,1307,30334,2026-01-14,Remix,50
10226,1072,58851,2026-03-30,Engagement Bonus,30
10227,8736,5300,2026-04-03,Engagement Bonus,5
10228,1333,18429,2026-06-29,Recreate,10
10229,6546,41914,2026-02-01,Recreate,5
10230,7957,20516,2026-05-19,Remix,20
10231,6298,16042,2026-05-18,Engagement Bonus,20
10232,863,22458,2026-05-08,Recreate,10
10233,5908,46449,2026-01-06,Remix,10
10234,6119,7185,2026-08-13,Recreate,30
10235,6916,50501,2026-04-08,Engagement Bonus,100
10236,4769,3925,2026-07-31,Engagement Bonus,100
10237,1346,9538,2026-06-28,Engagement Bonus,5
10238,1650,31593,2026-06-12,Remix,100
10239,5959,14902,2026-05-23,Recreate,50
10240,3727,34889,2026-04-25,Recreate,5
10241,4737,12065,2026-01-31,Recreate,10
10242,7111,41103,2026-06-17,Recreate,50
10243,6948,4986,2026-08-22,Recreate,20
10244,6162,19105,2026-05-05,Engagement Bonus,20
10245,4105,48626,2026-06-04,Recreate,30
10246,636,10886,2026-01-25,Recreate,20
10247,1418,42701,2026-03-14,Remix,100
10248,9721,15249,2026-04-15,Recreate,20
10249,2106,34825,2026-04-21,Recreate,5
10250,8530,29248,2026-03-15,Remix,20
10251,8700,15911,2026-05-04,Recreate,5
10252,9724,42299,2026-01-08,Recreate,30
10253,1846,36190,2026-05-22,Remix,10
10254,9922,7768,2026-08-09,Recreate,10
10255,1503,324,2026-07-15,Recreate,50
10256,4734,41055,2026-06-27,Recreate,20
10257,2302,7834,2026-03-31,Recreate,5
10258,1306,55960,2026-06-18,Remix,10
10259,9645,51742,2026-07-11,Recreate,10
10260,4846,51325,2026-08-30,Recreate,20
10261,4383,24862,2026-05-29,Engagement Bonus,10
10262,2513,57327,2026-07-07,Recreate,30
10263,1415,59633,2026-05-08,Recreate,20
10264,7212,2112,2026-07-31,Remix,10
10265,6773,54926,2026-05-18,Recreate,10
10266,1955,17935,2026-08-18,Recreate,100
10267,1605,42307,2026-03-11,Engagement Bonus,30
10268,9717,29264,2026-02-05,Remix,30
10269,893,6331,2026-05-31,Recreate,30
10270,7812,23378,2026-07-11,Recreate,20
10271,8794,4880,2026-06-19,Recreate,20
10272,3531,36498,2026-02-04,Recreate,5
10273,3752,10248,2026-03-22,Recreate,20
10274,3872,12500,2026-08-16,Recreate,10
10275,9758,40066,2026-01-04,Remix,5
10276,6750,48382,2026-03-06,Recreate,5
10277,7869,13266,2026-04-27,Engagement Bonus,20
10278,8397,56223,2026-02-20,Recreate,20
10279,9925,36349,2026-04-06,Remix,20
10280,3392,32357,2026-07-13,Remix,50
10281,1007,29595,2026-05-22,Remix,20
10282,330,29099,2026-02-05,Recreate,5
10283,4769,16654,2026-03-05,Recreate,10
10284,8680,12121,2026-02-14,Remix,30
10285,6320,46534,2026-01-05,Recreate,5
10286,4828,55833,2026-07-09,Remix,100
10287,4028,13485,2026-04-03,Recreate,20
10288,9601,51653,2026-06-01,Recreate,100
10289,9139,16450,2026-05-04,Recreate,50
10290,9851,23602,2026-07-06,Remix,10
10291,4377,57171,2026-01-03,Recreate,100
10292,1336,48629,2026-05-17,Recreate,10
10293,4553,16160,2026-03-09,Recreate,50
10294,6612,52424,2026-07-30,Recreate,5
10295,3057,5290,2026-03-19,Remix,30
10296,2234,41482,2026-07-26,Recreate,10
10297,6522,14685,2026-05-23,Recreate,5
10298,9496,51196,2026-05-29,Recreate,20
10299,444,57267,2026-04-19,Recreate,20
10300,6928,33798,2026-08-13,Recreate,10
10301,344,13005,2026-04-19,Recreate,10
10302,6221,16771,2026-08-08,Remix,50
10303,4718,54775,2026-07-31,Engagement Bonus,10
10304,7905,50360,2026-01-06,Recreate,100
10305,5736,45971,2026-03-05,Recreate,20
10306,17,54298,2026-03-13,Remix,50
10307,4515,8271,2026-08-06,Recreate,5
10308,1882,47609,2026-06-11,Recreate,5
10309,2586,59856,2026-01-16,Recreate,10
10310,8059,15884,2026-05-17,Recreate,20
10311,1341,18804,2026-02-09,Recreate,50
10312,1305,4045,2026-01-03,Remix,20
10313,5562,10548,2026-01-06,Recreate,5
10314,3881,777,2026-05-29,Engagement Bonus,30
10315,7352,40988,2026-04-16,Recreate,10
10316,1288,51695,2026-05-23,Recreate,20
10317,4176,21155,2026-01-11,Recreate,30
10318,7667,165,2026-05-17,Remix,30
10319,5336,12741,2026-02-05,Remix,20
10320,3888,22390,2026-07-07,Recreate,10
10321,5053,51005,2026-01-23,Recreate,5
10322,9765,23937,2026-04-22,Engagement Bonus,50
10323,8355,4118,2026-02-09,Recreate,5
10324,6690,33806,2026-08-17,Remix,100
10325,1907,33254,2026-07-16,Recreate,5
10326,1904,35716,2026-01-17,Engagement Bonus,30
10327,6883,24999,2026-05-13,Recreate,30
10328,3342,59238,2026-03-12,Recreate,20
10329,1260,2036,2026-06-03,Recreate,10
10330,7653,31582,2026-01-05,Recreate,10
10331,3362,34229,2026-08-02,Engagement Bonus,10
10332,3812,45034,2026-07-11,Engagement Bonus,5
10333,8843,26089,2026-08-16,Engagement Bonus,5
10334,5035,18265,2026-07-29,Engagement Bonus,5
10335,6700,22622,2026-05-08,Engagement Bonus,30
10336,7695,54565,2026-07-22,Remix,50
10337,4797,44788,2026-08-02,Recreate,10
10338,3658,40588,2026-06-10,Remix,5
10339,1218,5494,2026-06-06,Remix,20
10340,5936,52556,2026-06-30,Recreate,10
10341,295,55307,2026-07-04,Recreate,10
10342,8290,44484,2026-05-11,Remix,10
10343,29,40422,2026-04-04,Recreate,5
10344,8159,9974,2026-08-09,Engagement Bonus,10
10345,9903,28217,2026-06-26,Recreate,5
10346,5723,8546,2026-07-27,Recreate,50
10347,806,26515,2026-01-19,Recreate,10
10348,8899,2188,2026-01-22,Remix,5
10349,3518,35325,2026-06-19,Recreate,5
10350,6225,55756,2026-04-28,Recreate,20
10351,2033,6079,2026-02-17,Recreate,10
10352,270,17199,2026-07-12,Recreate,10
10353,7364,39721,2026-02-22,Remix,50
10354,6454,17495,2026-03-26,Recreate,10
10355,1103,50708,2026-03-25,Remix,5
10356,92,43808,2026-02-11,Remix,5
10357,5765,1193,2026-05-16,Recreate,5
10358,1738,5833,2026-07-10,Recreate,30
10359,9652,29469,2026-07-18,Engagement Bonus,20
10360,1311,32637,2026-04-21,Recreate,10
10361,9458,23155,2026-02-02,Engagement Bonus,20
10362,2809,3062,2026-05-22,Engagement Bonus,20
10363,8434,59927,2026-04-08,Recreate,50
10364,8970,29351,2026-07-19,Remix,30
10365,9140,52335,2026-02-11,Recreate,5
10366,4249,16039,2026-02-25,Recreate,10
10367,7026,42856,2026-06-02,Remix,30
10368,2331,6611,2026-03-19,Recreate,5
10369,5127,25786,2026-05-22,Recreate,5
10370,5571,8786,2026-05-25,Engagement Bonus,100
10371,2807,52202,2026-06-17,Engagement Bonus,30
10372,2369,36785,2026-07-22,Remix,5
10373,7814,54443,2026-07-16,Remix,50
10374,356,39236,2026-04-29,Recreate,10
10375,4510,30095,2026-08-24,Remix,30
10376,6692,2284,2026-06-29,Recreate,50
10377,3408,16711,2026-01-11,Remix,5
10378,6832,43716,2026-04-01,Engagement Bonus,5
10379,3432,51447,2026-06-13,Engagement Bonus,20
10380,5352,52744,2026-04-16,Remix,20
10381,5563,7859,2026-02-12,Recreate,10
10382,7409,37778,2026-07-21,Recreate,50
10383,2451,25302,2026-03-27,Recreate,10
10384,759,49116,2026-04-04,Recreate,10
10385,2801,676,2026-01-10,Recreate,10
10386,6109,50163,2026-08-13,Engagement Bonus,20
10387,3384,52214,2026-06-20,Recreate,30
10388,6427,11198,2026-07-02,Remix,5
10389,6614,35727,2026-05-19,Remix,10
10390,6347,46582,2026-04-16,Engagement Bonus,5
10391,5581,54660,2026-02-08,Remix,10
10392,1087,1895,2026-02-02,Remix,50
10393,7184,26759,2026-04-21,Recreate,50
10394,2351,40222,2026-02-28,Remix,20
10395,9008,40762,2026-02-08,Recreate,5
10396,1313,4489,2026-05-14,Recreate,20
10397,7186,34997,2026-08-17,Remix,20
10398,6653,39786,2026-05-27,Recreate,50
10399,455,13757,2026-08-25,Recreate,100
10400,4801,51384,2026-05-04,Recreate,5
10401,881,45686,2026-06-07,Remix,30
10402,5207,28701,2026-07-18,Recreate,5
10403,9745,26817,2026-02-06,Remix,10
10404,7474,50568,2026-05-20,Recreate,30
10405,6336,58289,2026-04-09,Recreate,100
10406,1383,27063,2026-02-03,Recreate,10
10407,2489,39796,2026-05-12,Remix,30
10408,704,40105,2026-03-09,Recreate,10
10409,6475,47363,2026-03-16,Recreate,10
10410,3216,3113,2026-01-15,Remix,50
10411,7830,8355,2026-06-01,Remix,5
10412,6899,53634,2026-06-18,Engagement Bonus,5
10413,1639,3772,2026-01-05,Recreate,20
10414,8887,56429,2026-02-06,Recreate,20
10415,6733,51900,2026-07-05,Remix,20
10416,1516,22745,2026-08-19,Recreate,50
10417,2179,11970,2026-02-23,Recreate,5
10418,9777,5483,2026-06-03,Remix,10
10419,9278,41537,2026-08-23,Remix,10
10420,592,54057,2026-02-24,Engagement Bonus,10
10421,7934,679,2026-05-28,Engagement Bonus,20
10422,3635,17987,2026-06-19,Recreate,5
10423,4894,29795,2026-06-06,Recreate,100
10424,9776,37606,2026-03-29,Recreate,5
10425,3663,58715,2026-02-18,Engagement Bonus,20
10426,8388,7420,2026-06-06,Engagement Bonus,100
10427,7801,9333,2026-03-08,Recreate,5
10428,7783,19920,2026-01-11,Remix,20
10429,8,25516,2026-03-14,Remix,30
10430,6427,17275,2026-06-26,Recreate,10
10431,51,52770,2026-05-22,Remix,5
10432,7467,16600,2026-04-13,Recreate,5
10433,657,56392,2026-01-02,Recreate,10
10434,4320,32684,2026-05-20,Engagement Bonus,10
10435,6817,33801,2026-04-14,Engagement Bonus,5
10436,1918,42980,2026-01-30,Remix,10
10437,6208,51575,2026-08-26,Recreate,100
10438,8061,50129,2026-08-23,Recreate,20
10439,2293,29236,2026-04-17,Remix,100
10440,2928,37558,2026-05-30,Recreate,10
10441,1434,53925,2026-07-09,Recreate,100
10442,1619,21538,2026-03-24,Recreate,10
10443,7147,47803,2026-05-10,Recreate,10
10444,1898,47217,2026-05-13,Recreate,5
10445,1617,54053,2026-02-11,Remix,5
10446,1132,57536,2026-07-23,Recreate,10
10447,1598,9234,2026-04-30,Remix,20
10448,3457,19712,2026-07-24,Recreate,5
10449,8210,47063,2026-03-20,Remix,5
10450,2415,28628,2026-03-29,Recreate,5
10451,9831,39035,2026-07-31,Remix,100
10452,6219,14772,2026-03-29,Recreate,100
10453,869,33723,2026-07-08,Recreate,50
10454,8475,59171,2026-06-03,Recreate,20
10455,2509,31669,2026-07-23,Recreate,20
10456,3531,5105,2026-07-25,Engagement Bonus,10
10457,7662,23189,2026-07-10,Recreate,5
10458,794,26574,2026-05-14,Engagement Bonus,20
10459,6136,39747,2026-01-10,Recreate,10
10460,6755,16201,2026-01-21,Engagement Bonus,10
10461,8121,16101,2026-07-24,Remix,10
10462,2481,39083,2026-04-13,Remix,5
10463,9232,24028,2026-04-02,Remix,100
10464,1141,20508,2026-05-09,Recreate,10
10465,816,16159,2026-07-05,Remix,100
10466,9264,43056,2026-02-06,Engagement Bonus,20
10467,8696,21949,2026-01-19,Recreate,20
10468,6034,20809,2026-06-30,Remix,10
10469,5864,32035,2026-02-10,Recreate,10
10470,8146,28938,2026-05-10,Remix,5
10471,500,402,2026-06-13,Recreate,30
10472,6231,23982,2026-08-08,Recreate,20
10473,2538,33932,2026-06-02,Recreate,30
10474,830,51751,2026-04-17,Recreate,50
10475,6584,29194,2026-06-22,Recreate,20
10476,4868,52713,2026-02-24,Engagement Bonus,30
10477,988,11853,2026-05-26,Remix,50
10478,6368,25251,2026-07-23,Recreate,20
10479,5712,16513,2026-08-01,Recreate,20
10480,8992,17076,2026-04-16,Recreate,5
10481,5791,12517,2026-06-13,Recreate,20
10482,4701,5356,2026-03-02,Recreate,10
10483,7422,13291,2026-04-07,Engagement Bonus,20
10484,404,48147,2026-03-06,Recreate,30
10485,4584,2442,2026-05-19,Recreate,20
10486,9542,48836,2026-02-17,Remix,5
10487,2608,52593,2026-02-13,Remix,5
10488,6963,46392,2026-01-05,Recreate,100
10489,1494,8480,2026-08-21,Recreate,5
10490,4441,1268,2026-03-17,Recreate,5
10491,6360,12340,2026-01-01,Engagement Bonus,20
10492,3519,47049,2026-05-03,Remix,5
10493,2240,45098,2026-02-09,Recreate,5
10494,5077,18127,2026-08-18,Recreate,50
10495,1855,41587,2026-07-30,Recreate,5
10496,1406,43857,2026-03-09,Engagement Bonus,20
10497,4609,3969,2026-01-30,Remix,100
10498,8935,19647,2026-01-14,Engagement Bonus,5
10499,6867,38954,2026-06-19,Remix,5
10500,6694,56632,2026-05-18,Engagement Bonus,10
10501,8077,1824,2026-01-29,Recreate,20
10502,7353,58153,2026-07-26,Recreate,10
10503,732,3624,2026-03-23,Remix,5
10504,4208,19605,2026-07-20,Recreate,5
10505,5190,4460,2026-06-24,Engagement Bonus,50
10506,8569,16009,2026-03-18,Remix,5
10507,5110,57248,2026-07-22,Recreate,5
10508,3044,22057,2026-03-12,Recreate,10
10509,6710,56888,2026-02-03,Recreate,10
10510,2864,54059,2026-07-23,Engagement Bonus,100
10511,5327,36330,2026-07-06,Recreate,5
10512,1968,4517,2026-06-08,Recreate,100
10513,9941,26646,2026-06-06,Engagement Bonus,50
10514,9655,19775,2026-08-13,Engagement Bonus,10
10515,4672,12124,2026-02-02,Recreate,20
10516,7486,19713,2026-03-02,Recreate,50
10517,4450,26214,2026-05-15,Recreate,10
10518,7047,25238,2026-05-09,Recreate,20
10519,5603,24204,2026-01-28,Recreate,5
10520,9355,3884,2026-04-05,Remix,5
10521,219,48319,2026-07-17,Recreate,30
10522,250,40606,2026-08-01,Recreate,100
10523,6609,42821,2026-01-17,Remix,5
10524,2937,37321,2026-03-26,Remix,20
10525,8062,48499,2026-03-23,Engagement Bonus,20
10526,739,40654,2026-06-16,Recreate,30
10527,1049,14673,2026-05-12,Remix,50
10528,9895,50797,2026-01-29,Recreate,20
10529,4973,10285,2026-03-10,Recreate,100
10530,355,36182,2026-05-04,Recreate,50
10531,6039,50032,2026-07-20,Recreate,10
10532,5414,34245,2026-04-03,Recreate,5
10533,8769,56248,2026-01-03,Recreate,30
10534,8382,8658,2026-08-23,Recreate,50
10535,9980,52586,2026-05-03,Remix,30
10536,6916,27767,2026-05-30,Recreate,5
10537,574,46516,2026-03-15,Engagement Bonus,10
10538,9840,3782,2026-01-09,Recreate,5
10539,2047,13243,2026-05-31,Recreate,100
10540,6375,20759,2026-08-19,Recreate,10
10541,8689,54890,2026-03-22,Recreate,50
10542,1393,28132,2026-07-25,Remix,100
10543,5204,8198,2026-05-08,Remix,30
10544,1986,33490,2026-01-22,Remix,5
10545,3509,32116,2026-03-02,Recreate,100
10546,8543,36134,2026-06-12,Remix,50
10547,1148,34450,2026-01-27,Engagement Bonus,50
10548,2554,41624,2026-04-06,Engagement Bonus,20
10549,7754,16895,2026-07-28,Remix,10
10550,8285,24775,2026-06-29,Engagement Bonus,20
10551,4118,48075,2026-02-06,Recreate,20
10552,8655,9008,2026-07-19,Remix,5
10553,9010,28015,2026-01-13,Recreate,10
10554,6399,7951,2026-05-22,Engagement Bonus,10
10555,4121,43730,2026-04-18,Recreate,100
10556,2957,31247,2026-06-17,Recreate,30
10557,3784,23352,2026-06-14,Remix,5
10558,8671,51676,2026-06-12,Recreate,5
10559,7873,29311,2026-01-19,Recreate,10
10560,1994,15549,2026-06-10,Engagement Bonus,50
10561,7986,53232,2026-08-13,Engagement Bonus,20
10562,5671,37049,2026-06-23,Remix,30
10563,7335,32495,2026-03-26,Recreate,20
10564,2556,53652,2026-03-10,Recreate,10
10565,7303,53439,2026-07-07,Remix,30
10566,361,42441,2026-04-06,Remix,5
10567,8590,21971,2026-02-20,Recreate,5
10568,4001,42551,2026-07-29,Remix,10
10569,9993,31800,2026-01-08,Recreate,20
10570,7201,26688,2026-01-08,Remix,30
10571,9906,27163,2026-04-20,Recreate,20
10572,3445,43686,2026-05-15,Recreate,20
10573,9868,2031,2026-05-26,Recreate,5
10574,8746,51826,2026-01-20,Remix,20
10575,4810,43163,2026-08-05,Engagement Bonus,5
10576,3969,10489,2026-01-28,Recreate,50
10577,8830,49948,2026-07-30,Engagement Bonus,100
10578,4485,39822,2026-04-05,Recreate,30
10579,3272,50851,2026-08-19,Recreate,5
10580,3709,1646,2026-04-16,Recreate,5
10581,9787,22759,2026-06-03,Recreate,5
10582,4599,5724,2026-02-15,Recreate,30
10583,8767,48136,2026-05-12,Recreate,5
10584,4214,46819,2026-02-10,Remix,5
10585,1984,51660,2026-06-09,Recreate,10
10586,7656,6934,2026-06-03,Remix,10
10587,4748,53213,2026-04-26,Recreate,30
10588,6460,13453,2026-07-09,Recreate,20
10589,9578,56086,2026-01-09,Engagement Bonus,5
10590,7050,25108,2026-04-14,Recreate,100
10591,7496,4344,2026-08-11,Recreate,20
10592,1481,8044,2026-06-22,Recreate,50
10593,669,35860,2026-04-06,Recreate,10
10594,1812,6626,2026-06-28,Remix,10
10595,5881,56999,2026-01-13,Engagement Bonus,10
10596,8398,54049,2026-08-14,Recreate,30
10597,6059,35131,2026-06-03,Recreate,5
10598,1219,31817,2026-03-27,Recreate,5
10599,1931,18145,2026-07-21,Recreate,5
10600,5151,51637,2026-08-06,Recreate,100
10601,1991,36138,2026-08-11,Recreate,30
10602,285,15137,2026-06-30,Recreate,30
10603,9525,24330,2026-07-30,Engagement Bonus,50
10604,6754,38341,2026-06-24,Remix,20
10605,44,15029,2026-06-01,Recreate,5
10606,9653,17483,2026-05-04,Recreate,50
10607,2096,57273,2026-07-26,Recreate,5
10608,8757,21313,2026-07-27,Recreate,5
10609,5817,15525,2026-02-12,Remix,5
10610,6441,8617,2026-01-22,Recreate,5
10611,2543,34303,2026-04-04,Recreate,50
10612,4464,378,2026-03-22,Remix,10
10613,1530,53364,2026-04-11,Recreate,50
10614,8096,29435,2026-08-01,Recreate,30
10615,4440,42654,2026-07-05,Recreate,5
10616,947,36121,2026-06-10,Engagement Bonus,5
10617,8430,36673,2026-05-04,Recreate,5
10618,5341,37947,2026-02-12,Engagement Bonus,20
10619,1374,51841,2026-07-02,Recreate,10
10620,4303,23030,2026-08-03,Recreate,10
10621,703,56266,2026-06-11,Engagement Bonus,10
10622,1610,51195,2026-03-24,Recreate,20
10623,9348,37898,2026-03-27,Engagement Bonus,10
10624,8262,11793,2026-07-27,Recreate,10
10625,8814,48670,2026-07-27,Recreate,5
10626,1044,24334,2026-06-19,Engagement Bonus,10
10627,9335,37319,2026-01-01,Recreate,5
10628,7267,11577,2026-08-11,Remix,10
10629,9626,39027,2026-07-29,Remix,5
10630,3187,11666,2026-02-02,Engagement Bonus,5
10631,6144,19115,2026-08-02,Remix,5
10632,7559,40012,2026-02-27,Engagement Bonus,30
10633,4692,26483,2026-02-24,Remix,5
10634,8386,23474,2026-06-09,Remix,20
10635,3505,54101,2026-01-29,Recreate,10
10636,8141,23701,2026-04-19,Remix,10
10637,6127,4629,2026-01-18,Remix,5
10638,4492,17546,2026-01-31,Remix,20
10639,234,58612,2026-05-10,Engagement Bonus,20
10640,9004,11208,2026-04-18,Recreate,10
10641,4860,51696,2026-06-01,Recreate,10
10642,2507,43723,2026-07-30,Recreate,5
10643,8519,59819,2026-01-19,Recreate,100
10644,7850,9299,2026-02-01,Remix,5
10645,1691,49369,2026-01-27,Engagement Bonus,100
10646,2465,23727,2026-01-26,Recreate,30
10647,9054,13838,2026-04-20,Recreate,10
10648,5539,11639,2026-05-14,Remix,10
10649,8319,46558,2026-08-27,Recreate,5
10650,2799,9416,2026-01-17,Remix,10
10651,3229,8607,2026-04-13,Recreate,30
10652,5487,36001,2026-05-11,Recreate,5
10653,7605,4692,2026-01-29,Recreate,50
10654,1872,15190,2026-04-06,Remix,20
10655,6000,17930,2026-08-31,Remix,5
10656,5685,43129,2026-06-25,Recreate,30
10657,2382,35167,2026-01-14,Recreate,5
10658,9854,34653,2026-02-02,Engagement Bonus,5
10659,9732,9581,2026-01-11,Remix,20
10660,9021,12590,2026-04-23,Recreate,10
10661,7980,53357,2026-05-10,Recreate,20
10662,1150,1768,2026-04-26,Remix,20
10663,2425,56716,2026-03-19,Recreate,10
10664,5725,18317,2026-02-19,Engagement Bonus,5
10665,2333,36529,2026-04-01,Recreate,20
10666,9018,4648,2026-08-29,Recreate,5
10667,2727,56874,2026-06-03,Recreate,20
10668,4727,30266,2026-02-10,Remix,5
10669,1680,21195,2026-06-24,Recreate,5
10670,961,11236,2026-02-01,Recreate,30
10671,5796,6384,2026-06-25,Remix,10
10672,6730,45991,2026-05-24,Recreate,30
10673,4335,40920,2026-05-10,Remix,20
10674,5785,42228,2026-08-22,Recreate,20
10675,296,32127,2026-05-14,Remix,30
10676,5409,52666,2026-04-26,Recreate,30
10677,3202,56540,2026-02-10,Recreate,100
10678,3301,44098,2026-03-27,Engagement Bonus,100
10679,3189,45136,2026-04-05,Recreate,10
10680,8558,23546,2026-07-17,Recreate,5
10681,4506,18782,2026-08-26,Recreate,10
10682,619,33951,2026-01-04,Remix,5
10683,7413,13169,2026-02-17,Recreate,20
10684,4223,56626,2026-06-19,Remix,10
10685,9946,32533,2026-03-10,Recreate,30
10686,5129,53216,2026-01-07,Recreate,100
10687,8514,34491,2026-03-07,Remix,5
10688,7656,6231,2026-05-16,Remix,10
10689,3865,14019,2026-06-12,Recreate,10
10690,5074,47528,2026-06-01,Engagement Bonus,100
10691,5834,10206,2026-05-10,Recreate,5
10692,8577,12123,2026-01-20,Remix,10
10693,1270,37135,2026-05-07,Engagement Bonus,5
10694,6258,6773,2026-07-13,Engagement Bonus,20
10695,2252,11968,2026-03-05,Recreate,5
10696,7858,53321,2026-07-19,Engagement Bonus,5
10697,6717,33829,2026-02-14,Recreate,10
10698,2212,31098,2026-04-24,Engagement Bonus,5
10699,4567,11770,2026-05-11,Remix,10
10700,6195,47864,2026-01-08,Recreate,10
10701,7727,21909,2026-02-19,Recreate,10
10702,817,51678,2026-04-30,Recreate,50
10703,6193,22098,2026-05-27,Recreate,5
10704,9983,24642,2026-05-26,Recreate,100
10705,9728,7188,2026-08-16,Recreate,5
10706,5854,42763,2026-04-19,Recreate,50
10707,8671,42568,2026-03-19,Recreate,10
10708,6524,29123,2026-04-05,Remix,30
10709,535,58673,2026-01-09,Recreate,30
10710,665,9222,2026-03-28,Recreate,100
10711,4643,9036,2026-04-18,Recreate,10
10712,3524,35605,2026-07-11,Remix,10
10713,96,26463,2026-01-24,Recreate,10
10714,5374,48313,2026-07-21,Remix,50
10715,8389,17583,2026-03-30,Recreate,30
10716,9446,18218,2026-02-11,Remix,20
10717,620,40200,2026-06-03,Engagement Bonus,30
10718,3700,10543,2026-07-20,Remix,30
10719,4970,19545,2026-08-06,Remix,20
10720,6776,8851,2026-02-20,Remix,20
10721,4713,31338,2026-06-11,Recreate,10
10722,8403,58783,2026-06-16,Recreate,50
10723,2967,12108,2026-05-17,Recreate,100
10724,6587,10449,2026-06-01,Recreate,20
10725,8561,56117,2026-03-08,Remix,10
10726,5541,26456,2026-08-02,Engagement Bonus,30
10727,4926,33032,2026-03-14,Recreate,10
10728,1968,35230,2026-06-22,Engagement Bonus,100
10729,3131,9542,2026-05-30,Recreate,5
10730,1658,39210,2026-07-30,Remix,10
10731,1237,31528,2026-08-11,Recreate,100
10732,2204,41549,2026-05-27,Recreate,20
10733,5066,910,2026-01-18,Remix,50
10734,4943,29995,2026-04-14,Recreate,100
10735,6225,17209,2026-04-05,Recreate,20
10736,8537,55708,2026-07-29,Recreate,20
10737,98,31523,2026-08-02,Engagement Bonus,10
10738,9102,7141,2026-02-18,Recreate,10
10739,9122,16157,2026-01-07,Engagement Bonus,50
10740,9449,44981,2026-03-06,Engagement Bonus,5
10741,8808,32833,2026-08-10,Recreate,10
10742,3354,2515,2026-06-24,Recreate,30
10743,8989,10967,2026-07-07,Recreate,10
10744,7613,49690,2026-08-09,Engagement Bonus,50
10745,2108,54129,2026-03-12,Remix,5
10746,3820,57052,2026-02-21,Remix,20
10747,4298,52436,2026-04-29,Recreate,5
10748,8318,47777,2026-04-06,Remix,10
10749,7496,34945,2026-07-18,Recreate,50
10750,9754,4315,2026-08-23,Recreate,10
10751,6410,25052,2026-05-29,Remix,50
10752,1089,35308,2026-05-06,Remix,5
10753,6858,46171,2026-02-21,Remix,30
10754,9783,46715,2026-01-05,Remix,10
10755,9830,21715,2026-08-08,Recreate,50
10756,835,53061,2026-07-31,Remix,30
10757,1616,18667,2026-04-04,Remix,10
10758,1559,31167,2026-06-30,Recreate,10
10759,4228,28673,2026-03-04,Recreate,100
10760,1340,58009,2026-01-03,Remix,30
10761,2739,28847,2026-07-26,Engagement Bonus,10
10762,9369,22280,2026-03-07,Remix,5
10763,214,46791,2026-08-17,Remix,10
10764,3729,24048,2026-08-26,Engagement Bonus,100
10765,1129,54886,2026-03-16,Recreate,20
10766,9883,22805,2026-03-28,Recreate,20
10767,972,39441,2026-07-20,Recreate,10
10768,9566,26380,2026-05-08,Remix,5
10769,1142,45485,2026-06-08,Recreate,10
10770,9058,53073,2026-07-30,Engagement Bonus,10
10771,4328,20113,2026-06-16,Recreate,20
10772,9388,41492,2026-01-28,Recreate,30
10773,3539,59586,2026-06-16,Recreate,20
10774,9302,632,2026-06-15,Remix,30
10775,4290,44330,2026-02-26,Remix,100
10776,9659,49501,2026-04-18,Engagement Bonus,5
10777,1948,26769,2026-03-20,Recreate,30
10778,7428,56129,2026-03-10,Remix,30
10779,3572,38847,2026-06-21,Recreate,20
10780,97,47020,2026-04-15,Recreate,10
10781,435,59020,2026-07-30,Recreate,50
10782,4448,9745,2026-07-15,Recreate,20
10783,1319,44979,2026-06-16,Recreate,10
10784,3454,48598,2026-08-04,Recreate,20
10785,5633,9378,2026-08-16,Recreate,10
10786,4524,13165,2026-08-02,Recreate,10
10787,1408,4383,2026-04-25,Recreate,5
10788,7418,43305,2026-08-24,Remix,10
10789,827,12733,2026-03-20,Remix,20
10790,8304,19885,2026-07-03,Remix,20
10791,7428,56129,2026-06-29,Recreate,20
10792,7590,11161,2026-03-03,Remix,5
10793,4450,23947,2026-04-11,Recreate,10
10794,1486,33912,2026-06-09,Recreate,5
10795,5947,43911,2026-07-26,Recreate,20
10796,3571,48243,2026-04-21,Recreate,30
10797,1853,57136,2026-05-02,Remix,50
10798,6671,52264,2026-08-01,Remix,5
10799,8210,3462,2026-07-27,Recreate,10
10800,2239,20324,2026-04-17,Recreate,5
10801,2374,34223,2026-06-03,Engagement Bonus,10
10802,1640,50289,2026-01-23,Engagement Bonus,50
10803,8156,18256,2026-03-01,Recreate,20
10804,1840,45429,2026-03-08,Engagement Bonus,20
10805,1837,3104,2026-01-07,Remix,30
10806,8870,48481,2026-02-16,Remix,10
10807,1920,30550,2026-07-20,Recreate,20
10808,1560,20765,2026-03-28,Remix,10
10809,1657,29227,2026-04-04,Recreate,50
10810,5041,54103,2026-01-20,Recreate,10
10811,9654,48722,2026-06-29,Remix,5
10812,2979,53220,2026-08-21,Remix,50
10813,9625,27677,2026-02-20,Recreate,10
10814,2530,10074,2026-02-16,Engagement Bonus,50
10815,3769,17077,2026-03-29,Remix,5
10816,2331,729,2026-08-30,Recreate,30
10817,3029,48180,2026-06-12,Remix,10
10818,399,11353,2026-04-12,Remix,5
10819,1655,7133,2026-02-03,Remix,10
10820,7912,19225,2026-04-17,Recreate,30
10821,7239,31433,2026-01-08,Engagement Bonus,10
10822,466,28400,2026-05-03,Engagement Bonus,10
10823,7198,53750,2026-05-09,Recreate,20
10824,1338,16567,2026-03-03,Recreate,5
10825,2923,706,2026-03-18,Remix,10
10826,9291,44780,2026-03-17,Recreate,10
10827,9992,415,2026-07-07,Remix,5
10828,9421,40929,2026-07-23,Engagement Bonus,20
10829,9789,1457,2026-04-16,Remix,50
10830,7469,24257,2026-07-05,Recreate,5
10831,2156,48419,2026-08-20,Recreate,5
10832,9084,14184,2026-07-24,Recreate,100
10833,5726,18521,2026-01-13,Remix,20
10834,5707,19688,2026-08-10,Recreate,30
10835,3285,20737,2026-01-19,Recreate,50
10836,7723,56182,2026-07-18,Recreate,10
10837,8848,25275,2026-08-24,Engagement Bonus,20
10838,8483,13907,2026-07-01,Recreate,10
10839,172,905,2026-04-05,Recreate,50
10840,4866,59044,2026-08-26,Engagement Bonus,10
10841,2638,38864,2026-03-11,Recreate,30
10842,3151,51962,2026-01-24,Recreate,50
10843,7814,12388,2026-08-08,Remix,50
10844,2,10824,2026-02-19,Recreate,50
10845,410,48741,2026-04-24,Recreate,10
10846,6603,11792,2026-06-06,Remix,10
10847,7176,19860,2026-06-10,Remix,10
10848,9913,317,2026-05-10,Recreate,20
10849,2695,30932,2026-05-15,Recreate,20
10850,1598,9234,2026-06-18,Recreate,50
10851,9340,34767,2026-06-17,Recreate,10
10852,4653,30035,2026-05-12,Remix,30
10853,1512,41308,2026-02-25,Engagement Bonus,10
10854,2365,34186,2026-01-09,Recreate,5
10855,9730,20356,2026-02-02,Remix,30
10856,3789,14725,2026-06-20,Recreate,100
10857,4734,31646,2026-07-16,Remix,20
10858,5653,48683,2026-08-24,Recreate,5
10859,987,40675,2026-02-03,Remix,10
10860,434,52295,2026-06-20,Recreate,20
10861,2326,20786,2026-06-17,Recreate,30
10862,5626,44675,2026-07-09,Engagement Bonus,100
10863,1843,59407,2026-03-28,Recreate,100
10864,9787,27584,2026-01-01,Remix,20
10865,9183,22371,2026-06-04,Remix,50
10866,5590,6953,2026-04-18,Recreate,10
10867,5524,15404,2026-07-28,Recreate,20
10868,2950,18305,2026-04-07,Recreate,10
10869,6561,36058,2026-06-07,Recreate,20
10870,8729,9646,2026-04-18,Recreate,5
10871,1772,48218,2026-03-26,Remix,50
10872,1798,44430,2026-01-03,Recreate,100
10873,4620,59121,2026-06-10,Recreate,10
10874,9729,47149,2026-03-29,Remix,10
10875,7707,25125,2026-02-06,Recreate,10
10876,3890,13241,2026-06-27,Engagement Bonus,5
10877,8540,43380,2026-07-11,Recreate,50
10878,3780,30582,2026-03-10,Engagement Bonus,20
10879,9213,24619,2026-06-11,Remix,5
10880,9558,45657,2026-01-04,Recreate,10
10881,217,33704,2026-03-19,Recreate,30
10882,6087,46020,2026-03-08,Recreate,50
10883,1572,34867,2026-03-01,Recreate,10
10884,6418,56663,2026-06-06,Recreate,20
10885,1828,11270,2026-05-16,Recreate,10
10886,1979,12275,2026-01-16,Engagement Bonus,30
10887,469,46597,2026-02-08,Recreate,30
10888,3716,49899,2026-04-02,Remix,10
10889,7457,35888,2026-03-11,Recreate,10
10890,8408,31538,2026-03-28,Remix,50
10891,3189,45136,2026-06-15,Remix,30
10892,3021,26703,2026-08-27,Recreate,20
10893,7031,646,2026-02-25,Recreate,10
10894,3447,26233,2026-01-27,Recreate,5
10895,8789,51115,2026-07-10,Recreate,5
10896,1464,41688,2026-03-19,Remix,100
10897,2737,12644,2026-04-28,Recreate,5
10898,9465,16464,2026-04-18,Remix,10
10899,5645,38311,2026-07-03,Remix,5
10900,1884,29491,2026-02-27,Recreate,10
10901,5270,1355,2026-06-29,Recreate,5
10902,2043,11111,2026-07-23,Remix,10
10903,1658,24268,2026-06-26,Recreate,10
10904,5061,31388,2026-02-17,Recreate,10
10905,6845,29487,2026-02-15,Recreate,5
10906,3692,28306,2026-06-27,Recreate,100
10907,1579,2185,2026-05-16,Remix,10
10908,4147,30572,2026-06-28,Remix,5
10909,2461,26785,2026-06-09,Recreate,100
10910,5139,15466,2026-05-04,Recreate,10
10911,2328,15052,2026-05-13,Remix,10
10912,9687,36310,2026-08-13,Engagement Bonus,10
10913,9635,7606,2026-01-25,Recreate,5
10914,7107,26496,2026-08-07,Recreate,5
10915,4262,59513,2026-08-12,Recreate,5
10916,6904,31156,2026-04-06,Recreate,50
10917,524,4821,2026-08-05,Remix,20
10918,7092,45359,2026-01-31,Remix,20
10919,9182,51836,2026-01-24,Remix,5
10920,2353,7187,2026-03-15,Recreate,50
10921,7352,26200,2026-06-11,Remix,5
10922,2848,40343,2026-08-12,Recreate,5
10923,9683,39322,2026-08-13,Remix,20
10924,7519,28575,2026-06-17,Remix,100
10925,7474,30727,2026-05-15,Engagement Bonus,20
10926,7571,51424,2026-06-28,Remix,100
10927,1229,19375,2026-07-12,Recreate,10
10928,5310,8716,2026-01-16,Remix,30
10929,9081,57545,2026-03-08,Recreate,30
10930,7769,56042,2026-06-15,Remix,50
10931,8266,28721,2026-03-24,Engagement Bonus,20
10932,2182,53651,2026-02-27,Recreate,50
10933,9519,49171,2026-04-20,Recreate,10
10934,4387,24224,2026-07-31,Remix,10
10935,8527,3148,2026-05-27,Recreate,5
10936,9535,55214,2026-02-01,Remix,10
10937,845,40354,2026-02-28,Recreate,5
10938,7963,58223,2026-07-20,Recreate,10
10939,3262,27981,2026-08-11,Engagement Bonus,10
10940,4933,13055,2026-03-12,Engagement Bonus,50
10941,3308,8396,2026-03-29,Recreate,20
10942,9865,248,2026-07-20,Recreate,30
10943,1219,11478,2026-07-24,Remix,20
10944,6790,34861,2026-01-06,Remix,5
10945,4952,57850,2026-04-14,Recreate,10
10946,1667,33504,2026-06-23,Engagement Bonus,30
10947,1294,45938,2026-08-23,Recreate,10
10948,8690,38501,2026-06-05,Recreate,5
10949,4193,56257,2026-05-22,Recreate,10
10950,3879,28168,2026-05-25,Remix,30
10951,593,37331,2026-06-04,Engagement Bonus,5
10952,4817,13184,2026-06-24,Recreate,5
10953,1946,52811,2026-05-20,Remix,10
10954,3949,34727,2026-03-27,Remix,30
10955,3463,25134,2026-05-10,Recreate,10
10956,9877,41168,2026-04-29,Remix,10
10957,7574,11838,2026-07-02,Remix,30
10958,6285,23842,2026-01-27,Recreate,50
10959,9088,2981,2026-08-22,Engagement Bonus,10
10960,8749,49916,2026-05-07,Recreate,5
10961,6764,22116,2026-06-02,Engagement Bonus,10
10962,1458,45642,2026-03-13,Engagement Bonus,30
10963,2701,39763,2026-05-08,Recreate,50
10964,3812,47390,2026-06-08,Recreate,10
10965,2194,544,2026-07-05,Recreate,50
10966,795,12387,2026-02-22,Recreate,10
10967,8169,29044,2026-07-13,Engagement Bonus,50
10968,8729,59401,2026-03-05,Remix,5
10969,2949,35757,2026-06-26,Recreate,5
10970,2608,43539,2026-05-17,Recreate,10
10971,3282,52888,2026-06-19,Engagement Bonus,30
10972,3451,47957,2026-04-06,Recreate,10
10973,662,20066,2026-08-04,Remix,20
10974,3500,53210,2026-06-12,Recreate,10
10975,2943,29366,2026-02-03,Recreate,5
10976,922,8936,2026-07-19,Recreate,5
10977,1163,54261,2026-01-22,Remix,30
10978,7676,13205,2026-01-16,Remix,10
10979,3603,11790,2026-01-22,Recreate,20
10980,7516,47724,2026-06-10,Remix,30
10981,4554,23476,2026-06-06,Recreate,5
10982,8452,24050,2026-07-24,Engagement Bonus,30
10983,1560,34363,2026-07-29,Recreate,20
10984,2738,25895,2026-01-04,Remix,20
10985,992,59094,2026-03-08,Recreate,5
10986,2254,17564,2026-05-16,Remix,10
10987,4034,55094,2026-04-25,Engagement Bonus,100
10988,4094,55292,2026-02-05,Remix,5
10989,1636,29743,2026-04-12,Remix,50
10990,335,6202,2026-03-23,Recreate,5
10991,9915,28621,2026-04-04,Recreate,50
10992,5667,31650,2026-01-19,Recreate,5
10993,6294,44599,2026-01-13,Recreate,20
10994,5793,52134,2026-05-12,Recreate,10
10995,8273,4590,2026-01-19,Recreate,5
10996,1204,43632,2026-07-30,Remix,100
10997,2788,58229,2026-06-12,Remix,10
10998,8020,32391,2026-02-04,Recreate,50
10999,4877,59357,2026-01-12,Recreate,10
11000,8683,51746,2026-04-15,Remix,20
11001,7372,13309,2026-04-27,Recreate,10
11002,9122,19126,2026-03-27,Remix,50
11003,8162,36108,2026-08-02,Recreate,10
11004,4365,43529,2026-06-26,Remix,10
11005,611,50986,2026-02-02,Recreate,10
11006,8886,14738,2026-06-20,Remix,5
11007,5147,40460,2026-07-22,Recreate,5
11008,7222,4,2026-03-13,Remix,10
11009,3881,53490,2026-04-21,Recreate,30
11010,3660,18567,2026-07-23,Engagement Bonus,20
11011,5461,56714,2026-05-12,Recreate,5
11012,835,53061,2026-03-02,Remix,10
11013,1274,4855,2026-06-14,Recreate,20
11014,3421,29710,2026-01-23,Recreate,20
11015,3820,34470,2026-07-24,Recreate,20
11016,9827,59870,2026-02-23,Recreate,50
11017,6982,6137,2026-04-07,Recreate,20
11018,4695,40380,2026-03-11,Remix,30
11019,4801,16178,2026-07-29,Engagement Bonus,100
11020,2660,44342,2026-01-30,Remix,20
11021,7774,57845,2026-04-03,Remix,20
11022,4061,5302,2026-07-29,Recreate,5
11023,7330,14228,2026-02-14,Remix,10
11024,9600,21305,2026-04-20,Remix,5
11025,8949,39160,2026-02-12,Remix,10
11026,609,30123,2026-05-30,Recreate,30
11027,9287,29949,2026-06-05,Recreate,5
11028,4984,57032,2026-06-15,Engagement Bonus,5
11029,7994,55093,2026-05-11,Recreate,10
11030,9392,1540,2026-02-03,Engagement Bonus,10
11031,5222,10791,2026-05-20,Remix,5
11032,9613,50981,2026-05-13,Recreate,20
11033,8824,40423,2026-05-01,Remix,100
11034,6815,22087,2026-08-12,Engagement Bonus,20
11035,5543,56972,2026-01-18,Recreate,20
11036,2657,50634,2026-07-07,Engagement Bonus,50
11037,6432,25653,2026-03-07,Recreate,10
11038,5271,45843,2026-02-11,Remix,100
11039,2064,24608,2026-06-18,Remix,50
11040,8513,993,2026-01-09,Recreate,5
11041,1080,33440,2026-05-24,Recreate,100
11042,7927,1091,2026-08-04,Recreate,5
11043,9279,11444,2026-07-09,Recreate,20
11044,262,10457,2026-07-09,Recreate,10
11045,4909,23114,2026-01-01,Recreate,30
11046,3780,24996,2026-04-17,Engagement Bonus,5
11047,6767,10486,2026-06-30,Recreate,20
11048,4275,51669,2026-05-17,Remix,50
11049,8016,35228,2026-07-30,Recreate,30
11050,391,55003,2026-04-05,Recreate,5
11051,3879,28622,2026-02-20,Recreate,100
11052,5120,36665,2026-04-03,Engagement Bonus,10
11053,6444,36812,2026-04-18,Recreate,5
11054,7464,31277,2026-08-02,Engagement Bonus,20
11055,1963,9042,2026-07-22,Engagement Bonus,5
11056,6558,52141,2026-02-20,Engagement Bonus,10
11057,8045,16331,2026-05-15,Engagement Bonus,50
11058,9702,9233,2026-03-18,Recreate,20
11059,3802,16404,2026-01-10,Recreate,100
11060,2895,3053,2026-02-21,Recreate,10
11061,242,54363,2026-05-22,Remix,5
11062,4007,1087,2026-05-16,Remix,20
11063,110,56190,2026-07-24,Engagement Bonus,30
11064,7891,12009,2026-07-02,Recreate,50
11065,1832,15972,2026-04-20,Recreate,5
11066,6271,25317,2026-05-26,Engagement Bonus,5
11067,800,22701,2026-03-31,Recreate,10
11068,4476,32632,2026-08-07,Recreate,10
11069,9809,5617,2026-01-24,Recreate,100
11070,7412,38836,2026-01-24,Recreate,10
11071,772,41140,2026-02-21,Engagement Bonus,5
11072,8769,32393,2026-06-27,Recreate,20
11073,7832,15392,2026-02-23,Recreate,30
11074,9179,52959,2026-04-10,Recreate,10
11075,7262,29007,2026-08-31,Recreate,10
11076,6411,55079,2026-05-05,Remix,20
11077,3304,45431,2026-06-13,Remix,30
11078,8814,17068,2026-07-08,Remix,10
11079,8206,37510,2026-01-30,Recreate,30
11080,9686,19425,2026-07-17,Recreate,30
11081,7234,30099,2026-04-11,Recreate,20
11082,7362,22817,2026-05-29,Recreate,5
11083,8936,7985,2026-05-05,Remix,20
11084,4714,42276,2026-05-24,Recreate,50
11085,806,21692,2026-03-25,Recreate,20
11086,3252,15920,2026-06-13,Remix,50
11087,3524,8410,2026-03-30,Remix,10
11088,1141,48649,2026-04-27,Recreate,50
11089,7718,29448,2026-03-12,Remix,30
11090,6130,18128,2026-01-23,Recreate,5
11091,6262,10318,2026-07-04,Remix,5
11092,8000,53332,2026-06-11,Engagement Bonus,5
11093,5738,56326,2026-06-04,Remix,5
11094,1762,39712,2026-02-18,Engagement Bonus,10
11095,4320,32684,2026-04-14,Recreate,30
11096,9596,41429,2026-02-05,Recreate,5
11097,2319,52058,2026-02-14,Recreate,10
11098,2611,48154,2026-07-05,Recreate,5
11099,4502,42941,2026-01-28,Remix,10
11100,8573,480,2026-02-04,Recreate,20
11101,9881,13331,2026-05-28,Recreate,10
11102,1664,26682,2026-06-03,Remix,20
11103,7216,28699,2026-02-10,Engagement Bonus,100
11104,8211,39063,2026-05-05,Recreate,50
11105,3470,13159,2026-03-08,Recreate,5
11106,3608,47657,2026-01-03,Remix,50
11107,5574,2097,2026-05-18,Engagement Bonus,10
11108,1988,32895,2026-05-05,Remix,30
11109,9431,41702,2026-04-23,Engagement Bonus,20
11110,7313,21494,2026-03-18,Recreate,50
11111,2221,19936,2026-03-24,Engagement Bonus,20
11112,2569,37564,2026-07-11,Remix,30
11113,4778,4553,2026-03-27,Recreate,20
11114,3191,53768,2026-06-11,Recreate,20
11115,2214,59419,2026-07-22,Recreate,5
11116,8482,55729,2026-08-09,Recreate,10
11117,8702,51702,2026-08-06,Recreate,20
11118,3158,36662,2026-07-08,Recreate,20
11119,454,54625,2026-03-12,Engagement Bonus,100
11120,4127,30651,2026-03-11,Recreate,10
11121,3991,29774,2026-04-27,Remix,5
11122,8436,43684,2026-04-13,Recreate,30
11123,9167,10378,2026-03-29,Recreate,20
11124,1933,44595,2026-01-27,Recreate,5
11125,1816,21574,2026-06-04,Remix,10
11126,4676,28748,2026-01-03,Recreate,10
11127,6026,58890,2026-01-29,Recreate,10
11128,459,17147,2026-08-08,Recreate,5
11129,2941,57827,2026-01-01,Recreate,20
11130,1215,41205,2026-06-17,Recreate,10
11131,8340,54132,2026-01-27,Engagement Bonus,10
11132,4280,52325,2026-03-04,Remix,100
11133,6444,42138,2026-07-11,Recreate,20
11134,2984,46060,2026-02-04,Recreate,5
11135,8509,2482,2026-06-29,Recreate,5
11136,2086,18790,2026-02-13,Remix,10
11137,4669,22623,2026-05-06,Engagement Bonus,5
11138,981,53355,2026-07-05,Recreate,10
11139,6103,25958,2026-04-25,Engagement Bonus,20
11140,268,36841,2026-02-17,Engagement Bonus,50
11141,5869,53706,2026-08-22,Recreate,10
11142,8672,45677,2026-04-14,Recreate,10
11143,3086,25866,2026-06-06,Recreate,50
11144,1819,20054,2026-04-17,Remix,10
11145,4680,48162,2026-05-28,Recreate,5
11146,9256,44630,2026-05-23,Recreate,10
11147,8224,28903,2026-04-12,Recreate,5
11148,5780,54939,2026-02-17,Recreate,5
11149,1381,6241,2026-05-24,Engagement Bonus,20
11150,8717,35274,2026-03-01,Recreate,5
11151,312,41548,2026-01-20,Recreate,5
11152,1308,52117,2026-06-28,Recreate,20
11153,4829,12852,2026-01-17,Recreate,30
11154,1491,33817,2026-06-27,Recreate,20
11155,543,49035,2026-02-23,Remix,10
11156,7138,56650,2026-02-16,Recreate,10
11157,9620,35568,2026-02-14,Recreate,30
11158,4224,53679,2026-04-14,Recreate,10
11159,5326,28967,2026-01-03,Engagement Bonus,20
11160,5595,18010,2026-07-07,Recreate,10
11161,5806,29008,2026-05-21,Recreate,10
11162,4578,27212,2026-06-30,Remix,10
11163,3587,35478,2026-06-06,Recreate,50
11164,1495,40795,2026-03-27,Recreate,20
11165,2949,49921,2026-02-07,Recreate,20
11166,3699,30746,2026-06-16,Recreate,20
11167,5654,41137,2026-08-30,Remix,10
11168,6669,41829,2026-08-24,Recreate,10
11169,9401,23992,2026-08-25,Recreate,20
11170,4072,7607,2026-03-23,Engagement Bonus,30
11171,9065,34641,2026-08-15,Recreate,10
11172,3541,11588,2026-06-13,Recreate,10
11173,2214,46398,2026-02-14,Engagement Bonus,5
11174,9372,35948,2026-02-26,Remix,5
11175,9714,4628,2026-08-19,Recreate,50
11176,7829,38070,2026-05-13,Recreate,50
11177,9293,2784,2026-05-11,Engagement Bonus,5
11178,1027,55150,2026-01-05,Recreate,30
11179,5022,17947,2026-02-08,Recreate,10
11180,2708,17343,2026-08-22,Recreate,5
11181,4316,12969,2026-05-25,Recreate,100
11182,1294,45938,2026-06-07,Recreate,10
11183,6398,20391,2026-01-30,Recreate,50
11184,9801,24198,2026-08-06,Recreate,5
11185,8199,26523,2026-07-06,Recreate,10
11186,2493,3435,2026-03-14,Engagement Bonus,20
11187,3401,58560,2026-06-12,Recreate,20
11188,6579,40823,2026-05-25,Remix,10
11189,6809,47044,2026-03-09,Recreate,10
11190,8795,1130,2026-07-04,Recreate,20
11191,1060,3079,2026-04-02,Recreate,5
11192,4198,4887,2026-05-31,Remix,20
11193,5486,33609,2026-03-06,Recreate,10
11194,7020,32311,2026-03-24,Engagement Bonus,10
11195,9395,50369,2026-05-15,Recreate,30
11196,1808,17229,2026-04-19,Recreate,5
11197,4059,4137,2026-01-14,Recreate,10
11198,2966,47574,2026-04-27,Recreate,100
11199,209,37984,2026-01-29,Recreate,30
11200,9636,49635,2026-03-30,Remix,100
11201,2703,11514,2026-08-16,Recreate,10
11202,6582,20542,2026-02-07,Engagement Bonus,10
11203,1828,48344,2026-08-18,Remix,5
11204,9394,1672,2026-02-14,Recreate,5
11205,7237,16973,2026-07-19,Engagement Bonus,20
11206,6443,45172,2026-01-08,Recreate,5
11207,2266,32801,2026-01-19,Remix,20
11208,4678,16305,2026-06-22,Recreate,5
11209,8044,27188,2026-03-17,Engagement Bonus,10
11210,499,43746,2026-02-15,Recreate,30
11211,4931,51108,2026-08-17,Engagement Bonus,5
11212,6849,14527,2026-03-19,Remix,100
11213,8490,48801,2026-04-18,Engagement Bonus,20
11214,7234,41401,2026-06-16,Recreate,10
11215,1466,44712,2026-06-23,Remix,100
11216,5021,22851,2026-05-24,Remix,20
11217,5350,40785,2026-06-28,Recreate,10
11218,4627,27485,2026-01-04,Remix,100
11219,9768,43354,2026-06-27,Recreate,5
11220,5752,49425,2026-07-29,Engagement Bonus,5
11221,4942,832,2026-01-22,Recreate,30
11222,9036,12252,2026-08-16,Remix,10
11223,8164,34978,2026-05-12,Recreate,20
11224,4326,32068,2026-05-29,Recreate,10
11225,4504,55213,2026-03-22,Remix,20
11226,430,25093,2026-04-06,Recreate,20
11227,5778,37043,2026-02-10,Recreate,10
11228,6581,45472,2026-08-11,Remix,5
11229,7593,23001,2026-07-01,Recreate,5
11230,7281,51294,2026-03-30,Recreate,100
11231,8481,2994,2026-04-30,Recreate,50
11232,5599,16923,2026-05-21,Recreate,5
11233,2567,35140,2026-08-28,Recreate,20
11234,9811,10887,2026-01-08,Engagement Bonus,5
11235,6962,27561,2026-01-17,Remix,30
11236,5374,14239,2026-01-04,Remix,5
11237,3062,53672,2026-07-08,Recreate,30
11238,1234,45900,2026-05-19,Engagement Bonus,5
11239,8280,57931,2026-01-30,Recreate,100
11240,9377,26890,2026-07-30,Engagement Bonus,20
11241,2320,37062,2026-04-12,Recreate,5
11242,3523,33210,2026-03-12,Recreate,10
11243,3317,7075,2026-01-04,Recreate,100
11244,1377,19935,2026-06-08,Recreate,10
11245,1472,27355,2026-02-11,Remix,100
11246,9326,46493,2026-07-09,Engagement Bonus,20
11247,650,59077,2026-06-20,Recreate,100
11248,1364,6336,2026-06-27,Remix,5
11249,8201,9444,2026-06-02,Remix,20
11250,9391,20723,2026-08-05,Recreate,5
11251,571,57061,2026-05-04,Recreate,10
11252,9094,5658,2026-01-05,Engagement Bonus,10
11253,5927,12680,2026-08-10,Recreate,5
11254,8472,10797,2026-01-26,Recreate,5
11255,4102,1129,2026-05-05,Recreate,20
11256,3334,47250,2026-01-27,Remix,50
11257,416,40213,2026-03-01,Recreate,100
11258,813,34019,2026-03-02,Recreate,5
11259,2201,53584,2026-08-30,Recreate,30
11260,9417,56622,2026-03-29,Remix,10
11261,6323,933,2026-03-01,Remix,10
11262,5898,23750,2026-03-27,Recreate,10
11263,2918,24931,2026-03-27,Recreate,100
11264,8173,11706,2026-07-30,Recreate,20
11265,957,35367,2026-07-04,Engagement Bonus,5
11266,2677,36418,2026-01-19,Remix,10
11267,7644,11586,2026-07-23,Recreate,100
11268,1684,21125,2026-08-23,Recreate,10
11269,3986,36244,2026-02-04,Remix,10
11270,3971,15520,2026-06-17,Recreate,20
11271,4570,7984,2026-02-12,Recreate,5
11272,8767,37205,2026-04-27,Recreate,30
11273,4530,7520,2026-02-01,Recreate,100
11274,5922,25649,2026-06-12,Recreate,20
11275,5765,19725,2026-06-10,Recreate,100
11276,8611,53894,2026-02-28,Recreate,20
11277,5075,9131,2026-02-07,Recreate,5
11278,8802,16447,2026-03-25,Remix,10
11279,2044,55276,2026-04-07,Recreate,10
11280,6595,14203,2026-07-13,Recreate,50
11281,6205,55284,2026-02-16,Recreate,5
11282,7437,20968,2026-02-15,Recreate,50
11283,7845,14615,2026-03-11,Recreate,50
11284,3902,5221,2026-04-12,Engagement Bonus,10
11285,8496,17264,2026-07-06,Recreate,20
11286,5967,24755,2026-06-04,Recreate,10
11287,5278,39285,2026-03-08,Recreate,5
11288,4833,22289,2026-06-11,Remix,20
11289,2118,6165,2026-01-29,Remix,30
11290,5481,45593,2026-02-26,Recreate,5
11291,5183,26171,2026-05-11,Recreate,100
11292,7557,21350,2026-02-24,Recreate,5
11293,1580,18473,2026-02-17,Engagement Bonus,50
11294,204,11315,2026-07-27,Engagement Bonus,5
11295,4649,40063,2026-02-27,Recreate,30
11296,2726,42040,2026-04-17,Recreate,50
11297,2265,50105,2026-03-31,Recreate,20
11298,7427,41447,2026-05-04,Recreate,5
11299,9085,25306,2026-02-27,Recreate,5
11300,7255,21954,2026-06-05,Recreate,20
11301,5434,7870,2026-03-07,Recreate,10
11302,6099,38680,2026-02-21,Remix,20
11303,6009,41524,2026-02-23,Recreate,20
11304,652,54940,2026-02-22,Recreate,5
11305,1571,7651,2026-07-29,Recreate,5
11306,8650,56673,2026-03-18,Recreate,100
11307,5597,56934,2026-03-23,Engagement Bonus,5
11308,7949,32246,2026-02-23,Recreate,100
11309,1637,28614,2026-02-20,Recreate,5
11310,7923,39450,2026-01-01,Remix,5
11311,3877,22265,2026-01-14,Remix,5
11312,4869,23651,2026-06-03,Recreate,50
11313,3205,36741,2026-01-24,Recreate,20
11314,110,7862,2026-01-15,Recreate,5
11315,1082,22667,2026-08-23,Engagement Bonus,50
11316,3313,30186,2026-02-25,Recreate,30
11317,4702,9859,2026-05-02,Recreate,10
11318,745,54964,2026-01-20,Engagement Bonus,20
11319,2648,35713,2026-08-16,Engagement Bonus,100
11320,8263,37008,2026-08-12,Remix,20
11321,8170,56413,2026-04-27,Recreate,10
11322,4431,53965,2026-02-23,Engagement Bonus,10
11323,1330,49612,2026-06-27,Recreate,30
11324,6539,20337,2026-08-26,Recreate,50
11325,2352,28594,2026-04-09,Recreate,5
11326,2171,30862,2026-06-20,Engagement Bonus,5
11327,6594,40128,2026-03-28,Recreate,20
11328,3336,21241,2026-04-30,Remix,10
11329,211,25063,2026-08-13,Remix,5
11330,8033,51594,2026-06-12,Recreate,20
11331,9109,28612,2026-08-23,Remix,20
11332,551,33836,2026-06-07,Recreate,5
11333,9148,12214,2026-07-27,Engagement Bonus,100
11334,4880,53485,2026-03-11,Recreate,20
11335,6954,55139,2026-08-22,Engagement Bonus,10
11336,8311,17893,2026-01-14,Engagement Bonus,10
11337,9520,3292,2026-05-12,Recreate,5
11338,6220,17592,2026-06-30,Recreate,10
11339,3744,6660,2026-02-02,Recreate,50
11340,4011,10097,2026-08-18,Recreate,10
11341,8124,53090,2026-08-29,Recreate,10
11342,5156,51202,2026-03-04,Recreate,30
11343,3729,22783,2026-05-18,Recreate,5
11344,2737,54040,2026-07-08,Recreate,30
11345,3384,59536,2026-05-30,Recreate,30
11346,411,20179,2026-07-30,Recreate,100
11347,3595,11120,2026-01-11,Recreate,30
11348,8161,13695,2026-04-19,Remix,50
11349,3906,27372,2026-03-05,Recreate,5
11350,6008,43071,2026-06-04,Remix,20
11351,200,14909,2026-01-02,Recreate,20
11352,5497,54848,2026-08-18,Remix,10
11353,5577,19806,2026-06-15,Engagement Bonus,5
11354,598,19843,2026-08-21,Remix,20
11355,4914,25370,2026-08-20,Recreate,10
11356,7750,18135,2026-03-09,Recreate,50
11357,7031,27918,2026-03-08,Recreate,5
11358,7933,9413,2026-04-17,Remix,10
11359,901,4846,2026-02-03,Remix,50
11360,2752,59562,2026-05-21,Remix,30
11361,9948,37962,2026-06-14,Recreate,5
11362,8867,26811,2026-01-17,Remix,100
11363,372,56105,2026-07-24,Engagement Bonus,5
11364,6765,1282,2026-03-12,Recreate,5
11365,3389,29584,2026-01-06,Recreate,5
11366,3036,19274,2026-05-06,Recreate,50
11367,321,57592,2026-04-27,Recreate,30
11368,1755,3364,2026-05-23,Remix,10
11369,9177,2116,2026-08-23,Remix,50
11370,275,18039,2026-03-10,Recreate,20
11371,6983,31060,2026-05-10,Remix,10
11372,1827,14904,2026-02-06,Recreate,50
11373,336,3047,2026-08-28,Remix,10
11374,3035,1873,2026-07-07,Engagement Bonus,10
11375,162,24357,2026-07-13,Recreate,20
11376,1036,5668,2026-01-14,Recreate,5
11377,570,41203,2026-03-29,Recreate,20
11378,1132,38997,2026-07-25,Recreate,20
11379,105,34539,2026-01-31,Recreate,20
11380,6500,58999,2026-08-30,Recreate,10
11381,4866,59044,2026-03-30,Recreate,20
11382,2493,56866,2026-07-21,Recreate,30
11383,6116,35835,2026-08-25,Recreate,30
11384,2050,15226,2026-08-27,Recreate,5
11385,6206,17058,2026-07-14,Remix,5
11386,2581,41300,2026-08-21,Engagement Bonus,30
11387,6989,21762,2026-07-07,Remix,50
11388,1464,32706,2026-01-16,Recreate,20
11389,680,14566,2026-06-29,Recreate,5
11390,9629,43859,2026-06-27,Recreate,50
11391,3725,47631,2026-04-19,Recreate,20
11392,493,19147,2026-01-05,Recreate,20
11393,3003,43398,2026-06-03,Remix,20
11394,7935,31031,2026-03-02,Recreate,50
11395,9009,27141,2026-06-08,Engagement Bonus,20
11396,7588,39854,2026-05-16,Recreate,30
11397,3896,8384,2026-08-11,Engagement Bonus,10
11398,8395,48877,2026-06-18,Recreate,50
11399,9999,39414,2026-01-31,Recreate,5
11400,346,6518,2026-08-03,Remix,20
11401,5435,20136,2026-06-28,Engagement Bonus,20
11402,1143,50156,2026-05-14,Engagement Bonus,10
11403,1822,17135,2026-07-08,Remix,30
11404,8947,31314,2026-06-09,Recreate,10
11405,9676,41377,2026-06-15,Recreate,5
11406,7410,511,2026-03-16,Recreate,20
11407,7395,50834,2026-01-05,Recreate,5
11408,6269,45595,2026-07-12,Recreate,10
11409,2033,3493,2026-06-07,Recreate,100
11410,8308,2617,2026-04-04,Recreate,5
11411,2034,16734,2026-08-26,Remix,5
11412,6034,3865,2026-08-31,Remix,50
11413,5379,59423,2026-02-04,Recreate,10
11414,2930,49065,2026-06-21,Recreate,5
11415,4786,39178,2026-03-11,Remix,5
11416,1844,17782,2026-01-15,Remix,50
11417,3921,57384,2026-03-15,Recreate,100
11418,5947,35515,2026-03-06,Remix,30
11419,4056,50574,2026-03-30,Recreate,5
11420,1817,26654,2026-07-04,Recreate,30
11421,9744,46303,2026-05-10,Recreate,5
11422,559,10774,2026-03-22,Remix,5
11423,699,38016,2026-08-06,Remix,20
11424,1794,25778,2026-08-12,Recreate,30
11425,387,5382,2026-06-04,Remix,5
11426,6208,27491,2026-04-12,Recreate,50
11427,1590,26533,2026-04-01,Remix,10
11428,2419,5150,2026-04-13,Engagement Bonus,30
11429,9670,382,2026-06-27,Engagement Bonus,20
11430,1154,14891,2026-04-23,Remix,10
11431,5437,44562,2026-07-28,Recreate,5
11432,3963,13141,2026-01-20,Remix,5
11433,5077,28832,2026-02-25,Remix,20
11434,8320,3207,2026-07-28,Recreate,30
11435,8383,51253,2026-06-26,Recreate,20
11436,3846,41285,2026-03-28,Remix,20
11437,489,32767,2026-01-03,Engagement Bonus,5
11438,7113,57970,2026-02-13,Engagement Bonus,5
11439,8163,9774,2026-01-29,Recreate,10
11440,7132,50661,2026-05-15,Recreate,100
11441,6673,2798,2026-01-21,Engagement Bonus,5
11442,6140,21316,2026-02-12,Remix,10
11443,7496,34945,2026-04-27,Remix,50
11444,6915,40110,2026-05-18,Engagement Bonus,30
11445,1644,25163,2026-05-27,Recreate,20
11446,3879,58098,2026-04-27,Recreate,50
11447,8185,13618,2026-06-16,Recreate,5
11448,7902,56460,2026-01-02,Engagement Bonus,5
11449,9012,55974,2026-01-16,Engagement Bonus,10
11450,65,8942,2026-04-15,Recreate,50
11451,1936,46962,2026-06-22,Recreate,50
11452,3284,50364,2026-01-29,Recreate,5
11453,7689,25078,2026-05-15,Recreate,20
11454,1,20056,2026-08-10,Recreate,20
11455,1310,57131,2026-01-27,Recreate,5
11456,1239,51505,2026-08-21,Recreate,30
11457,7913,32918,2026-02-01,Remix,20
11458,949,23175,2026-07-15,Engagement Bonus,100
11459,2554,41624,2026-06-08,Recreate,30
11460,3351,44681,2026-04-11,Recreate,50
11461,5638,51289,2026-04-11,Remix,10
11462,3950,26978,2026-03-13,Recreate,100
11463,259,6249,2026-05-18,Recreate,30
11464,1327,54789,2026-08-18,Recreate,5
11465,9324,40572,2026-01-21,Recreate,5
11466,7338,16751,2026-05-04,Recreate,10
11467,8923,43735,2026-05-24,Recreate,5
11468,3000,29237,2026-08-20,Recreate,20
11469,1868,3799,2026-02-04,Recreate,50
11470,2319,7047,2026-07-20,Recreate,100
11471,5967,25395,2026-05-26,Recreate,10
11472,2362,24424,2026-01-29,Recreate,50
11473,4341,49276,2026-01-25,Engagement Bonus,20
11474,8544,40378,2026-07-12,Recreate,5
11475,1221,1749,2026-05-17,Remix,10
11476,1578,32938,2026-06-20,Recreate,50
11477,2643,10633,2026-02-28,Engagement Bonus,50
11478,2573,58833,2026-07-23,Recreate,5
11479,3744,778,2026-01-16,Remix,5
11480,4971,16424,2026-06-17,Engagement Bonus,5
11481,4228,44954,2026-07-13,Recreate,10
11482,4511,30931,2026-02-09,Recreate,10
11483,7874,53367,2026-01-02,Recreate,50
11484,8348,25452,2026-02-13,Remix,10
11485,7357,57048,2026-07-15,Recreate,100
11486,4915,7383,2026-03-02,Remix,10
11487,3241,18463,2026-07-05,Recreate,5
11488,7649,59138,2026-08-29,Remix,10
11489,8103,5017,2026-06-05,Recreate,5
11490,5148,33668,2026-01-23,Remix,5
11491,7125,6581,2026-02-22,Remix,5
11492,5548,48266,2026-07-19,Remix,10
11493,9092,19871,2026-03-04,Recreate,5
11494,1978,46693,2026-01-10,Engagement Bonus,5
11495,6943,46122,2026-06-15,Recreate,100
11496,5927,14103,2026-08-28,Remix,20
11497,8890,43272,2026-03-03,Recreate,50
11498,3881,777,2026-01-03,Remix,30
11499,9585,42696,2026-02-24,Remix,10
11500,2831,11374,2026-01-25,Recreate,20
11501,6387,38125,2026-08-25,Recreate,5
11502,9819,12573,2026-01-18,Recreate,5
11503,2554,7748,2026-06-16,Recreate,5
11504,4733,45953,2026-01-15,Engagement Bonus,5
11505,3086,16898,2026-03-22,Recreate,5
11506,9545,44698,2026-01-31,Recreate,20
11507,5652,34409,2026-08-05,Recreate,10
11508,9196,34753,2026-03-21,Recreate,10
11509,8667,11961,2026-04-26,Remix,5
11510,8109,41439,2026-05-20,Recreate,30
11511,3348,48479,2026-06-10,Recreate,10
11512,1679,3811,2026-05-05,Recreate,30
11513,7848,48454,2026-07-21,Remix,5
11514,2826,55904,2026-06-14,Remix,5
11515,304,39605,2026-08-13,Recreate,5
11516,6333,17117,2026-01-21,Engagement Bonus,5
11517,9401,39072,2026-02-06,Recreate,10
11518,9034,28821,2026-03-05,Engagement Bonus,20
11519,3779,20996,2026-05-01,Remix,5
11520,9347,51068,2026-04-17,Remix,20
11521,7401,24114,2026-05-17,Recreate,20
11522,6298,50332,2026-06-27,Remix,100
11523,127,28522,2026-04-18,Recreate,5
11524,9292,33551,2026-03-15,Recreate,10
11525,6623,29220,2026-07-14,Recreate,50
11526,9087,39495,2026-03-09,Recreate,10
11527,5215,5479,2026-02-28,Recreate,20
11528,5887,17086,2026-08-11,Engagement Bonus,5
11529,2996,1651,2026-01-29,Recreate,50
11530,2781,1724,2026-08-07,Recreate,100
11531,2666,7225,2026-03-04,Engagement Bonus,10
11532,5196,7243,2026-06-01,Remix,30
11533,2133,27930,2026-02-17,Remix,5
11534,6239,45826,2026-06-12,Recreate,20
11535,2689,12689,2026-03-04,Recreate,20
11536,5527,51984,2026-05-03,Recreate,100
11537,2591,6850,2026-02-26,Remix,30
11538,2081,38667,2026-05-07,Recreate,20
11539,2217,7140,2026-08-23,Recreate,10
11540,8132,57426,2026-06-28,Recreate,20
11541,6090,58686,2026-02-18,Remix,100
11542,472,48314,2026-03-21,Remix,100
11543,2365,11130,2026-05-06,Recreate,50
11544,9030,32621,2026-01-12,Recreate,10
11545,4908,9725,2026-06-21,Recreate,20
11546,5231,12898,2026-08-28,Recreate,30
11547,4600,15030,2026-07-12,Remix,50
11548,6214,5882,2026-08-19,Recreate,30
11549,708,51635,2026-07-19,Recreate,50
11550,8925,55587,2026-04-14,Engagement Bonus,10
11551,949,4237,2026-01-06,Recreate,5
11552,5336,16528,2026-03-05,Recreate,30
11553,7297,9778,2026-05-04,Remix,20
11554,8328,39186,2026-08-23,Engagement Bonus,50
11555,9435,23928,2026-01-11,Recreate,30
11556,1252,48252,2026-06-20,Recreate,20
11557,6291,42449,2026-06-15,Remix,100
11558,4057,36744,2026-01-08,Recreate,5
11559,6264,50947,2026-06-16,Engagement Bonus,20
11560,9919,11185,2026-02-11,Engagement Bonus,5
11561,8214,6512,2026-08-21,Recreate,5
11562,3392,47860,2026-05-28,Recreate,20
11563,4010,52980,2026-08-26,Recreate,30
11564,8861,44592,2026-01-17,Recreate,5
11565,2090,2455,2026-05-25,Recreate,50
11566,6991,36950,2026-06-22,Recreate,30
11567,1281,41443,2026-03-14,Recreate,5
11568,7286,50006,2026-02-21,Recreate,10
11569,831,14245,2026-03-11,Remix,10
11570,973,45182,2026-01-22,Recreate,10
11571,4892,59265,2026-06-06,Recreate,5
11572,8217,8440,2026-08-18,Remix,50
11573,4979,11565,2026-01-11,Engagement Bonus,10
11574,3237,3369,2026-08-22,Remix,50
11575,6879,908,2026-07-21,Recreate,10
11576,73,18967,2026-04-20,Recreate,50
11577,1905,12051,2026-07-13,Recreate,10
11578,8585,8774,2026-01-28,Recreate,5
11579,1676,42829,2026-07-08,Recreate,10
11580,9364,36561,2026-07-01,Recreate,50
11581,4198,44727,2026-01-14,Recreate,30
11582,3099,871,2026-03-31,Recreate,20
11583,6984,15313,2026-02-21,Engagement Bonus,10
11584,4500,35033,2026-01-29,Recreate,30
11585,7163,10339,2026-06-14,Remix,30
11586,2839,26736,2026-01-21,Recreate,10
11587,7122,12666,2026-07-25,Recreate,30
11588,2795,16566,2026-05-04,Remix,5
11589,2860,11251,2026-02-22,Recreate,10
11590,1338,34497,2026-05-11,Recreate,100
11591,8171,45460,2026-04-29,Recreate,10
11592,8937,7796,2026-04-22,Engagement Bonus,30
11593,9641,43711,2026-07-13,Recreate,10
11594,7523,18777,2026-03-17,Recreate,30
11595,2776,25616,2026-03-31,Remix,10
11596,8178,46872,2026-06-11,Recreate,20
11597,9931,26131,2026-05-16,Remix,20
11598,7407,57777,2026-06-08,Recreate,20
11599,6530,43788,2026-06-11,Engagement Bonus,30
11600,1039,8363,2026-03-15,Remix,20
11601,2681,22997,2026-07-15,Recreate,20
11602,1954,10149,2026-01-05,Engagement Bonus,5
11603,907,50570,2026-04-09,Remix,20
11604,828,26943,2026-04-14,Engagement Bonus,10
11605,5309,16353,2026-03-21,Recreate,5
11606,9402,16598,2026-02-18,Recreate,10
11607,5621,407,2026-06-04,Recreate,50
11608,5168,22966,2026-08-26,Remix,30
11609,4105,21291,2026-02-25,Recreate,20
11610,6288,38001,2026-05-26,Engagement Bonus,10
11611,8717,2679,2026-08-31,Recreate,30
11612,6337,32651,2026-02-08,Remix,10
11613,6186,10795,2026-01-06,Recreate,5
11614,9580,13971,2026-07-08,Remix,50
11615,4858,4252,2026-07-30,Recreate,50
11616,2266,27600,2026-02-20,Engagement Bonus,10
11617,5038,59542,2026-08-28,Remix,30
11618,9786,20395,2026-01-21,Remix,5
11619,4103,29694,2026-01-12,Recreate,20
11620,3658,7678,2026-04-02,Recreate,30
11621,296,32127,2026-05-29,Recreate,30
11622,9098,44228,2026-01-24,Remix,5
11623,8899,57311,2026-05-16,Recreate,20
11624,5847,42309,2026-02-10,Recreate,50
11625,3989,25642,2026-07-15,Remix,50
11626,5360,25006,2026-05-11,Remix,20
11627,9885,38813,2026-03-03,Recreate,5
11628,5661,6149,2026-02-11,Recreate,20
11629,1867,13992,2026-03-12,Recreate,10
11630,8528,517,2026-03-15,Engagement Bonus,20
11631,1621,2130,2026-05-07,Recreate,5
11632,8074,50498,2026-01-30,Engagement Bonus,20
11633,2735,45100,2026-07-16,Remix,20
11634,5432,40995,2026-04-18,Recreate,50
11635,7885,9374,2026-02-11,Recreate,30
11636,6548,52660,2026-01-07,Recreate,20
11637,9819,34921,2026-04-07,Engagement Bonus,5
11638,4235,29579,2026-02-03,Recreate,5
11639,8392,29168,2026-08-22,Recreate,30
11640,9997,34518,2026-02-06,Recreate,30
11641,8352,49969,2026-05-20,Remix,20
11642,9806,10530,2026-03-25,Recreate,100
11643,3160,1591,2026-05-10,Remix,5
11644,5361,42677,2026-04-18,Recreate,10
11645,9847,9521,2026-08-03,Remix,10
11646,4649,18125,2026-08-03,Recreate,100
11647,4709,7051,2026-05-01,Recreate,5
11648,3074,5329,2026-07-29,Engagement Bonus,5
11649,4712,34393,2026-07-31,Recreate,5
11650,6250,49257,2026-02-01,Recreate,20
11651,6263,6884,2026-05-29,Recreate,10
11652,8681,27096,2026-01-11,Engagement Bonus,20
11653,4564,35028,2026-08-05,Recreate,50
11654,6804,34545,2026-02-21,Remix,10
11655,69,53732,2026-03-30,Remix,50
11656,9598,213,2026-05-04,Recreate,20
11657,5530,34597,2026-01-01,Recreate,20
11658,1684,21125,2026-03-07,Remix,5
11659,5260,28894,2026-07-10,Recreate,10
11660,6222,15021,2026-04-07,Engagement Bonus,20
11661,6346,8951,2026-01-11,Recreate,10
11662,9834,40115,2026-05-03,Engagement Bonus,10
11663,4111,31638,2026-08-18,Recreate,50
11664,453,9759,2026-05-06,Remix,10
11665,2995,34012,2026-08-23,Recreate,50
11666,8330,52166,2026-07-12,Recreate,10
11667,3037,57047,2026-05-07,Recreate,5
11668,5668,58849,2026-03-30,Remix,5
11669,5562,15072,2026-08-20,Recreate,50
11670,2045,1102,2026-08-03,Engagement Bonus,10
11671,75,42562,2026-04-06,Engagement Bonus,20
11672,1854,13498,2026-01-15,Recreate,100
11673,3132,1967,2026-08-11,Recreate,5
11674,702,43476,2026-04-24,Recreate,20
11675,2799,5864,2026-04-12,Remix,100
11676,2024,2931,2026-03-18,Remix,5
11677,1352,24070,2026-04-17,Engagement Bonus,20
11678,2700,28497,2026-08-28,Remix,20
11679,6497,46378,2026-01-03,Engagement Bonus,5
11680,8249,3561,2026-01-18,Engagement Bonus,30
11681,7810,7929,2026-07-10,Recreate,20
11682,9300,32363,2026-04-14,Engagement Bonus,50
11683,9090,5781,2026-05-16,Recreate,30
11684,6548,36440,2026-03-01,Engagement Bonus,5
11685,7978,10167,2026-01-10,Recreate,10
11686,4816,2320,2026-05-27,Recreate,10
11687,1103,51375,2026-01-01,Recreate,5
11688,6363,53635,2026-04-24,Engagement Bonus,5
11689,7004,44977,2026-07-03,Recreate,20
11690,1969,30689,2026-03-17,Recreate,30
11691,750,26958,2026-02-01,Engagement Bonus,30
11692,3834,5596,2026-08-31,Recreate,10
11693,7162,32967,2026-07-17,Recreate,100
11694,1700,56637,2026-07-19,Recreate,5
11695,5417,18846,2026-01-19,Recreate,50
11696,7528,34888,2026-05-24,Recreate,10
11697,7302,35733,2026-08-18,Remix,50
11698,1160,5938,2026-06-01,Remix,10
11699,3901,57713,2026-02-09,Recreate,20
11700,211,44113,2026-01-02,Engagement Bonus,30
11701,7074,33830,2026-01-02,Remix,10
11702,4326,32243,2026-02-28,Engagement Bonus,5
11703,7708,46163,2026-01-23,Recreate,5
11704,9263,22675,2026-07-30,Remix,20
11705,9969,25896,2026-04-22,Recreate,50
11706,762,56901,2026-07-04,Recreate,50
11707,2365,36781,2026-04-04,Recreate,50
11708,5196,51236,2026-02-25,Recreate,20
11709,6361,17937,2026-02-02,Engagement Bonus,20
11710,1055,2624,2026-04-01,Engagement Bonus,5
11711,4142,52369,2026-04-25,Remix,5
11712,2763,13904,2026-04-15,Recreate,5
11713,4972,37545,2026-05-19,Remix,20
11714,9750,40625,2026-02-12,Recreate,5
11715,3576,30260,2026-05-07,Recreate,30
11716,1451,53018,2026-03-05,Recreate,30
11717,6494,51735,2026-05-02,Recreate,10
11718,3680,26559,2026-03-09,Recreate,5
11719,2972,38435,2026-05-19,Recreate,20
11720,4562,57370,2026-05-14,Recreate,30
11721,7023,27396,2026-05-15,Engagement Bonus,20
11722,2331,4902,2026-02-02,Engagement Bonus,30
11723,1622,43437,2026-07-06,Remix,5
11724,5422,40120,2026-08-12,Recreate,20
11725,1826,985,2026-02-26,Recreate,10
11726,999,52893,2026-01-21,Recreate,30
11727,3148,35592,2026-04-15,Engagement Bonus,10
11728,9780,56804,2026-03-11,Recreate,20
11729,9995,39897,2026-05-08,Recreate,10
11730,6382,36722,2026-02-21,Remix,30
11731,354,16490,2026-05-10,Recreate,10
11732,4867,19445,2026-03-15,Engagement Bonus,10
11733,2240,23335,2026-04-13,Engagement Bonus,5
11734,5474,49894,2026-05-28,Recreate,20
11735,3962,9437,2026-04-09,Recreate,50
11736,128,39596,2026-01-22,Recreate,10
11737,4457,37118,2026-05-02,Engagement Bonus,20
11738,5824,31658,2026-08-07,Engagement Bonus,100
11739,1185,11413,2026-03-26,Remix,5
11740,148,31953,2026-03-20,Engagement Bonus,100
11741,8024,49042,2026-03-20,Remix,10
11742,8704,59923,2026-06-15,Engagement Bonus,5
11743,4188,14264,2026-08-29,Remix,10
11744,2507,35594,2026-07-19,Engagement Bonus,5
11745,5402,3374,2026-02-13,Recreate,100
11746,3551,53917,2026-05-02,Recreate,20
11747,4237,59707,2026-04-18,Recreate,5
11748,9631,3457,2026-08-09,Recreate,20
11749,9530,1098,2026-07-16,Remix,10
11750,5644,16749,2026-04-23,Engagement Bonus,5
11751,9729,9846,2026-06-17,Recreate,20
11752,2674,54267,2026-05-01,Engagement Bonus,10
11753,4182,45059,2026-01-02,Recreate,5
11754,7408,23712,2026-03-29,Remix,10
11755,2214,53678,2026-07-20,Recreate,100
11756,6219,14772,2026-02-01,Engagement Bonus,10
11757,7938,1800,2026-06-17,Recreate,100
11758,3821,50001,2026-03-24,Recreate,100
11759,1751,16655,2026-05-15,Recreate,100
11760,5036,2957,2026-08-04,Recreate,10
11761,7092,45359,2026-03-15,Recreate,30
11762,7646,20866,2026-04-11,Remix,20
11763,9941,37011,2026-05-02,Engagement Bonus,10
11764,9728,23537,2026-04-23,Remix,20
11765,1069,5185,2026-05-17,Remix,10
11766,8171,33528,2026-06-25,Recreate,30
11767,7783,53474,2026-07-11,Recreate,10
11768,1206,39448,2026-06-09,Recreate,10
11769,3035,1873,2026-04-18,Recreate,50
11770,9930,31967,2026-02-25,Recreate,20
11771,687,21421,2026-05-04,Engagement Bonus,50
11772,9587,32077,2026-08-06,Recreate,10
11773,2345,51385,2026-02-20,Recreate,50
11774,3620,6041,2026-01-16,Recreate,5
11775,8519,35602,2026-03-14,Recreate,30
11776,7210,42966,2026-02-17,Engagement Bonus,100
11777,8005,11615,2026-05-11,Recreate,10
11778,4774,34255,2026-02-05,Remix,10
11779,7628,37851,2026-01-19,Remix,30
11780,5154,21805,2026-05-09,Recreate,20
11781,4533,32343,2026-06-09,Remix,5
11782,3954,55004,2026-04-06,Recreate,100
11783,9591,30192,2026-01-29,Recreate,20
11784,7671,50557,2026-07-19,Recreate,5
11785,6719,13411,2026-02-02,Recreate,10
11786,26,1224,2026-07-24,Remix,100
11787,3749,29425,2026-02-21,Recreate,100
11788,6787,29201,2026-06-25,Engagement Bonus,30
11789,745,10860,2026-02-23,Recreate,10
11790,9115,56162,2026-08-03,Remix,30
11791,7855,35149,2026-07-29,Recreate,20
11792,2368,4757,2026-04-15,Recreate,100
11793,3579,39579,2026-06-05,Remix,20
11794,6514,45739,2026-05-10,Recreate,10
11795,659,26773,2026-07-02,Remix,10
11796,1391,1257,2026-07-31,Remix,10
11797,3115,20279,2026-06-08,Recreate,20
11798,5767,49985,2026-03-14,Recreate,50
11799,3836,7487,2026-04-12,Recreate,50
11800,2725,42235,2026-08-15,Remix,5
11801,5592,2281,2026-02-17,Recreate,50
11802,7689,13107,2026-03-10,Recreate,50
11803,8096,17131,2026-07-06,Recreate,20
11804,6939,34967,2026-06-23,Remix,5
11805,8415,30325,2026-01-10,Recreate,20
11806,4750,52303,2026-08-17,Engagement Bonus,30
11807,6573,29526,2026-05-12,Recreate,5
11808,8594,8608,2026-02-15,Remix,50
11809,3915,17082,2026-03-13,Recreate,10
11810,6176,30790,2026-08-07,Remix,30
11811,2921,11068,2026-08-17,Recreate,10
11812,4563,18749,2026-04-07,Recreate,50
11813,2105,46255,2026-05-06,Recreate,50
11814,9229,25656,2026-07-11,Remix,20
11815,6227,22233,2026-08-28,Remix,5
11816,4820,22809,2026-01-25,Remix,5
11817,3072,56879,2026-08-23,Engagement Bonus,100
11818,4323,2095,2026-08-28,Recreate,10
11819,5914,44383,2026-01-20,Recreate,5
11820,2318,44111,2026-08-22,Recreate,50
11821,3925,35907,2026-03-12,Recreate,10
11822,7537,17019,2026-07-20,Engagement Bonus,20
11823,2662,10143,2026-01-15,Recreate,100
11824,207,57199,2026-03-17,Recreate,10
11825,6783,24763,2026-03-16,Remix,100
11826,8541,39637,2026-08-01,Remix,5
11827,1881,20980,2026-07-27,Recreate,5
11828,6393,58344,2026-07-07,Recreate,20
11829,5211,31443,2026-08-12,Recreate,5
11830,8634,4779,2026-07-03,Recreate,5
11831,6451,52912,2026-03-24,Recreate,5
11832,8948,12851,2026-04-20,Engagement Bonus,10
11833,9925,48771,2026-04-10,Remix,5
11834,3890,47260,2026-06-24,Remix,30
11835,6411,6316,2026-06-17,Recreate,20
11836,5604,16151,2026-06-07,Engagement Bonus,100
11837,544,22871,2026-08-03,Recreate,10
11838,9479,51824,2026-05-24,Recreate,50
11839,543,20416,2026-07-30,Recreate,10
11840,2704,42340,2026-02-14,Engagement Bonus,5
11841,3420,25873,2026-04-09,Remix,5
11842,85,44574,2026-04-26,Recreate,100
11843,7294,9489,2026-07-08,Recreate,5
11844,9033,43189,2026-02-11,Recreate,5
11845,6353,23074,2026-03-08,Recreate,5
11846,2061,56590,2026-08-10,Remix,10
11847,4285,46116,2026-03-11,Recreate,10
11848,9104,7204,2026-05-19,Remix,100
11849,8230,21030,2026-08-22,Remix,10
11850,2596,16400,2026-04-17,Remix,20
11851,8514,47915,2026-01-24,Recreate,5
11852,9431,36230,2026-03-07,Recreate,20
11853,9808,48300,2026-08-15,Recreate,10
11854,1662,831,2026-02-24,Remix,5
11855,6841,23778,2026-02-14,Recreate,20
11856,970,8356,2026-06-21,Remix,30
11857,7720,4437,2026-07-20,Remix,20
11858,6897,59378,2026-04-06,Remix,20
11859,346,30907,2026-04-15,Engagement Bonus,30
11860,5898,18856,2026-01-11,Recreate,50
11861,5793,27082,2026-01-17,Engagement Bonus,10
11862,7969,41745,2026-05-03,Engagement Bonus,30
11863,8554,11914,2026-03-11,Remix,50
11864,2087,38709,2026-01-19,Remix,5
11865,8971,32306,2026-08-03,Engagement Bonus,5
11866,8192,42135,2026-03-17,Recreate,30
11867,3594,38262,2026-06-11,Recreate,5
11868,4120,43158,2026-07-16,Remix,20
11869,1468,38894,2026-05-16,Recreate,10
11870,8777,41038,2026-08-14,Remix,50
11871,3537,13176,2026-01-05,Recreate,30
11872,6958,21170,2026-08-28,Recreate,10
11873,2805,25972,2026-01-10,Recreate,50
11874,8394,37323,2026-04-24,Recreate,100
11875,8775,48395,2026-07-02,Remix,30
11876,6811,27295,2026-04-09,Recreate,5
11877,7687,52229,2026-04-17,Remix,10
11878,9498,26390,2026-06-27,Remix,10
11879,9357,16606,2026-07-13,Remix,5
11880,8844,47616,2026-06-07,Recreate,50
11881,9920,24687,2026-01-29,Recreate,20
11882,8516,11892,2026-02-13,Engagement Bonus,100
11883,5510,38752,2026-05-03,Engagement Bonus,5
11884,807,3050,2026-04-06,Recreate,20
11885,3833,10580,2026-06-04,Remix,20
11886,1607,30988,2026-07-17,Remix,10
11887,7316,50427,2026-06-11,Remix,100
11888,1312,8987,2026-02-09,Recreate,30
11889,8908,34377,2026-01-02,Recreate,50
11890,1156,45793,2026-04-26,Recreate,10
11891,8418,55273,2026-06-25,Recreate,5
11892,5594,51981,2026-01-05,Recreate,10
11893,6760,56037,2026-08-15,Recreate,100
11894,4345,29745,2026-01-03,Recreate,20
11895,6953,47573,2026-08-16,Remix,5
11896,724,3056,2026-08-04,Remix,10
11897,8433,3481,2026-01-31,Recreate,100
11898,8909,30843,2026-03-24,Recreate,10
11899,6369,26143,2026-01-07,Remix,10
11900,2066,29212,2026-06-13,Recreate,5
11901,4638,59785,2026-03-20,Remix,10
11902,9061,9683,2026-04-03,Remix,20
11903,5834,10206,2026-03-02,Recreate,5
11904,1296,21668,2026-06-12,Recreate,10
11905,2471,50531,2026-04-01,Recreate,30
11906,4803,39622,2026-07-11,Remix,10
11907,6498,7532,2026-01-01,Remix,5
11908,3514,28385,2026-07-12,Recreate,20
11909,2664,14651,2026-08-03,Recreate,100
11910,861,17310,2026-03-19,Engagement Bonus,50
11911,6528,27035,2026-02-05,Recreate,10
11912,1509,39904,2026-03-31,Remix,30
11913,1373,30048,2026-06-24,Recreate,10
11914,749,42180,2026-03-25,Remix,30
11915,5652,51050,2026-01-06,Recreate,30
11916,3722,23846,2026-06-04,Remix,100
11917,3743,116,2026-06-07,Recreate,100
11918,962,34086,2026-08-17,Recreate,50
11919,2453,26283,2026-05-22,Recreate,10
11920,2097,27047,2026-05-05,Engagement Bonus,30
11921,6904,18761,2026-07-20,Remix,10
11922,3557,27893,2026-01-02,Recreate,10
11923,9208,37414,2026-05-22,Recreate,30
11924,1515,18156,2026-08-22,Engagement Bonus,5
11925,3101,6255,2026-03-07,Engagement Bonus,10
11926,4396,1526,2026-07-02,Remix,100
11927,8520,52299,2026-07-29,Remix,5
11928,5103,47692,2026-06-28,Remix,5
11929,9729,55593,2026-04-26,Recreate,10
11930,6883,8862,2026-02-20,Engagement Bonus,10
11931,7975,12437,2026-06-13,Recreate,5
11932,8404,46046,2026-05-01,Engagement Bonus,5
11933,1230,21400,2026-02-25,Remix,20
11934,4804,3693,2026-05-25,Recreate,30
11935,5322,44884,2026-02-19,Remix,20
11936,4202,47632,2026-03-07,Recreate,100
11937,7879,4675,2026-03-24,Engagement Bonus,5
11938,8374,13433,2026-07-28,Remix,100
11939,1178,9901,2026-01-24,Recreate,5
11940,8550,38562,2026-08-01,Recreate,20
11941,8794,51560,2026-07-04,Remix,100
11942,4605,27961,2026-03-18,Recreate,10
11943,2308,42628,2026-06-21,Remix,5
11944,1659,54478,2026-05-15,Recreate,20
11945,4188,32308,2026-04-04,Engagement Bonus,10
11946,3582,43384,2026-03-20,Remix,20
11947,8907,8638,2026-07-02,Recreate,5
11948,8657,24898,2026-04-17,Recreate,20
11949,4834,2287,2026-06-18,Recreate,100
11950,6953,27970,2026-01-20,Remix,50
11951,54,5854,2026-05-25,Remix,20
11952,4633,44509,2026-01-06,Engagement Bonus,5
11953,440,5961,2026-06-01,Recreate,10
11954,1555,42285,2026-08-06,Recreate,20
11955,925,460,2026-07-28,Recreate,10
11956,7161,5542,2026-08-21,Engagement Bonus,5
11957,4400,45945,2026-04-02,Remix,100
11958,7691,31532,2026-01-04,Remix,100
11959,9279,10904,2026-03-29,Engagement Bonus,30
11960,9755,33249,2026-06-18,Remix,5
11961,674,52997,2026-01-16,Recreate,5
11962,8987,16437,2026-08-22,Recreate,100
11963,6927,17448,2026-04-16,Recreate,5
11964,9840,31551,2026-07-26,Recreate,30
11965,7524,49778,2026-04-17,Remix,30
11966,8097,38498,2026-07-07,Recreate,5
11967,4904,24046,2026-02-20,Remix,50
11968,5633,9378,2026-04-22,Recreate,30
11969,4351,58993,2026-06-17,Recreate,50
11970,993,30953,2026-08-10,Remix,30
11971,5625,19351,2026-01-26,Recreate,20
11972,3115,47836,2026-07-08,Recreate,50
11973,6756,24269,2026-01-18,Engagement Bonus,20
11974,6548,59996,2026-05-16,Recreate,30
11975,655,11322,2026-03-17,Recreate,50
11976,8656,44224,2026-08-09,Remix,50
11977,7890,37249,2026-05-30,Recreate,20
11978,9903,54314,2026-06-04,Recreate,5
11979,5166,33491,2026-04-30,Recreate,20
11980,6129,22827,2026-05-04,Recreate,5
11981,9628,15016,2026-03-30,Recreate,5
11982,2109,53551,2026-06-24,Remix,20
11983,847,47135,2026-07-06,Recreate,5
11984,3130,52740,2026-08-24,Recreate,50
11985,8282,32696,2026-01-08,Engagement Bonus,20
11986,824,54239,2026-01-10,Recreate,10
11987,388,10566,2026-02-18,Recreate,5
11988,435,19257,2026-04-18,Recreate,50
11989,8425,34391,2026-03-09,Engagement Bonus,30
11990,6446,59224,2026-03-11,Recreate,5
11991,2323,38880,2026-04-01,Recreate,50
11992,4313,44872,2026-06-04,Recreate,50
11993,5115,3507,2026-06-21,Recreate,10
11994,5689,44189,2026-07-16,Recreate,10
11995,6878,7774,2026-06-13,Remix,30
11996,4992,53823,2026-02-08,Recreate,50
11997,9987,49470,2026-07-29,Remix,30
11998,5586,6476,2026-03-17,Remix,30
11999,986,31722,2026-05-29,Recreate,10
12000,7752,49936,2026-06-10,Recreate,10
12001,8209,42777,2026-03-13,Engagement Bonus,5
12002,7244,45834,2026-07-06,Recreate,5
12003,9227,21575,2026-06-26,Recreate,20
12004,727,39677,2026-08-11,Recreate,10
12005,2285,24851,2026-02-20,Remix,5
12006,1599,434,2026-05-12,Engagement Bonus,10
12007,750,26958,2026-02-21,Recreate,5
12008,1102,57999,2026-07-31,Engagement Bonus,5
12009,766,17480,2026-07-16,Remix,30
12010,4533,32750,2026-07-26,Recreate,5
12011,5566,36809,2026-04-01,Recreate,20
12012,2700,2279,2026-02-26,Recreate,5
12013,6627,44281,2026-01-04,Recreate,30
12014,3819,20906,2026-01-20,Recreate,50
12015,6756,42772,2026-03-19,Recreate,50
12016,8849,50651,2026-01-02,Recreate,30
12017,5417,50756,2026-07-22,Recreate,5
12018,6097,53453,2026-04-29,Engagement Bonus,20
12019,1112,47842,2026-03-04,Recreate,5
12020,2770,21970,2026-01-26,Engagement Bonus,20
12021,8,26260,2026-08-06,Recreate,10
12022,9032,52470,2026-01-06,Remix,10
12023,7075,13421,2026-01-15,Recreate,10
12024,8537,4973,2026-07-03,Engagement Bonus,20
12025,2155,30951,2026-06-29,Remix,10
12026,7705,46952,2026-07-31,Remix,50
12027,1178,9901,2026-08-09,Recreate,20
12028,1198,29217,2026-06-22,Recreate,5
12029,8405,12255,2026-07-10,Remix,10
12030,3441,34996,2026-08-24,Remix,5
12031,7289,47542,2026-06-22,Recreate,5
12032,8687,20155,2026-01-29,Recreate,20
12033,1301,41534,2026-05-04,Recreate,5
12034,5661,51946,2026-03-26,Recreate,100
12035,8943,10394,2026-01-21,Remix,30
12036,2283,41874,2026-05-01,Engagement Bonus,5
12037,7853,50141,2026-06-18,Recreate,20
12038,8473,18514,2026-02-21,Recreate,5
12039,9091,14929,2026-02-22,Engagement Bonus,5
12040,2177,58321,2026-08-22,Recreate,20
12041,8252,21832,2026-01-01,Recreate,10
12042,2823,59141,2026-01-15,Remix,20
12043,6578,18248,2026-06-11,Recreate,10
12044,4209,48893,2026-04-05,Recreate,5
12045,3285,20737,2026-07-19,Recreate,5
12046,5018,59685,2026-06-04,Engagement Bonus,10
12047,5060,34570,2026-04-17,Recreate,10
12048,685,26403,2026-01-30,Recreate,10
12049,9879,50683,2026-04-05,Recreate,30
12050,7725,21270,2026-04-06,Remix,5
12051,255,41614,2026-07-11,Remix,20
12052,4096,24567,2026-08-31,Recreate,30
12053,2646,47670,2026-07-28,Engagement Bonus,20
12054,4146,21015,2026-04-19,Engagement Bonus,20
12055,1047,49651,2026-02-26,Engagement Bonus,30
12056,6768,53796,2026-02-15,Remix,30
12057,4038,55055,2026-03-13,Engagement Bonus,5
12058,5756,58012,2026-02-28,Recreate,20
12059,7861,54419,2026-07-12,Recreate,10
12060,7431,23935,2026-03-24,Recreate,20
12061,3915,10730,2026-03-15,Recreate,10
12062,6681,3418,2026-02-23,Remix,10
12063,3066,3690,2026-03-28,Recreate,100
12064,7982,26942,2026-08-17,Recreate,100
12065,5861,8682,2026-04-25,Engagement Bonus,50
12066,7845,49089,2026-01-23,Recreate,10
12067,9450,1950,2026-05-01,Engagement Bonus,5
12068,7289,35553,2026-05-31,Recreate,20
12069,4563,31857,2026-01-14,Engagement Bonus,20
12070,6562,52010,2026-05-04,Recreate,10
12071,8713,50366,2026-05-19,Remix,20
12072,2836,25945,2026-01-03,Recreate,10
12073,8292,19880,2026-05-13,Recreate,10
12074,1014,9593,2026-04-15,Recreate,50
12075,328,38108,2026-08-04,Recreate,30
12076,6539,43532,2026-06-04,Engagement Bonus,10
12077,5572,15095,2026-03-13,Recreate,20
12078,6816,37667,2026-07-31,Recreate,5
12079,960,27265,2026-03-05,Engagement Bonus,10
12080,6012,56249,2026-01-11,Remix,10
12081,2558,49535,2026-03-24,Remix,10
12082,8135,1409,2026-03-13,Recreate,5
12083,360,14645,2026-05-22,Remix,10
12084,6229,50636,2026-03-25,Recreate,20
12085,7952,9150,2026-04-20,Remix,20
12086,233,4453,2026-01-17,Engagement Bonus,20
12087,7210,42966,2026-01-25,Remix,20
12088,2039,31864,2026-04-30,Recreate,50
12089,1928,56000,2026-08-21,Engagement Bonus,50
12090,2820,31093,2026-08-05,Remix,5
12091,1441,44810,2026-06-18,Recreate,10
12092,531,23689,2026-07-22,Recreate,50
12093,5287,15449,2026-06-09,Remix,5
12094,2943,3463,2026-04-21,Remix,20
12095,2824,11999,2026-01-16,Recreate,50
12096,6162,58369,2026-02-04,Recreate,20
12097,3908,34064,2026-03-12,Recreate,10
12098,4956,27661,2026-06-19,Engagement Bonus,10
12099,2223,26836,2026-07-17,Engagement Bonus,10
12100,6126,5556,2026-08-20,Engagement Bonus,10
12101,4049,45821,2026-03-22,Remix,10
12102,1084,16097,2026-08-16,Remix,30
12103,2864,54059,2026-08-14,Recreate,5
12104,5223,21632,2026-04-28,Recreate,5
12105,6213,46419,2026-02-13,Remix,100
12106,6318,53381,2026-01-30,Remix,10
12107,29,41306,2026-07-15,Engagement Bonus,50
12108,5965,3188,2026-07-06,Remix,10
12109,5209,20012,2026-01-31,Recreate,10
12110,7057,58332,2026-04-21,Recreate,20
12111,3928,35401,2026-03-22,Engagement Bonus,5
12112,7816,38849,2026-06-02,Remix,20
12113,9915,28621,2026-02-14,Recreate,100
12114,959,59561,2026-01-20,Engagement Bonus,100
12115,3711,22147,2026-01-02,Recreate,30
12116,267,15255,2026-04-19,Recreate,30
12117,3049,54722,2026-03-30,Recreate,50
12118,2438,19799,2026-06-19,Remix,10
12119,3098,32608,2026-03-24,Remix,20
12120,2818,42579,2026-07-18,Recreate,20
12121,5411,22529,2026-07-04,Recreate,50
12122,5113,27680,2026-05-29,Recreate,5
12123,5830,45972,2026-06-21,Remix,30
12124,2217,34300,2026-07-05,Remix,20
12125,8040,50721,2026-02-17,Recreate,30
12126,4746,18685,2026-04-15,Remix,50
12127,8167,58568,2026-06-13,Recreate,20
12128,2805,231,2026-07-05,Recreate,10
12129,6845,35061,2026-05-31,Recreate,10
12130,5043,855,2026-01-08,Remix,20
12131,5331,18859,2026-08-08,Recreate,100
12132,3959,52520,2026-08-17,Recreate,30
12133,1159,54144,2026-06-11,Recreate,20
12134,5087,16909,2026-05-14,Engagement Bonus,10
12135,9038,4640,2026-05-01,Remix,100
12136,8916,55913,2026-07-09,Engagement Bonus,10
12137,403,40664,2026-05-09,Recreate,100
12138,3061,11335,2026-05-09,Remix,20
12139,5601,29790,2026-01-09,Engagement Bonus,100
12140,6568,29239,2026-06-19,Recreate,5
12141,1909,53785,2026-07-21,Remix,10
12142,1481,20229,2026-02-06,Remix,10
12143,4783,29396,2026-05-20,Recreate,20
12144,5774,23353,2026-02-02,Engagement Bonus,20
12145,5676,26360,2026-08-22,Recreate,5
12146,517,38300,2026-05-10,Remix,5
12147,3115,25772,2026-08-18,Remix,10
12148,3984,37097,2026-07-08,Remix,20
12149,8552,54709,2026-03-07,Remix,5
12150,8951,48288,2026-03-24,Engagement Bonus,5
12151,4989,38763,2026-04-04,Recreate,5
12152,4922,5412,2026-05-31,Recreate,50
12153,5541,26456,2026-01-13,Engagement Bonus,10
12154,5672,6673,2026-04-01,Recreate,5
12155,480,26295,2026-04-20,Recreate,5
12156,8314,25638,2026-03-28,Remix,5
12157,1763,48318,2026-01-16,Engagement Bonus,50
12158,169,51930,2026-05-25,Recreate,10
12159,9929,55857,2026-04-17,Remix,10
12160,3693,39497,2026-01-20,Remix,10
12161,142,28107,2026-03-02,Remix,5
12162,8759,17879,2026-05-23,Remix,30
12163,729,40870,2026-04-24,Recreate,5
12164,1346,9538,2026-04-27,Recreate,10
12165,3056,38789,2026-05-15,Remix,5
12166,5659,25695,2026-05-10,Recreate,50
12167,667,28940,2026-03-31,Remix,10
12168,6316,8291,2026-04-15,Recreate,30
12169,6450,9952,2026-04-19,Remix,50
12170,2501,46964,2026-05-25,Engagement Bonus,10
12171,4723,23232,2026-03-09,Remix,10
12172,5006,31911,2026-05-05,Recreate,50
12173,4503,57870,2026-03-17,Recreate,10
12174,6342,9983,2026-02-16,Remix,5
12175,479,17053,2026-01-27,Recreate,10
12176,4750,53819,2026-07-30,Recreate,50
12177,6179,39189,2026-08-27,Remix,30
12178,9519,41204,2026-01-25,Recreate,20
12179,5231,26132,2026-07-20,Recreate,30
12180,5652,3728,2026-06-20,Recreate,10
12181,7067,21309,2026-06-03,Recreate,50
12182,5418,30894,2026-05-11,Recreate,100
12183,2806,42525,2026-04-20,Engagement Bonus,50
12184,5365,51610,2026-02-18,Recreate,30
12185,7681,13292,2026-07-10,Engagement Bonus,30
12186,8629,27508,2026-02-09,Recreate,20
12187,2377,32271,2026-07-14,Recreate,20
12188,1953,6100,2026-04-10,Recreate,100
12189,7293,1435,2026-07-01,Recreate,5
12190,3486,51618,2026-01-28,Remix,10
12191,5458,34956,2026-02-18,Remix,100
12192,7855,36770,2026-08-10,Recreate,10
12193,9171,50244,2026-03-07,Engagement Bonus,5
12194,3939,23171,2026-05-03,Engagement Bonus,30
12195,3203,30188,2026-07-20,Remix,5
12196,3624,2074,2026-05-20,Engagement Bonus,5
12197,8776,24622,2026-01-08,Recreate,5
12198,7674,46663,2026-02-24,Recreate,30
12199,4769,22570,2026-05-11,Recreate,10
12200,4254,1004,2026-06-13,Recreate,10
12201,9779,48211,2026-04-16,Recreate,5
12202,2279,51269,2026-06-07,Recreate,10
12203,9287,48545,2026-03-28,Remix,5
12204,2833,58905,2026-06-30,Recreate,10
12205,292,42054,2026-07-01,Recreate,10
12206,5346,50839,2026-07-11,Recreate,5
12207,2219,56795,2026-03-14,Recreate,10
12208,5993,8678,2026-01-21,Engagement Bonus,5
12209,3412,31762,2026-01-08,Remix,30
12210,2274,4195,2026-04-06,Recreate,5
12211,5439,5380,2026-03-13,Remix,5
12212,7278,50481,2026-03-11,Engagement Bonus,20
12213,829,3051,2026-05-31,Recreate,5
12214,5944,44475,2026-03-26,Engagement Bonus,100
12215,1669,1511,2026-05-01,Recreate,50
12216,6494,35622,2026-07-25,Remix,10
12217,7759,33057,2026-02-22,Engagement Bonus,20
12218,2507,6138,2026-01-05,Engagement Bonus,5
12219,579,7917,2026-06-26,Remix,5
12220,5200,18141,2026-08-11,Engagement Bonus,30
12221,7831,11843,2026-02-12,Recreate,10
12222,1293,52685,2026-07-08,Recreate,20
12223,6870,57973,2026-01-13,Engagement Bonus,10
12224,1236,15784,2026-07-04,Engagement Bonus,30
12225,1836,17065,2026-02-08,Recreate,100
12226,4481,14664,2026-01-02,Engagement Bonus,20
12227,6698,56817,2026-07-31,Remix,5
12228,141,41294,2026-07-21,Recreate,30
12229,1736,8467,2026-08-20,Recreate,50
12230,2181,22537,2026-04-11,Remix,5
12231,7754,42403,2026-08-09,Recreate,20
12232,430,2053,2026-06-18,Engagement Bonus,5
12233,5675,2299,2026-06-28,Remix,30
12234,7582,21210,2026-05-22,Recreate,10
12235,9340,44927,2026-08-18,Engagement Bonus,10
12236,4002,5432,2026-05-06,Remix,5
12237,5660,29650,2026-08-15,Remix,10
12238,3813,36187,2026-08-08,Remix,20
12239,8640,12575,2026-08-26,Recreate,5
12240,9542,9514,2026-01-26,Recreate,100
12241,2873,47117,2026-08-01,Engagement Bonus,20
12242,9768,49995,2026-07-24,Remix,30
12243,3078,43087,2026-06-23,Recreate,5
12244,6195,47864,2026-03-21,Remix,20
12245,9248,3501,2026-01-09,Recreate,5
12246,2419,8578,2026-02-28,Recreate,5
12247,2573,33885,2026-04-23,Engagement Bonus,30
12248,5789,54062,2026-02-23,Recreate,20
12249,6622,18684,2026-04-07,Recreate,5
12250,1797,4533,2026-07-07,Remix,5
12251,3903,32445,2026-02-27,Remix,10
12252,2043,7920,2026-07-22,Recreate,30
12253,2949,55277,2026-05-13,Recreate,10
12254,838,58943,2026-05-12,Engagement Bonus,20
12255,3587,52145,2026-01-29,Recreate,5
12256,3354,6635,2026-08-26,Recreate,30
12257,8038,29838,2026-02-02,Remix,30
12258,3517,7621,2026-02-17,Recreate,5
12259,771,21639,2026-01-20,Recreate,50
12260,6021,50521,2026-03-17,Remix,30
12261,4537,9819,2026-08-06,Recreate,30
12262,5307,27310,2026-03-17,Engagement Bonus,20
12263,129,32679,2026-06-16,Recreate,10
12264,5670,30538,2026-02-26,Remix,30
12265,327,49252,2026-04-15,Recreate,50
12266,1893,30669,2026-03-26,Recreate,100
12267,4237,25793,2026-02-08,Recreate,100
12268,4071,21244,2026-08-18,Recreate,10
12269,1368,59578,2026-03-29,Remix,50
12270,3156,18170,2026-06-07,Recreate,100
12271,370,13177,2026-04-19,Recreate,10
12272,8574,21254,2026-03-02,Remix,50
12273,2037,2376,2026-05-13,Recreate,10
12274,2161,34914,2026-02-25,Recreate,20
12275,2106,34825,2026-06-26,Recreate,30
12276,6708,46399,2026-06-30,Remix,5
12277,9110,27313,2026-05-07,Engagement Bonus,10
12278,3672,43042,2026-07-13,Recreate,30
12279,3475,37766,2026-03-15,Recreate,5
12280,6275,27855,2026-07-23,Recreate,5
12281,6561,43154,2026-07-25,Remix,10
12282,2265,58486,2026-03-12,Recreate,5
12283,1002,56131,2026-07-01,Remix,50
12284,7318,23617,2026-01-04,Recreate,10
12285,4725,20873,2026-03-02,Remix,10
12286,3503,53211,2026-05-20,Recreate,50
12287,102,3342,2026-01-07,Recreate,30
12288,9369,4362,2026-04-29,Engagement Bonus,10
12289,8632,34113,2026-07-12,Recreate,20
12290,1598,9837,2026-02-08,Remix,5
12291,7073,22025,2026-05-24,Recreate,5
12292,591,15529,2026-03-06,Remix,50
12293,636,54310,2026-03-16,Remix,10
12294,4006,32991,2026-04-22,Recreate,5
12295,757,39031,2026-05-22,Recreate,50
12296,9845,34030,2026-08-11,Recreate,20
12297,470,14523,2026-01-21,Recreate,50
12298,9681,47371,2026-08-28,Recreate,30
12299,8480,12090,2026-08-03,Remix,20
12300,8243,12595,2026-05-11,Remix,30
12301,4608,53649,2026-02-22,Recreate,5
12302,2122,35897,2026-03-11,Remix,10
12303,9847,14852,2026-05-19,Recreate,5
12304,7539,34948,2026-03-20,Remix,10
12305,9390,31875,2026-04-02,Remix,100
12306,7753,16103,2026-01-16,Engagement Bonus,5
12307,4847,46607,2026-07-10,Recreate,50
12308,4377,57171,2026-06-30,Remix,30
12309,9398,13042,2026-03-31,Recreate,5
12310,6287,50170,2026-04-06,Remix,5
12311,3485,30860,2026-01-14,Recreate,30
12312,1453,10765,2026-04-04,Recreate,10
12313,4910,11992,2026-01-13,Recreate,10
12314,5360,25476,2026-03-14,Recreate,10
12315,1633,23876,2026-03-04,Recreate,50
12316,8410,4181,2026-08-31,Recreate,5
12317,9801,23616,2026-05-16,Engagement Bonus,20
12318,9107,1375,2026-02-17,Remix,20
12319,4325,18595,2026-05-04,Recreate,10
12320,183,24811,2026-03-17,Recreate,30
12321,497,57036,2026-03-31,Remix,50
12322,7058,18648,2026-07-08,Recreate,50
12323,7766,3089,2026-05-28,Remix,10
12324,204,53592,2026-04-15,Recreate,30
12325,7964,28593,2026-01-31,Recreate,5
12326,5243,19198,2026-05-27,Engagement Bonus,10
12327,3412,31762,2026-03-22,Engagement Bonus,10
12328,7392,41589,2026-03-24,Engagement Bonus,30
12329,4817,23632,2026-07-10,Recreate,50
12330,1449,48534,2026-01-03,Remix,5
12331,2596,16400,2026-04-15,Recreate,5
12332,1630,55241,2026-07-11,Remix,50
12333,8542,27537,2026-02-25,Recreate,20
12334,1075,29982,2026-08-24,Recreate,20
12335,7497,57926,2026-03-09,Recreate,5
12336,9390,10809,2026-05-02,Remix,5
12337,414,16438,2026-05-28,Recreate,20
12338,2518,17721,2026-06-04,Remix,50
12339,8773,38188,2026-04-14,Engagement Bonus,20
12340,2543,26352,2026-03-13,Engagement Bonus,20
12341,8313,14547,2026-02-03,Engagement Bonus,10
12342,5328,57034,2026-05-06,Remix,50
12343,388,50378,2026-06-09,Remix,50
12344,6469,7284,2026-07-09,Recreate,5
12345,5412,11030,2026-06-18,Recreate,5
12346,981,52027,2026-06-22,Remix,10
12347,3478,2834,2026-06-10,Recreate,20
12348,8486,20478,2026-01-03,Engagement Bonus,5
12349,2074,54783,2026-03-18,Recreate,10
12350,2821,13464,2026-02-04,Recreate,30
12351,5932,5569,2026-08-25,Recreate,50
12352,5646,54077,2026-01-30,Recreate,10
12353,6673,4447,2026-06-19,Engagement Bonus,50
12354,2183,42201,2026-07-19,Recreate,5
12355,8090,41263,2026-03-24,Recreate,30
12356,3756,16911,2026-06-09,Recreate,50
12357,6477,40806,2026-05-31,Recreate,5
12358,4689,44525,2026-08-04,Recreate,10
12359,8983,18409,2026-04-06,Recreate,20
12360,9325,41452,2026-03-31,Remix,10
12361,1048,51342,2026-08-14,Recreate,30
12362,6555,31829,2026-07-19,Remix,100
12363,8760,32162,2026-02-11,Engagement Bonus,30
12364,6440,59662,2026-06-20,Remix,30
12365,1270,58104,2026-06-28,Recreate,20
12366,3524,47348,2026-06-28,Remix,30
12367,4826,33356,2026-06-20,Engagement Bonus,10
12368,1582,7258,2026-04-20,Recreate,5
12369,7867,16766,2026-02-22,Recreate,5
12370,7497,52257,2026-06-17,Recreate,10
12371,9105,19869,2026-06-05,Recreate,100
12372,2690,16095,2026-05-17,Recreate,30
12373,9857,59591,2026-08-03,Recreate,20
12374,9566,17650,2026-04-19,Recreate,10
12375,4877,15039,2026-06-22,Recreate,30
12376,7574,29076,2026-01-06,Recreate,10
12377,7023,55738,2026-08-27,Remix,5
12378,73,18967,2026-02-02,Remix,10
12379,4352,818,2026-04-11,Remix,10
12380,6803,19822,2026-06-24,Remix,10
12381,5208,3550,2026-02-23,Recreate,30
12382,2970,19376,2026-06-10,Recreate,50
12383,9095,35322,2026-08-16,Recreate,5
12384,5549,25646,2026-03-10,Recreate,10
12385,1454,25252,2026-05-12,Remix,5
12386,3344,4135,2026-07-15,Remix,20
12387,4604,29576,2026-08-01,Recreate,100
12388,3276,27945,2026-08-19,Engagement Bonus,50
12389,1231,7745,2026-03-07,Recreate,10
12390,302,17533,2026-05-20,Recreate,30
12391,8607,2689,2026-05-14,Recreate,20
12392,9465,23559,2026-06-09,Remix,20
12393,9588,33873,2026-07-10,Remix,5
12394,7740,38088,2026-07-05,Remix,30
12395,9239,8308,2026-06-12,Recreate,20
12396,6708,53905,2026-05-14,Engagement Bonus,5
12397,4126,35217,2026-07-20,Recreate,5
12398,6491,29459,2026-04-30,Remix,10
12399,3490,37783,2026-07-10,Remix,10
12400,6651,9880,2026-01-09,Recreate,50
12401,1939,30979,2026-03-06,Recreate,10
12402,5808,43553,2026-01-18,Engagement Bonus,30
12403,1433,32960,2026-01-01,Recreate,5
12404,2430,30117,2026-03-17,Recreate,10
12405,5043,20287,2026-03-16,Engagement Bonus,10
12406,252,58455,2026-04-19,Recreate,5
12407,6666,7277,2026-05-14,Recreate,30
12408,4096,16912,2026-01-14,Recreate,5
12409,9089,20620,2026-07-21,Remix,5
12410,9581,41993,2026-02-03,Remix,5
12411,9616,6775,2026-01-25,Remix,20
12412,3297,27830,2026-08-15,Recreate,50
12413,4538,50372,2026-08-20,Recreate,30
12414,2161,36161,2026-05-02,Recreate,30
12415,6033,33204,2026-02-27,Engagement Bonus,50
12416,9220,26617,2026-06-02,Recreate,100
12417,5407,41926,2026-08-24,Remix,10
12418,1210,33483,2026-03-21,Recreate,50
12419,4451,30492,2026-06-14,Recreate,100
12420,5328,4248,2026-04-22,Recreate,10
12421,9982,35226,2026-07-31,Engagement Bonus,100
12422,9458,20551,2026-02-03,Engagement Bonus,20
12423,6148,53491,2026-08-31,Remix,50
12424,2884,30002,2026-08-29,Recreate,5
12425,1379,5149,2026-05-01,Recreate,10
12426,3504,55503,2026-07-05,Remix,30
12427,2666,6956,2026-04-24,Recreate,50
12428,5713,57794,2026-07-11,Recreate,5
12429,6629,41321,2026-01-11,Recreate,10
12430,3527,44511,2026-06-22,Recreate,10
12431,6231,37345,2026-04-04,Recreate,10
12432,5313,29172,2026-07-06,Recreate,100
12433,5440,39119,2026-02-05,Recreate,50
12434,5590,1404,2026-01-28,Recreate,30
12435,8551,16241,2026-04-22,Recreate,10
12436,6959,17447,2026-06-08,Remix,20
12437,3527,38821,2026-03-16,Recreate,10
12438,5393,46935,2026-02-16,Recreate,30
12439,1119,7776,2026-08-19,Recreate,10
12440,9654,57576,2026-03-26,Recreate,10
12441,1586,33086,2026-02-09,Recreate,5
12442,341,13093,2026-07-01,Recreate,100
12443,4033,47508,2026-02-07,Recreate,10
12444,8956,30017,2026-05-21,Remix,20
12445,7691,37746,2026-06-13,Recreate,100
12446,1077,37422,2026-08-21,Remix,50
12447,7465,9186,2026-07-12,Recreate,10
12448,4146,38582,2026-03-29,Recreate,10
12449,7444,31905,2026-05-10,Recreate,30
12450,1666,39696,2026-05-26,Recreate,5
12451,6507,11865,2026-06-09,Engagement Bonus,5
12452,5387,59810,2026-01-11,Remix,30
12453,4330,38337,2026-02-03,Engagement Bonus,10
12454,3739,2948,2026-04-11,Engagement Bonus,20
12455,2724,56455,2026-05-10,Remix,10
12456,9594,41372,2026-06-08,Remix,5
12457,9409,5540,2026-05-06,Engagement Bonus,30
12458,4283,32559,2026-04-18,Engagement Bonus,50
12459,8183,19990,2026-07-16,Remix,50
12460,5591,18486,2026-05-15,Engagement Bonus,20
12461,9055,21439,2026-04-16,Engagement Bonus,5
12462,7246,5610,2026-05-04,Remix,5
12463,6665,49148,2026-06-01,Remix,5
12464,2080,43696,2026-05-13,Recreate,5
12465,394,42802,2026-02-09,Remix,50
12466,5732,6900,2026-08-15,Recreate,20
12467,981,52027,2026-04-26,Remix,20
12468,3969,51756,2026-04-04,Recreate,20
12469,7392,52687,2026-01-17,Engagement Bonus,10
12470,7137,50840,2026-01-08,Recreate,50
12471,2851,27275,2026-03-31,Recreate,10
12472,9243,20481,2026-01-08,Recreate,50
12473,1659,54478,2026-04-13,Recreate,10
12474,9320,9076,2026-05-26,Remix,5
12475,9750,54070,2026-04-17,Remix,5
12476,7985,29727,2026-04-26,Remix,10
12477,3594,5114,2026-08-05,Recreate,10
12478,3709,13849,2026-02-26,Recreate,30
12479,8921,19955,2026-03-20,Recreate,20
12480,7855,53999,2026-03-13,Remix,10
12481,9189,39059,2026-01-25,Recreate,5
12482,1564,43009,2026-03-29,Remix,100
12483,7668,57001,2026-07-19,Engagement Bonus,30
12484,2223,28357,2026-04-19,Recreate,100
12485,3215,36836,2026-08-06,Recreate,100
12486,8894,38803,2026-06-02,Engagement Bonus,20
12487,645,2634,2026-04-26,Recreate,10
12488,6221,44283,2026-07-07,Engagement Bonus,10
12489,5999,38183,2026-03-27,Recreate,20
12490,6225,17209,2026-06-13,Recreate,30
12491,832,4086,2026-06-24,Remix,5
12492,2468,56230,2026-08-03,Remix,10
12493,8884,46433,2026-05-14,Recreate,30
12494,444,57267,2026-05-10,Recreate,30
12495,4246,57030,2026-07-25,Recreate,10
12496,9110,22591,2026-05-14,Recreate,30
12497,2541,30069,2026-07-30,Recreate,20
12498,2223,20084,2026-05-20,Engagement Bonus,5
12499,1759,46379,2026-07-19,Recreate,50
12500,4890,14327,2026-05-30,Recreate,5
12501,8666,2576,2026-06-27,Engagement Bonus,100
12502,2581,48428,2026-04-21,Recreate,10
12503,5448,51651,2026-03-16,Engagement Bonus,10
12504,5046,50523,2026-02-04,Recreate,20
12505,8197,30982,2026-04-15,Recreate,100
12506,2504,55937,2026-02-24,Recreate,5
12507,1724,25233,2026-06-12,Remix,10
12508,8925,55587,2026-07-28,Remix,30
12509,6082,10618,2026-02-06,Recreate,50
12510,8492,7112,2026-07-24,Remix,5
12511,9216,24512,2026-06-08,Remix,30
12512,1827,16955,2026-06-21,Remix,5
12513,1827,46851,2026-07-11,Recreate,20
12514,1441,44810,2026-06-24,Remix,100
12515,9671,48840,2026-07-15,Recreate,20
12516,4338,24155,2026-05-22,Engagement Bonus,10
12517,7372,59210,2026-04-19,Recreate,5
12518,5646,34141,2026-03-10,Remix,100
12519,8442,4734,2026-07-01,Remix,20
12520,8929,31903,2026-06-14,Engagement Bonus,50
12521,647,58822,2026-06-30,Recreate,10
12522,8873,6151,2026-08-04,Recreate,5
12523,4279,27286,2026-05-12,Remix,5
12524,4374,21496,2026-02-02,Recreate,5
12525,3420,19789,2026-08-14,Recreate,30
12526,5702,5328,2026-08-29,Remix,10
12527,8754,57770,2026-05-27,Recreate,50
12528,1336,52592,2026-02-19,Recreate,100
12529,6433,20955,2026-05-20,Engagement Bonus,10
12530,7682,8411,2026-06-05,Recreate,5
12531,4043,32574,2026-06-27,Recreate,5
12532,2316,33509,2026-02-02,Remix,100
12533,4344,50809,2026-01-28,Remix,100
12534,7496,20930,2026-08-29,Remix,20
12535,4260,37023,2026-05-17,Recreate,10
12536,6093,25791,2026-04-04,Recreate,20
12537,4248,31923,2026-02-21,Remix,5
12538,9505,26683,2026-03-24,Remix,10
12539,5914,55927,2026-03-23,Recreate,50
12540,4803,19544,2026-01-07,Engagement Bonus,30
12541,8943,49076,2026-05-16,Recreate,10
12542,681,5635,2026-05-17,Recreate,10
12543,1329,14526,2026-03-05,Recreate,50
12544,4937,17868,2026-02-05,Engagement Bonus,5
12545,2923,38673,2026-04-16,Remix,5
12546,6037,22862,2026-06-27,Engagement Bonus,5
12547,4329,4372,2026-01-21,Recreate,20
12548,1430,49034,2026-01-28,Engagement Bonus,10
12549,8526,42627,2026-04-09,Recreate,20
12550,7267,11577,2026-03-25,Recreate,10
12551,6444,11307,2026-08-19,Recreate,100
12552,8838,40721,2026-06-21,Recreate,20
12553,6001,1846,2026-07-06,Remix,20
12554,9013,27851,2026-01-05,Recreate,5
12555,9531,50606,2026-04-23,Recreate,100
12556,6863,15875,2026-07-15,Recreate,5
12557,2165,14179,2026-06-24,Remix,10
12558,3030,16309,2026-07-04,Recreate,30
12559,2741,49577,2026-01-14,Recreate,100
12560,223,29893,2026-01-20,Recreate,10
12561,7177,22454,2026-02-08,Recreate,30
12562,1809,34580,2026-03-11,Remix,5
12563,6262,36540,2026-04-18,Recreate,10
12564,7285,42331,2026-03-27,Recreate,20
12565,3379,35543,2026-06-28,Remix,10
12566,4861,7760,2026-06-07,Engagement Bonus,5
12567,5644,30321,2026-01-13,Engagement Bonus,30
12568,8418,23529,2026-01-27,Engagement Bonus,5
12569,3576,23366,2026-08-02,Engagement Bonus,5
12570,9173,59643,2026-07-12,Recreate,5
12571,501,48572,2026-08-24,Remix,50
12572,2543,26352,2026-04-07,Recreate,5
12573,7971,35138,2026-05-27,Remix,100
12574,3712,16230,2026-05-21,Recreate,100
12575,728,34225,2026-08-17,Remix,20
12576,4478,38589,2026-04-07,Recreate,20
12577,3176,57329,2026-02-07,Recreate,10
12578,4932,52903,2026-02-22,Remix,10
12579,8705,21783,2026-05-28,Engagement Bonus,10
12580,2961,44292,2026-05-03,Engagement Bonus,10
12581,6797,20823,2026-08-05,Engagement Bonus,5
12582,8609,51770,2026-03-23,Engagement Bonus,5
12583,1040,26149,2026-02-04,Recreate,20
12584,5978,8700,2026-06-29,Recreate,30
12585,8089,57760,2026-04-19,Remix,50
12586,4824,58617,2026-06-20,Remix,5
12587,6022,33289,2026-02-14,Recreate,100
12588,7755,45547,2026-06-05,Recreate,10
12589,687,46889,2026-05-23,Engagement Bonus,20
12590,6106,15382,2026-08-03,Engagement Bonus,100
12591,5582,33355,2026-07-24,Recreate,10
12592,831,9575,2026-06-30,Engagement Bonus,5
12593,5141,49307,2026-06-30,Engagement Bonus,30
12594,5161,38281,2026-03-14,Remix,20
12595,1813,20449,2026-06-21,Engagement Bonus,5
12596,6143,25524,2026-02-13,Remix,10
12597,4961,33241,2026-06-15,Recreate,5
12598,7766,48973,2026-03-06,Recreate,50
12599,2277,58299,2026-06-07,Engagement Bonus,10
12600,9421,55650,2026-02-04,Remix,100
12601,8936,29596,2026-08-08,Remix,10
12602,6864,52960,2026-07-17,Recreate,20
12603,4465,14815,2026-06-04,Recreate,30
12604,7877,57063,2026-08-08,Engagement Bonus,10
12605,5719,55285,2026-01-27,Remix,5
12606,446,25119,2026-06-27,Engagement Bonus,30
12607,7441,5958,2026-06-23,Remix,50
12608,4531,7049,2026-01-18,Recreate,20
12609,9973,11326,2026-07-09,Recreate,30
12610,6502,2850,2026-06-25,Engagement Bonus,10
12611,71,53317,2026-06-23,Remix,20
12612,2915,42477,2026-01-06,Remix,10
12613,4149,26490,2026-08-18,Recreate,10
12614,6155,21831,2026-03-08,Remix,50
12615,5660,57469,2026-02-12,Recreate,5
12616,5949,17895,2026-05-01,Recreate,20
12617,5239,35058,2026-02-25,Remix,5
12618,2650,44532,2026-08-09,Remix,5
12619,7062,59546,2026-06-24,Remix,10
12620,6933,19195,2026-03-23,Remix,5
12621,8785,2578,2026-06-25,Remix,30
12622,6089,6376,2026-04-27,Recreate,20
12623,9851,2300,2026-01-24,Engagement Bonus,30
12624,916,2911,2026-05-02,Remix,5
12625,6184,40404,2026-08-19,Engagement Bonus,20
12626,9614,38643,2026-05-31,Remix,10
12627,8873,4077,2026-08-31,Recreate,5
12628,1521,54675,2026-03-18,Recreate,10
12629,6352,52531,2026-06-27,Remix,5
12630,8662,3424,2026-01-18,Remix,100
12631,7119,31393,2026-08-12,Recreate,20
12632,3046,26371,2026-02-20,Engagement Bonus,10
12633,6324,53992,2026-07-04,Recreate,5
12634,7924,8599,2026-06-18,Recreate,10
12635,8848,24454,2026-04-23,Recreate,5
12636,8924,16363,2026-03-01,Engagement Bonus,10
12637,8977,59255,2026-02-15,Recreate,20
12638,7917,39020,2026-04-17,Recreate,5
12639,3048,5884,2026-02-19,Recreate,5
12640,1366,21415,2026-08-29,Recreate,50
12641,5778,37043,2026-03-06,Remix,5
12642,1802,34851,2026-05-29,Remix,10
12643,1201,9228,2026-04-29,Remix,5
12644,9688,30007,2026-08-24,Recreate,5
12645,7611,46018,2026-06-25,Recreate,10
12646,6372,17878,2026-02-23,Recreate,10
12647,3514,11826,2026-01-13,Recreate,20
12648,4383,49917,2026-06-19,Remix,20
12649,7328,442,2026-04-05,Recreate,50
12650,8037,2592,2026-07-14,Remix,5
12651,5348,22435,2026-06-05,Remix,20
12652,2272,23471,2026-02-06,Remix,5
12653,836,19945,2026-06-30,Recreate,30
12654,8191,14432,2026-02-15,Recreate,10
12655,8794,51560,2026-05-05,Recreate,30
12656,4476,45320,2026-07-19,Recreate,20
12657,2320,2807,2026-01-02,Recreate,30
12658,4217,54873,2026-05-20,Recreate,10
12659,4069,50407,2026-08-28,Recreate,100
12660,194,50295,2026-08-26,Remix,10
12661,4890,58799,2026-03-07,Engagement Bonus,10
12662,807,6393,2026-08-27,Recreate,50
12663,3447,43083,2026-07-28,Recreate,5
12664,5490,58450,2026-06-28,Recreate,10
12665,4071,21244,2026-08-04,Remix,10
12666,4836,54691,2026-08-03,Recreate,50
12667,9553,17025,2026-01-25,Remix,5
12668,5516,35376,2026-01-30,Engagement Bonus,10
12669,8688,5042,2026-02-25,Engagement Bonus,30
12670,1907,47968,2026-02-27,Recreate,20
12671,2098,32139,2026-01-07,Recreate,10
12672,8539,5244,2026-06-30,Recreate,10
12673,5114,33371,2026-06-02,Remix,10
12674,4876,57792,2026-01-27,Recreate,5
12675,7971,35138,2026-01-18,Remix,20
12676,5678,36570,2026-04-03,Recreate,20
12677,2851,27275,2026-04-09,Recreate,30
12678,5913,1695,2026-08-05,Recreate,10
12679,6131,7410,2026-06-10,Recreate,10
12680,4280,35139,2026-02-23,Recreate,5
12681,5422,24950,2026-05-19,Remix,20
12682,8005,14479,2026-02-20,Remix,10
12683,2770,48848,2026-04-13,Recreate,50
12684,674,40549,2026-08-18,Recreate,50
12685,8913,49829,2026-07-30,Recreate,100
12686,35,40994,2026-07-23,Recreate,20
12687,1175,31948,2026-05-08,Recreate,100
12688,3595,59965,2026-07-18,Recreate,5
12689,6790,15447,2026-08-30,Recreate,10
12690,5517,13739,2026-01-11,Recreate,10
12691,8040,44634,2026-02-04,Remix,30
12692,8239,40791,2026-03-13,Recreate,5
12693,9441,54173,2026-04-01,Recreate,20
12694,375,40797,2026-07-03,Engagement Bonus,20
12695,6598,22726,2026-08-30,Remix,10
12696,7023,555,2026-04-05,Recreate,50
12697,5597,18944,2026-04-02,Recreate,5
12698,9409,26725,2026-02-05,Remix,30
12699,7769,56042,2026-05-17,Recreate,50
12700,4123,39589,2026-02-07,Recreate,20
12701,1228,49264,2026-05-31,Remix,10
12702,9435,57015,2026-02-06,Recreate,20
12703,8033,1690,2026-08-08,Recreate,20
12704,698,57315,2026-05-01,Recreate,20
12705,1864,13588,2026-07-02,Recreate,5
12706,5314,17254,2026-01-07,Recreate,20
12707,5042,21801,2026-03-14,Recreate,30
12708,3731,51757,2026-02-04,Recreate,20
12709,1822,55443,2026-05-02,Recreate,5
12710,8726,3789,2026-08-03,Recreate,10
12711,8105,43078,2026-02-18,Remix,10
12712,6335,34346,2026-06-10,Recreate,10
12713,2794,47494,2026-04-24,Engagement Bonus,10
12714,8270,40684,2026-08-11,Remix,50
12715,8778,52240,2026-04-02,Recreate,5
12716,6696,10166,2026-02-16,Recreate,20
12717,7861,9463,2026-01-21,Recreate,50
12718,8527,3148,2026-01-11,Recreate,10
12719,993,59345,2026-02-06,Remix,5
12720,1328,43702,2026-01-30,Recreate,5
12721,7967,57019,2026-06-14,Engagement Bonus,30
12722,7905,14600,2026-08-05,Recreate,5
12723,5294,4127,2026-05-03,Recreate,10
12724,2596,30809,2026-04-13,Recreate,30
12725,6877,14011,2026-05-21,Remix,20
12726,1280,7330,2026-07-01,Recreate,50
12727,6727,39362,2026-08-07,Remix,10
12728,7302,39724,2026-02-11,Recreate,20
12729,2034,38039,2026-01-22,Remix,30
12730,4331,45319,2026-08-31,Recreate,20
12731,8312,26063,2026-08-09,Recreate,5
12732,1049,49248,2026-03-10,Remix,100
12733,2714,25485,2026-07-11,Recreate,5
12734,3527,44511,2026-07-25,Recreate,20
12735,5955,45910,2026-01-10,Remix,10
12736,8533,31142,2026-07-11,Recreate,20
12737,5535,26179,2026-03-21,Engagement Bonus,20
12738,2829,28658,2026-05-30,Recreate,20
12739,636,35129,2026-05-22,Remix,30
12740,861,45149,2026-02-24,Recreate,10
12741,5917,16329,2026-05-27,Recreate,5
12742,9443,3470,2026-05-15,Recreate,10
12743,5697,12465,2026-06-06,Remix,10
12744,9061,9683,2026-02-28,Recreate,20
12745,6008,28545,2026-05-31,Recreate,10
12746,8703,33571,2026-02-28,Remix,10
12747,6888,44916,2026-05-10,Recreate,10
12748,1288,59821,2026-02-06,Remix,10
12749,884,15807,2026-03-05,Remix,10
12750,4952,28727,2026-06-03,Recreate,30
12751,4049,29896,2026-03-15,Remix,100
12752,7036,7189,2026-05-07,Recreate,30
12753,7934,679,2026-01-16,Engagement Bonus,5
12754,1873,120,2026-04-06,Recreate,30
12755,3643,42424,2026-02-23,Recreate,30
12756,3780,650,2026-07-23,Recreate,30
12757,6201,34920,2026-08-08,Recreate,10
12758,4990,42006,2026-04-29,Remix,20
12759,3945,44991,2026-08-03,Recreate,5
12760,7467,14669,2026-08-28,Remix,20
12761,621,2983,2026-03-10,Remix,5
12762,4565,17103,2026-08-21,Recreate,20
12763,4727,33759,2026-05-13,Engagement Bonus,100
12764,8169,27816,2026-03-27,Recreate,5
12765,8129,10701,2026-03-23,Remix,50
12766,2414,16018,2026-05-08,Recreate,20
12767,1575,43122,2026-01-31,Recreate,5
12768,3993,52237,2026-06-03,Remix,20
12769,3900,23959,2026-06-06,Recreate,30
12770,1266,2084,2026-04-17,Recreate,30
12771,8084,21027,2026-03-12,Recreate,10
12772,4573,49016,2026-05-31,Recreate,10
12773,8310,44644,2026-08-25,Recreate,5
12774,2485,13632,2026-01-18,Recreate,20
12775,7229,33824,2026-06-10,Recreate,100
12776,6152,4756,2026-05-14,Engagement Bonus,10
12777,9231,34747,2026-03-28,Recreate,100
12778,7150,47839,2026-08-15,Recreate,20
12779,2817,37876,2026-06-24,Engagement Bonus,5
12780,1106,54800,2026-08-05,Remix,10
12781,6483,35988,2026-01-03,Recreate,5
12782,9960,24011,2026-02-11,Recreate,100
12783,7160,55146,2026-05-09,Remix,20
12784,5150,59158,2026-04-29,Engagement Bonus,100
12785,8367,14038,2026-07-18,Remix,10
12786,4441,21425,2026-01-05,Recreate,20
12787,950,57633,2026-07-11,Recreate,10
12788,4379,22269,2026-02-17,Engagement Bonus,5
12789,9088,50298,2026-05-14,Remix,100
12790,6889,106,2026-01-12,Recreate,20
12791,724,52364,2026-02-05,Engagement Bonus,10
12792,9315,51823,2026-03-31,Remix,10
12793,1691,49369,2026-08-31,Engagement Bonus,100
12794,4873,5207,2026-07-07,Recreate,5
12795,7650,42196,2026-05-27,Engagement Bonus,50
12796,8742,57879,2026-02-21,Recreate,20
12797,4506,52236,2026-07-31,Recreate,20
12798,5452,41888,2026-01-25,Recreate,30
12799,5542,10298,2026-02-14,Recreate,30
12800,4520,13996,2026-03-17,Recreate,10
12801,6646,47580,2026-03-17,Recreate,50
12802,6991,36406,2026-06-27,Engagement Bonus,5
12803,7837,54629,2026-04-21,Recreate,10
12804,6611,14444,2026-07-05,Recreate,30
12805,3924,44110,2026-05-16,Recreate,20
12806,4826,49694,2026-03-11,Remix,20
12807,4010,24195,2026-07-23,Remix,50
12808,2545,22659,2026-02-12,Remix,10
12809,4647,39396,2026-04-26,Recreate,20
12810,5440,42366,2026-04-08,Recreate,30
12811,8398,28435,2026-03-08,Remix,20
12812,2818,41197,2026-06-21,Recreate,20
12813,9306,48960,2026-05-24,Remix,20
12814,1384,2450,2026-04-17,Recreate,20
12815,2201,53584,2026-02-01,Recreate,5
12816,7429,13366,2026-07-13,Recreate,50
12817,2826,55904,2026-06-11,Recreate,10
12818,771,17260,2026-08-05,Engagement Bonus,30
12819,5417,40479,2026-08-02,Remix,20
12820,4576,51725,2026-06-14,Recreate,30
12821,5227,27098,2026-07-08,Remix,5
12822,5898,115,2026-06-15,Remix,10
12823,1796,52553,2026-01-04,Recreate,10
12824,9485,45691,2026-02-04,Remix,20
12825,3445,28752,2026-02-03,Recreate,10
12826,9109,24695,2026-04-11,Remix,20
12827,8442,4734,2026-01-22,Recreate,5
12828,925,10859,2026-03-09,Engagement Bonus,5
12829,6305,3956,2026-04-19,Recreate,20
12830,9687,45129,2026-07-28,Recreate,5
12831,1916,31668,2026-07-02,Remix,30
12832,9457,17733,2026-04-01,Remix,5
12833,6588,30093,2026-01-31,Recreate,5
12834,9468,3267,2026-06-21,Recreate,5
12835,6625,32947,2026-02-12,Remix,10
12836,4454,16286,2026-01-02,Engagement Bonus,20
12837,9310,17619,2026-08-25,Engagement Bonus,5
12838,5193,54524,2026-06-03,Engagement Bonus,5
12839,4731,20476,2026-02-05,Recreate,20
12840,9961,30614,2026-06-07,Remix,5
12841,1149,2835,2026-05-01,Recreate,5
12842,5984,39215,2026-06-10,Recreate,5
12843,2026,4197,2026-03-02,Remix,10
12844,3241,56464,2026-08-31,Recreate,10
12845,3674,5060,2026-05-03,Engagement Bonus,20
12846,3713,31615,2026-02-08,Remix,5
12847,8220,52918,2026-02-21,Remix,10
12848,2657,31281,2026-04-30,Recreate,50
12849,580,52907,2026-04-02,Remix,20
12850,5453,19963,2026-04-01,Remix,20
12851,628,59922,2026-07-31,Remix,10
12852,8343,4939,2026-03-09,Recreate,5
12853,3439,32560,2026-01-26,Recreate,5
12854,175,41826,2026-08-09,Recreate,10
12855,3224,52514,2026-01-30,Engagement Bonus,20
12856,1535,32940,2026-02-06,Remix,10
12857,5759,22367,2026-02-17,Engagement Bonus,50
12858,5281,50344,2026-08-19,Recreate,20
12859,2545,26475,2026-08-13,Recreate,20
12860,2808,21598,2026-02-03,Remix,100
12861,7770,55949,2026-02-18,Recreate,20
12862,1796,52553,2026-02-17,Recreate,10
12863,6356,22307,2026-08-26,Engagement Bonus,100
12864,3292,14091,2026-06-09,Remix,10
12865,4861,21482,2026-08-17,Remix,50
12866,6445,11566,2026-06-12,Remix,5
12867,528,15771,2026-05-29,Recreate,50
12868,6458,43950,2026-07-10,Recreate,20
12869,3858,44192,2026-04-18,Recreate,5
12870,4850,51094,2026-06-10,Engagement Bonus,30
12871,5643,8148,2026-02-14,Recreate,10
12872,3462,26916,2026-08-20,Recreate,5
12873,8359,2606,2026-01-11,Remix,10
12874,7434,47713,2026-06-27,Recreate,20
12875,6702,32434,2026-08-20,Recreate,20
12876,6234,12807,2026-06-29,Remix,50
12877,7628,51642,2026-02-13,Recreate,20
12878,7687,8153,2026-08-15,Recreate,5
12879,8639,17099,2026-08-18,Recreate,10
12880,4988,42131,2026-04-10,Recreate,30
12881,8967,24562,2026-08-09,Remix,10
12882,2689,48816,2026-06-07,Recreate,5
12883,4359,20479,2026-03-04,Remix,5
12884,2218,52735,2026-01-17,Engagement Bonus,20
12885,5672,1419,2026-04-05,Recreate,20
12886,8039,23837,2026-06-14,Remix,5
12887,1100,50004,2026-08-22,Recreate,20
12888,2024,41756,2026-04-22,Engagement Bonus,5
12889,8429,57784,2026-07-18,Recreate,100
12890,2282,12501,2026-02-25,Remix,5
12891,3606,5828,2026-04-23,Recreate,5
12892,2902,29948,2026-03-20,Recreate,5
12893,6693,32794,2026-02-09,Recreate,10
12894,4301,42293,2026-06-28,Recreate,100
12895,9888,55436,2026-03-16,Recreate,20
12896,9686,12167,2026-07-10,Recreate,5
12897,1160,38664,2026-05-19,Recreate,50
12898,8942,15774,2026-08-27,Engagement Bonus,100
12899,6458,48926,2026-01-09,Engagement Bonus,10
12900,5533,34117,2026-01-19,Recreate,50
12901,7451,45534,2026-03-05,Remix,30
12902,9015,21065,2026-08-26,Recreate,20
12903,664,10426,2026-04-30,Remix,20
12904,3909,49150,2026-03-29,Engagement Bonus,5
12905,6963,41929,2026-02-19,Recreate,30
12906,8771,7433,2026-05-02,Engagement Bonus,50
12907,6987,14110,2026-06-16,Recreate,20
12908,2166,2224,2026-08-16,Recreate,5
12909,7350,34326,2026-02-14,Remix,5
12910,6733,2077,2026-08-11,Recreate,20
12911,9394,42527,2026-03-05,Recreate,5
12912,9574,46289,2026-06-14,Recreate,50
12913,2824,23898,2026-03-04,Engagement Bonus,50
12914,2051,4064,2026-03-22,Recreate,50
12915,7704,49556,2026-06-21,Recreate,20
12916,2243,58231,2026-03-02,Remix,10
12917,8957,9496,2026-06-13,Recreate,30
12918,3226,38342,2026-06-28,Recreate,10
12919,3374,24329,2026-03-24,Engagement Bonus,20
12920,746,35385,2026-07-05,Engagement Bonus,100
12921,7040,57704,2026-08-03,Engagement Bonus,10
12922,2253,50107,2026-01-02,Remix,10
12923,5722,53777,2026-04-03,Remix,5
12924,6862,50745,2026-05-30,Remix,100
12925,8389,1411,2026-05-30,Recreate,5
12926,5856,31959,2026-03-06,Remix,5
12927,5629,17967,2026-05-06,Remix,20
12928,8329,32821,2026-08-13,Engagement Bonus,100
12929,6601,23732,2026-02-14,Recreate,5
12930,4008,12193,2026-01-15,Recreate,20
12931,1082,21193,2026-03-10,Recreate,30
12932,9213,56297,2026-02-15,Engagement Bonus,10
12933,9997,16740,2026-06-29,Remix,20
12934,3571,47358,2026-02-23,Remix,10
12935,7879,12580,2026-01-15,Recreate,100
12936,6889,7223,2026-08-14,Remix,20
12937,5433,36150,2026-03-25,Recreate,30
12938,8297,16212,2026-02-27,Engagement Bonus,5
12939,7165,20588,2026-01-01,Recreate,10
12940,2093,22321,2026-03-29,Recreate,20
12941,8917,2086,2026-06-19,Remix,10
12942,3515,27429,2026-02-13,Remix,10
12943,5118,14330,2026-01-25,Remix,10
12944,2064,4323,2026-06-11,Remix,5
12945,8858,50299,2026-01-28,Recreate,10
12946,7729,24176,2026-04-14,Recreate,10
12947,5482,15304,2026-08-13,Recreate,5
12948,9055,23589,2026-01-10,Recreate,5
12949,8062,4719,2026-06-04,Recreate,10
12950,918,5976,2026-07-01,Remix,5
12951,2697,43634,2026-01-21,Recreate,5
12952,1903,23112,2026-03-23,Recreate,20
12953,7752,16556,2026-01-03,Recreate,10
12954,7029,9807,2026-02-07,Remix,30
12955,1526,22366,2026-02-03,Engagement Bonus,10
12956,9231,34747,2026-01-30,Remix,5
12957,7299,53643,2026-03-09,Recreate,10
12958,816,20652,2026-02-08,Remix,100
12959,4801,34903,2026-08-17,Recreate,100
12960,8620,32595,2026-08-28,Recreate,30
12961,2219,35868,2026-01-28,Remix,20
12962,7744,51722,2026-03-26,Recreate,5
12963,5168,23845,2026-05-11,Recreate,5
12964,7469,28931,2026-07-05,Recreate,100
12965,2627,40531,2026-06-04,Recreate,5
12966,5047,37468,2026-08-24,Recreate,5
12967,5634,4783,2026-02-20,Recreate,5
12968,6175,56587,2026-01-22,Recreate,30
12969,9679,33555,2026-04-21,Engagement Bonus,50
12970,7223,9339,2026-07-23,Recreate,10
12971,1654,10902,2026-05-04,Recreate,5
12972,9645,34262,2026-06-22,Remix,20
12973,9969,16555,2026-05-14,Remix,5
12974,1006,48829,2026-07-02,Engagement Bonus,20
12975,2331,39061,2026-08-13,Engagement Bonus,50
12976,3071,39509,2026-07-31,Recreate,20
12977,7318,46140,2026-06-05,Recreate,20
12978,587,55394,2026-08-01,Engagement Bonus,20
12979,2742,13211,2026-01-09,Recreate,5
12980,2665,50801,2026-06-23,Remix,5
12981,164,44719,2026-07-18,Recreate,30
12982,9409,26725,2026-02-13,Recreate,5
12983,3805,49104,2026-05-24,Engagement Bonus,5
12984,4059,44322,2026-05-11,Recreate,10
12985,7168,14870,2026-07-06,Engagement Bonus,20
12986,5479,4125,2026-04-26,Recreate,20
12987,3672,4797,2026-06-04,Recreate,100
12988,3360,46612,2026-04-17,Recreate,5
12989,8818,33861,2026-08-23,Recreate,20
12990,8624,59887,2026-04-14,Engagement Bonus,10
12991,8263,50018,2026-08-30,Recreate,10
12992,6656,39664,2026-08-09,Remix,5
12993,7178,13166,2026-08-15,Recreate,20
12994,1643,5164,2026-01-11,Engagement Bonus,10
12995,4692,4187,2026-02-06,Recreate,20
12996,445,11308,2026-07-24,Recreate,10
12997,5109,27515,2026-06-15,Recreate,5
12998,2986,17806,2026-02-09,Remix,10
12999,552,43221,2026-04-19,Recreate,10
13000,8181,50222,2026-04-12,Recreate,20
13001,9807,44988,2026-05-12,Recreate,5
13002,4331,58398,2026-06-07,Recreate,5
13003,2763,24462,2026-08-27,Engagement Bonus,30
13004,9307,29047,2026-02-09,Recreate,20
13005,8160,33519,2026-07-19,Remix,100
13006,2214,46398,2026-04-10,Remix,20
13007,7884,55900,2026-06-23,Recreate,30
13008,9342,58202,2026-01-11,Recreate,30
13009,9400,57352,2026-05-01,Engagement Bonus,20
13010,7817,42118,2026-04-18,Remix,30
13011,245,39568,2026-05-22,Recreate,5
13012,6916,53103,2026-08-20,Engagement Bonus,20
13013,9595,58259,2026-06-18,Recreate,20
13014,6996,11991,2026-05-13,Remix,20
13015,8583,30978,2026-05-01,Recreate,20
13016,6230,51402,2026-02-14,Recreate,5
13017,8611,53894,2026-05-19,Recreate,10
13018,2493,56866,2026-01-12,Recreate,30
13019,6556,49781,2026-03-02,Recreate,20
13020,8900,36241,2026-05-21,Recreate,50
13021,458,19260,2026-06-04,Recreate,20
13022,2298,23086,2026-02-06,Recreate,10
13023,6435,9692,2026-02-02,Engagement Bonus,5
13024,5550,26232,2026-05-19,Engagement Bonus,20
13025,8217,47989,2026-07-27,Remix,100
13026,7260,17429,2026-08-03,Remix,50
13027,145,27552,2026-08-01,Recreate,10
13028,363,59614,2026-01-10,Remix,20
13029,4837,1431,2026-03-15,Recreate,20
13030,8954,38714,2026-03-26,Recreate,10
13031,2315,49518,2026-05-14,Recreate,5
13032,2944,32830,2026-01-06,Remix,30
13033,2941,57827,2026-02-04,Remix,20
13034,8616,25789,2026-07-02,Recreate,10
13035,8401,54742,2026-08-09,Recreate,5
13036,9860,14022,2026-01-09,Remix,10
13037,1950,19979,2026-04-20,Remix,100
13038,6058,31549,2026-01-08,Recreate,50
13039,4346,59008,2026-07-14,Remix,20
13040,899,35792,2026-05-09,Engagement Bonus,20
13041,5341,52275,2026-08-12,Recreate,30
13042,4308,56096,2026-03-07,Remix,50
13043,5670,30538,2026-08-14,Engagement Bonus,10
13044,9479,7470,2026-06-19,Recreate,10
13045,64,55405,2026-06-23,Recreate,20
13046,4635,57571,2026-06-07,Recreate,10
13047,9956,12201,2026-04-17,Remix,5
13048,9646,21177,2026-06-10,Recreate,10
13049,1235,31056,2026-08-19,Recreate,10
13050,8165,55261,2026-07-10,Remix,30
13051,2165,3841,2026-06-05,Engagement Bonus,30
13052,198,59613,2026-08-13,Remix,10
13053,5721,40089,2026-03-03,Recreate,20
13054,8919,10348,2026-04-06,Recreate,20
13055,3169,39212,2026-03-29,Recreate,20
13056,2751,27597,2026-04-03,Recreate,30
13057,4079,47226,2026-06-02,Engagement Bonus,20
13058,5386,17727,2026-06-09,Recreate,5
13059,7470,2278,2026-06-29,Engagement Bonus,10
13060,641,41180,2026-01-26,Recreate,10
13061,3291,33468,2026-05-31,Recreate,5
13062,3631,16048,2026-06-08,Recreate,20
13063,4951,24389,2026-02-19,Recreate,5
13064,1847,14186,2026-04-02,Remix,10
13065,3862,34421,2026-04-07,Recreate,20
13066,4670,54906,2026-01-10,Engagement Bonus,50
13067,8832,42489,2026-03-01,Recreate,20
13068,3597,56666,2026-05-23,Engagement Bonus,10
13069,526,56279,2026-06-04,Engagement Bonus,5
13070,5235,28353,2026-05-06,Engagement Bonus,100
13071,689,27897,2026-04-18,Recreate,10
13072,5884,39907,2026-01-30,Recreate,20
13073,1701,48706,2026-04-18,Recreate,30
13074,9769,17261,2026-08-29,Recreate,5
13075,8375,19355,2026-01-10,Recreate,10
13076,297,20863,2026-07-10,Engagement Bonus,5
13077,7910,8299,2026-01-18,Recreate,5
13078,8417,58571,2026-01-27,Recreate,5
13079,2020,45126,2026-08-18,Recreate,5
13080,6624,44512,2026-08-30,Remix,10
13081,9210,18537,2026-01-27,Recreate,20
13082,7310,56149,2026-06-12,Remix,10
13083,2856,17184,2026-04-30,Recreate,5
13084,5415,34974,2026-03-26,Recreate,20
13085,9115,36876,2026-06-21,Engagement Bonus,30
13086,537,27512,2026-03-28,Engagement Bonus,50
13087,6372,23110,2026-03-24,Recreate,20
13088,379,52690,2026-07-05,Recreate,20
13089,5118,47364,2026-04-16,Recreate,5
13090,7037,11993,2026-03-07,Remix,50
13091,997,13910,2026-07-17,Recreate,10
13092,9811,1955,2026-06-11,Remix,5
13093,8006,50719,2026-03-31,Recreate,20
13094,7286,50006,2026-08-26,Recreate,50
13095,3889,37041,2026-03-28,Recreate,10
13096,8959,26790,2026-03-15,Recreate,10
13097,5172,52789,2026-01-12,Engagement Bonus,30
13098,272,11608,2026-01-09,Remix,30
13099,7612,11729,2026-02-25,Remix,50
13100,7020,32911,2026-03-24,Recreate,20
13101,9121,28424,2026-02-04,Recreate,50
13102,4409,11695,2026-03-12,Recreate,5
13103,4475,50120,2026-05-15,Remix,5
13104,1707,13481,2026-02-23,Recreate,100
13105,9939,39127,2026-06-11,Recreate,50
13106,9065,53468,2026-02-02,Recreate,5
13107,7008,20374,2026-04-29,Recreate,10
13108,1970,45316,2026-07-23,Engagement Bonus,20
13109,3324,36428,2026-02-28,Recreate,20
13110,1933,39477,2026-04-29,Recreate,10
13111,5289,9929,2026-05-08,Engagement Bonus,30
13112,9798,22055,2026-01-10,Remix,5
13113,3706,12229,2026-03-25,Remix,20
13114,7135,2631,2026-03-27,Remix,10
13115,7422,8596,2026-01-02,Engagement Bonus,50
13116,2434,13873,2026-07-18,Remix,100
13117,6494,53028,2026-03-09,Recreate,50
13118,8925,55587,2026-05-24,Remix,100
13119,341,12287,2026-04-03,Recreate,5
13120,8224,28903,2026-06-25,Engagement Bonus,5
13121,8966,28226,2026-05-10,Recreate,20
13122,7874,18346,2026-06-04,Recreate,20
13123,5698,51290,2026-08-29,Recreate,50
13124,5802,27385,2026-01-28,Recreate,10
13125,8579,17917,2026-03-01,Recreate,30
13126,5778,43098,2026-01-29,Recreate,5
13127,581,11643,2026-08-09,Recreate,20
13128,5970,12331,2026-08-15,Recreate,10
13129,2258,32304,2026-08-26,Recreate,50
13130,8894,11244,2026-04-10,Remix,100
13131,5827,20594,2026-03-12,Remix,10
13132,3086,26901,2026-01-08,Recreate,10
13133,5372,8558,2026-05-12,Recreate,5
13134,3566,2140,2026-02-28,Remix,20
13135,2303,18452,2026-07-15,Remix,30
13136,4334,27048,2026-03-19,Recreate,5
13137,9716,4410,2026-05-24,Recreate,20
13138,7485,20553,2026-02-04,Remix,20
13139,6893,11350,2026-05-19,Remix,100
13140,4218,26766,2026-07-17,Engagement Bonus,10
13141,5306,6194,2026-02-25,Recreate,10
13142,6716,40538,2026-08-31,Engagement Bonus,10
13143,5973,41650,2026-07-23,Recreate,5
13144,4828,29816,2026-03-05,Recreate,10
13145,5111,11854,2026-01-22,Recreate,10
13146,4260,8572,2026-07-27,Remix,10
13147,2816,11108,2026-07-10,Recreate,100
13148,610,12001,2026-03-04,Recreate,5
13149,2234,29726,2026-01-11,Recreate,5
13150,6190,40958,2026-02-14,Recreate,20
13151,6534,41757,2026-06-17,Recreate,30
13152,6873,32726,2026-07-31,Recreate,5
13153,5026,45495,2026-03-21,Recreate,50
13154,5805,47992,2026-08-16,Engagement Bonus,20
13155,6983,25205,2026-05-09,Engagement Bonus,10
13156,9099,54226,2026-08-21,Remix,5
13157,4667,623,2026-08-25,Remix,20
13158,1575,43535,2026-04-19,Remix,100
13159,8678,41404,2026-07-08,Recreate,10
13160,2334,38970,2026-05-06,Remix,10
13161,3599,34700,2026-04-24,Remix,10
13162,3175,25359,2026-07-28,Recreate,10
13163,709,21948,2026-02-03,Engagement Bonus,100
13164,5675,56491,2026-01-07,Recreate,5
13165,4803,18888,2026-08-31,Remix,10
13166,950,50659,2026-07-17,Recreate,5
13167,9694,5111,2026-02-20,Engagement Bonus,20
13168,6816,29403,2026-03-11,Remix,10
13169,4766,47261,2026-04-25,Recreate,10
13170,8017,8391,2026-01-24,Engagement Bonus,5
13171,6052,39643,2026-02-22,Recreate,30
13172,9921,7068,2026-03-08,Recreate,10
13173,2507,35594,2026-08-09,Remix,10
13174,2584,10077,2026-07-25,Recreate,10
13175,1341,34251,2026-05-04,Engagement Bonus,10
13176,91,50297,2026-03-12,Recreate,50
13177,5675,22169,2026-02-03,Remix,20
13178,1858,53742,2026-07-21,Recreate,20
13179,9935,26618,2026-08-18,Recreate,30
13180,5658,8120,2026-03-23,Recreate,30
13181,2242,16239,2026-06-16,Remix,50
13182,2347,37120,2026-08-23,Remix,5
13183,7702,3377,2026-06-04,Recreate,30
13184,8530,22451,2026-01-19,Remix,10
13185,5131,26655,2026-02-17,Recreate,10
13186,5120,33489,2026-06-30,Recreate,30
13187,3142,24401,2026-03-20,Recreate,5
13188,4742,30998,2026-06-29,Recreate,20
13189,2405,6886,2026-04-17,Remix,5
13190,1092,8060,2026-06-09,Recreate,20
13191,899,47274,2026-07-08,Remix,5
13192,6746,28682,2026-03-28,Remix,20
13193,6040,18092,2026-04-13,Recreate,100
13194,4176,58733,2026-04-06,Recreate,20
13195,6186,58485,2026-07-04,Recreate,10
13196,3551,53917,2026-06-05,Remix,20
13197,7674,41711,2026-01-18,Recreate,50
13198,434,52295,2026-04-06,Recreate,100
13199,1217,11467,2026-01-17,Recreate,5
13200,9540,22513,2026-08-20,Recreate,50
13201,5665,17718,2026-04-06,Recreate,30
13202,7433,44218,2026-06-05,Remix,100
13203,9754,37831,2026-03-02,Recreate,30
13204,4745,29848,2026-02-06,Engagement Bonus,30
13205,6670,4985,2026-07-13,Engagement Bonus,10
13206,7346,58885,2026-01-29,Remix,10
13207,7389,16945,2026-04-27,Engagement Bonus,5
13208,3156,19717,2026-07-14,Remix,20
13209,7430,4184,2026-08-22,Engagement Bonus,30
13210,1008,13854,2026-07-05,Recreate,20
13211,3415,22219,2026-04-11,Recreate,5
13212,8489,7370,2026-04-24,Recreate,20
13213,6585,1648,2026-04-22,Remix,50
13214,464,36509,2026-02-03,Recreate,20
13215,6664,48133,2026-07-23,Remix,20
13216,3918,37755,2026-08-12,Recreate,100
13217,8907,5400,2026-08-08,Recreate,5
13218,8050,49077,2026-05-04,Recreate,10
13219,6947,15679,2026-06-27,Remix,5
13220,8868,10990,2026-04-08,Remix,20
13221,5018,23226,2026-05-11,Remix,5
13222,6943,18176,2026-02-25,Recreate,50
13223,7511,43367,2026-07-19,Remix,20
13224,7607,49715,2026-01-27,Recreate,5
13225,5124,4914,2026-02-08,Remix,5
13226,5064,32057,2026-04-03,Recreate,30
13227,4944,48408,2026-06-21,Recreate,30
13228,7877,45130,2026-02-22,Recreate,10
13229,5301,50198,2026-04-09,Engagement Bonus,20
13230,2343,35352,2026-03-11,Recreate,50
13231,525,39503,2026-05-15,Remix,5
13232,9555,30323,2026-01-31,Remix,5
13233,7585,19582,2026-01-21,Recreate,20
13234,6932,48935,2026-02-22,Recreate,100
13235,2805,25972,2026-07-12,Recreate,30
13236,1865,38886,2026-02-17,Recreate,5
13237,8714,48359,2026-02-19,Recreate,30
13238,3350,17436,2026-08-30,Remix,20
13239,8409,5942,2026-04-29,Remix,5
13240,4695,5231,2026-08-14,Recreate,5
13241,9293,30125,2026-05-29,Recreate,20
13242,7188,24278,2026-05-09,Recreate,10
13243,1758,55310,2026-04-18,Engagement Bonus,20
13244,4670,46555,2026-02-09,Engagement Bonus,5
13245,4949,15467,2026-01-27,Recreate,10
13246,6941,17387,2026-06-11,Recreate,20
13247,8875,49864,2026-06-06,Recreate,10
13248,8194,19074,2026-05-20,Recreate,50
13249,3535,43051,2026-08-12,Remix,50
13250,6649,6817,2026-07-06,Recreate,100
13251,5181,39417,2026-02-05,Remix,10
13252,3806,46180,2026-05-19,Recreate,10
13253,230,40659,2026-06-19,Remix,5
13254,4883,36045,2026-01-31,Recreate,10
13255,1592,28246,2026-06-03,Recreate,10
13256,2632,56066,2026-07-29,Recreate,100
13257,7117,44716,2026-07-16,Recreate,100
13258,4302,28762,2026-04-12,Engagement Bonus,50
13259,1414,29997,2026-08-07,Recreate,20
13260,7996,17451,2026-08-24,Engagement Bonus,50
13261,5132,9615,2026-07-04,Recreate,20
13262,8617,11513,2026-07-19,Remix,5
13263,7421,4643,2026-08-03,Recreate,10
13264,7805,30445,2026-05-21,Remix,100
13265,7554,10801,2026-07-13,Remix,5
13266,3887,16918,2026-02-06,Recreate,100
13267,3985,6475,2026-02-27,Engagement Bonus,10
13268,9503,36578,2026-04-02,Engagement Bonus,20
13269,6478,17821,2026-04-30,Recreate,50
13270,921,48262,2026-02-01,Remix,50
13271,4187,6322,2026-02-11,Recreate,30
13272,9805,24551,2026-03-02,Remix,30
13273,8680,14757,2026-02-26,Remix,30
13274,2379,55511,2026-02-04,Engagement Bonus,10
13275,3790,45967,2026-01-01,Recreate,5
13276,1861,37862,2026-02-27,Recreate,100
13277,2035,14305,2026-04-01,Recreate,10
13278,4270,43457,2026-03-04,Remix,5
13279,3109,18594,2026-08-24,Recreate,20
13280,9693,49771,2026-02-06,Remix,20
13281,9161,24927,2026-05-11,Recreate,5
13282,463,34503,2026-04-17,Engagement Bonus,30
13283,2485,48071,2026-01-11,Recreate,20
13284,1378,32871,2026-01-04,Remix,5
13285,3125,54746,2026-06-23,Recreate,20
13286,1066,57821,2026-01-26,Remix,5
13287,527,57270,2026-01-23,Recreate,5
13288,5006,54351,2026-06-10,Engagement Bonus,10
13289,5195,43646,2026-03-08,Remix,5
13290,8021,57711,2026-01-23,Recreate,50
13291,2873,47117,2026-06-06,Recreate,5
13292,3323,18536,2026-03-23,Recreate,10
13293,3401,11889,2026-03-06,Recreate,10
13294,4589,23343,2026-02-09,Remix,5
13295,9349,45177,2026-05-02,Recreate,20
13296,7004,23436,2026-07-26,Engagement Bonus,10
13297,4300,13817,2026-08-19,Remix,100
13298,2608,53315,2026-06-07,Recreate,30
13299,7413,48643,2026-05-03,Recreate,10
13300,5758,6064,2026-07-11,Recreate,5
13301,147,30911,2026-08-11,Remix,20
13302,7469,5338,2026-03-09,Engagement Bonus,5
13303,2238,5684,2026-07-10,Recreate,100
13304,2428,17385,2026-05-26,Recreate,5
13305,429,3518,2026-02-20,Recreate,50
13306,2,35172,2026-04-27,Recreate,5
13307,1765,4049,2026-06-01,Engagement Bonus,50
13308,2992,44793,2026-06-18,Recreate,10
13309,6499,36803,2026-07-12,Recreate,50
13310,7907,10029,2026-05-29,Engagement Bonus,10
13311,696,25637,2026-01-18,Recreate,5
13312,9007,32038,2026-06-19,Recreate,20
13313,8993,31258,2026-04-16,Recreate,50
13314,8497,50359,2026-07-21,Engagement Bonus,50
13315,7271,5983,2026-01-16,Remix,30
13316,2045,11180,2026-05-30,Remix,5
13317,8227,57240,2026-07-12,Remix,5
13318,7444,25391,2026-08-03,Recreate,5
13319,8379,21067,2026-03-26,Remix,5
13320,3931,52292,2026-07-03,Recreate,10
13321,9587,2280,2026-02-03,Remix,5
13322,5012,24014,2026-03-30,Remix,20
13323,1682,48970,2026-07-13,Recreate,5
13324,9279,47372,2026-08-12,Recreate,10
13325,832,33180,2026-07-11,Recreate,20
13326,6803,17804,2026-03-06,Recreate,5
13327,5611,4935,2026-03-19,Recreate,50
13328,9470,30442,2026-08-06,Remix,30
13329,1427,5816,2026-06-19,Recreate,30
13330,4564,42827,2026-08-29,Recreate,30
13331,2390,32476,2026-08-20,Remix,5
13332,3510,54380,2026-05-10,Remix,5
13333,8799,7800,2026-05-26,Engagement Bonus,5
13334,5938,43661,2026-03-11,Engagement Bonus,5
13335,704,48711,2026-07-30,Recreate,5
13336,6626,28697,2026-07-06,Recreate,10
13337,6931,27904,2026-03-03,Recreate,10
13338,2503,20220,2026-02-26,Remix,30
13339,6999,31397,2026-01-17,Remix,10
13340,8019,11158,2026-02-23,Remix,5
13341,6467,482,2026-06-14,Engagement Bonus,5
13342,5911,42593,2026-02-04,Recreate,50
13343,7638,29519,2026-05-18,Recreate,20
13344,5604,39483,2026-02-20,Recreate,10
13345,5774,27204,2026-06-21,Remix,50
13346,9922,58492,2026-05-13,Recreate,20
13347,5508,12784,2026-08-12,Recreate,10
13348,2721,14417,2026-07-02,Remix,10
13349,6633,57002,2026-04-10,Remix,5
13350,7047,32755,2026-05-31,Engagement Bonus,5
13351,8604,59204,2026-01-07,Recreate,5
13352,9787,4961,2026-05-29,Recreate,30
13353,6087,20883,2026-07-22,Recreate,5
13354,3418,7597,2026-05-02,Engagement Bonus,30
13355,1386,29444,2026-04-24,Remix,20
13356,5713,7868,2026-04-26,Remix,20
13357,9027,1729,2026-01-08,Remix,30
13358,7538,51255,2026-04-24,Engagement Bonus,20
13359,2218,41800,2026-04-28,Recreate,30
13360,709,32975,2026-03-21,Recreate,5
13361,1757,31342,2026-07-09,Recreate,50
13362,1780,58295,2026-07-17,Recreate,100
13363,8484,19305,2026-05-02,Recreate,5
13364,4428,3496,2026-05-16,Engagement Bonus,5
13365,2536,216,2026-08-04,Recreate,20
13366,8797,53238,2026-01-23,Recreate,10
13367,230,55413,2026-02-04,Engagement Bonus,10
13368,8994,45926,2026-02-07,Recreate,20
13369,3155,15060,2026-04-07,Engagement Bonus,10
13370,895,26389,2026-06-21,Recreate,5
13371,9462,54678,2026-01-11,Recreate,50
13372,4686,23754,2026-01-01,Remix,50
13373,5664,11981,2026-05-26,Remix,5
13374,1357,35763,2026-08-14,Recreate,5
13375,4344,6760,2026-05-27,Recreate,30
13376,7033,52234,2026-01-06,Remix,100
13377,1139,23361,2026-06-04,Remix,20
13378,4778,6685,2026-08-06,Recreate,5
13379,2042,48884,2026-05-03,Engagement Bonus,5
13380,8041,50934,2026-03-25,Recreate,5
13381,3243,12433,2026-04-14,Engagement Bonus,10
13382,7087,27002,2026-05-06,Remix,30
13383,8568,17658,2026-07-16,Recreate,10
13384,2527,20865,2026-03-25,Engagement Bonus,5
13385,4282,34576,2026-04-18,Recreate,20
13386,4018,32524,2026-05-24,Recreate,5
13387,7667,6386,2026-02-12,Recreate,10
13388,9779,38613,2026-08-30,Recreate,100
13389,7278,10402,2026-03-13,Remix,100
13390,5013,27314,2026-02-09,Recreate,5
13391,4107,21687,2026-08-23,Recreate,10
13392,1045,16960,2026-07-25,Recreate,100
13393,1257,28731,2026-03-08,Engagement Bonus,100
13394,558,6554,2026-02-21,Recreate,100
13395,889,29779,2026-03-20,Recreate,30
13396,3697,30938,2026-03-07,Remix,10
13397,6354,24237,2026-06-25,Recreate,10
13398,7043,4166,2026-05-30,Remix,100
13399,7940,46373,2026-06-05,Recreate,100
13400,6514,31620,2026-04-06,Recreate,5
13401,3137,27298,2026-03-29,Engagement Bonus,10
13402,6344,10499,2026-05-05,Recreate,100
13403,8613,11499,2026-07-27,Recreate,50
13404,2341,47421,2026-06-24,Recreate,50
13405,6380,26899,2026-03-02,Recreate,50
13406,2626,36026,2026-04-06,Remix,30
13407,7957,9554,2026-04-18,Remix,20
13408,9594,25053,2026-07-10,Recreate,5
13409,1668,43107,2026-04-04,Recreate,20
13410,2326,4532,2026-06-17,Remix,100
13411,9442,25326,2026-04-03,Engagement Bonus,30
13412,6445,33460,2026-05-23,Recreate,10
13413,4593,37740,2026-03-15,Recreate,30
13414,7665,23130,2026-02-23,Engagement Bonus,5
13415,4234,14843,2026-02-05,Recreate,10
13416,7388,6865,2026-04-25,Recreate,20
13417,8262,56058,2026-07-31,Engagement Bonus,10
13418,1625,44915,2026-01-20,Recreate,10
13419,4265,52483,2026-05-20,Recreate,50
13420,4976,36980,2026-05-18,Recreate,30
13421,8753,54677,2026-07-27,Recreate,50
13422,2819,54928,2026-04-11,Remix,10
13423,6668,41990,2026-06-13,Engagement Bonus,5
13424,7363,45115,2026-03-07,Recreate,5
13425,7920,1778,2026-06-27,Remix,30
13426,4975,50081,2026-05-22,Engagement Bonus,5
13427,665,24217,2026-04-18,Recreate,20
13428,8630,34387,2026-04-11,Recreate,5
13429,4369,31351,2026-04-04,Recreate,5
13430,5751,28651,2026-02-14,Remix,5
13431,5725,17444,2026-04-01,Engagement Bonus,10
13432,3451,32649,2026-04-12,Recreate,5
13433,543,28686,2026-06-23,Engagement Bonus,10
13434,7577,40363,2026-03-21,Remix,20
13435,2018,3388,2026-04-07,Recreate,5
13436,7606,40452,2026-03-25,Recreate,100
13437,8726,42820,2026-01-17,Recreate,30
13438,3555,29747,2026-03-23,Recreate,5
13439,4126,51729,2026-07-10,Remix,10
13440,9977,48549,2026-04-10,Engagement Bonus,30
13441,8803,5529,2026-08-05,Remix,20
13442,9985,36726,2026-04-16,Recreate,10
13443,4188,43331,2026-01-16,Engagement Bonus,10
13444,5480,175,2026-05-26,Recreate,100
13445,5860,15009,2026-02-05,Recreate,10
13446,1826,5415,2026-06-16,Recreate,50
13447,2519,35242,2026-07-29,Remix,30
13448,2899,40434,2026-05-30,Recreate,5
13449,3142,23892,2026-01-28,Recreate,100
13450,8116,15068,2026-08-06,Recreate,50
13451,2026,18414,2026-06-24,Recreate,5
13452,4041,49509,2026-02-27,Recreate,5
13453,8382,31807,2026-02-28,Recreate,100
13454,1139,14401,2026-03-08,Recreate,50
13455,4448,53469,2026-04-10,Recreate,20
13456,4783,29396,2026-07-17,Engagement Bonus,30
13457,1428,12977,2026-05-04,Engagement Bonus,20
13458,1905,23443,2026-04-13,Remix,10
13459,892,44860,2026-08-12,Recreate,5
13460,6752,40153,2026-02-26,Recreate,5
13461,9799,59037,2026-01-21,Remix,5
13462,4086,49692,2026-07-11,Recreate,20
13463,3986,36475,2026-07-18,Remix,10
13464,2696,6073,2026-04-07,Recreate,5
13465,8680,12204,2026-06-15,Engagement Bonus,20
13466,4637,53625,2026-06-03,Recreate,10
13467,3370,35701,2026-07-06,Recreate,10
13468,8150,1361,2026-07-25,Remix,10
13469,4190,3533,2026-03-26,Engagement Bonus,20
13470,3312,24471,2026-08-22,Recreate,20
13471,7908,48165,2026-06-27,Recreate,50
13472,268,2194,2026-08-05,Remix,5
13473,2362,56311,2026-06-06,Recreate,10
13474,893,6331,2026-08-02,Recreate,30
13475,3108,20169,2026-01-26,Recreate,5
13476,8224,2414,2026-02-18,Engagement Bonus,10
13477,744,6543,2026-08-13,Engagement Bonus,20
13478,7375,39188,2026-07-17,Engagement Bonus,100
13479,3570,33919,2026-07-09,Engagement Bonus,10
13480,5357,18938,2026-05-04,Engagement Bonus,5
13481,3168,37750,2026-06-10,Recreate,10
13482,6037,14510,2026-01-07,Recreate,10
13483,521,23479,2026-08-26,Recreate,10
13484,9185,2208,2026-01-06,Recreate,10
13485,171,6539,2026-02-24,Remix,10
13486,968,34774,2026-05-28,Remix,30
13487,7517,53774,2026-06-26,Recreate,5
13488,1867,47655,2026-03-25,Engagement Bonus,100
13489,2645,30177,2026-06-26,Engagement Bonus,100
13490,5523,6575,2026-03-01,Engagement Bonus,30
13491,7850,56271,2026-06-19,Recreate,20
13492,3568,33941,2026-03-30,Recreate,20
13493,2869,49580,2026-08-29,Recreate,5
13494,1027,9874,2026-06-08,Engagement Bonus,30
13495,590,33786,2026-08-25,Recreate,30
13496,2276,56349,2026-03-22,Recreate,5
13497,5213,36602,2026-05-16,Remix,30
13498,3702,48145,2026-02-28,Remix,100
13499,7790,65,2026-07-18,Recreate,100
13500,4199,8372,2026-04-07,Remix,5
13501,8529,59585,2026-05-06,Recreate,5
13502,1627,46539,2026-03-20,Recreate,20
13503,4134,10505,2026-02-24,Recreate,30
13504,9956,31793,2026-08-26,Remix,20
13505,1409,11638,2026-04-19,Recreate,50
13506,3150,11797,2026-01-06,Engagement Bonus,20
13507,4304,49924,2026-08-11,Remix,10
13508,8304,19885,2026-03-28,Recreate,5
13509,1723,16093,2026-02-21,Recreate,10
13510,6423,129,2026-01-09,Recreate,30
13511,910,19710,2026-05-08,Recreate,20
13512,2278,56277,2026-04-17,Remix,5
13513,6472,59205,2026-03-07,Remix,5
13514,6562,9895,2026-08-01,Recreate,20
13515,5139,40965,2026-07-16,Recreate,20
13516,5213,24187,2026-08-31,Remix,20
13517,9243,42678,2026-07-27,Remix,10
13518,9571,41468,2026-08-04,Engagement Bonus,20
13519,6581,45472,2026-01-03,Recreate,10
13520,702,43003,2026-04-19,Remix,30
13521,9766,51433,2026-08-05,Recreate,5
13522,6969,57369,2026-05-17,Recreate,50
13523,3946,46758,2026-02-08,Engagement Bonus,20
13524,9991,45298,2026-03-05,Remix,20
13525,1292,21227,2026-07-17,Recreate,5
13526,9457,26834,2026-06-10,Engagement Bonus,20
13527,5866,12724,2026-03-26,Recreate,20
13528,8640,12575,2026-08-27,Remix,5
13529,8415,557,2026-02-09,Recreate,10
13530,9058,40930,2026-07-22,Recreate,10
13531,1933,43862,2026-03-23,Recreate,30
13532,5129,53216,2026-04-03,Remix,5
13533,2919,54338,2026-03-08,Recreate,30
13534,2703,31914,2026-03-03,Recreate,20
13535,5567,24868,2026-06-30,Recreate,50
13536,3759,55437,2026-06-02,Engagement Bonus,20
13537,2690,28559,2026-04-12,Recreate,10
13538,5203,28088,2026-04-18,Remix,5
13539,348,23000,2026-01-31,Remix,30
13540,9368,33387,2026-04-30,Engagement Bonus,20
13541,9800,55655,2026-06-10,Recreate,10
13542,3453,49330,2026-04-06,Recreate,5
13543,5077,48804,2026-01-27,Engagement Bonus,30
13544,4532,28057,2026-05-12,Remix,50
13545,2807,963,2026-02-07,Remix,10
13546,7360,52830,2026-07-15,Engagement Bonus,20
13547,6077,6972,2026-06-21,Engagement Bonus,10
13548,6442,23631,2026-05-17,Remix,100
13549,134,44022,2026-05-28,Remix,50
13550,9216,6501,2026-01-02,Recreate,20
13551,8499,4203,2026-05-19,Recreate,10
13552,5867,2334,2026-01-22,Recreate,100
13553,9302,41916,2026-07-09,Recreate,10
13554,595,51600,2026-04-30,Recreate,5
13555,9603,4062,2026-07-27,Recreate,50
13556,7156,28221,2026-08-01,Recreate,10
13557,5186,57661,2026-05-03,Recreate,20
13558,5517,20864,2026-08-07,Remix,50
13559,9795,38940,2026-04-06,Recreate,5
13560,373,7514,2026-06-20,Recreate,20
13561,7400,59116,2026-02-11,Recreate,20
13562,3121,45479,2026-04-21,Recreate,30
13563,3562,37563,2026-01-01,Recreate,5
13564,3046,30629,2026-03-27,Recreate,100
13565,1549,14593,2026-06-23,Remix,5
13566,9993,56091,2026-03-03,Recreate,5
13567,8184,22678,2026-03-01,Remix,20
13568,6608,1780,2026-04-02,Remix,10
13569,4401,10294,2026-03-28,Recreate,30
13570,8684,43014,2026-08-20,Recreate,50
13571,1511,1086,2026-04-03,Remix,30
13572,6624,41359,2026-04-25,Recreate,30
13573,4905,18391,2026-04-22,Remix,5
13574,6483,56766,2026-06-23,Remix,10
13575,5426,3967,2026-05-31,Recreate,10
13576,4765,28758,2026-07-28,Recreate,5
13577,6769,32605,2026-05-27,Recreate,10
13578,5531,13332,2026-07-26,Recreate,5
13579,4964,15084,2026-01-25,Recreate,5
13580,7343,54097,2026-02-23,Recreate,10
13581,7898,20937,2026-01-18,Recreate,100
13582,7890,56231,2026-04-14,Recreate,10
13583,2410,19632,2026-08-18,Recreate,50
13584,8470,16473,2026-04-18,Engagement Bonus,10
13585,8536,15754,2026-08-04,Recreate,50
13586,8695,55371,2026-04-21,Recreate,20
13587,7061,29447,2026-03-16,Recreate,50
13588,552,43221,2026-01-06,Remix,30
13589,7581,21014,2026-06-04,Recreate,30
13590,6455,55911,2026-08-22,Remix,100
13591,9519,51501,2026-04-30,Remix,10
13592,5239,35058,2026-02-14,Remix,10
13593,1722,12289,2026-03-06,Recreate,50
13594,2442,50450,2026-07-23,Remix,100
13595,3754,29573,2026-08-31,Recreate,5
13596,5900,1406,2026-03-14,Recreate,20
13597,6860,25456,2026-07-04,Remix,5
13598,6413,12173,2026-01-13,Engagement Bonus,5
13599,1430,43662,2026-03-14,Remix,100
13600,2470,16686,2026-02-17,Engagement Bonus,5
13601,7376,33833,2026-03-23,Remix,5
13602,2337,57205,2026-07-25,Engagement Bonus,10
13603,3123,13444,2026-01-03,Recreate,5
13604,607,20939,2026-07-02,Recreate,5
13605,6899,3028,2026-04-05,Recreate,10
13606,2765,54280,2026-08-20,Remix,20
13607,3100,51464,2026-02-17,Remix,5
13608,2731,11545,2026-08-13,Recreate,10
13609,2510,7247,2026-05-30,Engagement Bonus,20
13610,3318,54597,2026-01-18,Engagement Bonus,30
13611,2649,49039,2026-06-04,Remix,5
13612,2908,42353,2026-06-10,Recreate,30
13613,3048,5884,2026-03-15,Recreate,10
13614,7013,34899,2026-08-31,Remix,5
13615,5133,31619,2026-08-27,Remix,10
13616,4498,27260,2026-06-24,Recreate,50
13617,693,3094,2026-05-20,Recreate,5
13618,6592,57763,2026-05-13,Recreate,30
13619,2052,57936,2026-01-26,Engagement Bonus,50
13620,8980,4368,2026-02-12,Recreate,20
13621,3148,23481,2026-02-22,Recreate,10
13622,6908,58579,2026-05-24,Engagement Bonus,20
13623,1746,24089,2026-08-08,Recreate,50
13624,209,13424,2026-06-25,Recreate,20
13625,2579,18130,2026-05-21,Remix,5
13626,2743,9472,2026-02-09,Engagement Bonus,5
13627,72,2881,2026-05-18,Engagement Bonus,20
13628,4046,14580,2026-06-15,Recreate,5
13629,9722,55697,2026-07-01,Recreate,5
13630,200,38178,2026-03-24,Recreate,5
13631,9121,10030,2026-03-07,Recreate,30
13632,9573,3756,2026-08-22,Recreate,5
13633,9281,7377,2026-04-14,Engagement Bonus,10
13634,6863,35487,2026-05-27,Recreate,5
13635,7164,54774,2026-08-01,Recreate,5
13636,1925,38259,2026-06-09,Recreate,30
13637,3727,40767,2026-07-30,Recreate,20
13638,5301,43292,2026-01-16,Remix,10
13639,8705,21783,2026-02-16,Recreate,10
13640,5146,10917,2026-07-08,Remix,10
13641,8341,40680,2026-06-08,Remix,50
13642,2804,17777,2026-05-01,Recreate,20
13643,8510,51626,2026-04-14,Recreate,20
13644,7152,39739,2026-04-14,Recreate,5
13645,6678,53389,2026-04-13,Recreate,20
13646,537,7863,2026-06-09,Remix,5
13647,34,15755,2026-08-15,Recreate,20
13648,8130,15505,2026-02-24,Recreate,10
13649,7868,14314,2026-04-18,Recreate,10
13650,3237,25169,2026-01-03,Recreate,30
13651,5712,23705,2026-06-10,Recreate,20
13652,2648,24282,2026-01-18,Recreate,10
13653,1560,56465,2026-08-19,Engagement Bonus,100
13654,933,17694,2026-08-13,Recreate,20
13655,8569,16009,2026-01-04,Recreate,100
13656,298,28811,2026-04-02,Recreate,20
13657,5216,31592,2026-01-24,Recreate,100
13658,9490,7332,2026-01-12,Recreate,5
13659,3807,23645,2026-07-19,Recreate,30
13660,5591,22528,2026-05-15,Recreate,100
13661,4340,10521,2026-05-14,Remix,30
13662,4594,54032,2026-04-08,Remix,30
13663,1712,34453,2026-02-05,Recreate,5
13664,7650,26513,2026-02-10,Remix,10
13665,6665,41403,2026-01-11,Recreate,10
13666,5683,2678,2026-07-28,Remix,10
13667,4637,40427,2026-01-20,Recreate,50
13668,4321,2447,2026-01-10,Recreate,5
13669,2670,25667,2026-01-07,Remix,5
13670,5096,5223,2026-03-03,Recreate,30
13671,1638,36363,2026-07-11,Recreate,100
13672,4268,45566,2026-01-26,Remix,10
13673,1231,20782,2026-01-01,Recreate,10
13674,7705,55559,2026-02-09,Remix,50
13675,1296,19290,2026-06-13,Recreate,50
13676,1246,20839,2026-01-04,Recreate,5
13677,9211,14610,2026-02-09,Engagement Bonus,5
13678,7058,36321,2026-03-02,Remix,50
13679,4990,54187,2026-07-20,Recreate,20
13680,4174,1752,2026-02-07,Remix,10
13681,2270,17030,2026-02-24,Remix,10
13682,2177,31642,2026-02-06,Engagement Bonus,30
13683,5126,54155,2026-04-08,Engagement Bonus,5
13684,286,9717,2026-05-24,Recreate,20
13685,7949,12984,2026-06-18,Engagement Bonus,5
13686,7890,22680,2026-06-24,Recreate,10
13687,5162,20541,2026-04-12,Recreate,20
13688,9168,21601,2026-05-19,Recreate,50
13689,6371,44827,2026-03-27,Recreate,5
13690,26,44463,2026-08-28,Recreate,100
13691,3538,56538,2026-04-15,Recreate,10
13692,2418,20409,2026-08-30,Recreate,10
13693,2627,57922,2026-08-31,Recreate,100
13694,8754,8462,2026-06-03,Recreate,5
13695,1930,57115,2026-03-10,Remix,10
13696,5365,51610,2026-05-15,Engagement Bonus,30
13697,2541,59367,2026-01-20,Recreate,5
13698,7642,26151,2026-07-12,Recreate,100
13699,6696,16463,2026-05-25,Recreate,5
13700,1720,51813,2026-07-02,Recreate,10
13701,6997,59690,2026-04-15,Remix,5
13702,7902,26578,2026-08-07,Recreate,5
13703,490,19902,2026-08-09,Remix,20
13704,83,31209,2026-06-25,Recreate,5
13705,579,15468,2026-05-28,Recreate,20
13706,1587,49879,2026-08-17,Recreate,20
13707,9840,3782,2026-08-07,Remix,20
13708,3909,10276,2026-08-18,Recreate,5
13709,4832,40377,2026-01-16,Recreate,10
13710,9202,25838,2026-07-28,Recreate,20
13711,1443,34126,2026-03-20,Recreate,10
13712,6553,1892,2026-05-20,Engagement Bonus,5
13713,3451,37467,2026-01-24,Remix,5
13714,7731,52843,2026-08-29,Remix,30
13715,9993,14801,2026-07-22,Remix,5
13716,133,47046,2026-01-20,Recreate,10
13717,8264,7323,2026-03-09,Recreate,30
13718,8621,35662,2026-05-31,Recreate,10
13719,8707,58573,2026-04-05,Engagement Bonus,30
13720,2720,29015,2026-06-11,Recreate,10
13721,7451,23162,2026-03-10,Remix,20
13722,6773,40104,2026-08-24,Recreate,30
13723,4664,23891,2026-08-28,Remix,100
13724,5445,23257,2026-01-15,Recreate,5
13725,7619,6183,2026-08-16,Recreate,10
13726,1002,56131,2026-02-02,Engagement Bonus,5
13727,1535,31428,2026-03-04,Recreate,5
13728,3236,24998,2026-01-06,Recreate,5
13729,8490,34595,2026-02-26,Remix,5
13730,4337,9480,2026-01-28,Recreate,10
13731,133,10948,2026-01-28,Recreate,30
13732,2576,15630,2026-06-22,Recreate,10
13733,4687,8122,2026-01-02,Engagement Bonus,10
13734,7062,56315,2026-08-09,Remix,10
13735,284,11937,2026-07-22,Engagement Bonus,10
13736,347,58902,2026-04-18,Recreate,20
13737,2202,13261,2026-07-14,Engagement Bonus,5
13738,2852,3287,2026-06-04,Engagement Bonus,30
13739,824,21276,2026-02-21,Recreate,10
13740,8234,39847,2026-06-21,Remix,5
13741,7673,27080,2026-01-18,Engagement Bonus,30
13742,5207,31780,2026-07-30,Remix,30
13743,9135,12453,2026-07-31,Remix,10
13744,8930,37292,2026-04-24,Recreate,20
13745,5783,37322,2026-05-04,Remix,10
13746,7992,19795,2026-07-09,Engagement Bonus,5
13747,6855,53433,2026-04-21,Recreate,10
13748,1635,59801,2026-05-14,Recreate,10
13749,1455,35834,2026-07-06,Remix,20
13750,6311,24723,2026-03-12,Recreate,20
13751,4138,17335,2026-04-02,Remix,5
13752,4497,24661,2026-06-01,Recreate,5
13753,1632,17664,2026-04-16,Recreate,5
13754,2285,22006,2026-02-03,Recreate,5
13755,6781,9173,2026-02-17,Engagement Bonus,50
13756,8939,11930,2026-07-21,Recreate,20
13757,9645,32464,2026-01-02,Remix,30
13758,7379,46853,2026-04-18,Engagement Bonus,30
13759,1486,32122,2026-03-04,Engagement Bonus,30
13760,2994,27422,2026-04-11,Recreate,100
13761,711,56313,2026-03-04,Recreate,20
13762,7837,8118,2026-04-09,Recreate,10
13763,4000,41082,2026-03-15,Recreate,50
13764,5899,9145,2026-02-16,Recreate,20
13765,26,12736,2026-05-27,Recreate,100
13766,8839,23675,2026-07-24,Remix,10
13767,6001,1846,2026-05-24,Recreate,10
13768,3046,11386,2026-04-29,Remix,50
13769,7554,10935,2026-07-18,Recreate,10
13770,6433,18834,2026-02-26,Engagement Bonus,20
13771,8891,40284,2026-07-18,Remix,10
13772,5299,12495,2026-01-18,Recreate,10
13773,7940,46373,2026-03-22,Recreate,10
13774,5476,8739,2026-06-23,Engagement Bonus,10
13775,2650,44532,2026-08-02,Engagement Bonus,10
13776,3024,13534,2026-06-20,Engagement Bonus,10
13777,5164,6279,2026-01-18,Engagement Bonus,5
13778,9758,23862,2026-08-08,Engagement Bonus,5
13779,47,6211,2026-02-08,Recreate,10
13780,8801,40631,2026-04-02,Remix,100
13781,9972,13853,2026-03-08,Recreate,50
13782,3818,17672,2026-06-17,Recreate,50
13783,7410,511,2026-04-22,Engagement Bonus,20
13784,2176,53142,2026-02-10,Recreate,20
13785,9409,5540,2026-05-23,Recreate,10
13786,8567,16379,2026-05-21,Remix,100
13787,721,20578,2026-03-29,Recreate,20
13788,5219,12810,2026-06-07,Recreate,20
13789,9925,42896,2026-06-17,Engagement Bonus,50
13790,2037,9992,2026-05-13,Recreate,30
13791,843,57625,2026-03-28,Engagement Bonus,50
13792,7024,16716,2026-08-14,Recreate,30
13793,5281,3466,2026-03-15,Recreate,5
13794,6232,39292,2026-06-13,Recreate,20
13795,7968,52958,2026-06-17,Remix,100
13796,8985,48559,2026-05-28,Recreate,20
13797,7253,22740,2026-01-01,Recreate,10
13798,4333,46200,2026-01-17,Remix,20
13799,6106,31677,2026-03-19,Recreate,20
13800,401,5500,2026-03-10,Recreate,100
13801,4777,30560,2026-08-16,Recreate,5
13802,6445,11566,2026-01-21,Remix,5
13803,1254,16468,2026-08-17,Recreate,5
13804,8632,14153,2026-03-27,Engagement Bonus,50
13805,8061,19062,2026-04-17,Engagement Bonus,20
13806,6825,56414,2026-07-03,Engagement Bonus,20
13807,9052,17230,2026-06-13,Remix,10
13808,8839,23675,2026-06-25,Recreate,5
13809,4363,20301,2026-01-12,Remix,5
13810,8872,43616,2026-03-09,Recreate,20
13811,6664,2635,2026-07-10,Remix,5
13812,5223,28397,2026-08-24,Recreate,10
13813,3248,59437,2026-03-04,Recreate,30
13814,2097,14539,2026-08-06,Engagement Bonus,5
13815,6323,4545,2026-07-08,Recreate,30
13816,5880,46206,2026-07-24,Recreate,10
13817,2855,47813,2026-03-27,Engagement Bonus,50
13818,2040,16814,2026-02-16,Recreate,100
13819,5160,22933,2026-04-11,Recreate,10
13820,5207,34335,2026-04-28,Remix,20
13821,121,10480,2026-05-23,Recreate,5
13822,8020,37850,2026-02-15,Recreate,10
13823,1995,35623,2026-07-19,Remix,30
13824,9729,47149,2026-08-23,Remix,50
13825,4257,36043,2026-05-26,Recreate,5
13826,6894,45857,2026-06-20,Recreate,5
13827,908,8106,2026-05-10,Recreate,10
13828,4783,25802,2026-03-08,Engagement Bonus,10
13829,3213,6912,2026-05-16,Remix,10
13830,3961,23556,2026-05-10,Recreate,100
13831,5245,3590,2026-07-02,Recreate,10
13832,590,14756,2026-01-14,Recreate,10
13833,9390,38157,2026-03-26,Recreate,10
13834,7212,27033,2026-05-06,Recreate,10
13835,2191,20172,2026-07-23,Recreate,5
13836,8022,56317,2026-01-28,Recreate,20
13837,5764,48451,2026-03-31,Remix,20
13838,4857,15571,2026-05-18,Recreate,30
13839,7306,7281,2026-05-15,Recreate,100
13840,4647,39396,2026-02-01,Remix,50
13841,408,40526,2026-05-19,Recreate,5
13842,9015,2754,2026-04-29,Recreate,5
13843,1152,32862,2026-07-17,Recreate,30
13844,4635,48698,2026-04-14,Remix,20
13845,4441,27983,2026-03-06,Recreate,30
13846,4224,30832,2026-02-02,Engagement Bonus,5
13847,2512,49259,2026-06-09,Engagement Bonus,30
13848,7206,46713,2026-03-23,Recreate,20
13849,591,53781,2026-08-24,Engagement Bonus,5
13850,9211,14610,2026-01-24,Recreate,5
13851,3008,57968,2026-06-10,Recreate,10
13852,215,22824,2026-08-20,Recreate,30
13853,361,12952,2026-05-01,Engagement Bonus,20
13854,3548,52411,2026-02-09,Recreate,20
13855,3715,52447,2026-05-09,Engagement Bonus,50
13856,2343,47622,2026-02-07,Recreate,30
13857,8833,7253,2026-06-16,Recreate,10
13858,9374,8559,2026-07-11,Recreate,5
13859,3361,16757,2026-04-20,Remix,30
13860,4726,36853,2026-06-15,Remix,5
13861,4506,44409,2026-08-17,Recreate,5
13862,2125,27833,2026-01-28,Remix,20
13863,1821,30382,2026-05-17,Recreate,10
13864,9742,32085,2026-03-06,Recreate,20
13865,6628,38270,2026-05-16,Recreate,10
13866,1187,13672,2026-04-28,Engagement Bonus,30
13867,9981,17116,2026-04-01,Recreate,10
13868,4293,30839,2026-02-25,Engagement Bonus,5
13869,9458,27238,2026-03-25,Recreate,5
13870,2701,42683,2026-06-14,Remix,100
13871,3665,52255,2026-01-11,Remix,20
13872,2233,35783,2026-02-01,Recreate,20
13873,8714,12593,2026-06-21,Engagement Bonus,30
13874,1316,28704,2026-02-19,Remix,20
13875,8575,3215,2026-05-21,Recreate,5
13876,2457,29141,2026-04-26,Recreate,50
13877,9161,55245,2026-04-12,Recreate,20
13878,1258,52567,2026-08-13,Recreate,10
13879,7989,48621,2026-01-03,Recreate,10
13880,9091,26784,2026-02-22,Engagement Bonus,50
13881,8103,5017,2026-04-23,Remix,10
13882,1520,13276,2026-07-04,Engagement Bonus,20
13883,5956,30977,2026-01-31,Recreate,30
13884,2270,40878,2026-08-22,Remix,50
13885,5461,27784,2026-02-07,Remix,5
13886,6165,9098,2026-02-13,Recreate,30
13887,8322,27178,2026-01-07,Engagement Bonus,30
13888,5450,20806,2026-01-20,Recreate,10
13889,5789,2672,2026-06-15,Remix,5
13890,3926,26882,2026-01-19,Engagement Bonus,20
13891,8610,55287,2026-07-30,Remix,10
13892,8037,34039,2026-03-15,Remix,10
13893,2276,6989,2026-08-27,Engagement Bonus,20
13894,604,21859,2026-05-19,Recreate,10
13895,385,51102,2026-01-20,Recreate,30
13896,1943,30496,2026-03-05,Recreate,50
13897,7945,52540,2026-04-28,Engagement Bonus,30
13898,4512,3487,2026-01-22,Recreate,30
13899,4000,49431,2026-04-06,Recreate,20
13900,8645,35293,2026-07-02,Recreate,30
13901,2552,19692,2026-03-06,Recreate,10
13902,3805,52729,2026-05-27,Recreate,30
13903,8565,40519,2026-02-25,Recreate,5
13904,4553,20246,2026-03-19,Recreate,30
13905,2701,56975,2026-06-20,Recreate,10
13906,5733,40645,2026-03-23,Recreate,10
13907,8517,39197,2026-08-17,Recreate,20
13908,6064,40487,2026-08-06,Recreate,10
13909,5514,29562,2026-05-13,Recreate,30
13910,476,2426,2026-05-11,Remix,100
13911,6961,21603,2026-08-28,Remix,10
13912,8792,59029,2026-05-19,Remix,5
13913,5846,58076,2026-06-04,Recreate,10
13914,840,56532,2026-05-11,Remix,20
13915,9620,23542,2026-02-17,Engagement Bonus,10
13916,8681,43581,2026-07-02,Recreate,30
13917,3725,5426,2026-06-04,Recreate,20
13918,1283,33845,2026-07-04,Recreate,5
13919,6970,17618,2026-04-16,Remix,20
13920,2463,57986,2026-05-17,Recreate,20
13921,4960,33223,2026-04-26,Remix,50
13922,1608,2124,2026-06-13,Recreate,20
13923,9898,51837,2026-08-23,Recreate,30
13924,9125,1468,2026-03-28,Engagement Bonus,30
13925,3999,2016,2026-05-03,Recreate,50
13926,9801,24198,2026-01-17,Recreate,5
13927,506,15769,2026-06-04,Remix,20
13928,5689,54244,2026-06-25,Engagement Bonus,10
13929,6692,15338,2026-01-31,Remix,30
13930,6771,20613,2026-05-26,Recreate,50
13931,2273,15240,2026-05-15,Remix,20
13932,3191,55498,2026-06-03,Remix,10
13933,7688,4363,2026-05-11,Recreate,10
13934,9390,31875,2026-01-03,Engagement Bonus,50
13935,8238,17780,2026-02-01,Recreate,30
13936,3140,48690,2026-03-06,Recreate,5
13937,3353,34569,2026-05-23,Recreate,5
13938,1386,20171,2026-01-08,Recreate,5
13939,9576,54612,2026-04-23,Engagement Bonus,100
13940,8015,21602,2026-08-29,Engagement Bonus,50
13941,1135,843,2026-03-06,Remix,100
13942,2696,39688,2026-04-20,Recreate,10
13943,3801,45645,2026-08-25,Recreate,20
13944,3000,22944,2026-01-29,Recreate,10
13945,3550,39239,2026-02-19,Engagement Bonus,30
13946,6158,30935,2026-06-16,Recreate,5
13947,9893,2093,2026-07-10,Recreate,5
13948,9065,34641,2026-05-25,Recreate,20
13949,1868,9100,2026-07-18,Remix,5
13950,3660,59055,2026-05-02,Remix,20
13951,5646,3100,2026-05-10,Recreate,50
13952,6831,50335,2026-08-19,Recreate,10
13953,6121,50132,2026-07-20,Recreate,50
13954,4422,12424,2026-01-06,Recreate,50
13955,4540,20717,2026-07-12,Recreate,20
13956,9597,3320,2026-02-15,Recreate,10
13957,1248,22246,2026-01-26,Recreate,5
13958,65,28136,2026-02-14,Remix,10
13959,1397,15517,2026-04-27,Remix,10
13960,2071,39129,2026-06-25,Engagement Bonus,10
13961,1066,58309,2026-01-04,Remix,50
13962,5194,4353,2026-07-29,Recreate,100
13963,5722,46484,2026-03-25,Recreate,30
13964,134,48326,2026-08-29,Remix,30
13965,6555,31829,2026-07-23,Remix,10
13966,9014,58785,2026-02-06,Remix,50
13967,7263,10242,2026-07-19,Recreate,5
13968,3203,49505,2026-04-04,Recreate,10
13969,3944,53464,2026-04-22,Recreate,20
13970,6529,59551,2026-05-11,Engagement Bonus,10
13971,9940,916,2026-02-26,Remix,50
13972,3932,18209,2026-05-01,Remix,5
13973,6303,52433,2026-07-16,Remix,20
13974,6223,41147,2026-08-30,Recreate,10
13975,853,14779,2026-01-04,Recreate,10
13976,4822,10772,2026-04-19,Recreate,10
13977,5391,40290,2026-05-24,Remix,100
13978,8541,27801,2026-08-26,Recreate,5
13979,3537,13176,2026-04-29,Recreate,10
13980,6241,56853,2026-06-22,Recreate,30
13981,1538,52442,2026-08-07,Recreate,10
13982,8388,34625,2026-04-05,Remix,5
13983,5766,15655,2026-01-15,Remix,5
13984,5581,54660,2026-06-13,Remix,10
13985,7316,54111,2026-03-04,Recreate,10
13986,3124,26437,2026-08-16,Remix,10
13987,8554,18987,2026-01-14,Remix,50
13988,521,23479,2026-05-05,Engagement Bonus,5
13989,6918,40760,2026-08-19,Recreate,30
13990,6221,26077,2026-02-26,Recreate,50
13991,6385,23229,2026-04-19,Recreate,10
13992,3023,5357,2026-07-02,Recreate,20
13993,8961,20118,2026-08-23,Recreate,10
13994,9864,34003,2026-02-11,Remix,5
13995,1363,52608,2026-07-12,Recreate,100
13996,1643,28055,2026-08-17,Recreate,5
13997,1152,15895,2026-03-07,Remix,10
13998,8312,22628,2026-01-08,Recreate,10
13999,8092,12157,2026-08-25,Remix,20
14000,4353,12777,2026-06-15,Engagement Bonus,10
14001,6783,24763,2026-03-19,Remix,20
14002,5009,53162,2026-02-26,Engagement Bonus,20
14003,7684,51041,2026-02-18,Remix,10
14004,8301,15657,2026-02-07,Recreate,20
14005,5947,43911,2026-02-11,Recreate,50
14006,2056,38543,2026-05-22,Engagement Bonus,5
14007,4376,50806,2026-05-01,Recreate,50
14008,1256,8084,2026-04-03,Recreate,30
14009,228,38810,2026-07-06,Engagement Bonus,30
14010,2360,6828,2026-03-30,Recreate,10
14011,4470,6187,2026-06-07,Recreate,30
14012,6293,49988,2026-04-28,Remix,100
14013,9815,2570,2026-08-07,Recreate,5
14014,5949,39458,2026-04-30,Recreate,100
14015,3179,54795,2026-01-16,Recreate,5
14016,285,43966,2026-04-21,Remix,5
14017,6288,1114,2026-02-01,Recreate,20
14018,4670,6597,2026-08-27,Engagement Bonus,5
14019,7567,2055,2026-02-14,Remix,5
14020,1080,50352,2026-06-20,Recreate,30
14021,3704,71,2026-06-01,Remix,100
14022,5735,51796,2026-04-06,Recreate,20
14023,2443,18483,2026-07-29,Remix,20
14024,7564,26413,2026-07-08,Remix,50
14025,9896,54989,2026-02-15,Recreate,20
14026,9107,45255,2026-04-29,Remix,30
14027,6836,57942,2026-04-05,Recreate,50
14028,4756,19371,2026-06-22,Remix,10
14029,6779,46987,2026-06-20,Remix,10
14030,6155,19092,2026-06-24,Recreate,5
14031,6899,44426,2026-05-29,Remix,50
14032,8802,19642,2026-06-02,Remix,5
14033,5173,16840,2026-07-19,Remix,5
14034,2313,23031,2026-07-05,Engagement Bonus,100
14035,6334,40036,2026-07-22,Recreate,5
14036,7493,49433,2026-02-19,Engagement Bonus,20
14037,2874,37857,2026-07-22,Recreate,10
14038,8958,54958,2026-05-17,Remix,10
14039,7548,6689,2026-02-19,Recreate,10
14040,3523,30373,2026-06-13,Recreate,5
14041,4690,18310,2026-08-06,Recreate,10
14042,7085,55335,2026-05-20,Remix,10
14043,3918,23979,2026-02-20,Remix,5
14044,2337,139,2026-02-07,Recreate,50
14045,2860,33646,2026-08-01,Remix,50
14046,9804,42749,2026-07-13,Engagement Bonus,50
14047,911,44195,2026-02-25,Recreate,10
14048,8354,44261,2026-06-10,Engagement Bonus,5
14049,8416,27156,2026-02-01,Recreate,20
14050,7725,28411,2026-01-13,Remix,100
14051,6595,3642,2026-03-20,Recreate,50
14052,7173,44286,2026-05-24,Recreate,10
14053,674,52997,2026-07-03,Recreate,30
14054,5634,17258,2026-03-16,Remix,10
14055,7611,13319,2026-08-03,Recreate,20
14056,5789,54062,2026-04-08,Recreate,20
14057,586,17972,2026-08-18,Recreate,5
14058,3711,20289,2026-08-14,Remix,10
14059,3124,43601,2026-03-18,Recreate,5
14060,4329,51078,2026-03-18,Recreate,30
14061,8046,13962,2026-05-28,Remix,20
14062,23,8743,2026-01-08,Recreate,5
14063,2121,27191,2026-07-09,Recreate,10
14064,8607,9636,2026-08-25,Recreate,5
14065,2185,59127,2026-08-16,Recreate,10
14066,4402,33523,2026-07-23,Remix,10
14067,8103,7272,2026-07-06,Remix,50
14068,9801,59487,2026-07-31,Recreate,20
14069,5810,14415,2026-04-04,Recreate,30
14070,5474,6649,2026-02-23,Remix,10
14071,2531,46432,2026-01-14,Recreate,100
14072,3218,13103,2026-02-09,Recreate,5
14073,2518,28105,2026-08-14,Engagement Bonus,10
14074,9062,1921,2026-02-01,Engagement Bonus,10
14075,3744,28290,2026-06-12,Engagement Bonus,50
14076,5815,37228,2026-03-27,Recreate,5
14077,7491,40753,2026-07-23,Recreate,10
14078,3293,46052,2026-06-18,Recreate,30
14079,4935,55417,2026-08-27,Remix,5
14080,4472,2439,2026-07-31,Recreate,30
14081,868,22042,2026-06-19,Recreate,30
14082,1814,8566,2026-02-28,Remix,5
14083,8587,50128,2026-03-16,Recreate,10
14084,1199,18004,2026-02-01,Recreate,10
14085,5976,24208,2026-06-23,Engagement Bonus,50
14086,2074,54783,2026-07-17,Recreate,20
14087,3377,51945,2026-04-27,Remix,5
14088,5995,42257,2026-04-28,Engagement Bonus,20
14089,9744,58534,2026-08-10,Recreate,20
14090,2070,45942,2026-01-01,Recreate,20
14091,4459,10361,2026-03-07,Recreate,5
14092,8269,12933,2026-02-04,Engagement Bonus,10
14093,7451,45534,2026-05-16,Recreate,100
14094,4022,23606,2026-07-04,Recreate,10
14095,6261,8033,2026-03-25,Recreate,100
14096,5787,7451,2026-02-20,Remix,5
14097,214,51566,2026-03-06,Recreate,50
14098,1515,56252,2026-06-07,Engagement Bonus,50
14099,4506,14997,2026-05-16,Remix,50
14100,5158,49841,2026-05-30,Remix,30
14101,1833,11926,2026-08-27,Engagement Bonus,20
14102,7562,40348,2026-06-16,Recreate,20
14103,2841,14885,2026-03-30,Recreate,5
14104,7968,18047,2026-05-08,Recreate,20
14105,5148,36735,2026-07-03,Engagement Bonus,20
14106,9811,45456,2026-02-06,Remix,5
14107,5341,28679,2026-02-16,Recreate,20
14108,7164,57079,2026-06-07,Remix,10
14109,5570,2268,2026-01-06,Recreate,20
14110,5223,9147,2026-06-02,Recreate,20
14111,8182,21739,2026-05-01,Recreate,100
14112,6982,6137,2026-01-28,Recreate,100
14113,7522,38256,2026-02-12,Engagement Bonus,30
14114,3038,10061,2026-02-14,Recreate,50
14115,5087,1906,2026-04-19,Remix,20
14116,879,29235,2026-01-15,Recreate,50
14117,6052,57200,2026-06-14,Recreate,5
14118,7482,13242,2026-04-20,Recreate,5
14119,7306,4121,2026-05-09,Recreate,5
14120,5940,5358,2026-06-17,Recreate,30
14121,2202,36866,2026-02-21,Recreate,100
14122,379,44808,2026-02-05,Recreate,20
14123,2968,54883,2026-08-18,Recreate,20
14124,2134,21867,2026-03-18,Recreate,50
14125,7406,43243,2026-08-16,Recreate,5
14126,5117,25349,2026-02-26,Recreate,10
14127,5783,37322,2026-02-07,Recreate,10
14128,4267,55256,2026-02-25,Remix,50
14129,6192,17371,2026-04-15,Remix,100
14130,6140,26342,2026-05-22,Remix,100
14131,2188,30009,2026-05-20,Engagement Bonus,20
14132,518,2673,2026-06-03,Remix,10
14133,9717,29264,2026-01-12,Engagement Bonus,50
14134,2903,5104,2026-02-28,Engagement Bonus,20
14135,4645,9550,2026-08-28,Recreate,10
14136,5327,51829,2026-05-31,Engagement Bonus,20
14137,4970,7754,2026-06-28,Recreate,20
14138,8748,38774,2026-01-26,Remix,100
14139,6714,58720,2026-07-21,Recreate,5
14140,5735,11263,2026-08-30,Remix,5
14141,9436,51872,2026-06-16,Recreate,10
14142,6993,59581,2026-02-06,Remix,30
14143,7182,41622,2026-02-24,Engagement Bonus,10
14144,7297,28248,2026-08-16,Recreate,100
14145,2674,15494,2026-05-24,Remix,5
14146,8365,44034,2026-04-18,Engagement Bonus,10
14147,5805,40530,2026-07-04,Recreate,5
14148,641,32907,2026-01-10,Remix,20
14149,908,59331,2026-06-30,Recreate,50
14150,1410,6141,2026-02-03,Remix,10
14151,881,48240,2026-08-31,Recreate,30
14152,9819,12573,2026-02-09,Remix,10
14153,7891,36536,2026-02-08,Recreate,5
14154,2551,8502,2026-08-21,Recreate,5
14155,7828,9341,2026-01-24,Remix,10
14156,3110,20098,2026-03-21,Recreate,20
14157,6752,40153,2026-07-31,Recreate,30
14158,5383,40668,2026-01-08,Recreate,10
14159,3231,59786,2026-04-22,Remix,5
14160,3219,44379,2026-02-27,Engagement Bonus,20
14161,3183,57648,2026-02-04,Recreate,30
14162,3585,15790,2026-08-10,Recreate,20
14163,7441,30276,2026-07-05,Recreate,10
14164,7915,39795,2026-03-20,Recreate,30
14165,4579,882,2026-03-11,Engagement Bonus,5
14166,3557,30286,2026-05-13,Recreate,10
14167,8219,20096,2026-05-27,Recreate,10
14168,2569,6452,2026-07-28,Engagement Bonus,5
14169,3853,20158,2026-01-25,Recreate,10
14170,8581,43577,2026-02-27,Engagement Bonus,30
14171,1910,32773,2026-02-24,Engagement Bonus,20
14172,6216,15487,2026-05-23,Remix,30
14173,8217,42834,2026-03-15,Recreate,5
14174,4576,42883,2026-04-11,Engagement Bonus,20
14175,2556,44219,2026-08-19,Recreate,10
14176,7337,24441,2026-01-17,Remix,100
14177,6540,48000,2026-04-10,Remix,30
14178,7511,10459,2026-03-19,Recreate,5
14179,7320,35223,2026-04-18,Recreate,100
14180,4636,6075,2026-01-15,Remix,10
14181,6462,35445,2026-08-09,Engagement Bonus,5
14182,6838,26091,2026-01-21,Recreate,5
14183,7203,24153,2026-02-19,Remix,30
14184,6369,57483,2026-06-23,Engagement Bonus,20
14185,7203,30108,2026-02-18,Engagement Bonus,30
14186,7914,37351,2026-08-19,Recreate,10
14187,2311,19284,2026-04-15,Remix,20
14188,1500,5755,2026-06-09,Recreate,30
14189,8580,23921,2026-08-01,Recreate,20
14190,8059,37834,2026-05-22,Recreate,10
14191,8609,36032,2026-04-02,Recreate,20
14192,4552,55243,2026-07-20,Engagement Bonus,30
14193,1317,53879,2026-04-30,Remix,20
14194,479,57236,2026-02-08,Recreate,10
14195,4335,37157,2026-05-03,Remix,100
14196,7330,42595,2026-08-28,Recreate,30
14197,6850,7180,2026-08-30,Recreate,50
14198,3827,55483,2026-05-12,Recreate,5
14199,7362,18918,2026-06-15,Recreate,20
14200,2169,43413,2026-06-26,Recreate,5
14201,812,47961,2026-04-29,Recreate,20
14202,9284,26938,2026-02-01,Recreate,10
14203,8735,31927,2026-03-31,Remix,5
14204,4455,10855,2026-04-13,Engagement Bonus,5
14205,9168,59755,2026-02-18,Recreate,20
14206,5246,52212,2026-08-27,Recreate,10
14207,5427,17060,2026-05-04,Engagement Bonus,10
14208,6665,36591,2026-04-07,Recreate,5
14209,2199,10473,2026-04-24,Recreate,50
14210,8755,10497,2026-07-29,Recreate,5
14211,769,38591,2026-07-29,Recreate,5
14212,6006,33795,2026-07-22,Recreate,50
14213,1646,22872,2026-06-16,Recreate,5
14214,1426,59896,2026-04-21,Engagement Bonus,50
14215,6914,16180,2026-01-16,Recreate,20
14216,2941,42557,2026-07-15,Recreate,10
14217,8546,2933,2026-02-23,Recreate,50
14218,1912,50392,2026-04-13,Recreate,10
14219,2419,17494,2026-07-18,Recreate,10
14220,6219,10581,2026-07-31,Remix,10
14221,2632,2227,2026-04-21,Recreate,5
14222,9364,34931,2026-02-19,Remix,10
14223,7809,11436,2026-01-25,Recreate,5
14224,4468,54036,2026-05-06,Remix,20
14225,75,27217,2026-06-12,Remix,20
14226,3499,27978,2026-05-12,Remix,10
14227,4314,54732,2026-02-10,Remix,20
14228,4632,30248,2026-03-06,Recreate,10
14229,5133,29873,2026-03-15,Recreate,5
14230,5850,11369,2026-07-09,Recreate,20
14231,1849,6318,2026-07-12,Engagement Bonus,5
14232,3890,55765,2026-04-17,Recreate,10
14233,6119,36379,2026-07-14,Engagement Bonus,30
14234,1719,37627,2026-05-04,Remix,20
14235,8238,17038,2026-03-23,Recreate,5
14236,5794,44610,2026-04-11,Recreate,5
14237,8254,27322,2026-04-08,Recreate,5
14238,5228,45607,2026-08-02,Remix,20
14239,1374,44259,2026-03-29,Recreate,20
14240,6163,38062,2026-03-13,Recreate,10
14241,894,34161,2026-03-22,Recreate,5
14242,7867,13434,2026-03-19,Engagement Bonus,5
14243,8056,1182,2026-08-26,Recreate,10
14244,4450,23947,2026-06-15,Remix,20
14245,8972,48950,2026-05-04,Recreate,10
14246,6830,41780,2026-07-25,Recreate,20
14247,9463,52248,2026-01-13,Recreate,20
14248,1101,29736,2026-03-11,Remix,100
14249,7605,45664,2026-08-25,Recreate,50
14250,6951,49891,2026-05-06,Recreate,5
14251,9633,25459,2026-04-15,Remix,10
14252,6561,36058,2026-04-24,Recreate,100
14253,7573,39554,2026-06-01,Recreate,20
14254,3586,12063,2026-08-10,Remix,10
14255,4652,11620,2026-07-25,Recreate,10
14256,9480,22159,2026-03-24,Recreate,5
14257,5265,42926,2026-05-18,Remix,10
14258,2067,44662,2026-05-19,Engagement Bonus,10
14259,7202,43555,2026-07-11,Recreate,100
14260,9669,42532,2026-05-03,Recreate,20
14261,1540,35655,2026-06-05,Remix,5
14262,3379,21190,2026-05-20,Recreate,100
14263,1521,55836,2026-08-10,Recreate,100
14264,489,17384,2026-08-28,Recreate,10
14265,2021,5888,2026-04-08,Recreate,20
14266,2058,8614,2026-01-25,Engagement Bonus,5
14267,8756,51184,2026-01-03,Recreate,30
14268,4680,10493,2026-04-28,Engagement Bonus,50
14269,4707,47463,2026-08-02,Recreate,10
14270,7521,43395,2026-03-29,Recreate,20
14271,6598,42214,2026-02-20,Recreate,5
14272,3262,59041,2026-04-11,Recreate,5
14273,1905,35371,2026-05-28,Remix,10
14274,8531,49135,2026-04-10,Recreate,5
14275,3907,12297,2026-05-04,Engagement Bonus,30
14276,8428,49200,2026-03-12,Recreate,10
14277,8717,15120,2026-06-28,Remix,20
14278,7430,46959,2026-01-27,Engagement Bonus,20
14279,8178,26753,2026-08-22,Recreate,10
14280,3804,24617,2026-06-22,Recreate,100
14281,3572,41050,2026-08-07,Recreate,5
14282,5898,18856,2026-08-26,Recreate,5
14283,6113,34289,2026-07-12,Recreate,5
14284,1366,52941,2026-07-15,Recreate,30
14285,5477,7129,2026-07-16,Recreate,20
14286,1489,42843,2026-05-10,Engagement Bonus,50
14287,6702,59443,2026-06-05,Remix,10
14288,7062,53783,2026-02-07,Recreate,10
14289,1604,32205,2026-04-09,Remix,50
14290,7401,1032,2026-01-23,Remix,100
14291,5534,19023,2026-07-02,Remix,100
14292,9266,18442,2026-02-22,Recreate,20
14293,1181,50350,2026-05-17,Remix,20
14294,8252,21832,2026-04-22,Engagement Bonus,20
14295,3167,44550,2026-08-22,Engagement Bonus,5
14296,785,50383,2026-03-25,Remix,20
14297,6573,28039,2026-06-01,Recreate,50
14298,5345,5508,2026-08-27,Engagement Bonus,5
14299,4242,41384,2026-06-02,Remix,5
14300,9005,12863,2026-01-09,Engagement Bonus,50
14301,8458,53606,2026-05-27,Recreate,20
14302,3120,26775,2026-05-03,Remix,30
14303,6511,51977,2026-06-10,Remix,20
14304,711,23219,2026-06-03,Recreate,5
14305,8952,41265,2026-06-29,Recreate,50
14306,4677,15406,2026-08-29,Engagement Bonus,20
14307,2271,20616,2026-03-29,Recreate,100
14308,3397,16037,2026-03-20,Engagement Bonus,50
14309,6507,37177,2026-08-04,Remix,10
14310,4977,46336,2026-02-16,Recreate,10
14311,9241,43092,2026-05-11,Engagement Bonus,10
14312,2916,51917,2026-08-21,Engagement Bonus,10
14313,9312,25805,2026-06-14,Recreate,20
14314,666,52417,2026-01-02,Remix,50
14315,7856,23828,2026-06-05,Engagement Bonus,20
14316,4667,12390,2026-02-12,Recreate,5
14317,9557,9519,2026-03-20,Recreate,10
14318,7754,42403,2026-07-17,Recreate,10
14319,9636,34475,2026-07-09,Remix,50
14320,588,58065,2026-02-10,Recreate,5
14321,6847,31151,2026-01-12,Recreate,10
14322,6829,20022,2026-02-26,Engagement Bonus,5
14323,7020,32911,2026-05-26,Engagement Bonus,5
14324,8971,4724,2026-06-03,Recreate,5
14325,8858,18179,2026-08-15,Remix,5
14326,2078,48718,2026-02-14,Recreate,20
14327,2881,34842,2026-03-06,Recreate,5
14328,6685,20609,2026-05-16,Recreate,20
14329,3544,26031,2026-03-01,Recreate,10
14330,4519,6754,2026-04-12,Engagement Bonus,20
14331,6429,51586,2026-04-12,Recreate,5
14332,4127,53470,2026-05-09,Recreate,5
14333,9854,36352,2026-03-16,Engagement Bonus,30
14334,9232,54156,2026-07-17,Recreate,20
14335,6601,57720,2026-04-23,Recreate,20
14336,2648,4002,2026-07-28,Engagement Bonus,5
14337,8461,15340,2026-05-27,Recreate,20
14338,6725,9957,2026-01-22,Recreate,10
14339,8814,46173,2026-05-10,Remix,10
14340,8359,54816,2026-07-26,Recreate,50
14341,2657,50634,2026-07-19,Recreate,20
14342,3012,43965,2026-07-25,Remix,30
14343,8520,12707,2026-01-30,Recreate,5
14344,7228,18550,2026-08-01,Remix,10
14345,8452,24050,2026-02-17,Recreate,30
14346,2528,2348,2026-04-02,Recreate,5
14347,4934,51177,2026-04-03,Remix,10
14348,3619,54316,2026-05-15,Remix,20
14349,9897,38753,2026-08-05,Recreate,50
14350,4274,13250,2026-05-25,Recreate,5
14351,9039,22433,2026-02-27,Recreate,10
14352,9773,17747,2026-04-18,Recreate,100
14353,2020,52063,2026-04-27,Engagement Bonus,100
14354,1386,54864,2026-07-27,Recreate,30
14355,7922,20633,2026-07-20,Remix,5
14356,9873,33441,2026-05-05,Remix,50
14357,5448,40725,2026-08-19,Recreate,100
14358,6436,45468,2026-03-06,Recreate,10
14359,7836,37455,2026-08-16,Recreate,30
14360,5413,1465,2026-01-02,Recreate,10
14361,5727,58718,2026-02-19,Remix,50
14362,4215,41696,2026-06-12,Engagement Bonus,100
14363,4421,27651,2026-05-28,Engagement Bonus,10
14364,2340,42965,2026-06-06,Recreate,30
14365,5074,52837,2026-01-27,Recreate,100
14366,1013,1359,2026-07-01,Recreate,50
14367,3435,46774,2026-04-20,Recreate,5
14368,3969,8237,2026-08-06,Recreate,50
14369,614,44924,2026-01-09,Recreate,10
14370,7743,18259,2026-07-17,Engagement Bonus,20
14371,1356,21096,2026-01-25,Remix,50
14372,4139,37933,2026-07-09,Remix,5
14373,8127,43149,2026-06-16,Remix,20
14374,3943,31739,2026-06-02,Recreate,10
14375,7648,40426,2026-05-06,Recreate,50
14376,8339,40611,2026-02-28,Recreate,50
14377,4625,44075,2026-01-16,Recreate,30
14378,7650,26513,2026-08-29,Remix,10
14379,18,34980,2026-06-18,Remix,50
14380,5866,19095,2026-08-15,Engagement Bonus,20
14381,240,22918,2026-01-15,Recreate,5
14382,4120,57949,2026-08-08,Remix,50
14383,2446,10954,2026-03-25,Recreate,30
14384,7602,42150,2026-02-22,Engagement Bonus,5
14385,8605,33444,2026-05-01,Recreate,20
14386,6045,3978,2026-02-04,Remix,100
14387,9448,35084,2026-03-25,Recreate,50
14388,6619,35359,2026-05-02,Engagement Bonus,10
14389,9133,12037,2026-08-05,Recreate,5
14390,8990,51889,2026-05-29,Recreate,20
14391,6073,34803,2026-01-25,Recreate,5
14392,7550,58042,2026-03-25,Engagement Bonus,10
14393,6342,14750,2026-06-14,Recreate,20
14394,5324,10142,2026-03-20,Recreate,30
14395,5939,54265,2026-02-03,Engagement Bonus,10
14396,5214,14742,2026-07-14,Recreate,5
14397,5608,10842,2026-02-16,Remix,30
14398,7027,8573,2026-02-19,Recreate,50
14399,3048,2128,2026-07-26,Recreate,20
14400,9349,15456,2026-05-20,Engagement Bonus,100
14401,8901,42609,2026-01-02,Recreate,5
14402,1131,43438,2026-02-03,Recreate,10
14403,9698,43238,2026-08-28,Recreate,5
14404,3210,32297,2026-07-16,Recreate,20
14405,9570,7755,2026-08-22,Engagement Bonus,10
14406,1645,13665,2026-04-15,Recreate,30
14407,1072,4916,2026-04-04,Recreate,10
14408,7111,2206,2026-02-11,Recreate,100
14409,8462,2704,2026-05-13,Recreate,10
14410,7310,34575,2026-05-23,Recreate,10
14411,485,38450,2026-07-13,Remix,20
14412,8261,52107,2026-05-10,Recreate,20
14413,2346,52165,2026-06-05,Remix,10
14414,2773,12552,2026-03-01,Remix,5
14415,7804,45062,2026-07-05,Remix,5
14416,1355,6421,2026-04-20,Recreate,30
14417,9573,164,2026-07-29,Engagement Bonus,20
14418,3315,51938,2026-01-30,Recreate,10
14419,4022,142,2026-03-16,Remix,5
14420,7600,10066,2026-03-26,Recreate,10
14421,6624,50677,2026-06-06,Remix,20
14422,839,44161,2026-04-26,Recreate,10
14423,5673,21904,2026-08-30,Engagement Bonus,5
14424,669,54210,2026-02-27,Recreate,10
14425,2711,15615,2026-01-24,Remix,10
14426,270,20518,2026-07-11,Recreate,30
14427,3500,48418,2026-08-08,Recreate,30
14428,919,29514,2026-01-01,Remix,5
14429,4537,45421,2026-04-07,Recreate,30
14430,8691,46610,2026-06-23,Recreate,20
14431,7108,56020,2026-03-16,Recreate,5
14432,2647,32179,2026-07-15,Engagement Bonus,30
14433,5342,51118,2026-01-25,Recreate,5
14434,1910,32773,2026-03-20,Remix,100
14435,8369,20924,2026-05-28,Remix,5
14436,6417,48374,2026-02-19,Engagement Bonus,10
14437,836,26125,2026-04-10,Engagement Bonus,20
14438,1766,29446,2026-08-17,Remix,100
14439,4662,42747,2026-08-05,Recreate,10
14440,1305,47207,2026-01-11,Remix,5
14441,1220,56523,2026-08-15,Remix,20
14442,4334,27048,2026-06-20,Recreate,20
14443,8303,55888,2026-04-09,Remix,5
14444,9382,29002,2026-05-23,Remix,10
14445,505,56784,2026-01-09,Engagement Bonus,10
14446,6228,464,2026-05-26,Remix,100
14447,9286,28292,2026-07-31,Engagement Bonus,20
14448,9873,20130,2026-08-11,Recreate,30
14449,7545,41434,2026-04-13,Recreate,20
14450,5541,2456,2026-07-08,Recreate,100
14451,4296,30544,2026-07-08,Recreate,20
14452,7142,3813,2026-06-14,Engagement Bonus,30
14453,1633,52448,2026-05-16,Recreate,20
14454,3861,42493,2026-05-22,Recreate,10
14455,1330,29776,2026-08-15,Remix,20
14456,5193,54524,2026-03-30,Remix,50
14457,9479,7470,2026-03-11,Remix,20
14458,889,45705,2026-06-02,Recreate,50
14459,6935,52674,2026-06-10,Recreate,10
14460,1646,13234,2026-08-29,Recreate,10
14461,555,45684,2026-03-18,Remix,5
14462,5683,50445,2026-07-14,Remix,50
14463,4123,54857,2026-08-19,Recreate,10
14464,5610,51429,2026-07-02,Recreate,20
14465,2164,4919,2026-04-12,Remix,10
14466,8807,24352,2026-02-13,Recreate,10
14467,6156,53480,2026-05-21,Remix,10
14468,6434,37083,2026-06-06,Recreate,5
14469,9489,30604,2026-03-18,Recreate,20
14470,8259,54421,2026-06-07,Recreate,50
14471,4901,32347,2026-08-19,Recreate,10
14472,7357,34858,2026-03-11,Remix,10
14473,3325,27427,2026-06-27,Recreate,30
14474,8176,56282,2026-01-09,Recreate,100
14475,8173,23902,2026-01-19,Recreate,30
14476,8568,17658,2026-03-02,Engagement Bonus,30
14477,610,24146,2026-01-15,Recreate,20
14478,2707,52123,2026-08-07,Recreate,10
14479,2571,30795,2026-08-08,Recreate,5
14480,5517,54131,2026-08-14,Remix,30
14481,9767,42899,2026-06-23,Remix,10
14482,4872,17269,2026-05-20,Recreate,5
14483,1006,22501,2026-01-14,Recreate,30
14484,6441,8617,2026-04-25,Recreate,20
14485,9767,13201,2026-06-24,Remix,20
14486,5101,34319,2026-08-15,Remix,5
14487,5028,3437,2026-07-14,Engagement Bonus,10
14488,9316,17176,2026-05-05,Remix,20
14489,5434,35264,2026-05-02,Remix,30
14490,8887,11846,2026-08-13,Recreate,5
14491,9079,2902,2026-01-01,Recreate,20
14492,3795,9490,2026-07-25,Recreate,10
14493,2455,37818,2026-04-10,Recreate,5
14494,6776,42630,2026-08-31,Recreate,30
14495,5993,8678,2026-07-24,Engagement Bonus,10
14496,5914,44383,2026-07-21,Remix,100
14497,8155,10561,2026-04-15,Engagement Bonus,20
14498,2383,31206,2026-02-01,Recreate,20
14499,127,169,2026-08-23,Recreate,10
14500,87,35754,2026-06-27,Remix,10
14501,231,6032,2026-03-12,Remix,50
14502,9476,2193,2026-03-14,Remix,20
14503,3137,51489,2026-04-22,Recreate,10
14504,9767,23205,2026-01-09,Remix,10
14505,1434,48212,2026-01-14,Remix,30
14506,2812,32944,2026-04-26,Recreate,30
14507,9861,2998,2026-07-08,Engagement Bonus,30
14508,7244,57659,2026-01-09,Recreate,10
14509,6663,38173,2026-07-20,Engagement Bonus,30
14510,6427,40905,2026-04-02,Recreate,10
14511,7534,17661,2026-03-18,Recreate,10
14512,7020,978,2026-08-21,Engagement Bonus,50
14513,9327,32457,2026-07-13,Recreate,10
14514,4766,23399,2026-06-12,Recreate,10
14515,5830,45972,2026-08-17,Recreate,5
14516,4001,56137,2026-06-01,Recreate,50
14517,8878,43018,2026-06-05,Remix,30
14518,2527,37878,2026-05-16,Recreate,30
14519,4545,36295,2026-03-21,Remix,10
14520,9547,8212,2026-01-13,Engagement Bonus,50
14521,2187,22590,2026-02-12,Remix,30
14522,8156,56668,2026-07-30,Engagement Bonus,5
14523,5485,46701,2026-04-21,Remix,10
14524,7673,9747,2026-06-27,Recreate,20
14525,2340,13443,2026-04-17,Recreate,5
14526,4,33304,2026-04-25,Remix,100
14527,1847,31548,2026-01-15,Engagement Bonus,10
14528,7674,48195,2026-04-24,Recreate,10
14529,9862,20193,2026-02-24,Recreate,100
14530,393,9423,2026-01-02,Recreate,20
14531,6154,1847,2026-03-04,Engagement Bonus,30
14532,2867,55077,2026-07-24,Recreate,20
14533,9996,48215,2026-01-19,Recreate,20
14534,1425,16525,2026-03-16,Remix,5
14535,8685,49350,2026-03-27,Engagement Bonus,20
14536,2617,19423,2026-02-19,Recreate,100
14537,4145,46413,2026-03-23,Engagement Bonus,20
14538,2468,56230,2026-01-16,Recreate,50
14539,7256,13483,2026-07-28,Recreate,10
14540,4935,13983,2026-07-25,Recreate,10
14541,5356,11378,2026-07-16,Recreate,100
14542,3392,32357,2026-05-24,Engagement Bonus,20
14543,4526,38884,2026-05-01,Remix,5
14544,6950,12767,2026-08-13,Engagement Bonus,20
14545,7296,25240,2026-04-26,Recreate,5
14546,9535,8783,2026-04-19,Recreate,50
14547,3933,36611,2026-04-14,Recreate,20
14548,7780,28724,2026-04-27,Engagement Bonus,5
14549,2756,49479,2026-01-28,Recreate,5
14550,8850,8091,2026-03-10,Remix,10
14551,2362,48525,2026-03-17,Recreate,100
14552,6255,28567,2026-01-21,Recreate,100
14553,2064,24849,2026-02-14,Recreate,20
14554,9123,27308,2026-07-21,Recreate,50
14555,9550,9795,2026-08-06,Remix,5
14556,5317,54430,2026-03-07,Remix,50
14557,9931,26131,2026-05-03,Remix,20
14558,8095,28349,2026-07-09,Remix,5
14559,3659,38249,2026-02-23,Remix,30
14560,1611,50300,2026-07-13,Remix,5
14561,4661,18556,2026-06-09,Recreate,30
14562,1611,33433,2026-02-07,Engagement Bonus,10
14563,901,58093,2026-01-01,Engagement Bonus,5
14564,7994,55093,2026-03-14,Remix,20
14565,3579,44980,2026-02-24,Remix,100
14566,9205,9951,2026-03-29,Recreate,5
14567,6053,28919,2026-03-07,Recreate,30
14568,7884,19407,2026-02-17,Remix,20
14569,3658,3276,2026-03-02,Remix,10
14570,7857,47025,2026-03-27,Remix,10
14571,1621,45750,2026-07-31,Recreate,5
14572,3568,26250,2026-03-25,Recreate,50
14573,8281,14020,2026-02-11,Remix,10
14574,1155,29669,2026-01-05,Recreate,10
14575,6440,46410,2026-03-26,Recreate,20
14576,3222,25892,2026-04-28,Recreate,10
14577,6047,31802,2026-08-06,Engagement Bonus,50
14578,8929,46861,2026-03-31,Recreate,20
14579,9207,30271,2026-02-12,Recreate,20
14580,5471,17299,2026-02-14,Recreate,20
14581,7412,28017,2026-04-10,Recreate,30
14582,5402,51431,2026-06-19,Recreate,20
14583,8386,53637,2026-07-30,Recreate,10
14584,2775,36002,2026-03-24,Engagement Bonus,5
14585,417,14210,2026-02-28,Remix,5
14586,8803,18336,2026-04-04,Recreate,20
14587,872,57803,2026-06-14,Recreate,20
14588,3468,38175,2026-01-05,Recreate,50
14589,7225,25011,2026-07-10,Remix,50
14590,2646,18798,2026-05-08,Recreate,5
14591,1666,51933,2026-04-30,Remix,5
14592,2919,36992,2026-06-10,Engagement Bonus,5
14593,8984,37289,2026-07-09,Recreate,20
14594,2649,2816,2026-08-28,Recreate,20
14595,3719,17223,2026-06-09,Engagement Bonus,100
14596,3473,41100,2026-03-18,Recreate,20
14597,581,10451,2026-03-11,Remix,20
14598,8456,6713,2026-06-03,Recreate,10
14599,3847,11726,2026-01-15,Recreate,5
14600,410,25773,2026-05-24,Recreate,5
14601,727,30599,2026-04-14,Recreate,20
14602,5476,22402,2026-01-18,Remix,20
14603,3861,42493,2026-08-01,Recreate,5
14604,4403,39841,2026-03-04,Remix,5
14605,2848,40199,2026-06-24,Recreate,20
14606,7422,8596,2026-05-10,Engagement Bonus,100
14607,6169,26712,2026-04-21,Recreate,10
14608,294,40781,2026-04-02,Recreate,10
14609,7348,13306,2026-04-09,Recreate,20
14610,2973,25634,2026-08-28,Remix,20
14611,5504,38426,2026-05-03,Engagement Bonus,10
14612,1603,37056,2026-08-27,Recreate,10
14613,6918,39224,2026-02-14,Remix,20
14614,3260,36089,2026-04-13,Remix,20
14615,892,41280,2026-01-21,Remix,10
14616,531,59809,2026-03-19,Recreate,5
14617,6064,36162,2026-05-04,Recreate,10
14618,5415,49274,2026-08-17,Recreate,10
14619,2792,54973,2026-05-02,Recreate,10
14620,5914,44383,2026-06-14,Remix,100
14621,2507,37401,2026-08-06,Recreate,50
14622,2336,48447,2026-07-25,Recreate,5
14623,5648,50569,2026-08-10,Remix,10
14624,8966,28247,2026-02-06,Recreate,30
14625,8029,50484,2026-03-18,Recreate,10
14626,2085,49606,2026-06-26,Recreate,10
14627,2080,19811,2026-07-04,Remix,20
14628,212,40118,2026-01-28,Recreate,10
14629,5785,9152,2026-08-28,Remix,10
14630,6454,10420,2026-06-27,Recreate,5
14631,1340,57305,2026-07-23,Remix,10
14632,1981,23660,2026-08-21,Recreate,5
14633,694,13155,2026-03-12,Recreate,10
14634,3660,28119,2026-06-10,Remix,10
14635,1903,11709,2026-05-30,Recreate,100
14636,2426,7252,2026-01-02,Remix,5
14637,6779,35823,2026-07-11,Recreate,10
14638,2874,49775,2026-07-24,Recreate,20
14639,9492,41200,2026-06-01,Recreate,10
14640,9055,12396,2026-05-30,Recreate,50
14641,281,47071,2026-03-25,Engagement Bonus,5
14642,3027,36538,2026-05-28,Recreate,100
14643,9783,50092,2026-06-26,Remix,30
14644,8599,10653,2026-04-09,Recreate,20
14645,2070,45942,2026-02-20,Remix,5
14646,4288,18298,2026-03-26,Recreate,20
14647,1784,55767,2026-04-26,Remix,5
14648,3152,7476,2026-05-29,Recreate,5
14649,4649,19969,2026-02-11,Remix,10
14650,1160,35822,2026-05-29,Remix,5
14651,1194,17300,2026-01-06,Recreate,10
14652,6001,58417,2026-05-24,Recreate,10
14653,448,18766,2026-02-18,Recreate,20
14654,9123,59092,2026-06-12,Recreate,10
14655,2079,7172,2026-05-06,Engagement Bonus,30
14656,1001,34017,2026-01-10,Engagement Bonus,30
14657,8459,59995,2026-08-28,Recreate,20
14658,5018,3260,2026-04-22,Remix,50
14659,9271,21933,2026-08-30,Remix,20
14660,9402,34548,2026-07-03,Recreate,10
14661,4346,59008,2026-03-28,Engagement Bonus,10
14662,1849,35959,2026-01-27,Recreate,10
14663,496,37776,2026-04-23,Recreate,50
14664,363,36691,2026-07-16,Recreate,100
14665,1917,50061,2026-07-29,Recreate,10
14666,621,18065,2026-01-02,Recreate,10
14667,5828,387,2026-02-04,Engagement Bonus,20
14668,6418,34587,2026-03-13,Remix,5
14669,8808,48990,2026-01-07,Remix,50
14670,1437,19370,2026-01-23,Recreate,20
14671,5124,46653,2026-06-03,Remix,30
14672,6955,51009,2026-08-27,Recreate,5
14673,2460,53936,2026-04-07,Remix,10
14674,2422,25767,2026-05-21,Recreate,5
14675,3156,18170,2026-02-02,Recreate,10
14676,536,56193,2026-01-17,Recreate,10
14677,2414,19913,2026-05-02,Recreate,5
14678,8856,49275,2026-04-19,Recreate,30
14679,5774,27204,2026-08-11,Remix,50
14680,6110,38465,2026-01-14,Recreate,50
14681,4773,49874,2026-04-11,Engagement Bonus,10
14682,5116,34144,2026-06-23,Remix,50
14683,3488,24753,2026-03-09,Engagement Bonus,10
14684,8565,11685,2026-02-01,Recreate,5
14685,8891,19276,2026-04-23,Remix,20
14686,6795,40469,2026-08-30,Recreate,5
14687,9900,33437,2026-05-10,Recreate,5
14688,2874,37857,2026-02-23,Recreate,5
14689,933,44636,2026-07-07,Recreate,10
14690,4615,4159,2026-07-29,Remix,5
14691,8112,47974,2026-06-26,Recreate,5
14692,8502,21480,2026-05-06,Recreate,5
14693,7725,1291,2026-03-02,Recreate,30
14694,6920,30886,2026-06-16,Remix,10
14695,3003,36999,2026-04-16,Recreate,50
14696,6440,59662,2026-01-22,Engagement Bonus,30
14697,8761,24762,2026-04-29,Recreate,20
14698,6173,48406,2026-03-28,Recreate,20
14699,5606,485,2026-02-25,Recreate,20
14700,4324,28122,2026-08-28,Recreate,30
14701,2417,48082,2026-03-08,Remix,10
14702,3568,48805,2026-06-23,Engagement Bonus,20
14703,8948,4611,2026-05-30,Recreate,100
14704,4751,50908,2026-08-28,Recreate,10
14705,3281,12818,2026-01-12,Recreate,5
14706,8418,23529,2026-07-03,Engagement Bonus,10
14707,3590,45349,2026-01-24,Recreate,20
14708,9785,29292,2026-01-15,Remix,5
14709,9812,27548,2026-02-09,Recreate,10
14710,2652,10235,2026-03-21,Recreate,100
14711,4403,39841,2026-04-14,Recreate,5
14712,8442,118,2026-04-02,Remix,5
14713,1745,16489,2026-06-02,Recreate,20
14714,3856,2806,2026-07-25,Remix,10
14715,1833,57150,2026-06-26,Remix,20
14716,3157,38732,2026-08-12,Recreate,50
14717,549,21891,2026-04-04,Recreate,30
14718,495,6408,2026-08-28,Engagement Bonus,20
14719,3999,2831,2026-04-29,Remix,10
14720,8034,29976,2026-07-06,Recreate,10
14721,1315,5495,2026-08-26,Engagement Bonus,5
14722,4224,30832,2026-07-14,Recreate,5
14723,7651,31133,2026-04-30,Remix,5
14724,9418,8323,2026-04-16,Engagement Bonus,30
14725,9324,35800,2026-02-05,Recreate,20
14726,9758,6444,2026-07-25,Engagement Bonus,10
14727,3510,25833,2026-07-23,Recreate,20
14728,4696,19996,2026-02-25,Recreate,30
14729,3974,54632,2026-04-27,Remix,5
14730,1387,6784,2026-03-28,Engagement Bonus,20
14731,6347,51584,2026-04-28,Recreate,5
14732,4789,11012,2026-07-20,Recreate,50
14733,3513,36492,2026-01-09,Recreate,50
14734,8105,43078,2026-08-27,Recreate,10
14735,5189,28766,2026-01-31,Remix,20
14736,423,44642,2026-08-12,Recreate,10
14737,8178,46872,2026-02-25,Engagement Bonus,20
14738,2770,47630,2026-06-22,Remix,5
14739,2006,42550,2026-02-05,Recreate,30
14740,2748,15418,2026-08-11,Recreate,5
14741,9376,46814,2026-02-05,Recreate,10
14742,573,37983,2026-06-14,Remix,20
14743,2108,28683,2026-04-11,Recreate,10
14744,2132,53526,2026-07-25,Remix,20
14745,982,5098,2026-01-11,Recreate,20
14746,9771,54238,2026-01-10,Remix,20
14747,7276,55737,2026-02-17,Recreate,20
14748,3254,30980,2026-01-03,Engagement Bonus,20
14749,1540,17696,2026-04-25,Recreate,20
14750,8650,33719,2026-04-20,Recreate,5
14751,44,24895,2026-06-09,Recreate,100
14752,7376,38529,2026-07-16,Recreate,20
14753,4492,51559,2026-01-25,Recreate,30
14754,114,33255,2026-04-16,Remix,10
14755,3973,44145,2026-03-06,Recreate,10
14756,2890,32490,2026-02-14,Recreate,5
14757,2833,39973,2026-05-01,Recreate,10
14758,3608,45999,2026-03-12,Recreate,5
14759,3891,11708,2026-04-09,Recreate,5
14760,6566,2388,2026-04-03,Engagement Bonus,10
14761,4552,19760,2026-04-02,Recreate,5
14762,3079,45881,2026-02-05,Recreate,50
14763,7127,29413,2026-04-05,Remix,10
14764,6790,3556,2026-08-12,Recreate,20
14765,3070,47594,2026-05-01,Engagement Bonus,50
14766,8292,19880,2026-08-02,Recreate,10
14767,8265,41601,2026-07-31,Remix,5
14768,8853,38610,2026-02-04,Recreate,50
14769,983,36085,2026-03-23,Recreate,5
14770,1315,33959,2026-02-23,Engagement Bonus,100
14771,2848,29265,2026-03-24,Remix,20
14772,9849,36380,2026-01-27,Recreate,5
14773,799,53,2026-02-24,Engagement Bonus,5
14774,9717,53666,2026-01-28,Recreate,30
14775,6589,2865,2026-04-29,Recreate,20
14776,3760,4016,2026-08-13,Remix,5
14777,1509,20434,2026-01-25,Recreate,10
14778,6966,18551,2026-04-21,Engagement Bonus,5
14779,2063,22106,2026-06-20,Engagement Bonus,10
14780,2794,48995,2026-04-10,Engagement Bonus,30
14781,1943,30496,2026-02-04,Recreate,10
14782,4249,55456,2026-05-02,Recreate,20
14783,1559,9012,2026-07-04,Remix,20
14784,9051,51624,2026-01-22,Recreate,5
14785,7631,7198,2026-03-08,Remix,20
14786,7756,34325,2026-06-12,Recreate,5
14787,2951,16142,2026-05-27,Recreate,100
14788,2493,1389,2026-05-06,Recreate,20
14789,5502,48528,2026-06-23,Remix,10
14790,6459,19513,2026-04-13,Recreate,10
14791,2649,26187,2026-02-07,Recreate,20
14792,7127,28640,2026-05-25,Remix,50
14793,8025,55211,2026-04-05,Remix,5
14794,6048,38716,2026-05-07,Recreate,30
14795,4285,46116,2026-06-10,Recreate,5
14796,9912,47861,2026-05-17,Recreate,5
14797,9372,44156,2026-08-23,Engagement Bonus,10
14798,7253,1137,2026-05-14,Remix,20
14799,7516,47724,2026-01-29,Recreate,20
14800,8836,23272,2026-02-19,Recreate,10
14801,6268,58254,2026-02-25,Engagement Bonus,20
14802,6930,36251,2026-01-07,Recreate,5
14803,1409,7190,2026-01-19,Remix,10
14804,9732,7781,2026-02-24,Remix,20
14805,9534,21271,2026-08-31,Recreate,10
14806,298,39490,2026-01-27,Recreate,10
14807,2831,58862,2026-03-08,Remix,20
14808,5137,57306,2026-01-18,Recreate,5
14809,2586,46301,2026-03-24,Engagement Bonus,5
14810,4165,57435,2026-03-17,Recreate,10
14811,983,5509,2026-08-27,Recreate,30
14812,580,57903,2026-02-01,Recreate,30
14813,9585,57137,2026-04-27,Recreate,30
14814,8137,10173,2026-02-11,Recreate,5
14815,5128,11510,2026-08-16,Recreate,20
14816,3027,24729,2026-01-15,Recreate,10
14817,2652,17125,2026-04-30,Recreate,50
14818,3907,26826,2026-01-18,Engagement Bonus,5
14819,8832,1335,2026-02-07,Recreate,100
14820,3923,28194,2026-03-08,Recreate,20
14821,484,18587,2026-01-30,Recreate,20
14822,7984,36991,2026-07-13,Recreate,20
14823,7804,24917,2026-05-27,Recreate,10
14824,5009,17152,2026-02-13,Engagement Bonus,20
14825,3467,56070,2026-04-27,Remix,20
14826,73,55689,2026-07-10,Recreate,5
14827,8355,31970,2026-02-15,Recreate,30
14828,5181,42603,2026-04-17,Recreate,10
14829,9708,16760,2026-03-27,Engagement Bonus,100
14830,241,23592,2026-05-03,Recreate,30
14831,184,24419,2026-05-30,Recreate,30
14832,921,11593,2026-07-06,Remix,30
14833,5250,16868,2026-06-22,Recreate,20
14834,2250,55841,2026-08-20,Recreate,100
14835,1244,10654,2026-03-24,Recreate,20
14836,4858,23544,2026-01-19,Remix,50
14837,244,33969,2026-05-19,Recreate,5
14838,9649,25760,2026-08-15,Remix,5
14839,3946,46758,2026-08-16,Recreate,30
14840,9997,38931,2026-01-14,Recreate,20
14841,5371,51419,2026-08-03,Remix,50
14842,9700,55182,2026-06-26,Engagement Bonus,10
14843,1809,31512,2026-07-09,Recreate,20
14844,6351,37226,2026-03-09,Remix,5
14845,8228,38502,2026-07-13,Recreate,20
14846,1377,19935,2026-05-13,Remix,20
14847,2543,35252,2026-05-01,Recreate,30
14848,4147,36517,2026-01-26,Recreate,5
14849,8587,16762,2026-07-18,Recreate,10
14850,4348,3115,2026-07-24,Recreate,30
14851,5190,49405,2026-03-16,Recreate,30
14852,9574,41758,2026-04-14,Engagement Bonus,20
14853,4167,46972,2026-03-02,Engagement Bonus,10
14854,5555,24068,2026-05-21,Recreate,50
14855,965,29533,2026-04-16,Recreate,5
14856,8478,18649,2026-01-18,Recreate,5
14857,2969,18193,2026-03-27,Recreate,5
14858,8232,766,2026-03-14,Engagement Bonus,10
14859,8332,39297,2026-06-08,Remix,50
14860,5609,59722,2026-04-10,Recreate,30
14861,6802,31488,2026-03-24,Recreate,10
14862,8799,24362,2026-02-17,Recreate,50
14863,6267,48745,2026-01-09,Recreate,10
14864,439,26547,2026-02-26,Recreate,5
14865,2705,24057,2026-04-09,Recreate,20
14866,73,14408,2026-07-08,Remix,10
14867,6726,58897,2026-05-05,Recreate,5
14868,8807,34601,2026-04-04,Remix,50
14869,4737,40350,2026-03-26,Recreate,5
14870,5403,2976,2026-05-20,Engagement Bonus,10
14871,9796,16158,2026-07-26,Recreate,30
14872,98,52542,2026-04-14,Recreate,100
14873,6935,52674,2026-08-09,Engagement Bonus,5
14874,4073,18728,2026-01-06,Recreate,5
14875,8607,2689,2026-05-22,Recreate,50
14876,5166,32440,2026-06-24,Recreate,5
14877,9587,6603,2026-08-25,Recreate,30
14878,6805,51874,2026-07-25,Remix,10
14879,3620,6041,2026-04-10,Recreate,5
14880,4968,53633,2026-06-09,Remix,5
14881,7495,59162,2026-05-03,Recreate,5
14882,7734,51030,2026-01-09,Remix,100
14883,7804,24917,2026-05-30,Recreate,5
14884,5999,57698,2026-06-07,Remix,30
14885,1818,33569,2026-07-27,Engagement Bonus,50
14886,1830,1197,2026-05-22,Recreate,30
14887,9871,49434,2026-06-28,Remix,5
14888,5011,13619,2026-02-09,Recreate,30
14889,4630,11848,2026-07-10,Recreate,100
14890,6613,56514,2026-03-10,Recreate,5
14891,2272,48606,2026-02-03,Recreate,10
14892,4365,26833,2026-02-15,Engagement Bonus,10
14893,2345,31087,2026-05-13,Engagement Bonus,100
14894,2909,30824,2026-05-16,Engagement Bonus,30
14895,961,45634,2026-08-08,Recreate,30
14896,6961,21603,2026-02-28,Recreate,20
14897,5429,15506,2026-05-05,Remix,10
14898,7425,23428,2026-05-07,Recreate,5
14899,5452,14387,2026-08-16,Remix,5
14900,3194,20187,2026-05-01,Recreate,5
14901,2823,31077,2026-02-15,Recreate,50
14902,9042,57399,2026-06-21,Recreate,100
14903,7837,52672,2026-07-19,Engagement Bonus,5
14904,7832,32721,2026-04-16,Remix,10
14905,8967,3009,2026-02-03,Recreate,20
14906,3352,738,2026-01-13,Remix,5
14907,2339,41675,2026-01-06,Remix,5
14908,9385,53318,2026-07-31,Recreate,100
14909,9401,40568,2026-01-05,Engagement Bonus,30
14910,4000,49431,2026-05-01,Recreate,30
14911,5564,34915,2026-02-14,Recreate,100
14912,1987,8024,2026-06-12,Recreate,20
14913,7056,22177,2026-02-07,Remix,10
14914,4881,39613,2026-01-02,Engagement Bonus,5
14915,4397,18868,2026-08-18,Recreate,20
14916,4047,12981,2026-03-25,Engagement Bonus,5
14917,7464,8632,2026-07-17,Recreate,20
14918,8727,5147,2026-06-30,Recreate,20
14919,7705,55559,2026-08-17,Remix,5
14920,5567,47536,2026-07-06,Remix,20
14921,4969,58190,2026-07-07,Remix,20
14922,4825,44648,2026-01-09,Remix,100
14923,8737,48669,2026-01-18,Remix,30
14924,6240,26580,2026-03-11,Remix,5
14925,7588,9414,2026-07-09,Recreate,20
14926,593,40385,2026-06-02,Remix,10
14927,9873,33441,2026-05-26,Remix,50
14928,2219,10888,2026-08-31,Recreate,5
14929,8937,5643,2026-07-13,Remix,50
14930,2343,35877,2026-02-01,Recreate,10
14931,2947,48339,2026-06-05,Remix,5
14932,377,42714,2026-04-02,Recreate,20
14933,2788,58229,2026-06-24,Remix,100
14934,4428,42191,2026-05-28,Recreate,10
14935,7088,28262,2026-02-10,Engagement Bonus,5
14936,7783,53474,2026-08-02,Recreate,20
14937,6288,24807,2026-06-04,Recreate,20
14938,5114,35365,2026-03-13,Remix,10
14939,984,14695,2026-01-09,Recreate,10
14940,7390,19580,2026-08-12,Recreate,5
14941,9953,46737,2026-08-09,Recreate,20
14942,6259,46096,2026-01-28,Engagement Bonus,30
14943,7814,41450,2026-07-01,Recreate,20
14944,5763,6935,2026-07-10,Remix,20
14945,8369,3934,2026-02-27,Recreate,100
14946,8888,5655,2026-06-27,Recreate,5
14947,2628,50269,2026-06-23,Recreate,10
14948,749,25557,2026-04-07,Recreate,10
14949,1151,31110,2026-06-04,Recreate,5
14950,3888,38652,2026-04-08,Recreate,10
14951,5732,20428,2026-05-29,Recreate,100
14952,3420,25873,2026-04-12,Engagement Bonus,5
14953,424,39685,2026-01-16,Remix,10
14954,88,37085,2026-04-24,Recreate,10
14955,3504,45229,2026-05-14,Recreate,30
14956,4699,49754,2026-08-19,Recreate,30
14957,3255,10300,2026-03-06,Remix,10
14958,8759,17879,2026-05-23,Remix,20
14959,9927,30952,2026-07-01,Recreate,5
14960,4139,37933,2026-02-21,Engagement Bonus,30
14961,935,33574,2026-08-07,Remix,5
14962,9817,913,2026-06-23,Recreate,10
14963,9090,6957,2026-02-21,Recreate,20
14964,993,3235,2026-04-08,Remix,100
14965,9730,30906,2026-05-08,Recreate,10
14966,6353,18062,2026-04-02,Recreate,5
14967,1153,15637,2026-02-04,Remix,30
14968,233,25339,2026-05-24,Recreate,5
14969,1669,55896,2026-04-30,Recreate,30
14970,5930,18555,2026-03-25,Recreate,10
14971,9877,22972,2026-01-29,Remix,30
14972,1048,51342,2026-01-15,Engagement Bonus,30
14973,8973,6399,2026-08-23,Remix,10
14974,4148,15222,2026-06-28,Recreate,5
14975,7881,32030,2026-04-09,Recreate,20
14976,8799,33965,2026-03-15,Remix,20
14977,4098,16096,2026-05-24,Recreate,30
14978,4983,43606,2026-02-05,Recreate,20
14979,3739,32427,2026-04-23,Remix,10
14980,5311,45269,2026-02-13,Recreate,5
14981,4431,20792,2026-04-20,Recreate,10
14982,6399,56344,2026-06-05,Recreate,100
14983,9391,2753,2026-07-24,Remix,50
14984,629,22673,2026-06-04,Recreate,20
14985,8089,57760,2026-02-25,Recreate,5
14986,6761,13949,2026-06-30,Engagement Bonus,5
14987,779,35838,2026-01-29,Engagement Bonus,5
14988,2384,22014,2026-06-09,Engagement Bonus,100
14989,9488,53231,2026-08-27,Recreate,30
14990,317,54098,2026-05-06,Remix,30
14991,7835,52050,2026-07-17,Remix,20
14992,6683,18701,2026-06-26,Remix,20
14993,4711,44836,2026-03-28,Remix,20
14994,8302,55012,2026-03-13,Recreate,10
14995,29,26546,2026-08-01,Recreate,10
14996,8938,38537,2026-03-06,Remix,100
14997,2323,57523,2026-02-01,Recreate,10
14998,7765,4592,2026-04-10,Recreate,100
14999,1907,2493,2026-03-08,Recreate,20
15000,4577,46645,2026-04-22,Engagement Bonus,30
15001,5281,38187,2026-08-18,Recreate,5
15002,6814,2107,2026-02-03,Remix,50
15003,5581,2826,2026-02-25,Recreate,5
15004,2983,25124,2026-02-19,Remix,50
15005,9039,39809,2026-04-02,Recreate,20
15006,3721,13257,2026-08-26,Recreate,30
15007,9613,6761,2026-04-20,Recreate,5
15008,5265,37986,2026-03-03,Recreate,20
15009,1707,52656,2026-04-23,Recreate,20
15010,7217,41844,2026-04-08,Recreate,5
15011,5087,49878,2026-02-10,Recreate,5
15012,774,10200,2026-02-25,Recreate,100
15013,2628,52451,2026-08-01,Recreate,10
15014,7793,48166,2026-07-07,Recreate,10
15015,6406,34277,2026-08-26,Recreate,10
15016,3758,15173,2026-08-19,Remix,100
15017,3923,15353,2026-05-09,Recreate,30
15018,9295,42225,2026-04-30,Recreate,5
15019,4935,13983,2026-06-15,Recreate,5
15020,389,45012,2026-05-07,Engagement Bonus,10
15021,5203,32757,2026-06-27,Engagement Bonus,10
15022,867,45405,2026-05-10,Recreate,10
15023,9641,34994,2026-08-22,Remix,10
15024,8942,15774,2026-03-04,Recreate,5
15025,1734,31303,2026-06-29,Remix,5
15026,5574,4704,2026-05-26,Remix,10
15027,5926,42081,2026-01-09,Remix,100
15028,2374,15203,2026-04-03,Recreate,20
15029,1700,56637,2026-01-19,Engagement Bonus,10
15030,7468,41671,2026-01-01,Recreate,20
15031,1641,56191,2026-07-22,Recreate,5
15032,7828,48898,2026-03-02,Remix,10
15033,4802,51146,2026-04-24,Recreate,50
15034,3171,31192,2026-06-23,Recreate,20
15035,2303,59032,2026-05-30,Recreate,30
15036,9897,15020,2026-03-15,Engagement Bonus,100
15037,387,91,2026-04-12,Recreate,10
15038,6135,49963,2026-07-30,Recreate,50
15039,8979,14940,2026-01-04,Engagement Bonus,50
15040,6532,44210,2026-08-23,Remix,5
15041,8166,27367,2026-04-29,Recreate,50
15042,3721,15786,2026-05-03,Engagement Bonus,50
15043,8370,34827,2026-08-29,Recreate,30
15044,2783,13217,2026-08-22,Recreate,20
15045,2654,2007,2026-04-16,Remix,30
15046,4920,14233,2026-01-16,Engagement Bonus,5
15047,6276,13624,2026-05-04,Recreate,10
15048,6513,21362,2026-06-11,Remix,30
15049,2618,59814,2026-05-18,Recreate,20
15050,4667,33411,2026-04-18,Recreate,100
15051,6391,36006,2026-06-28,Remix,10
15052,9566,5887,2026-06-21,Recreate,20
15053,8258,49128,2026-01-27,Recreate,20
15054,1622,55551,2026-05-18,Engagement Bonus,10
15055,6487,36606,2026-05-21,Recreate,20
15056,444,55637,2026-05-24,Engagement Bonus,20
15057,7871,21310,2026-05-09,Recreate,10
15058,3070,44226,2026-08-19,Recreate,5
15059,3425,39412,2026-02-12,Recreate,20
15060,5417,42785,2026-08-26,Remix,10
15061,4079,47226,2026-05-15,Engagement Bonus,5
15062,2734,22788,2026-01-01,Recreate,5
15063,8465,28439,2026-07-20,Recreate,20
15064,6024,43441,2026-06-04,Recreate,5
15065,8408,6903,2026-05-28,Remix,5
15066,6946,36664,2026-08-15,Remix,20
15067,7008,39203,2026-06-28,Recreate,5
15068,5872,49221,2026-03-13,Remix,10
15069,5573,56487,2026-07-12,Recreate,30
15070,974,29639,2026-08-07,Recreate,5
15071,6468,3945,2026-05-03,Remix,5
15072,7665,11254,2026-06-28,Recreate,20
15073,1602,27240,2026-08-10,Engagement Bonus,20
15074,6241,56853,2026-05-28,Engagement Bonus,10
15075,1807,33442,2026-06-10,Remix,10
15076,6131,44327,2026-07-20,Recreate,5
15077,3665,28643,2026-04-02,Remix,20
15078,7459,43126,2026-08-06,Recreate,10
15079,881,42166,2026-06-22,Recreate,5
15080,1046,59553,2026-07-29,Recreate,5
15081,3161,29885,2026-08-21,Recreate,30
15082,2273,15102,2026-04-10,Recreate,20
15083,1076,56389,2026-06-14,Engagement Bonus,50
15084,6009,6011,2026-04-13,Remix,20
15085,3301,41564,2026-06-19,Engagement Bonus,5
15086,9653,19851,2026-07-23,Recreate,30
15087,3769,32059,2026-05-17,Recreate,30
15088,4624,55385,2026-07-24,Engagement Bonus,30
15089,8755,38350,2026-05-12,Engagement Bonus,5
15090,3340,52045,2026-08-21,Recreate,50
15091,4067,19182,2026-05-06,Remix,20
15092,4576,42883,2026-04-19,Recreate,30
15093,7383,57897,2026-02-03,Engagement Bonus,30
15094,5142,13782,2026-01-09,Recreate,20
15095,2346,56045,2026-07-02,Recreate,5
15096,1854,25882,2026-04-22,Recreate,50
15097,674,34333,2026-02-12,Remix,10
15098,3231,40761,2026-04-27,Recreate,10
15099,1576,16082,2026-04-01,Recreate,20
15100,6852,54817,2026-07-09,Recreate,10
15101,1289,15336,2026-07-28,Recreate,5
15102,5374,39933,2026-04-29,Engagement Bonus,5
15103,996,39730,2026-05-25,Remix,30
15104,1916,7601,2026-08-26,Remix,30
15105,4091,33068,2026-06-25,Recreate,10
15106,103,57849,2026-08-06,Recreate,20
15107,5480,47264,2026-03-22,Recreate,30
15108,422,6580,2026-08-11,Recreate,50
15109,4170,40742,2026-06-02,Recreate,5
15110,6691,19560,2026-02-07,Remix,10
15111,2650,24061,2026-01-28,Recreate,5
15112,9682,45173,2026-08-18,Engagement Bonus,100
15113,8796,28285,2026-05-28,Recreate,50
15114,547,15626,2026-03-07,Recreate,10
15115,1784,44961,2026-06-16,Recreate,5
15116,6560,9486,2026-05-26,Remix,5
15117,9592,41225,2026-03-11,Recreate,100
15118,4549,43738,2026-07-29,Remix,30
15119,8273,42572,2026-07-07,Recreate,20
15120,9384,27516,2026-04-16,Recreate,30
15121,3161,52503,2026-01-31,Recreate,5
15122,5689,49094,2026-03-09,Remix,10
15123,1360,52518,2026-05-27,Remix,5
15124,9403,9953,2026-06-29,Recreate,10
15125,799,14653,2026-07-06,Recreate,5
15126,2070,7688,2026-08-11,Engagement Bonus,50
15127,6714,47008,2026-05-01,Recreate,100
15128,9076,15272,2026-06-22,Recreate,20
15129,7458,49027,2026-02-24,Recreate,10
15130,3199,59682,2026-07-08,Recreate,30
15131,4023,42270,2026-06-02,Recreate,20
15132,4628,8534,2026-05-08,Recreate,5
15133,1603,37056,2026-02-18,Engagement Bonus,10
15134,9640,8124,2026-03-06,Engagement Bonus,5
15135,2398,25715,2026-08-03,Recreate,5
15136,7183,52679,2026-02-06,Recreate,5
15137,4998,54385,2026-04-29,Remix,5
15138,497,2368,2026-08-13,Remix,10
15139,5624,47275,2026-03-12,Remix,10
15140,7920,4212,2026-04-26,Recreate,5
15141,2209,32167,2026-01-01,Recreate,20
15142,3095,17703,2026-08-02,Recreate,20
15143,4711,26121,2026-02-19,Engagement Bonus,10
15144,7506,50967,2026-04-28,Remix,5
15145,7638,26755,2026-08-16,Recreate,10
15146,8455,30447,2026-04-11,Recreate,10
15147,6752,40153,2026-01-12,Recreate,50
15148,4470,22126,2026-03-25,Recreate,20
15149,998,29940,2026-08-12,Recreate,10
15150,1454,512,2026-04-17,Recreate,10
15151,5823,16483,2026-06-12,Recreate,20
15152,2488,58735,2026-08-30,Remix,50
15153,7102,19139,2026-06-02,Recreate,5
15154,8016,50926,2026-06-10,Recreate,30
15155,8367,21666,2026-06-08,Remix,10
15156,5054,1333,2026-05-23,Recreate,10
15157,1467,58946,2026-08-01,Remix,10
15158,4675,5318,2026-03-19,Remix,5
15159,5549,20804,2026-02-25,Remix,5
15160,6407,34318,2026-04-02,Engagement Bonus,5
15161,147,8421,2026-03-24,Remix,5
15162,1956,24191,2026-02-08,Remix,5
15163,6693,52208,2026-05-03,Engagement Bonus,5
15164,3515,17832,2026-01-25,Recreate,30
15165,1292,58881,2026-01-03,Engagement Bonus,30
15166,8465,17078,2026-02-22,Recreate,5
15167,926,49360,2026-07-12,Recreate,50
15168,2441,10555,2026-04-18,Recreate,10
15169,8729,32593,2026-06-08,Engagement Bonus,5
15170,3010,16608,2026-03-15,Remix,10
15171,2107,41363,2026-08-29,Recreate,50
15172,4578,19608,2026-08-02,Remix,100
15173,8580,16335,2026-01-28,Recreate,10
15174,9557,17236,2026-07-13,Remix,10
15175,7968,25184,2026-05-26,Remix,10
15176,6899,3429,2026-05-03,Engagement Bonus,20
15177,6693,55519,2026-01-03,Recreate,5
15178,8132,57426,2026-01-02,Recreate,5
15179,7375,46624,2026-04-21,Recreate,10
15180,4063,29656,2026-03-27,Recreate,10
15181,1046,53165,2026-05-27,Engagement Bonus,5
15182,3712,16230,2026-03-30,Recreate,5
15183,1341,18804,2026-04-23,Remix,20
15184,3474,20715,2026-05-12,Recreate,20
15185,403,8585,2026-07-09,Remix,10
15186,6234,3942,2026-01-24,Recreate,30
15187,4794,8757,2026-02-18,Recreate,10
15188,980,6010,2026-08-14,Remix,10
15189,8690,38501,2026-05-31,Recreate,5
15190,65,34182,2026-05-14,Recreate,100
15191,3367,58029,2026-07-28,Remix,20
15192,1201,57031,2026-02-17,Remix,5
15193,1277,15801,2026-05-17,Recreate,10
15194,5177,16105,2026-03-11,Remix,5
15195,3855,23013,2026-02-22,Remix,100
15196,3318,6403,2026-08-24,Recreate,100
15197,962,55402,2026-01-08,Remix,100
15198,4117,41501,2026-03-16,Engagement Bonus,20
15199,2554,51226,2026-03-09,Recreate,100
15200,2937,498,2026-07-18,Recreate,30
15201,4941,42242,2026-03-04,Recreate,30
15202,5195,53684,2026-06-05,Recreate,100
15203,2367,11391,2026-02-11,Recreate,5
15204,3486,51618,2026-06-30,Recreate,5
15205,7173,1401,2026-02-12,Recreate,20
15206,8980,34389,2026-06-03,Recreate,5
15207,3684,31935,2026-08-11,Recreate,50
15208,1949,43917,2026-03-31,Recreate,10
15209,2545,17437,2026-02-16,Remix,5
15210,8436,29864,2026-02-08,Remix,20
15211,384,32406,2026-02-07,Engagement Bonus,5
15212,8161,7737,2026-03-29,Recreate,50
15213,4745,6015,2026-02-21,Recreate,100
15214,1117,18254,2026-06-28,Recreate,10
15215,3546,3004,2026-05-30,Recreate,5
15216,3007,53029,2026-08-06,Engagement Bonus,50
15217,2964,49407,2026-03-25,Remix,5
15218,1967,54369,2026-05-15,Remix,100
15219,7162,44746,2026-03-06,Recreate,5
15220,3519,16645,2026-08-28,Engagement Bonus,5
15221,1716,56215,2026-03-16,Remix,5
15222,5871,36717,2026-03-01,Recreate,5
15223,6001,58417,2026-03-08,Recreate,10
15224,1880,29903,2026-07-28,Remix,5
15225,5395,57593,2026-03-09,Recreate,5
15226,5860,9686,2026-02-18,Remix,20
15227,6150,31987,2026-03-23,Recreate,30
15228,4908,27452,2026-08-19,Recreate,20
15229,9682,50455,2026-01-17,Recreate,10
15230,1173,24737,2026-07-25,Recreate,5
15231,8992,46864,2026-07-31,Engagement Bonus,10
15232,4855,41069,2026-04-14,Remix,50
15233,2293,50599,2026-04-27,Recreate,5
15234,8896,32474,2026-06-10,Remix,5
15235,4129,46668,2026-08-12,Recreate,50
15236,6322,898,2026-07-07,Engagement Bonus,10
15237,2004,6310,2026-02-13,Recreate,10
15238,1972,7233,2026-05-31,Engagement Bonus,10
15239,8642,59031,2026-05-10,Remix,10
15240,6473,38454,2026-07-13,Remix,10
15241,1720,25747,2026-03-25,Remix,20
15242,2464,1558,2026-07-24,Recreate,10
15243,4109,49084,2026-01-12,Recreate,5
15244,8282,58494,2026-06-19,Recreate,10
15245,7344,53516,2026-03-30,Remix,10
15246,1816,10209,2026-01-04,Engagement Bonus,30
15247,6192,17371,2026-04-16,Remix,20
15248,6418,46683,2026-06-19,Engagement Bonus,20
15249,5153,25258,2026-08-10,Engagement Bonus,5
15250,7170,41032,2026-06-13,Recreate,20
15251,3650,37478,2026-03-20,Recreate,5
15252,89,38769,2026-03-01,Remix,5
15253,814,57594,2026-03-23,Remix,5
15254,8873,44462,2026-08-03,Engagement Bonus,50
15255,867,39753,2026-05-12,Remix,5
15256,9617,32822,2026-08-19,Engagement Bonus,100
15257,2357,35106,2026-04-24,Engagement Bonus,20
15258,9456,19142,2026-02-16,Recreate,30
15259,409,43425,2026-04-24,Recreate,50
15260,8754,17685,2026-04-10,Recreate,5
15261,148,52167,2026-03-27,Remix,20
15262,8180,13139,2026-01-22,Recreate,10
15263,1604,19933,2026-03-20,Engagement Bonus,20
15264,9424,24008,2026-04-13,Recreate,30
15265,8997,17745,2026-02-07,Recreate,50
15266,6505,19850,2026-04-16,Recreate,5
15267,6961,21603,2026-05-23,Recreate,10
15268,5079,58903,2026-04-30,Recreate,10
15269,6322,14844,2026-06-11,Remix,20
15270,9352,1790,2026-06-07,Recreate,5
15271,262,10457,2026-08-01,Recreate,5
15272,6350,389,2026-06-05,Recreate,5
15273,4595,15115,2026-06-16,Recreate,10
15274,4422,54350,2026-05-30,Remix,50
15275,1274,21049,2026-03-12,Recreate,20
15276,6683,34553,2026-06-12,Recreate,5
15277,4097,46937,2026-07-24,Recreate,5
15278,1791,5675,2026-03-11,Recreate,10
15279,9980,34977,2026-02-02,Recreate,10
15280,9859,36656,2026-06-07,Recreate,30
15281,2941,17983,2026-08-15,Remix,5
15282,2628,52451,2026-01-28,Recreate,20
15283,6408,6325,2026-08-19,Recreate,50
15284,192,30926,2026-07-10,Recreate,10
15285,3591,28936,2026-04-24,Remix,30
15286,745,2372,2026-03-09,Remix,20
15287,8499,24373,2026-07-18,Recreate,10
15288,3335,22713,2026-03-06,Recreate,5
15289,2070,7701,2026-01-02,Remix,5
15290,580,52907,2026-03-01,Recreate,10
15291,8539,2210,2026-07-27,Remix,5
15292,936,44499,2026-01-16,Recreate,5
15293,5766,3485,2026-08-21,Remix,5
15294,3639,32025,2026-02-20,Engagement Bonus,50
15295,2293,29236,2026-03-15,Remix,20
15296,112,45132,2026-02-15,Recreate,50
15297,2096,57273,2026-05-16,Recreate,10
15298,3267,34316,2026-01-16,Recreate,100
15299,9879,17085,2026-02-25,Remix,5
15300,2158,1698,2026-03-24,Remix,10
15301,6421,28519,2026-06-06,Recreate,5
15302,7026,8471,2026-06-23,Remix,100
15303,5256,13320,2026-05-03,Recreate,20
15304,1004,59080,2026-07-14,Remix,10
15305,6591,17936,2026-04-21,Recreate,10
15306,9997,34518,2026-03-09,Recreate,10
15307,372,30661,2026-06-16,Engagement Bonus,10
15308,4718,26218,2026-07-15,Remix,10
15309,2667,14751,2026-03-08,Recreate,5
15310,5366,56639,2026-08-27,Remix,10
15311,5077,3511,2026-01-07,Remix,100
15312,3461,14824,2026-08-11,Remix,5
15313,3112,15949,2026-03-17,Recreate,20
15314,3073,42850,2026-03-19,Recreate,5
15315,8291,8932,2026-02-21,Recreate,10
15316,3247,54999,2026-02-06,Recreate,100
15317,5851,57513,2026-05-12,Recreate,20
15318,7927,1091,2026-04-30,Recreate,10
15319,8359,31719,2026-05-06,Remix,20
15320,7531,20702,2026-07-11,Recreate,5
15321,5597,18944,2026-01-12,Recreate,100
15322,2108,28683,2026-01-11,Remix,10
15323,766,33787,2026-07-04,Remix,100
15324,1118,12539,2026-05-31,Recreate,100
15325,7307,49494,2026-01-13,Recreate,10
15326,3176,42223,2026-03-03,Recreate,5
15327,4410,45415,2026-01-02,Recreate,10
15328,9724,14590,2026-03-29,Recreate,5
15329,7810,37102,2026-01-12,Recreate,10
15330,3526,44804,2026-05-29,Recreate,30
15331,5543,56972,2026-02-24,Remix,30
15332,7124,21295,2026-04-10,Recreate,20
15333,8485,8650,2026-01-22,Recreate,20
15334,5658,39743,2026-06-09,Recreate,50
15335,1226,23642,2026-06-08,Recreate,50
15336,8369,57550,2026-06-25,Recreate,10
15337,1070,13049,2026-02-08,Remix,30
15338,9884,44521,2026-01-24,Recreate,20
15339,3258,25144,2026-01-17,Recreate,5
15340,3406,33678,2026-06-24,Recreate,5
15341,9919,10315,2026-04-24,Remix,20
15342,9882,58105,2026-06-22,Remix,10
15343,1917,6968,2026-03-29,Remix,50
15344,1398,26359,2026-02-27,Engagement Bonus,50
15345,5600,42571,2026-04-27,Remix,10
15346,5687,37358,2026-05-21,Engagement Bonus,20
15347,9468,3267,2026-04-05,Remix,20
15348,2608,37433,2026-08-18,Remix,20
15349,8385,8748,2026-02-23,Engagement Bonus,50
15350,7620,1712,2026-06-06,Engagement Bonus,30
15351,6185,42375,2026-04-02,Recreate,100
15352,2406,12620,2026-07-25,Recreate,10
15353,2273,12775,2026-02-04,Recreate,10
15354,4567,7896,2026-02-01,Recreate,20
15355,5632,28597,2026-04-01,Recreate,30
15356,6348,53728,2026-03-26,Recreate,50
15357,5745,7618,2026-08-29,Recreate,10
15358,6322,8772,2026-03-24,Recreate,20
15359,5523,20063,2026-08-28,Engagement Bonus,100
15360,9675,45772,2026-03-31,Remix,5
15361,3298,40286,2026-06-11,Recreate,30
15362,2757,18911,2026-07-04,Remix,5
15363,9799,59037,2026-04-09,Engagement Bonus,10
15364,832,18431,2026-07-23,Remix,20
15365,6149,6303,2026-06-17,Recreate,5
15366,5282,23416,2026-06-12,Recreate,50
15367,6115,14831,2026-03-04,Recreate,10
15368,8807,25226,2026-04-11,Recreate,5
15369,9046,12605,2026-02-24,Recreate,20
15370,6665,41403,2026-06-03,Recreate,5
15371,1504,7442,2026-04-28,Recreate,10
15372,6471,45596,2026-06-07,Recreate,20
15373,1293,29388,2026-03-01,Recreate,10
15374,1409,11638,2026-07-21,Engagement Bonus,10
15375,1151,57380,2026-07-24,Remix,30
15376,9910,38743,2026-03-23,Recreate,100
15377,5055,24717,2026-05-20,Recreate,10
15378,4231,18398,2026-01-09,Remix,100
15379,9312,49060,2026-03-28,Recreate,20
15380,9709,21115,2026-05-06,Recreate,20
15381,3250,8827,2026-01-09,Recreate,5
15382,786,35160,2026-03-19,Remix,5
15383,4830,25886,2026-04-17,Remix,5
15384,5420,8472,2026-01-03,Remix,5
15385,1911,28484,2026-01-29,Recreate,20
15386,9811,1955,2026-07-04,Remix,10
15387,4264,14173,2026-05-31,Recreate,20
15388,4216,37267,2026-03-23,Remix,5
15389,3385,4818,2026-02-09,Remix,20
15390,7372,3979,2026-03-19,Recreate,30
15391,1688,21789,2026-02-01,Recreate,5
15392,2881,52158,2026-05-06,Recreate,5
15393,3064,40922,2026-08-18,Remix,5
15394,288,46284,2026-08-16,Engagement Bonus,20
15395,2206,22649,2026-02-11,Engagement Bonus,20
15396,9740,45820,2026-05-24,Recreate,100
15397,5492,51213,2026-08-13,Engagement Bonus,5
15398,5644,2413,2026-07-08,Recreate,5
15399,2344,27222,2026-03-31,Engagement Bonus,5
15400,2781,1076,2026-03-01,Recreate,20
15401,3085,45695,2026-08-11,Recreate,10
15402,7032,38112,2026-02-26,Recreate,10
15403,109,53472,2026-08-28,Recreate,10
15404,1689,4100,2026-06-09,Remix,20
15405,4963,24473,2026-07-10,Engagement Bonus,50
15406,8454,57637,2026-01-05,Recreate,10
15407,9995,39897,2026-03-08,Recreate,50
15408,4337,6114,2026-03-26,Engagement Bonus,30
15409,2665,9886,2026-01-18,Recreate,50
15410,2518,20081,2026-03-23,Engagement Bonus,20
15411,8034,50306,2026-02-23,Recreate,20
15412,6184,43334,2026-07-22,Recreate,20
15413,4706,35612,2026-07-16,Remix,5
15414,6531,54679,2026-05-19,Recreate,10
15415,7033,46161,2026-06-04,Remix,10
15416,2172,27036,2026-05-19,Remix,20
15417,972,20173,2026-08-13,Engagement Bonus,50
15418,7257,9122,2026-05-27,Engagement Bonus,10
15419,1049,42211,2026-05-27,Remix,10
15420,907,18271,2026-06-27,Remix,20
15421,2321,57537,2026-01-05,Recreate,10
15422,5458,31296,2026-02-26,Recreate,10
15423,8144,31577,2026-02-09,Engagement Bonus,20
15424,8777,15350,2026-07-15,Recreate,100
15425,4670,46555,2026-06-30,Remix,50
15426,2280,3031,2026-03-10,Recreate,5
15427,8453,55106,2026-06-20,Recreate,20
15428,1069,5185,2026-01-11,Remix,5
15429,3718,29845,2026-01-04,Recreate,5
15430,8049,7325,2026-08-01,Remix,10
15431,8174,38551,2026-03-03,Engagement Bonus,50
15432,696,35772,2026-07-07,Recreate,10
15433,3794,32814,2026-04-14,Recreate,10
15434,2171,1633,2026-04-14,Engagement Bonus,10
15435,882,53588,2026-01-05,Recreate,5
15436,3593,26480,2026-04-09,Engagement Bonus,20
15437,7626,24649,2026-02-28,Engagement Bonus,10
15438,5575,56533,2026-06-17,Recreate,20
15439,8205,1686,2026-07-18,Remix,5
15440,1221,32053,2026-05-22,Remix,100
15441,5827,20594,2026-04-08,Remix,20
15442,439,37276,2026-05-02,Recreate,20
15443,5925,37683,2026-03-25,Recreate,10
15444,8546,44064,2026-08-16,Remix,50
15445,7528,58394,2026-08-17,Recreate,10
15446,7146,17473,2026-05-20,Recreate,5
15447,613,7816,2026-07-29,Recreate,20
15448,735,25644,2026-04-02,Engagement Bonus,20
15449,7741,56658,2026-06-19,Remix,30
15450,501,48572,2026-06-04,Remix,30
15451,2422,36432,2026-05-16,Recreate,30
15452,9436,20000,2026-04-03,Remix,20
15453,9183,9187,2026-07-25,Engagement Bonus,20
15454,5610,28483,2026-04-03,Recreate,100
15455,5538,58340,2026-01-26,Engagement Bonus,10
15456,4922,20485,2026-05-04,Recreate,100
15457,6565,58059,2026-01-15,Recreate,5
15458,6853,17349,2026-03-12,Recreate,20
15459,6409,28791,2026-06-03,Engagement Bonus,10
15460,1122,1606,2026-07-21,Remix,5
15461,8487,48387,2026-08-06,Remix,100
15462,437,55873,2026-07-29,Recreate,100
15463,7048,54303,2026-01-18,Recreate,20
15464,897,53311,2026-05-25,Recreate,5
15465,4744,43825,2026-08-02,Recreate,20
15466,981,47759,2026-02-23,Engagement Bonus,50
15467,9272,48760,2026-04-14,Recreate,30
15468,7301,24226,2026-04-21,Recreate,10
15469,3225,26868,2026-08-22,Remix,20
15470,1631,25060,2026-05-27,Recreate,10
15471,8545,16826,2026-03-29,Recreate,5
15472,7794,21872,2026-06-05,Remix,20
15473,4302,52825,2026-05-15,Remix,5
15474,1492,27019,2026-04-10,Remix,30
15475,916,1400,2026-07-24,Remix,5
15476,5268,40738,2026-05-01,Engagement Bonus,10
15477,7022,35094,2026-01-10,Engagement Bonus,100
15478,3213,16360,2026-07-20,Recreate,50
15479,4870,29439,2026-06-10,Recreate,30
15480,2835,25631,2026-04-02,Recreate,20
15481,4887,10912,2026-03-16,Engagement Bonus,50
15482,3671,33865,2026-07-03,Recreate,5
15483,5017,46569,2026-03-05,Recreate,30
15484,7227,50929,2026-04-26,Engagement Bonus,5
15485,6220,15321,2026-08-31,Recreate,20
15486,8006,53388,2026-03-12,Remix,5
15487,8716,18946,2026-07-16,Recreate,20
15488,6765,55059,2026-08-27,Recreate,20
15489,2831,30050,2026-04-26,Recreate,5
15490,3982,24863,2026-05-12,Recreate,10
15491,4600,52720,2026-01-22,Engagement Bonus,50
15492,6055,35903,2026-01-08,Remix,10
15493,4725,9026,2026-01-15,Engagement Bonus,5
15494,68,37378,2026-08-28,Engagement Bonus,10
15495,8503,16591,2026-08-25,Recreate,20
15496,4776,52469,2026-01-22,Recreate,100
15497,2126,55424,2026-01-30,Remix,5
15498,5546,23635,2026-01-12,Recreate,5
15499,297,30441,2026-01-19,Recreate,10
15500,6496,29558,2026-06-15,Recreate,5
15501,8616,37211,2026-03-25,Recreate,100
15502,9591,49790,2026-01-18,Recreate,10
15503,3361,43224,2026-07-31,Remix,10
15504,2871,21547,2026-05-03,Remix,100
15505,6796,25643,2026-04-18,Recreate,10
15506,1956,24191,2026-03-09,Recreate,5
15507,27,49239,2026-01-28,Recreate,5
15508,7088,58298,2026-08-07,Remix,10
15509,8368,44677,2026-01-11,Remix,20
15510,9209,3724,2026-08-17,Recreate,5
15511,5253,43560,2026-07-30,Recreate,20
15512,5733,40645,2026-05-14,Recreate,5
15513,8253,30785,2026-01-14,Engagement Bonus,20
15514,7688,17368,2026-05-05,Recreate,30
15515,6732,54809,2026-02-13,Remix,20
15516,7637,33079,2026-03-15,Recreate,20
15517,4912,21363,2026-01-23,Recreate,10
15518,914,28386,2026-01-21,Remix,30
15519,3833,57400,2026-06-10,Remix,10
15520,9828,30917,2026-07-23,Engagement Bonus,20
15521,6441,48639,2026-05-18,Remix,5
15522,1001,15540,2026-08-11,Recreate,100
15523,2231,57864,2026-07-17,Recreate,20
15524,2826,11062,2026-01-02,Remix,30
15525,3156,54903,2026-07-14,Recreate,10
15526,521,10469,2026-02-13,Recreate,5
15527,6373,35731,2026-06-18,Engagement Bonus,10
15528,7354,7161,2026-02-01,Remix,5
15529,5458,41222,2026-03-11,Engagement Bonus,20
15530,6463,14375,2026-05-25,Recreate,20
15531,364,397,2026-07-20,Remix,5
15532,8620,32595,2026-03-28,Engagement Bonus,5
15533,2543,16611,2026-06-08,Engagement Bonus,10
15534,6459,17857,2026-07-24,Recreate,20
15535,1776,2473,2026-02-08,Recreate,10
15536,8487,23321,2026-03-20,Remix,30
15537,7857,47025,2026-01-27,Recreate,20
15538,6511,51977,2026-01-20,Recreate,20
15539,6544,42277,2026-08-16,Engagement Bonus,10
15540,2733,25999,2026-03-03,Remix,10
15541,6689,56188,2026-01-04,Recreate,20
15542,4559,29284,2026-01-22,Recreate,30
15543,344,13005,2026-04-19,Recreate,5
15544,4856,57516,2026-08-18,Recreate,20
15545,4919,43102,2026-07-15,Recreate,5
15546,5647,11023,2026-02-18,Recreate,50
15547,7797,10740,2026-01-22,Recreate,50
15548,6731,35862,2026-01-03,Remix,20
15549,1399,35420,2026-07-03,Engagement Bonus,20
15550,9592,52865,2026-06-15,Engagement Bonus,5
15551,9845,21771,2026-05-17,Engagement Bonus,20
15552,4417,55764,2026-04-20,Remix,10
15553,2985,22702,2026-06-09,Engagement Bonus,5
15554,2473,23686,2026-08-25,Recreate,20
15555,1387,6784,2026-02-26,Recreate,20
15556,8127,13480,2026-02-09,Recreate,100
15557,1925,16614,2026-08-23,Engagement Bonus,50
15558,6411,30709,2026-06-14,Engagement Bonus,10
15559,6093,31920,2026-06-21,Recreate,50
15560,9156,37600,2026-04-07,Recreate,10
15561,6780,56855,2026-06-27,Remix,50
15562,9289,59701,2026-05-20,Remix,50
15563,7637,54302,2026-02-26,Recreate,100
15564,5974,5184,2026-01-03,Remix,50
15565,65,34182,2026-03-27,Engagement Bonus,50
15566,2156,48419,2026-08-11,Recreate,5
15567,4376,29185,2026-06-05,Recreate,5
15568,484,5257,2026-06-17,Recreate,100
15569,2878,13620,2026-04-01,Recreate,5
15570,8691,21035,2026-01-26,Engagement Bonus,5
15571,9526,51645,2026-08-26,Recreate,10
15572,8936,7985,2026-07-17,Engagement Bonus,20
15573,230,54647,2026-03-24,Recreate,100
15574,9829,24784,2026-06-27,Recreate,10
15575,6238,46259,2026-07-22,Recreate,10
15576,2347,996,2026-04-15,Recreate,10
15577,9108,21100,2026-06-04,Remix,30
15578,5013,48278,2026-03-21,Engagement Bonus,5
15579,967,1347,2026-03-27,Remix,10
15580,8318,28406,2026-07-31,Recreate,20
15581,2401,15935,2026-08-28,Recreate,5
15582,47,6211,2026-02-08,Remix,10
15583,9620,50819,2026-01-03,Recreate,20
15584,1482,49285,2026-08-16,Recreate,10
15585,3246,52993,2026-07-31,Engagement Bonus,20
15586,496,36200,2026-05-22,Recreate,30
15587,8668,954,2026-05-06,Recreate,30
15588,3132,4183,2026-01-01,Remix,10
15589,8795,32388,2026-08-19,Remix,30
15590,6929,19293,2026-03-29,Remix,30
15591,6000,17930,2026-05-08,Engagement Bonus,50
15592,738,58301,2026-01-18,Recreate,20
15593,1309,20477,2026-07-25,Engagement Bonus,10
15594,6787,34444,2026-03-30,Remix,100
15595,4955,49594,2026-05-25,Engagement Bonus,5
15596,7457,35888,2026-02-10,Recreate,5
15597,9691,43321,2026-06-18,Recreate,5
15598,9236,7040,2026-03-15,Recreate,20
15599,8394,37323,2026-02-23,Recreate,10
15600,655,44388,2026-05-04,Remix,30
15601,5818,56431,2026-08-26,Remix,5
15602,8079,21911,2026-01-16,Recreate,10
15603,449,34870,2026-06-27,Recreate,5
15604,8737,23929,2026-05-29,Recreate,5
15605,9083,29358,2026-03-22,Recreate,10
15606,8593,3331,2026-05-05,Recreate,5
15607,707,19286,2026-03-15,Recreate,30
15608,4543,4117,2026-02-02,Recreate,5
15609,7879,16758,2026-06-02,Remix,50
15610,7403,44787,2026-02-14,Engagement Bonus,100
15611,264,5309,2026-04-13,Recreate,5
15612,8101,7289,2026-07-19,Remix,20
15613,2016,37384,2026-04-24,Recreate,20
15614,8836,29749,2026-05-12,Recreate,5
15615,6097,1181,2026-07-31,Engagement Bonus,10
15616,3523,33210,2026-07-13,Recreate,20
15617,717,8735,2026-08-03,Recreate,50
15618,4573,49016,2026-02-26,Recreate,20
15619,1337,50640,2026-04-15,Recreate,50
15620,2831,38387,2026-05-05,Recreate,30
15621,7967,6565,2026-07-24,Recreate,10
15622,4306,28805,2026-07-06,Engagement Bonus,5
15623,2584,35992,2026-08-20,Remix,10
15624,6738,52439,2026-06-24,Recreate,30
15625,8301,29808,2026-06-09,Recreate,20
15626,4873,5207,2026-07-26,Remix,100
15627,4268,47357,2026-08-20,Remix,50
15628,9298,1867,2026-02-24,Recreate,20
15629,1561,22333,2026-08-25,Recreate,20
15630,8026,50331,2026-07-28,Remix,50
15631,8387,52582,2026-08-14,Recreate,5
15632,835,53061,2026-04-11,Recreate,20
15633,98,57512,2026-01-10,Remix,5
15634,6032,54737,2026-07-01,Recreate,5
15635,7850,9299,2026-06-23,Remix,10
15636,1238,35125,2026-07-17,Recreate,100
15637,6536,30265,2026-01-04,Recreate,5
15638,6333,46719,2026-08-13,Recreate,10
15639,7885,24654,2026-02-18,Recreate,20
15640,5283,37743,2026-01-25,Remix,100
15641,161,18035,2026-06-26,Remix,10
15642,9236,30087,2026-04-26,Recreate,10
15643,5137,41931,2026-05-14,Engagement Bonus,50
15644,8141,32917,2026-08-23,Remix,10
15645,283,35321,2026-05-18,Recreate,5
15646,6331,27534,2026-08-21,Recreate,20
15647,3400,55830,2026-07-31,Recreate,30
15648,5496,21069,2026-03-01,Recreate,20
15649,4659,13936,2026-06-01,Recreate,100
15650,5999,38183,2026-02-23,Remix,5
15651,9751,28698,2026-03-03,Recreate,100
15652,2992,34341,2026-08-15,Recreate,20
15653,2991,13297,2026-03-26,Recreate,20
15654,2176,40435,2026-02-07,Remix,10
15655,7510,55265,2026-05-09,Remix,30
15656,2498,8836,2026-06-15,Recreate,10
15657,6562,9895,2026-06-19,Engagement Bonus,100
15658,3347,30356,2026-01-29,Recreate,20
15659,7808,20621,2026-05-09,Recreate,30
15660,2339,49419,2026-04-01,Recreate,20
15661,6219,20857,2026-06-03,Recreate,10
15662,9746,16484,2026-08-11,Recreate,20
15663,6112,12968,2026-08-25,Recreate,50
15664,1292,6738,2026-03-04,Engagement Bonus,20
15665,2740,15131,2026-08-15,Engagement Bonus,10
15666,9096,15481,2026-05-26,Recreate,10
15667,31,58801,2026-04-17,Recreate,10
15668,9509,26519,2026-04-09,Recreate,50
15669,7951,19592,2026-05-24,Recreate,5
15670,535,22769,2026-07-05,Remix,10
15671,4672,16115,2026-08-22,Recreate,50
15672,4547,53801,2026-07-06,Engagement Bonus,5
15673,2841,14885,2026-04-29,Engagement Bonus,30
15674,3944,53586,2026-08-04,Engagement Bonus,10
15675,3180,23444,2026-07-13,Recreate,20
15676,4566,45755,2026-01-01,Recreate,10
15677,1782,26062,2026-06-12,Recreate,10
15678,8344,8130,2026-08-11,Engagement Bonus,20
15679,7063,38043,2026-06-21,Recreate,5
15680,1623,37809,2026-06-28,Remix,10
15681,913,18991,2026-03-15,Engagement Bonus,5
15682,7378,28060,2026-03-15,Remix,10
15683,5777,50978,2026-08-28,Recreate,100
15684,1338,16567,2026-06-24,Recreate,20
15685,2608,44398,2026-05-18,Remix,50
15686,5863,53984,2026-02-19,Recreate,5
15687,4057,36744,2026-01-10,Recreate,5
15688,4348,28641,2026-06-10,Recreate,5
15689,4383,24862,2026-05-03,Recreate,50
15690,3644,7689,2026-08-14,Engagement Bonus,30
15691,8305,47093,2026-03-16,Remix,5
15692,70,8967,2026-03-03,Remix,50
15693,6319,29463,2026-05-26,Engagement Bonus,100
15694,7740,38088,2026-01-12,Engagement Bonus,5
15695,4044,54688,2026-08-26,Remix,30
15696,4378,22906,2026-06-20,Recreate,50
15697,971,53519,2026-05-18,Remix,20
15698,1066,57821,2026-04-03,Recreate,30
15699,839,14927,2026-04-04,Remix,50
15700,1049,33821,2026-07-13,Remix,50
15701,9022,48958,2026-08-19,Recreate,10
15702,7365,18450,2026-07-02,Remix,5
15703,2044,40028,2026-05-30,Engagement Bonus,30
15704,9587,32077,2026-08-22,Remix,20
15705,7643,30137,2026-04-21,Remix,5
15706,31,29321,2026-07-25,Recreate,5
15707,8937,13540,2026-01-30,Remix,100
15708,8067,417,2026-02-14,Remix,10
15709,2188,30009,2026-05-28,Engagement Bonus,5
15710,5354,40397,2026-06-30,Remix,30
15711,7944,16011,2026-05-18,Engagement Bonus,10
15712,1752,549,2026-05-31,Engagement Bonus,100
15713,3027,50843,2026-08-14,Engagement Bonus,20
15714,972,34379,2026-06-26,Recreate,5
15715,1414,29997,2026-03-03,Remix,20
15716,9862,45489,2026-05-24,Engagement Bonus,10
15717,9816,27104,2026-01-30,Remix,100
15718,1031,39135,2026-01-23,Engagement Bonus,5
15719,4245,10118,2026-06-12,Engagement Bonus,20
15720,8906,46977,2026-07-07,Recreate,10
15721,5601,959,2026-04-23,Recreate,5
15722,925,59217,2026-01-20,Recreate,100
15723,4712,34077,2026-05-08,Recreate,10
15724,7502,38772,2026-05-28,Recreate,5
15725,9705,36267,2026-06-19,Engagement Bonus,10
15726,8960,52924,2026-05-29,Remix,10
15727,5485,28723,2026-03-28,Remix,5
15728,5503,17784,2026-04-10,Recreate,10
15729,2676,5571,2026-06-14,Remix,5
15730,4984,52289,2026-03-07,Recreate,5
15731,1343,2761,2026-04-07,Recreate,30
15732,3343,46891,2026-08-09,Engagement Bonus,10
15733,3726,25919,2026-06-30,Recreate,100
15734,3225,45667,2026-02-03,Remix,50
15735,7154,2295,2026-04-16,Recreate,30
15736,1794,2198,2026-08-22,Recreate,5
15737,9478,29760,2026-07-17,Remix,5
15738,2647,32374,2026-04-20,Recreate,30
15739,3526,44804,2026-07-28,Engagement Bonus,5
15740,5185,56195,2026-01-03,Engagement Bonus,20
15741,8936,29596,2026-04-28,Recreate,5
15742,663,35259,2026-07-09,Engagement Bonus,10
15743,2313,56981,2026-03-23,Remix,10
15744,3412,18386,2026-03-23,Remix,5
15745,3230,56911,2026-08-30,Recreate,100
15746,1530,33206,2026-08-21,Recreate,5
15747,837,54067,2026-06-09,Recreate,30
15748,9439,36931,2026-04-06,Remix,20
15749,7812,23378,2026-03-16,Recreate,5
15750,7372,3979,2026-06-13,Remix,100
15751,5019,5728,2026-04-24,Recreate,30
15752,6294,59452,2026-08-02,Remix,10
15753,2549,4851,2026-07-24,Remix,20
15754,4552,30656,2026-02-28,Recreate,20
15755,3709,26718,2026-06-28,Engagement Bonus,5
15756,4369,54109,2026-02-18,Engagement Bonus,5
15757,6589,57255,2026-06-23,Recreate,10
15758,5006,31911,2026-05-03,Recreate,5
15759,8471,26498,2026-08-15,Recreate,20
15760,7570,4387,2026-06-05,Remix,20
15761,7878,23587,2026-06-20,Recreate,10
15762,6007,47691,2026-08-29,Remix,20
15763,8482,44813,2026-05-17,Recreate,30
15764,6462,6181,2026-05-07,Recreate,20
15765,6483,14054,2026-07-14,Engagement Bonus,100
15766,9575,13389,2026-06-28,Remix,5
15767,2039,17469,2026-07-05,Engagement Bonus,20
15768,5627,37417,2026-04-04,Recreate,20
15769,3400,47220,2026-02-14,Recreate,20
15770,5361,42677,2026-02-25,Recreate,20
15771,9410,8234,2026-06-09,Recreate,30
15772,465,57087,2026-03-09,Remix,10
15773,5549,51039,2026-03-26,Recreate,5
15774,7465,9186,2026-06-26,Remix,10
15775,8476,44416,2026-06-17,Remix,30
15776,9271,19462,2026-04-25,Recreate,5
15777,8227,58035,2026-05-11,Engagement Bonus,30
15778,7778,1142,2026-07-17,Recreate,30
15779,6765,1282,2026-02-17,Recreate,10
15780,3301,20180,2026-04-23,Recreate,50
15781,7887,11419,2026-01-27,Recreate,50
15782,2800,4178,2026-06-13,Recreate,5
15783,4283,45946,2026-06-16,Recreate,30
15784,7162,28799,2026-02-21,Recreate,5
15785,9221,40582,2026-01-17,Engagement Bonus,30
15786,1386,29444,2026-04-29,Recreate,10
15787,7518,25797,2026-02-19,Recreate,20
15788,5214,47247,2026-07-18,Recreate,10
15789,6688,24872,2026-07-26,Recreate,20
15790,1561,22333,2026-06-11,Remix,50
15791,2759,8110,2026-04-26,Recreate,30
15792,7902,24556,2026-01-02,Recreate,10
15793,177,38788,2026-05-20,Recreate,50
15794,7057,42825,2026-06-27,Remix,30
15795,5676,55809,2026-03-11,Recreate,5
15796,2122,17389,2026-04-29,Remix,30
15797,4369,54109,2026-01-26,Recreate,5
15798,5438,707,2026-03-21,Recreate,10
15799,3926,26996,2026-08-17,Remix,100
15800,3447,58816,2026-05-05,Recreate,10
15801,4562,33391,2026-03-23,Remix,50
15802,7304,23806,2026-08-18,Recreate,5
15803,8659,31594,2026-05-17,Engagement Bonus,20
15804,1168,59454,2026-02-03,Recreate,30
15805,234,51330,2026-05-27,Recreate,30
15806,5142,20789,2026-05-10,Recreate,30
15807,8101,23266,2026-01-03,Remix,20
15808,5992,31743,2026-08-27,Recreate,20
15809,6674,56912,2026-03-03,Recreate,50
15810,7158,15129,2026-01-30,Engagement Bonus,10
15811,9022,48958,2026-03-10,Recreate,5
15812,6889,26249,2026-03-14,Recreate,20
15813,3271,48971,2026-05-09,Recreate,100
15814,3052,49146,2026-02-04,Recreate,50
15815,4062,2296,2026-03-09,Engagement Bonus,30
15816,1748,33832,2026-05-21,Recreate,5
15817,7265,55278,2026-08-14,Remix,20
15818,1299,54845,2026-03-18,Remix,20
15819,5182,21261,2026-02-03,Engagement Bonus,30
15820,7057,56967,2026-06-22,Remix,100
15821,8595,37328,2026-02-17,Recreate,10
15822,9292,27012,2026-07-28,Recreate,10
15823,7768,44526,2026-02-21,Engagement Bonus,5
15824,7802,46646,2026-02-25,Remix,20
15825,3389,45005,2026-06-21,Recreate,5
15826,9471,1460,2026-05-18,Remix,5
15827,8115,56949,2026-08-15,Remix,50
15828,4005,48444,2026-05-30,Engagement Bonus,20
15829,6160,17470,2026-05-08,Remix,5
15830,2595,34060,2026-08-22,Engagement Bonus,10
15831,5393,53102,2026-01-17,Recreate,5
15832,6063,27529,2026-02-15,Recreate,10
15833,2612,35899,2026-05-19,Remix,20
15834,4359,41618,2026-05-19,Recreate,20
15835,6444,3629,2026-03-25,Remix,10
15836,3266,48342,2026-07-22,Recreate,100
15837,785,20882,2026-05-31,Recreate,10
15838,4861,1456,2026-02-24,Remix,10
15839,1281,37949,2026-07-30,Remix,5
15840,292,42054,2026-05-04,Remix,20
15841,5999,38183,2026-04-06,Remix,10
15842,3172,56004,2026-02-18,Engagement Bonus,100
15843,6010,55901,2026-01-15,Remix,10
15844,9100,47054,2026-01-10,Remix,20
15845,4862,27395,2026-05-08,Remix,5
15846,5696,57301,2026-03-29,Remix,20
15847,5899,4679,2026-01-22,Recreate,30
15848,8251,41123,2026-04-13,Remix,20
15849,620,48067,2026-01-06,Remix,10
15850,4645,51661,2026-08-18,Recreate,20
15851,4137,25590,2026-01-10,Recreate,10
15852,1865,10763,2026-01-01,Remix,100
15853,9694,5111,2026-01-15,Remix,5
15854,5443,31210,2026-04-26,Recreate,30
15855,8755,25127,2026-02-22,Recreate,100
15856,6585,30758,2026-05-09,Engagement Bonus,5
15857,2117,44133,2026-08-28,Recreate,50
15858,7734,57851,2026-07-02,Remix,50
15859,6109,30128,2026-03-08,Recreate,100
15860,675,55187,2026-02-08,Recreate,5
15861,7132,31600,2026-03-09,Recreate,10
15862,9116,32602,2026-02-06,Recreate,5
15863,4890,33840,2026-05-01,Recreate,10
15864,8345,43838,2026-03-02,Recreate,5
15865,3977,21373,2026-01-14,Recreate,10
15866,8985,4202,2026-05-25,Recreate,20
15867,6867,7409,2026-06-08,Recreate,10
15868,4403,39841,2026-07-22,Engagement Bonus,50
15869,6047,49658,2026-04-18,Recreate,5
15870,5440,39119,2026-01-29,Recreate,10
15871,8977,6987,2026-07-24,Engagement Bonus,20
15872,6627,31584,2026-04-21,Remix,10
15873,2758,57282,2026-01-10,Recreate,10
15874,9018,4648,2026-04-07,Engagement Bonus,100
15875,2408,3570,2026-04-05,Remix,50
15876,5134,5387,2026-06-26,Recreate,20
15877,4850,18534,2026-04-11,Recreate,20
15878,568,16841,2026-05-17,Engagement Bonus,20
15879,9932,40433,2026-01-13,Engagement Bonus,10
15880,3976,1870,2026-08-14,Engagement Bonus,5
15881,3718,41765,2026-01-29,Remix,10
15882,5793,52134,2026-06-17,Recreate,10
15883,2746,26830,2026-06-19,Remix,30
15884,3792,10280,2026-07-13,Recreate,30
15885,4497,24661,2026-06-12,Recreate,5
15886,6249,6388,2026-08-04,Recreate,10
15887,8785,29852,2026-02-21,Remix,5
15888,7102,32783,2026-08-27,Recreate,30
15889,8887,54328,2026-04-13,Recreate,5
15890,1695,26825,2026-04-30,Engagement Bonus,10
15891,4175,51203,2026-03-27,Remix,5
15892,4853,17137,2026-01-21,Engagement Bonus,5
15893,5682,59711,2026-04-03,Recreate,30
15894,4850,27257,2026-08-02,Recreate,50
15895,3851,4883,2026-05-29,Recreate,20
15896,4653,34636,2026-03-30,Engagement Bonus,10
15897,4002,43986,2026-08-04,Recreate,10
15898,8348,25452,2026-06-16,Recreate,100
15899,7044,5002,2026-03-26,Remix,20
15900,8176,46525,2026-01-05,Recreate,5
15901,325,2619,2026-06-11,Recreate,5
15902,7579,5838,2026-08-22,Recreate,10
15903,8441,22936,2026-07-21,Engagement Bonus,5
15904,8040,50721,2026-07-13,Recreate,20
15905,4990,40600,2026-02-17,Remix,30
15906,782,41238,2026-02-02,Recreate,10
15907,5799,54123,2026-03-22,Remix,5
15908,2381,43814,2026-06-02,Recreate,10
15909,7648,43678,2026-05-06,Remix,5
15910,7139,42202,2026-08-05,Engagement Bonus,5
15911,6615,13791,2026-06-07,Remix,20
15912,4700,45464,2026-07-09,Remix,5
15913,161,18035,2026-04-10,Recreate,20
15914,181,42994,2026-07-08,Recreate,5
15915,4159,50265,2026-02-05,Recreate,30
15916,134,52113,2026-08-24,Recreate,10
15917,3337,11627,2026-03-26,Remix,5
15918,9652,5954,2026-02-16,Remix,5
15919,9969,25896,2026-08-20,Engagement Bonus,5
15920,6088,1693,2026-06-02,Remix,30
15921,5300,14161,2026-06-07,Recreate,10
15922,29,26546,2026-08-26,Engagement Bonus,30
15923,8986,3255,2026-04-10,Recreate,5
15924,4056,13732,2026-02-26,Engagement Bonus,50
15925,5856,29210,2026-02-15,Remix,30
15926,7372,59514,2026-08-25,Recreate,30
15927,5133,31619,2026-03-09,Engagement Bonus,10
15928,1112,44729,2026-05-28,Recreate,100
15929,9525,18575,2026-01-27,Remix,20
15930,6292,24858,2026-02-14,Remix,50
15931,655,32725,2026-08-09,Remix,50
15932,2472,30819,2026-06-14,Recreate,10
15933,3827,19461,2026-03-17,Remix,5
15934,6643,49531,2026-03-01,Remix,20
15935,6420,25803,2026-04-18,Recreate,50
15936,8679,13067,2026-03-15,Engagement Bonus,5
15937,8318,48948,2026-03-06,Remix,30
15938,7027,2506,2026-07-17,Engagement Bonus,100
15939,6639,28562,2026-05-14,Recreate,20
15940,9405,2050,2026-01-10,Engagement Bonus,20
15941,6752,23886,2026-06-20,Engagement Bonus,30
15942,4525,13749,2026-03-06,Recreate,10
15943,498,40601,2026-05-27,Recreate,100
15944,544,20656,2026-01-13,Remix,5
15945,1450,58656,2026-01-04,Recreate,10
15946,7381,15327,2026-04-28,Remix,20
15947,1952,41338,2026-08-09,Recreate,30
15948,1972,10253,2026-06-27,Recreate,5
15949,9988,303,2026-02-19,Engagement Bonus,5
15950,6600,6458,2026-04-27,Recreate,100
15951,7318,56210,2026-01-11,Engagement Bonus,5
15952,3441,36216,2026-01-20,Remix,30
15953,6495,16040,2026-07-09,Recreate,5
15954,895,8648,2026-06-30,Recreate,100
15955,4836,10754,2026-01-20,Recreate,10
15956,4750,8242,2026-02-01,Recreate,30
15957,236,2924,2026-05-19,Recreate,100
15958,1025,36264,2026-05-03,Remix,30
15959,3501,24741,2026-05-17,Engagement Bonus,100
15960,9008,49599,2026-06-18,Recreate,5
15961,7075,13421,2026-01-01,Engagement Bonus,20
15962,2880,12179,2026-07-20,Recreate,50
15963,3837,17100,2026-02-26,Recreate,5
15964,4679,52441,2026-05-29,Engagement Bonus,20
15965,9856,29301,2026-04-19,Remix,50
15966,6310,31530,2026-07-23,Engagement Bonus,5
15967,8745,26589,2026-06-30,Engagement Bonus,20
15968,7092,23905,2026-05-19,Recreate,100
15969,2928,37558,2026-08-05,Recreate,5
15970,4892,54218,2026-02-07,Recreate,100
15971,171,6539,2026-08-29,Recreate,10
15972,6585,37935,2026-01-01,Remix,20
15973,4330,7945,2026-01-25,Recreate,20
15974,2877,42925,2026-06-05,Recreate,50
15975,8614,6615,2026-03-09,Recreate,20
15976,2361,24328,2026-08-16,Recreate,5
15977,5384,19539,2026-02-11,Recreate,100
15978,5134,40547,2026-07-19,Remix,10
15979,9823,51336,2026-01-04,Remix,50
15980,3461,2630,2026-04-18,Recreate,10
15981,7797,10741,2026-08-25,Recreate,5
15982,4250,43816,2026-01-28,Recreate,100
15983,1518,40019,2026-06-30,Recreate,5
15984,9698,56707,2026-03-07,Recreate,20
15985,2406,7098,2026-04-29,Recreate,20
15986,918,22782,2026-07-27,Recreate,10
15987,1065,58608,2026-05-30,Recreate,5
15988,5985,22078,2026-04-04,Recreate,30
15989,5887,58429,2026-05-16,Recreate,20
15990,6255,23623,2026-01-10,Recreate,10
15991,4027,57608,2026-05-30,Remix,5
15992,4236,19244,2026-02-22,Recreate,20
15993,6732,18835,2026-07-07,Remix,20
15994,5193,32230,2026-01-05,Recreate,5
15995,4727,46590,2026-01-12,Engagement Bonus,5
15996,5970,42604,2026-04-03,Recreate,30
15997,346,59072,2026-02-07,Recreate,5
15998,3575,43567,2026-04-04,Engagement Bonus,100
15999,8246,664,2026-03-08,Recreate,10
16000,3432,33818,2026-08-28,Recreate,20
